2026-07-17 23:55:03,116 - CitySense - INFO - === City Sense Pipeline Started ===
2026-07-17 23:55:03,131 - CitySense - INFO - Validating configuration...
2026-07-17 23:55:03,137 - CitySense - INFO - Configuration is valid.
2026-07-17 23:55:14,683 - CitySense - INFO - Skipping stage 'Generate grid'; output already exists: D:\Clg\Major Project\CitySense\city_sense\data\grid.geojson
2026-07-17 23:55:14,684 - CitySense - INFO - Skipping stage 'Fetch NDVI'; output already exists: D:\Clg\Major Project\CitySense\city_sense\data\ndvi_grid.geojson
2026-07-17 23:55:14,684 - CitySense - INFO - Skipping stage 'Fetch land-surface temperature'; output already exists: D:\Clg\Major Project\CitySense\city_sense\data\lst_grid.geojson
2026-07-17 23:55:14,684 - CitySense - INFO - Skipping stage 'Fetch NDBI'; output already exists: D:\Clg\Major Project\CitySense\city_sense\data\ndbi_grid.geojson
2026-07-17 23:55:14,684 - CitySense - INFO - Skipping stage 'Fetch DEM'; output already exists: D:\Clg\Major Project\CitySense\city_sense\data\dem_grid.geojson
2026-07-17 23:55:14,684 - CitySense - INFO - Running stage: Merge indicators
2026-07-17 23:55:14,685 - CitySense.processing.merge_indicators - INFO - === City Sense -- Week 4: Merge Indicators ===
2026-07-17 23:55:14,689 - CitySense.processing.merge_indicators - INFO - Loading indicator layers...
2026-07-17 23:55:14,745 - CitySense.processing.merge_indicators - INFO - [NDVI] 836 cells, column: mean_ndvi
2026-07-17 23:55:14,770 - CitySense.processing.merge_indicators - INFO - [LST] 836 cells, column: mean_lst
2026-07-17 23:55:14,797 - CitySense.processing.merge_indicators - INFO - [NDBI] 836 cells, column: mean_ndbi
2026-07-17 23:55:14,825 - CitySense.processing.merge_indicators - INFO - [DEM] 836 cells, column: mean_dem
2026-07-17 23:55:14,828 - CitySense.processing.merge_indicators - INFO - Merged dataset: 836 rows x 6 columns
2026-07-17 23:55:14,828 - CitySense.processing.merge_indicators - INFO - Columns: ['cell_id', 'mean_ndvi', 'mean_lst', 'mean_ndbi', 'mean_dem', 'geometry']
2026-07-17 23:55:14,832 - CitySense.processing.merge_indicators - DEBUG - First 5 rows:
cell_id  mean_ndvi  mean_lst  mean_ndbi  mean_dem
  r0_c0  -0.143165 30.243749  -0.052936  0.000000
  r0_c1  -0.151584 30.268030  -0.054288  0.000000
  r0_c2  -0.161391 30.272786  -0.067398  0.000000
  r0_c3  -0.013260 33.068555  -0.049276  1.899245
  r0_c4  -0.006067 33.255702  -0.075647  3.256442
2026-07-17 23:55:14,837 - CitySense.processing.merge_indicators - DEBUG - Basic statistics:
        mean_ndvi    mean_lst   mean_ndbi    mean_dem
count  836.000000  836.000000  836.000000  836.000000
mean     0.095393   37.205626   -0.067646   22.427618
std      0.182677    5.150374    0.076193   49.434387
min     -0.202734   30.017884   -0.335785   -0.505823
25%     -0.118259   31.395320   -0.103111    0.000000
50%      0.152285   37.768269   -0.056164    3.802165
75%      0.224524   41.910599   -0.016208   15.012170
max      0.523807   48.929549    0.124413  363.190029
2026-07-17 23:55:14,839 - CitySense.processing.merge_indicators - INFO - No missing values in any column.
2026-07-17 23:55:14,869 - CitySense.processing.merge_indicators - INFO - Saved master dataset to: D:\Clg\Major Project\CitySense\city_sense\data/cells_master.geojson
2026-07-17 23:55:14,870 - CitySense.processing.merge_indicators - INFO - === Merge complete! ===
2026-07-17 23:55:14,870 - CitySense - INFO - Completed stage: Merge indicators (0.19s)
2026-07-17 23:55:14,870 - CitySense - INFO - Running stage: Compute UHI
2026-07-17 23:55:14,870 - CitySense.processing.compute_uhi - INFO - === City Sense -- Week 5: Compute UHI Intensity ===
2026-07-17 23:55:14,875 - CitySense - ERROR - Stage 'Compute UHI' FAILED after 0.00s
Traceback (most recent call last):
  File "D:\Clg\Major Project\CitySense\city_sense\main.py", line 27, in run_stage
    stage()
    ~~~~~^^
  File "D:\Clg\Major Project\CitySense\city_sense\processing\compute_uhi.py", line 41, in main
    baseline = cfg["processing"]["uhi_baseline"]
               ~~~^^^^^^^^^^^^^^
KeyError: 'processing'
2026-07-17 23:56:59,222 - CitySense - INFO - === City Sense Pipeline Started ===
2026-07-17 23:56:59,227 - CitySense - INFO - Validating configuration...
2026-07-17 23:56:59,232 - CitySense - INFO - Configuration is valid.
2026-07-17 23:57:02,221 - CitySense - INFO - Skipping stage 'Generate grid'; output already exists: D:\Clg\Major Project\CitySense\city_sense\data\grid.geojson
2026-07-17 23:57:02,221 - CitySense - INFO - Skipping stage 'Fetch NDVI'; output already exists: D:\Clg\Major Project\CitySense\city_sense\data\ndvi_grid.geojson
2026-07-17 23:57:02,222 - CitySense - INFO - Skipping stage 'Fetch land-surface temperature'; output already exists: D:\Clg\Major Project\CitySense\city_sense\data\lst_grid.geojson
2026-07-17 23:57:02,222 - CitySense - INFO - Skipping stage 'Fetch NDBI'; output already exists: D:\Clg\Major Project\CitySense\city_sense\data\ndbi_grid.geojson
2026-07-17 23:57:02,222 - CitySense - INFO - Skipping stage 'Fetch DEM'; output already exists: D:\Clg\Major Project\CitySense\city_sense\data\dem_grid.geojson
2026-07-17 23:57:02,222 - CitySense - INFO - Running stage: Merge indicators
2026-07-17 23:57:02,222 - CitySense.processing.merge_indicators - INFO - === City Sense -- Week 4: Merge Indicators ===
2026-07-17 23:57:02,227 - CitySense.processing.merge_indicators - INFO - Loading indicator layers...
2026-07-17 23:57:02,269 - CitySense.processing.merge_indicators - INFO - [NDVI] 836 cells, column: mean_ndvi
2026-07-17 23:57:02,281 - CitySense.processing.merge_indicators - INFO - [LST] 836 cells, column: mean_lst
2026-07-17 23:57:02,297 - CitySense.processing.merge_indicators - INFO - [NDBI] 836 cells, column: mean_ndbi
2026-07-17 23:57:02,311 - CitySense.processing.merge_indicators - INFO - [DEM] 836 cells, column: mean_dem
2026-07-17 23:57:02,314 - CitySense.processing.merge_indicators - INFO - Merged dataset: 836 rows x 6 columns
2026-07-17 23:57:02,315 - CitySense.processing.merge_indicators - INFO - Columns: ['cell_id', 'mean_ndvi', 'mean_lst', 'mean_ndbi', 'mean_dem', 'geometry']
2026-07-17 23:57:02,318 - CitySense.processing.merge_indicators - DEBUG - First 5 rows:
cell_id  mean_ndvi  mean_lst  mean_ndbi  mean_dem
  r0_c0  -0.143165 30.243749  -0.052936  0.000000
  r0_c1  -0.151584 30.268030  -0.054288  0.000000
  r0_c2  -0.161391 30.272786  -0.067398  0.000000
  r0_c3  -0.013260 33.068555  -0.049276  1.899245
  r0_c4  -0.006067 33.255702  -0.075647  3.256442
2026-07-17 23:57:02,324 - CitySense.processing.merge_indicators - DEBUG - Basic statistics:
        mean_ndvi    mean_lst   mean_ndbi    mean_dem
count  836.000000  836.000000  836.000000  836.000000
mean     0.095393   37.205626   -0.067646   22.427618
std      0.182677    5.150374    0.076193   49.434387
min     -0.202734   30.017884   -0.335785   -0.505823
25%     -0.118259   31.395320   -0.103111    0.000000
50%      0.152285   37.768269   -0.056164    3.802165
75%      0.224524   41.910599   -0.016208   15.012170
max      0.523807   48.929549    0.124413  363.190029
2026-07-17 23:57:02,325 - CitySense.processing.merge_indicators - INFO - No missing values in any column.
2026-07-17 23:57:02,350 - CitySense.processing.merge_indicators - INFO - Saved master dataset to: D:\Clg\Major Project\CitySense\city_sense\data/cells_master.geojson
2026-07-17 23:57:02,351 - CitySense.processing.merge_indicators - INFO - === Merge complete! ===
2026-07-17 23:57:02,351 - CitySense - INFO - Completed stage: Merge indicators (0.13s)
2026-07-17 23:57:02,352 - CitySense - INFO - Running stage: Compute UHI
2026-07-17 23:57:02,352 - CitySense.processing.compute_uhi - INFO - === City Sense -- Week 5: Compute UHI Intensity ===
2026-07-17 23:57:02,357 - CitySense - ERROR - Stage 'Compute UHI' FAILED after 0.01s
Traceback (most recent call last):
  File "D:\Clg\Major Project\CitySense\city_sense\main.py", line 27, in run_stage
    stage()
    ~~~~~^^
  File "D:\Clg\Major Project\CitySense\city_sense\processing\compute_uhi.py", line 41, in main
    baseline = cfg["processing"]["uhi_baseline"]
               ~~~^^^^^^^^^^^^^^
KeyError: 'processing'
2026-07-18 13:39:00,531 - CitySense.environment.generate_environmental_intelligence - INFO - === City Sense – Phase 2: Generate Environmental Intelligence ===
2026-07-18 13:39:00,546 - CitySense.environment.generate_environmental_intelligence - INFO - Master dataset : D:\Clg\Major Project\CitySense\city_sense\data\cells_master.geojson
2026-07-18 13:39:00,546 - CitySense.environment.generate_environmental_intelligence - INFO - Output path    : D:\Clg\Major Project\CitySense\city_sense\data\environmental_intelligence.json
2026-07-18 13:39:01,054 - CitySense.environment.generate_environmental_intelligence - INFO - Loaded 836 cells from master dataset.
2026-07-18 13:39:01,054 - CitySense.environment.generate_environmental_intelligence - ERROR - cells_master.geojson is missing required columns: ['uhi_intensity', 'risk_score']. Ensure all upstream pipeline stages have been run before this stage.
2026-07-18 13:39:30,171 - CitySense.processing.compute_uhi - INFO - === City Sense -- Week 5: Compute UHI Intensity ===
2026-07-18 13:39:51,815 - CitySense.processing.compute_uhi - INFO - === City Sense -- Week 5: Compute UHI Intensity ===
2026-07-18 13:39:51,914 - CitySense.processing.compute_uhi - INFO - Loaded 836 cells from D:\Clg\Major Project\CitySense\city_sense\data/cells_master.geojson
2026-07-18 13:39:51,915 - CitySense.processing.compute_uhi - INFO - Baseline zone defined as: lon [72.87, 72.93], lat [19.18, 19.25]
2026-07-18 13:39:52,051 - CitySense.processing.compute_uhi - INFO - Selected 42 cells as the baseline reference.
2026-07-18 13:39:52,052 - CitySense.processing.compute_uhi - INFO - Rural/Green reference temperature (mean): 39.01 C
2026-07-18 13:39:52,053 - CitySense.processing.compute_uhi - INFO - UHI Intensity stats:
2026-07-18 13:39:52,053 - CitySense.processing.compute_uhi - INFO -   Min : -8.99 C
2026-07-18 13:39:52,053 - CitySense.processing.compute_uhi - INFO -   Max : 9.92 C
2026-07-18 13:39:52,053 - CitySense.processing.compute_uhi - INFO -   Mean: -1.80 C
2026-07-18 13:39:52,054 - CitySense.processing.compute_uhi - INFO - Number of cells with UHI > +5 C: 70
2026-07-18 13:39:52,054 - CitySense.processing.compute_uhi - INFO - Mean NDBI of these hot cells: 0.028 (expect positive/high)
2026-07-18 13:39:52,084 - CitySense.processing.compute_uhi - INFO - Updated master dataset with 'uhi_intensity' column.
2026-07-18 13:39:52,084 - CitySense.processing.compute_uhi - INFO - Generating UHI map...
2026-07-18 13:39:52,458 - CitySense.processing.compute_uhi - INFO - Saved UHI map to: D:\Clg\Major Project\CitySense\city_sense\data\uhi_map.png
2026-07-18 13:39:52,459 - CitySense.processing.compute_uhi - INFO - === UHI computation complete! ===
2026-07-18 13:40:05,652 - CitySense.processing.pca_scoring - INFO - === City Sense -- Week 6: PCA Scoring ===
2026-07-18 13:40:05,714 - CitySense.processing.pca_scoring - INFO - Loaded 836 cells from D:\Clg\Major Project\CitySense\city_sense\data/cells_master.geojson
2026-07-18 13:40:05,718 - CitySense.processing.pca_scoring - INFO - Normalising features to [0, 1] range...
2026-07-18 13:40:05,722 - CitySense.processing.pca_scoring - INFO - Saved MinMaxScaler to D:\Clg\Major Project\CitySense\city_sense\models\scaler.pkl
2026-07-18 13:40:05,722 - CitySense.processing.pca_scoring - INFO - Scaled data ranges:
2026-07-18 13:40:05,723 - CitySense.processing.pca_scoring - INFO -   mean_lst: min=0.00, max=1.00
2026-07-18 13:40:05,723 - CitySense.processing.pca_scoring - INFO -   mean_ndvi: min=0.00, max=1.00
2026-07-18 13:40:05,723 - CitySense.processing.pca_scoring - INFO -   mean_ndbi: min=0.00, max=1.00
2026-07-18 13:40:05,724 - CitySense.processing.pca_scoring - INFO -   mean_dem: min=0.00, max=1.00
2026-07-18 13:40:05,724 - CitySense.processing.pca_scoring - INFO - Aligning feature directions towards RISK...
2026-07-18 13:40:05,724 - CitySense.processing.pca_scoring - INFO -   - Inverting mean_ndvi (less greenery = higher risk)
2026-07-18 13:40:05,724 - CitySense.processing.pca_scoring - INFO -   - Inverting mean_dem (lower elevation = higher flood risk)
2026-07-18 13:40:05,725 - CitySense.processing.pca_scoring - INFO - Fitting PCA (n_components=1)...
2026-07-18 13:40:05,729 - CitySense.processing.pca_scoring - INFO - PCA Explained Variance Ratio: 0.6537 (65.4%)
2026-07-18 13:40:05,729 - CitySense.processing.pca_scoring - INFO - Feature Loadings for PC1:
2026-07-18 13:40:05,729 - CitySense.processing.pca_scoring - INFO -   mean_lst: 0.7418
2026-07-18 13:40:05,729 - CitySense.processing.pca_scoring - INFO -   mean_ndvi: -0.6151
2026-07-18 13:40:05,729 - CitySense.processing.pca_scoring - INFO -   mean_ndbi: 0.2146
2026-07-18 13:40:05,729 - CitySense.processing.pca_scoring - INFO -   mean_dem: -0.1593
2026-07-18 13:40:05,730 - CitySense.processing.pca_scoring - INFO - --- Risk Score Stats ---
2026-07-18 13:40:05,730 - CitySense.processing.pca_scoring - INFO -   Min: 0.00
2026-07-18 13:40:05,731 - CitySense.processing.pca_scoring - INFO -   Max: 100.00
2026-07-18 13:40:05,731 - CitySense.processing.pca_scoring - INFO -   Mean: 51.78
2026-07-18 13:40:05,731 - CitySense.processing.pca_scoring - INFO -   Median: 63.97
2026-07-18 13:40:05,731 - CitySense.processing.pca_scoring - INFO - --- Sustainability Score Stats ---
2026-07-18 13:40:05,731 - CitySense.processing.pca_scoring - INFO -   Min: 0.00
2026-07-18 13:40:05,732 - CitySense.processing.pca_scoring - INFO -   Max: 100.00
2026-07-18 13:40:05,732 - CitySense.processing.pca_scoring - INFO -   Mean: 48.22
2026-07-18 13:40:05,732 - CitySense.processing.pca_scoring - INFO -   Median: 36.03
2026-07-18 13:40:05,756 - CitySense.processing.pca_scoring - INFO - Updated master dataset with 'risk_score' and 'sustainability_score'.
2026-07-18 13:40:05,757 - CitySense.processing.pca_scoring - INFO - Saved PCA model to D:\Clg\Major Project\CitySense\city_sense\models\pca_model.pkl
2026-07-18 13:40:05,757 - CitySense.processing.pca_scoring - INFO - === PCA Scoring complete! ===
2026-07-18 13:40:13,602 - CitySense.processing.kmeans_clustering - INFO - === City Sense -- Week 6: K-Means Clustering ===
2026-07-18 13:40:13,663 - CitySense.processing.kmeans_clustering - INFO - Loaded 836 cells from D:\Clg\Major Project\CitySense\city_sense\data/cells_master.geojson
2026-07-18 13:40:13,665 - CitySense.processing.kmeans_clustering - INFO - Normalising features for clustering...
2026-07-18 13:40:13,667 - CitySense.processing.kmeans_clustering - INFO - Running silhouette analysis to evaluate k (2 to 6)...
2026-07-18 13:40:17,334 - CitySense.processing.kmeans_clustering - INFO -   k=2 | Silhouette Score = 0.5666
2026-07-18 13:40:17,379 - CitySense.processing.kmeans_clustering - INFO -   k=3 | Silhouette Score = 0.5607
2026-07-18 13:40:17,397 - CitySense.processing.kmeans_clustering - INFO -   k=4 | Silhouette Score = 0.5911
2026-07-18 13:40:17,448 - CitySense.processing.kmeans_clustering - INFO -   k=5 | Silhouette Score = 0.4924
2026-07-18 13:40:17,468 - CitySense.processing.kmeans_clustering - INFO -   k=6 | Silhouette Score = 0.4513
2026-07-18 13:40:17,468 - CitySense.processing.kmeans_clustering - INFO - Best k by silhouette score: 4
2026-07-18 13:40:17,599 - CitySense.processing.kmeans_clustering - INFO - Saved silhouette plot to D:\Clg\Major Project\CitySense\city_sense\data\kmeans_silhouette.png
2026-07-18 13:40:17,600 - CitySense.processing.kmeans_clustering - INFO - Fitting final K-Means model with k=4...
2026-07-18 13:40:17,605 - CitySense.processing.kmeans_clustering - INFO - Cluster Centroids (Scaled 0-1):
2026-07-18 13:40:17,612 - CitySense.processing.kmeans_clustering - INFO -    mean_lst  mean_ndvi  mean_ndbi  mean_dem
2026-07-18 13:40:17,612 - CitySense.processing.kmeans_clustering - INFO - 0  0.072943   0.107249   0.532396  0.004021
2026-07-18 13:40:17,612 - CitySense.processing.kmeans_clustering - INFO - 1  0.442968   0.740041   0.622675  0.456473
2026-07-18 13:40:17,612 - CitySense.processing.kmeans_clustering - INFO - 2  0.644395   0.516023   0.702010  0.050269
2026-07-18 13:40:17,612 - CitySense.processing.kmeans_clustering - INFO - 3  0.303690   0.664508   0.310278  0.017573
2026-07-18 13:40:17,613 - CitySense.processing.kmeans_clustering - INFO - Assigned typologies:
2026-07-18 13:40:17,613 - CitySense.processing.kmeans_clustering - INFO -   Cluster 0: Coastal/Lowland Urban
2026-07-18 13:40:17,613 - CitySense.processing.kmeans_clustering - INFO -   Cluster 1: Green/Forested
2026-07-18 13:40:17,613 - CitySense.processing.kmeans_clustering - INFO -   Cluster 2: Dense Urban Heat
2026-07-18 13:40:17,614 - CitySense.processing.kmeans_clustering - INFO -   Cluster 3: Green/Forested
2026-07-18 13:40:17,656 - CitySense.processing.kmeans_clustering - INFO - Updated master dataset with 'cluster' assignments.
2026-07-18 13:40:17,658 - CitySense.processing.kmeans_clustering - INFO - Cluster distribution:
2026-07-18 13:40:17,660 - CitySense.processing.kmeans_clustering - INFO -   Cluster 2: Dense Urban Heat: 359 cells
2026-07-18 13:40:17,661 - CitySense.processing.kmeans_clustering - INFO -   Cluster 0: Coastal/Lowland Urban: 295 cells
2026-07-18 13:40:17,661 - CitySense.processing.kmeans_clustering - INFO -   Cluster 3: Green/Forested: 113 cells
2026-07-18 13:40:17,661 - CitySense.processing.kmeans_clustering - INFO -   Cluster 1: Green/Forested: 69 cells
2026-07-18 13:40:17,661 - CitySense.processing.kmeans_clustering - INFO - === K-Means Clustering complete! ===
2026-07-18 13:40:26,780 - CitySense.processing.train_explainability - INFO - === City Sense – Week 6: Explainability Layer ===
2026-07-18 13:40:26,785 - CitySense.processing.train_explainability - INFO - Loading master dataset …
2026-07-18 13:40:26,844 - CitySense.processing.train_explainability - INFO - Loaded 836 cells  |  columns: ['cell_id', 'mean_ndvi', 'mean_lst', 'mean_ndbi', 'mean_dem', 'uhi_intensity', 'risk_score', 'sustainability_score', 'cluster_id', 'cluster', 'geometry']
2026-07-18 13:40:26,845 - CitySense.processing.train_explainability - INFO - Features shape: (836, 4)  |  Target range: [0.00, 100.00]
2026-07-18 13:40:26,845 - CitySense.processing.train_explainability - INFO - Splitting data (test_size=0.2, random_seed=42) …
2026-07-18 13:40:26,848 - CitySense.processing.train_explainability - INFO - Train: 668  |  Test: 168
2026-07-18 13:40:26,848 - CitySense.processing.train_explainability - INFO - Fitting StandardScaler on training set …
2026-07-18 13:40:26,849 - CitySense.processing.train_explainability - INFO - [OK] Scaler saved → D:\Clg\Major Project\CitySense\city_sense\models/explain_scaler.pkl
2026-07-18 13:40:26,850 - CitySense.processing.train_explainability - INFO - Training RandomForestRegressor (n_estimators=200, max_depth=5) …
2026-07-18 13:40:27,044 - CitySense.processing.train_explainability - INFO - [OK] Model saved → D:\Clg\Major Project\CitySense\city_sense\models/risk_model.pkl
2026-07-18 13:40:27,085 - CitySense.processing.train_explainability - INFO - Test-set evaluation:
2026-07-18 13:40:27,085 - CitySense.processing.train_explainability - INFO -   R² Score             : 0.9934
2026-07-18 13:40:27,085 - CitySense.processing.train_explainability - INFO -   Mean Absolute Error  : 1.8507
2026-07-18 13:40:27,086 - CitySense.processing.train_explainability - INFO -   Root Mean Sq Error   : 2.5785
2026-07-18 13:40:27,086 - CitySense.processing.train_explainability - INFO - Generating feature importance chart …
2026-07-18 13:40:27,208 - CitySense.processing.train_explainability - INFO - [OK] Saved → D:\Clg\Major Project\CitySense\city_sense\data/feature_importance.png
2026-07-18 13:40:27,208 - CitySense.processing.train_explainability - INFO - Computing SHAP values (TreeExplainer, full dataset) …
2026-07-18 13:40:27,459 - CitySense.processing.train_explainability - INFO - SHAP values shape: (836, 4)
2026-07-18 13:40:27,460 - CitySense.processing.train_explainability - INFO - Generating SHAP summary plot …
2026-07-18 13:40:27,653 - CitySense.processing.train_explainability - INFO - [OK] Saved → D:\Clg\Major Project\CitySense\city_sense\data/shap_summary.png
2026-07-18 13:40:27,653 - CitySense.processing.train_explainability - INFO - Extracting per-cell top positive / negative drivers …
2026-07-18 13:40:27,700 - CitySense.processing.train_explainability - INFO - [OK] Master GeoJSON updated → D:\Clg\Major Project\CitySense\city_sense\data/cells_master.geojson
2026-07-18 13:40:27,700 - CitySense.processing.train_explainability - INFO - New columns: top_positive_driver, top_positive_shap, top_negative_driver, top_negative_shap, explanation_text
2026-07-18 13:40:27,700 - CitySense.processing.train_explainability - INFO - Sample cell explanations:
2026-07-18 13:40:27,703 - CitySense.processing.train_explainability - INFO -   r10_c19  risk= 13.3  cluster=Cluster 0: Coastal/Lowland Urban
2026-07-18 13:40:27,703 - CitySense.processing.train_explainability - INFO -            ➜ Low risk driven by low LST (temperature) (-33.05)
2026-07-18 13:40:27,703 - CitySense.processing.train_explainability - INFO -   r35_c19  risk= 83.2  cluster=Cluster 1: Green/Forested
2026-07-18 13:40:27,703 - CitySense.processing.train_explainability - INFO -            ➜ High risk driven by high LST (temperature) (+16.21) and low NDBI (built-up) (-0.33)
2026-07-18 13:40:27,703 - CitySense.processing.train_explainability - INFO -   r2_c17  risk= 16.1  cluster=Cluster 0: Coastal/Lowland Urban
2026-07-18 13:40:27,704 - CitySense.processing.train_explainability - INFO -            ➜ Low risk driven by low LST (temperature) (-30.88)
2026-07-18 13:40:27,704 - CitySense.processing.train_explainability - INFO -   r17_c1  risk=  8.4  cluster=Cluster 0: Coastal/Lowland Urban
2026-07-18 13:40:27,704 - CitySense.processing.train_explainability - INFO -            ➜ Low risk driven by high NDBI (built-up) (+0.41) and low LST (temperature) (-35.01)
2026-07-18 13:40:27,704 - CitySense.processing.train_explainability - INFO -   r37_c13  risk= 76.4  cluster=Cluster 1: Green/Forested
2026-07-18 13:40:27,704 - CitySense.processing.train_explainability - INFO -            ➜ High risk driven by high LST (temperature) (+10.39)
2026-07-18 13:40:27,704 - CitySense.processing.train_explainability - INFO -   r8_c12  risk=  1.5  cluster=Cluster 0: Coastal/Lowland Urban
2026-07-18 13:40:27,705 - CitySense.processing.train_explainability - INFO -            ➜ Low risk driven by low LST (temperature) (-36.05)
2026-07-18 13:40:27,705 - CitySense.processing.train_explainability - INFO - Sanity checks:
2026-07-18 13:40:27,705 - CitySense.processing.train_explainability - INFO - ✔ LST and NDVI are the top-2 predictors – matches domain knowledge
2026-07-18 13:40:27,707 - CitySense.processing.train_explainability - INFO - ✔ 100% of the 20 hottest cells have positive LST SHAP (expected ~100%)
2026-07-18 13:40:27,707 - CitySense.processing.train_explainability - INFO - Generating top-driver map …
2026-07-18 13:40:27,906 - CitySense.processing.train_explainability - INFO - [OK] Saved → D:\Clg\Major Project\CitySense\city_sense\data/top_driver_map.png
2026-07-18 13:40:27,907 - CitySense.processing.train_explainability - INFO - === Week 6 Explainability Layer complete! ===
2026-07-18 13:40:35,459 - CitySense.processing.generate_explanations_json - INFO - === City Sense -- Generate Explanations JSON ===
2026-07-18 13:40:35,464 - CitySense.processing.generate_explanations_json - INFO - Loading master dataset from D:\Clg\Major Project\CitySense\city_sense\data/cells_master.geojson
2026-07-18 13:40:35,562 - CitySense.processing.generate_explanations_json - INFO - Extracting explanation data...
2026-07-18 13:40:35,602 - CitySense.processing.generate_explanations_json - INFO - Saved explanations for 836 cells to D:\Clg\Major Project\CitySense\city_sense\data/cell_explanations.json
2026-07-18 13:40:35,603 - CitySense.processing.generate_explanations_json - INFO - === Generation complete! ===
2026-07-18 13:40:42,440 - CitySense.environment.generate_environmental_intelligence - INFO - === City Sense – Phase 2: Generate Environmental Intelligence ===
2026-07-18 13:40:42,446 - CitySense.environment.generate_environmental_intelligence - INFO - Master dataset : D:\Clg\Major Project\CitySense\city_sense\data\cells_master.geojson
2026-07-18 13:40:42,446 - CitySense.environment.generate_environmental_intelligence - INFO - Output path    : D:\Clg\Major Project\CitySense\city_sense\data\environmental_intelligence.json
2026-07-18 13:40:42,538 - CitySense.environment.generate_environmental_intelligence - INFO - Loaded 836 cells from master dataset.
2026-07-18 13:40:42,538 - CitySense.environment.generate_environmental_intelligence - INFO - Computing city-wide statistics …
2026-07-18 13:40:42,546 - CitySense.environment.comparative_analysis - DEBUG - City stats computed for indicators: ['mean_lst', 'mean_ndvi', 'mean_ndbi', 'uhi_intensity', 'mean_dem', 'risk_score']
2026-07-18 13:40:42,546 - CitySense.environment.generate_environmental_intelligence - INFO - City stats computed for indicators: ['mean_lst', 'mean_ndvi', 'mean_ndbi', 'uhi_intensity', 'mean_dem', 'risk_score']
2026-07-18 13:40:42,546 - CitySense.environment.generate_environmental_intelligence - INFO - Computing Environmental Health Index (batch) …
2026-07-18 13:40:42,553 - CitySense.environment.environmental_health - DEBUG - Batch EHI computed: min=10.9  max=80.9  mean=48.1
2026-07-18 13:40:42,554 - CitySense.environment.generate_environmental_intelligence - INFO - EHI stats: min=10.9  max=80.9  mean=48.1  median=53.0
2026-07-18 13:40:42,554 - CitySense.environment.generate_environmental_intelligence - INFO - Enriching 836 cells …
2026-07-18 13:40:42,556 - CitySense.environment.environmental_summary - DEBUG - Used fallback summary template for cell 'r0_c0'.
2026-07-18 13:40:42,557 - CitySense.environment.environmental_summary - DEBUG - Used fallback summary template for cell 'r0_c1'.
2026-07-18 13:40:42,558 - CitySense.environment.environmental_summary - DEBUG - Used fallback summary template for cell 'r0_c2'.
2026-07-18 13:40:42,559 - CitySense.environment.environmental_summary - DEBUG - Used fallback summary template for cell 'r0_c3'.
2026-07-18 13:40:42,560 - CitySense.environment.environmental_summary - DEBUG - Used fallback summary template for cell 'r0_c4'.
2026-07-18 13:40:42,561 - CitySense.environment.environmental_summary - DEBUG - Used fallback summary template for cell 'r0_c5'.
2026-07-18 13:40:42,563 - CitySense.environment.environmental_summary - DEBUG - Used fallback summary template for cell 'r0_c6'.
2026-07-18 13:40:42,564 - CitySense.environment.environmental_summary - DEBUG - Used fallback summary template for cell 'r0_c7'.
2026-07-18 13:40:42,565 - CitySense.environment.environmental_summary - DEBUG - Used fallback summary template for cell 'r0_c8'.
2026-07-18 13:40:42,566 - CitySense.environment.environmental_summary - DEBUG - Used fallback summary template for cell 'r0_c9'.
2026-07-18 13:40:42,567 - CitySense.environment.environmental_summary - DEBUG - Used fallback summary template for cell 'r0_c10'.
2026-07-18 13:40:42,568 - CitySense.environment.environmental_summary - DEBUG - Used fallback summary template for cell 'r0_c11'.
2026-07-18 13:40:42,569 - CitySense.environment.environmental_summary - DEBUG - Used fallback summary template for cell 'r0_c12'.
2026-07-18 13:40:42,570 - CitySense.environment.environmental_summary - DEBUG - Used fallback summary template for cell 'r0_c13'.
2026-07-18 13:40:42,579 - CitySense.environment.environmental_summary - DEBUG - Used fallback summary template for cell 'r1_c0'.
2026-07-18 13:40:42,580 - CitySense.environment.environmental_summary - DEBUG - Used fallback summary template for cell 'r1_c1'.
2026-07-18 13:40:42,581 - CitySense.environment.environmental_summary - DEBUG - Used fallback summary template for cell 'r1_c2'.
2026-07-18 13:40:42,582 - CitySense.environment.environmental_summary - DEBUG - Used fallback summary template for cell 'r1_c3'.
2026-07-18 13:40:42,583 - CitySense.environment.environmental_summary - DEBUG - Used fallback summary template for cell 'r1_c4'.
2026-07-18 13:40:42,584 - CitySense.environment.environmental_summary - DEBUG - Used fallback summary template for cell 'r1_c5'.
2026-07-18 13:40:42,585 - CitySense.environment.environmental_summary - DEBUG - Used fallback summary template for cell 'r1_c6'.
2026-07-18 13:40:42,586 - CitySense.environment.environmental_summary - DEBUG - Used fallback summary template for cell 'r1_c7'.
2026-07-18 13:40:42,587 - CitySense.environment.environmental_summary - DEBUG - Used fallback summary template for cell 'r1_c8'.
2026-07-18 13:40:42,588 - CitySense.environment.environmental_summary - DEBUG - Used fallback summary template for cell 'r1_c9'.
2026-07-18 13:40:42,590 - CitySense.environment.environmental_summary - DEBUG - Used fallback summary template for cell 'r1_c10'.
2026-07-18 13:40:42,591 - CitySense.environment.environmental_summary - DEBUG - Used fallback summary template for cell 'r1_c11'.
2026-07-18 13:40:42,592 - CitySense.environment.environmental_summary - DEBUG - Used fallback summary template for cell 'r1_c12'.
2026-07-18 13:40:42,593 - CitySense.environment.environmental_summary - DEBUG - Used fallback summary template for cell 'r1_c13'.
2026-07-18 13:40:42,594 - CitySense.environment.environmental_summary - DEBUG - Used fallback summary template for cell 'r1_c14'.
2026-07-18 13:40:42,596 - CitySense.environment.environmental_summary - DEBUG - Used fallback summary template for cell 'r1_c16'.
2026-07-18 13:40:42,597 - CitySense.environment.environmental_summary - DEBUG - Used fallback summary template for cell 'r1_c17'.
2026-07-18 13:40:42,599 - CitySense.environment.environmental_summary - DEBUG - Used fallback summary template for cell 'r1_c19'.
2026-07-18 13:40:42,602 - CitySense.environment.environmental_summary - DEBUG - Used fallback summary template for cell 'r2_c0'.
2026-07-18 13:40:42,603 - CitySense.environment.environmental_summary - DEBUG - Used fallback summary template for cell 'r2_c1'.
2026-07-18 13:40:42,604 - CitySense.environment.environmental_summary - DEBUG - Used fallback summary template for cell 'r2_c2'.
2026-07-18 13:40:42,605 - CitySense.environment.environmental_summary - DEBUG - Used fallback summary template for cell 'r2_c3'.
2026-07-18 13:40:42,606 - CitySense.environment.environmental_summary - DEBUG - Used fallback summary template for cell 'r2_c4'.
2026-07-18 13:40:42,608 - CitySense.environment.environmental_summary - DEBUG - Used fallback summary template for cell 'r2_c6'.
2026-07-18 13:40:42,609 - CitySense.environment.environmental_summary - DEBUG - Used fallback summary template for cell 'r2_c7'.
2026-07-18 13:40:42,610 - CitySense.environment.environmental_summary - DEBUG - Used fallback summary template for cell 'r2_c8'.
2026-07-18 13:40:42,611 - CitySense.environment.environmental_summary - DEBUG - Used fallback summary template for cell 'r2_c9'.
2026-07-18 13:40:42,612 - CitySense.environment.environmental_summary - DEBUG - Used fallback summary template for cell 'r2_c10'.
2026-07-18 13:40:42,613 - CitySense.environment.environmental_summary - DEBUG - Used fallback summary template for cell 'r2_c11'.
2026-07-18 13:40:42,615 - CitySense.environment.environmental_summary - DEBUG - Used fallback summary template for cell 'r2_c12'.
2026-07-18 13:40:42,616 - CitySense.environment.environmental_summary - DEBUG - Used fallback summary template for cell 'r2_c13'.
2026-07-18 13:40:42,617 - CitySense.environment.environmental_summary - DEBUG - Used fallback summary template for cell 'r2_c14'.
2026-07-18 13:40:42,618 - CitySense.environment.environmental_summary - DEBUG - Used fallback summary template for cell 'r2_c15'.
2026-07-18 13:40:42,619 - CitySense.environment.environmental_summary - DEBUG - Used fallback summary template for cell 'r2_c16'.
2026-07-18 13:40:42,620 - CitySense.environment.environmental_summary - DEBUG - Used fallback summary template for cell 'r2_c17'.
2026-07-18 13:40:42,621 - CitySense.environment.environmental_summary - DEBUG - Used fallback summary template for cell 'r2_c18'.
2026-07-18 13:40:42,626 - CitySense.environment.environmental_summary - DEBUG - Used fallback summary template for cell 'r3_c0'.
2026-07-18 13:40:42,627 - CitySense.environment.environmental_summary - DEBUG - Used fallback summary template for cell 'r3_c1'.
2026-07-18 13:40:42,628 - CitySense.environment.environmental_summary - DEBUG - Used fallback summary template for cell 'r3_c2'.
2026-07-18 13:40:42,629 - CitySense.environment.environmental_summary - DEBUG - Used fallback summary template for cell 'r3_c3'.
2026-07-18 13:40:42,630 - CitySense.environment.environmental_summary - DEBUG - Used fallback summary template for cell 'r3_c4'.
2026-07-18 13:40:42,631 - CitySense.environment.environmental_summary - DEBUG - Used fallback summary template for cell 'r3_c5'.
2026-07-18 13:40:42,633 - CitySense.environment.environmental_summary - DEBUG - Used fallback summary template for cell 'r3_c7'.
2026-07-18 13:40:42,634 - CitySense.environment.environmental_summary - DEBUG - Used fallback summary template for cell 'r3_c8'.
2026-07-18 13:40:42,635 - CitySense.environment.environmental_summary - DEBUG - Used fallback summary template for cell 'r3_c9'.
2026-07-18 13:40:42,636 - CitySense.environment.environmental_summary - DEBUG - Used fallback summary template for cell 'r3_c10'.
2026-07-18 13:40:42,638 - CitySense.environment.environmental_summary - DEBUG - Used fallback summary template for cell 'r3_c11'.
2026-07-18 13:40:42,639 - CitySense.environment.environmental_summary - DEBUG - Used fallback summary template for cell 'r3_c12'.
2026-07-18 13:40:42,640 - CitySense.environment.environmental_summary - DEBUG - Used fallback summary template for cell 'r3_c13'.
2026-07-18 13:40:42,641 - CitySense.environment.environmental_summary - DEBUG - Used fallback summary template for cell 'r3_c14'.
2026-07-18 13:40:42,642 - CitySense.environment.environmental_summary - DEBUG - Used fallback summary template for cell 'r3_c15'.
2026-07-18 13:40:42,643 - CitySense.environment.environmental_summary - DEBUG - Used fallback summary template for cell 'r3_c16'.
2026-07-18 13:40:42,644 - CitySense.environment.environmental_summary - DEBUG - Used fallback summary template for cell 'r3_c17'.
2026-07-18 13:40:42,646 - CitySense.environment.environmental_summary - DEBUG - Used fallback summary template for cell 'r3_c18'.
2026-07-18 13:40:42,650 - CitySense.environment.environmental_summary - DEBUG - Used fallback summary template for cell 'r4_c0'.
2026-07-18 13:40:42,651 - CitySense.environment.environmental_summary - DEBUG - Used fallback summary template for cell 'r4_c1'.
2026-07-18 13:40:42,652 - CitySense.environment.environmental_summary - DEBUG - Used fallback summary template for cell 'r4_c2'.
2026-07-18 13:40:42,653 - CitySense.environment.environmental_summary - DEBUG - Used fallback summary template for cell 'r4_c3'.
2026-07-18 13:40:42,654 - CitySense.environment.environmental_summary - DEBUG - Used fallback summary template for cell 'r4_c4'.
2026-07-18 13:40:42,657 - CitySense.environment.environmental_summary - DEBUG - Used fallback summary template for cell 'r4_c7'.
2026-07-18 13:40:42,658 - CitySense.environment.environmental_summary - DEBUG - Used fallback summary template for cell 'r4_c8'.
2026-07-18 13:40:42,659 - CitySense.environment.environmental_summary - DEBUG - Used fallback summary template for cell 'r4_c9'.
2026-07-18 13:40:42,660 - CitySense.environment.environmental_summary - DEBUG - Used fallback summary template for cell 'r4_c10'.
2026-07-18 13:40:42,661 - CitySense.environment.environmental_summary - DEBUG - Used fallback summary template for cell 'r4_c11'.
2026-07-18 13:40:42,662 - CitySense.environment.environmental_summary - DEBUG - Used fallback summary template for cell 'r4_c12'.
2026-07-18 13:40:42,663 - CitySense.environment.environmental_summary - DEBUG - Used fallback summary template for cell 'r4_c13'.
2026-07-18 13:40:42,664 - CitySense.environment.environmental_summary - DEBUG - Used fallback summary template for cell 'r4_c14'.
2026-07-18 13:40:42,665 - CitySense.environment.environmental_summary - DEBUG - Used fallback summary template for cell 'r4_c15'.
2026-07-18 13:40:42,669 - CitySense.environment.environmental_summary - DEBUG - Used fallback summary template for cell 'r4_c19'.
2026-07-18 13:40:42,672 - CitySense.environment.environmental_summary - DEBUG - Used fallback summary template for cell 'r5_c0'.
2026-07-18 13:40:42,673 - CitySense.environment.environmental_summary - DEBUG - Used fallback summary template for cell 'r5_c1'.
2026-07-18 13:40:42,674 - CitySense.environment.environmental_summary - DEBUG - Used fallback summary template for cell 'r5_c2'.
2026-07-18 13:40:42,675 - CitySense.environment.environmental_summary - DEBUG - Used fallback summary template for cell 'r5_c3'.
2026-07-18 13:40:42,676 - CitySense.environment.environmental_summary - DEBUG - Used fallback summary template for cell 'r5_c4'.
2026-07-18 13:40:42,680 - CitySense.environment.environmental_summary - DEBUG - Used fallback summary template for cell 'r5_c8'.
2026-07-18 13:40:42,681 - CitySense.environment.environmental_summary - DEBUG - Used fallback summary template for cell 'r5_c9'.
2026-07-18 13:40:42,682 - CitySense.environment.environmental_summary - DEBUG - Used fallback summary template for cell 'r5_c10'.
2026-07-18 13:40:42,683 - CitySense.environment.environmental_summary - DEBUG - Used fallback summary template for cell 'r5_c11'.
2026-07-18 13:40:42,684 - CitySense.environment.environmental_summary - DEBUG - Used fallback summary template for cell 'r5_c12'.
2026-07-18 13:40:42,685 - CitySense.environment.environmental_summary - DEBUG - Used fallback summary template for cell 'r5_c13'.
2026-07-18 13:40:42,686 - CitySense.environment.environmental_summary - DEBUG - Used fallback summary template for cell 'r5_c14'.
2026-07-18 13:40:42,687 - CitySense.environment.environmental_summary - DEBUG - Used fallback summary template for cell 'r5_c15'.
2026-07-18 13:40:42,688 - CitySense.environment.environmental_summary - DEBUG - Used fallback summary template for cell 'r5_c16'.
2026-07-18 13:40:42,691 - CitySense.environment.environmental_summary - DEBUG - Used fallback summary template for cell 'r5_c20'.
2026-07-18 13:40:42,692 - CitySense.environment.environmental_summary - DEBUG - Used fallback summary template for cell 'r5_c21'.
2026-07-18 13:40:42,693 - CitySense.environment.environmental_summary - DEBUG - Used fallback summary template for cell 'r6_c0'.
2026-07-18 13:40:42,694 - CitySense.environment.environmental_summary - DEBUG - Used fallback summary template for cell 'r6_c1'.
2026-07-18 13:40:42,695 - CitySense.environment.environmental_summary - DEBUG - Used fallback summary template for cell 'r6_c2'.
2026-07-18 13:40:42,701 - CitySense.environment.environmental_summary - DEBUG - Used fallback summary template for cell 'r6_c8'.
2026-07-18 13:40:42,702 - CitySense.environment.environmental_summary - DEBUG - Used fallback summary template for cell 'r6_c9'.
2026-07-18 13:40:42,703 - CitySense.environment.environmental_summary - DEBUG - Used fallback summary template for cell 'r6_c10'.
2026-07-18 13:40:42,704 - CitySense.environment.environmental_summary - DEBUG - Used fallback summary template for cell 'r6_c11'.
2026-07-18 13:40:42,705 - CitySense.environment.environmental_summary - DEBUG - Used fallback summary template for cell 'r6_c12'.
2026-07-18 13:40:42,706 - CitySense.environment.environmental_summary - DEBUG - Used fallback summary template for cell 'r6_c13'.
2026-07-18 13:40:42,708 - CitySense.environment.environmental_summary - DEBUG - Used fallback summary template for cell 'r6_c14'.
2026-07-18 13:40:42,709 - CitySense.environment.environmental_summary - DEBUG - Used fallback summary template for cell 'r6_c15'.
2026-07-18 13:40:42,710 - CitySense.environment.environmental_summary - DEBUG - Used fallback summary template for cell 'r6_c16'.
2026-07-18 13:40:42,711 - CitySense.environment.environmental_summary - DEBUG - Used fallback summary template for cell 'r6_c17'.
2026-07-18 13:40:42,713 - CitySense.environment.environmental_summary - DEBUG - Used fallback summary template for cell 'r6_c19'.
2026-07-18 13:40:42,715 - CitySense.environment.environmental_summary - DEBUG - Used fallback tier 'Moderate' for condition 'Low Vegetation' (cell status: Good).
2026-07-18 13:40:42,716 - CitySense.environment.environmental_summary - DEBUG - Used fallback tier 'Moderate' for condition 'Low Vegetation' (cell status: Good).
2026-07-18 13:40:42,717 - CitySense.environment.environmental_summary - DEBUG - Used fallback summary template for cell 'r7_c0'.
2026-07-18 13:40:42,718 - CitySense.environment.environmental_summary - DEBUG - Used fallback summary template for cell 'r7_c1'.
2026-07-18 13:40:42,719 - CitySense.environment.environmental_summary - DEBUG - Used fallback summary template for cell 'r7_c2'.
2026-07-18 13:40:42,725 - CitySense.environment.environmental_summary - DEBUG - Used fallback summary template for cell 'r7_c8'.
2026-07-18 13:40:42,726 - CitySense.environment.environmental_summary - DEBUG - Used fallback summary template for cell 'r7_c9'.
2026-07-18 13:40:42,728 - CitySense.environment.environmental_summary - DEBUG - Used fallback summary template for cell 'r7_c10'.
2026-07-18 13:40:42,729 - CitySense.environment.environmental_summary - DEBUG - Used fallback summary template for cell 'r7_c11'.
2026-07-18 13:40:42,730 - CitySense.environment.environmental_summary - DEBUG - Used fallback summary template for cell 'r7_c12'.
2026-07-18 13:40:42,731 - CitySense.environment.environmental_summary - DEBUG - Used fallback summary template for cell 'r7_c13'.
2026-07-18 13:40:42,732 - CitySense.environment.environmental_summary - DEBUG - Used fallback summary template for cell 'r7_c14'.
2026-07-18 13:40:42,733 - CitySense.environment.environmental_summary - DEBUG - Used fallback summary template for cell 'r7_c15'.
2026-07-18 13:40:42,735 - CitySense.environment.environmental_summary - DEBUG - Used fallback summary template for cell 'r7_c17'.
2026-07-18 13:40:42,737 - CitySense.environment.environmental_summary - DEBUG - Used fallback summary template for cell 'r7_c18'.
2026-07-18 13:40:42,738 - CitySense.environment.environmental_summary - DEBUG - Used fallback summary template for cell 'r7_c19'.
2026-07-18 13:40:42,739 - CitySense.environment.environmental_summary - DEBUG - Used fallback summary template for cell 'r7_c20'.
2026-07-18 13:40:42,739 - CitySense.environment.environmental_summary - DEBUG - Used fallback tier 'Moderate' for condition 'Low Vegetation' (cell status: Good).
2026-07-18 13:40:42,741 - CitySense.environment.environmental_summary - DEBUG - Used fallback summary template for cell 'r8_c0'.
2026-07-18 13:40:42,742 - CitySense.environment.environmental_summary - DEBUG - Used fallback summary template for cell 'r8_c1'.
2026-07-18 13:40:42,743 - CitySense.environment.environmental_summary - DEBUG - Used fallback summary template for cell 'r8_c2'.
2026-07-18 13:40:42,744 - CitySense.environment.environmental_summary - DEBUG - Used fallback summary template for cell 'r8_c3'.
2026-07-18 13:40:42,750 - CitySense.environment.environmental_summary - DEBUG - Used fallback summary template for cell 'r8_c8'.
2026-07-18 13:40:42,751 - CitySense.environment.environmental_summary - DEBUG - Used fallback summary template for cell 'r8_c9'.
2026-07-18 13:40:42,752 - CitySense.environment.environmental_summary - DEBUG - Used fallback summary template for cell 'r8_c10'.
2026-07-18 13:40:42,753 - CitySense.environment.environmental_summary - DEBUG - Used fallback summary template for cell 'r8_c11'.
2026-07-18 13:40:42,754 - CitySense.environment.environmental_summary - DEBUG - Used fallback summary template for cell 'r8_c12'.
2026-07-18 13:40:42,755 - CitySense.environment.environmental_summary - DEBUG - Used fallback summary template for cell 'r8_c13'.
2026-07-18 13:40:42,756 - CitySense.environment.environmental_summary - DEBUG - Used fallback summary template for cell 'r8_c14'.
2026-07-18 13:40:42,757 - CitySense.environment.environmental_summary - DEBUG - Used fallback summary template for cell 'r8_c15'.
2026-07-18 13:40:42,758 - CitySense.environment.environmental_summary - DEBUG - Used fallback summary template for cell 'r8_c16'.
2026-07-18 13:40:42,759 - CitySense.environment.environmental_summary - DEBUG - Used fallback summary template for cell 'r8_c17'.
2026-07-18 13:40:42,760 - CitySense.environment.environmental_summary - DEBUG - Used fallback summary template for cell 'r8_c18'.
2026-07-18 13:40:42,761 - CitySense.environment.environmental_summary - DEBUG - Used fallback summary template for cell 'r8_c19'.
2026-07-18 13:40:42,763 - CitySense.environment.environmental_summary - DEBUG - Used fallback summary template for cell 'r8_c20'.
2026-07-18 13:40:42,764 - CitySense.environment.environmental_summary - DEBUG - Used fallback summary template for cell 'r8_c21'.
2026-07-18 13:40:42,765 - CitySense.environment.environmental_summary - DEBUG - Used fallback summary template for cell 'r9_c0'.
2026-07-18 13:40:42,766 - CitySense.environment.environmental_summary - DEBUG - Used fallback summary template for cell 'r9_c1'.
2026-07-18 13:40:42,767 - CitySense.environment.environmental_summary - DEBUG - Used fallback summary template for cell 'r9_c2'.
2026-07-18 13:40:42,768 - CitySense.environment.environmental_summary - DEBUG - Used fallback summary template for cell 'r9_c3'.
2026-07-18 13:40:42,774 - CitySense.environment.environmental_summary - DEBUG - Used fallback summary template for cell 'r9_c9'.
2026-07-18 13:40:42,775 - CitySense.environment.environmental_summary - DEBUG - Used fallback summary template for cell 'r9_c10'.
2026-07-18 13:40:42,777 - CitySense.environment.environmental_summary - DEBUG - Used fallback summary template for cell 'r9_c11'.
2026-07-18 13:40:42,778 - CitySense.environment.environmental_summary - DEBUG - Used fallback summary template for cell 'r9_c12'.
2026-07-18 13:40:42,779 - CitySense.environment.environmental_summary - DEBUG - Used fallback summary template for cell 'r9_c13'.
2026-07-18 13:40:42,781 - CitySense.environment.environmental_summary - DEBUG - Used fallback summary template for cell 'r9_c14'.
2026-07-18 13:40:42,782 - CitySense.environment.environmental_summary - DEBUG - Used fallback summary template for cell 'r9_c15'.
2026-07-18 13:40:42,783 - CitySense.environment.environmental_summary - DEBUG - Used fallback summary template for cell 'r9_c16'.
2026-07-18 13:40:42,784 - CitySense.environment.environmental_summary - DEBUG - Used fallback summary template for cell 'r9_c17'.
2026-07-18 13:40:42,785 - CitySense.environment.environmental_summary - DEBUG - Used fallback summary template for cell 'r9_c18'.
2026-07-18 13:40:42,787 - CitySense.environment.environmental_summary - DEBUG - Used fallback summary template for cell 'r9_c19'.
2026-07-18 13:40:42,788 - CitySense.environment.environmental_summary - DEBUG - Used fallback summary template for cell 'r9_c20'.
2026-07-18 13:40:42,789 - CitySense.environment.environmental_summary - DEBUG - Used fallback summary template for cell 'r9_c21'.
2026-07-18 13:40:42,790 - CitySense.environment.environmental_summary - DEBUG - Used fallback summary template for cell 'r10_c0'.
2026-07-18 13:40:42,791 - CitySense.environment.environmental_summary - DEBUG - Used fallback summary template for cell 'r10_c1'.
2026-07-18 13:40:42,793 - CitySense.environment.environmental_summary - DEBUG - Used fallback summary template for cell 'r10_c2'.
2026-07-18 13:40:42,794 - CitySense.environment.environmental_summary - DEBUG - Used fallback summary template for cell 'r10_c3'.
2026-07-18 13:40:42,800 - CitySense.environment.environmental_summary - DEBUG - Used fallback summary template for cell 'r10_c9'.
2026-07-18 13:40:42,802 - CitySense.environment.environmental_summary - DEBUG - Used fallback summary template for cell 'r10_c10'.
2026-07-18 13:40:42,803 - CitySense.environment.environmental_summary - DEBUG - Used fallback summary template for cell 'r10_c11'.
2026-07-18 13:40:42,805 - CitySense.environment.environmental_summary - DEBUG - Used fallback summary template for cell 'r10_c12'.
2026-07-18 13:40:42,806 - CitySense.environment.environmental_summary - DEBUG - Used fallback summary template for cell 'r10_c13'.
2026-07-18 13:40:42,807 - CitySense.environment.environmental_summary - DEBUG - Used fallback summary template for cell 'r10_c14'.
2026-07-18 13:40:42,808 - CitySense.environment.environmental_summary - DEBUG - Used fallback summary template for cell 'r10_c15'.
2026-07-18 13:40:42,809 - CitySense.environment.environmental_summary - DEBUG - Used fallback summary template for cell 'r10_c16'.
2026-07-18 13:40:42,810 - CitySense.environment.environmental_summary - DEBUG - Used fallback summary template for cell 'r10_c17'.
2026-07-18 13:40:42,811 - CitySense.environment.environmental_summary - DEBUG - Used fallback summary template for cell 'r10_c18'.
2026-07-18 13:40:42,812 - CitySense.environment.environmental_summary - DEBUG - Used fallback summary template for cell 'r10_c19'.
2026-07-18 13:40:42,813 - CitySense.environment.environmental_summary - DEBUG - Used fallback summary template for cell 'r10_c20'.
2026-07-18 13:40:42,814 - CitySense.environment.environmental_summary - DEBUG - Used fallback summary template for cell 'r10_c21'.
2026-07-18 13:40:42,815 - CitySense.environment.environmental_summary - DEBUG - Used fallback summary template for cell 'r11_c0'.
2026-07-18 13:40:42,816 - CitySense.environment.environmental_summary - DEBUG - Used fallback summary template for cell 'r11_c1'.
2026-07-18 13:40:42,818 - CitySense.environment.environmental_summary - DEBUG - Used fallback summary template for cell 'r11_c2'.
2026-07-18 13:40:42,819 - CitySense.environment.environmental_summary - DEBUG - Used fallback summary template for cell 'r11_c3'.
2026-07-18 13:40:42,825 - CitySense.environment.environmental_summary - DEBUG - Used fallback summary template for cell 'r11_c9'.
2026-07-18 13:40:42,826 - CitySense.environment.environmental_summary - DEBUG - Used fallback summary template for cell 'r11_c10'.
2026-07-18 13:40:42,827 - CitySense.environment.environmental_summary - DEBUG - Used fallback summary template for cell 'r11_c11'.
2026-07-18 13:40:42,832 - CitySense.environment.environmental_summary - DEBUG - Used fallback summary template for cell 'r11_c15'.
2026-07-18 13:40:42,833 - CitySense.environment.environmental_summary - DEBUG - Used fallback summary template for cell 'r11_c16'.
2026-07-18 13:40:42,834 - CitySense.environment.environmental_summary - DEBUG - Used fallback summary template for cell 'r11_c17'.
2026-07-18 13:40:42,835 - CitySense.environment.environmental_summary - DEBUG - Used fallback summary template for cell 'r11_c18'.
2026-07-18 13:40:42,836 - CitySense.environment.environmental_summary - DEBUG - Used fallback summary template for cell 'r11_c19'.
2026-07-18 13:40:42,837 - CitySense.environment.environmental_summary - DEBUG - Used fallback summary template for cell 'r11_c20'.
2026-07-18 13:40:42,838 - CitySense.environment.environmental_summary - DEBUG - Used fallback summary template for cell 'r11_c21'.
2026-07-18 13:40:42,839 - CitySense.environment.environmental_summary - DEBUG - Used fallback summary template for cell 'r12_c0'.
2026-07-18 13:40:42,840 - CitySense.environment.environmental_summary - DEBUG - Used fallback summary template for cell 'r12_c1'.
2026-07-18 13:40:42,841 - CitySense.environment.environmental_summary - DEBUG - Used fallback summary template for cell 'r12_c2'.
2026-07-18 13:40:42,842 - CitySense.environment.environmental_summary - DEBUG - Used fallback summary template for cell 'r12_c3'.
2026-07-18 13:40:42,843 - CitySense.environment.environmental_summary - DEBUG - Used fallback summary template for cell 'r12_c4'.
2026-07-18 13:40:42,844 - CitySense.environment.environmental_summary - DEBUG - Used fallback summary template for cell 'r12_c5'.
2026-07-18 13:40:42,849 - CitySense.environment.environmental_summary - DEBUG - Used fallback summary template for cell 'r12_c10'.
2026-07-18 13:40:42,854 - CitySense.environment.environmental_summary - DEBUG - Used fallback summary template for cell 'r12_c15'.
2026-07-18 13:40:42,855 - CitySense.environment.environmental_summary - DEBUG - Used fallback summary template for cell 'r12_c16'.
2026-07-18 13:40:42,856 - CitySense.environment.environmental_summary - DEBUG - Used fallback summary template for cell 'r12_c17'.
2026-07-18 13:40:42,857 - CitySense.environment.environmental_summary - DEBUG - Used fallback summary template for cell 'r12_c18'.
2026-07-18 13:40:42,859 - CitySense.environment.environmental_summary - DEBUG - Used fallback summary template for cell 'r12_c19'.
2026-07-18 13:40:42,860 - CitySense.environment.environmental_summary - DEBUG - Used fallback summary template for cell 'r12_c20'.
2026-07-18 13:40:42,861 - CitySense.environment.environmental_summary - DEBUG - Used fallback summary template for cell 'r12_c21'.
2026-07-18 13:40:42,862 - CitySense.environment.environmental_summary - DEBUG - Used fallback summary template for cell 'r13_c0'.
2026-07-18 13:40:42,863 - CitySense.environment.environmental_summary - DEBUG - Used fallback summary template for cell 'r13_c1'.
2026-07-18 13:40:42,864 - CitySense.environment.environmental_summary - DEBUG - Used fallback summary template for cell 'r13_c2'.
2026-07-18 13:40:42,865 - CitySense.environment.environmental_summary - DEBUG - Used fallback summary template for cell 'r13_c3'.
2026-07-18 13:40:42,866 - CitySense.environment.environmental_summary - DEBUG - Used fallback summary template for cell 'r13_c4'.
2026-07-18 13:40:42,867 - CitySense.environment.environmental_summary - DEBUG - Used fallback summary template for cell 'r13_c5'.
2026-07-18 13:40:42,868 - CitySense.environment.environmental_summary - DEBUG - Used fallback summary template for cell 'r13_c6'.
2026-07-18 13:40:42,870 - CitySense.environment.environmental_summary - DEBUG - Used fallback summary template for cell 'r13_c8'.
2026-07-18 13:40:42,878 - CitySense.environment.environmental_summary - DEBUG - Used fallback summary template for cell 'r13_c16'.
2026-07-18 13:40:42,880 - CitySense.environment.environmental_summary - DEBUG - Used fallback tier 'Moderate' for condition 'Low Vegetation' (cell status: Good).
2026-07-18 13:40:42,881 - CitySense.environment.environmental_summary - DEBUG - Used fallback summary template for cell 'r13_c18'.
2026-07-18 13:40:42,882 - CitySense.environment.environmental_summary - DEBUG - Used fallback summary template for cell 'r13_c19'.
2026-07-18 13:40:42,883 - CitySense.environment.environmental_summary - DEBUG - Used fallback summary template for cell 'r13_c20'.
2026-07-18 13:40:42,884 - CitySense.environment.environmental_summary - DEBUG - Used fallback summary template for cell 'r13_c21'.
2026-07-18 13:40:42,885 - CitySense.environment.environmental_summary - DEBUG - Used fallback summary template for cell 'r14_c0'.
2026-07-18 13:40:42,886 - CitySense.environment.environmental_summary - DEBUG - Used fallback summary template for cell 'r14_c1'.
2026-07-18 13:40:42,887 - CitySense.environment.environmental_summary - DEBUG - Used fallback summary template for cell 'r14_c2'.
2026-07-18 13:40:42,889 - CitySense.environment.environmental_summary - DEBUG - Used fallback summary template for cell 'r14_c3'.
2026-07-18 13:40:42,890 - CitySense.environment.environmental_summary - DEBUG - Used fallback summary template for cell 'r14_c4'.
2026-07-18 13:40:42,891 - CitySense.environment.environmental_summary - DEBUG - Used fallback summary template for cell 'r14_c5'.
2026-07-18 13:40:42,892 - CitySense.environment.environmental_summary - DEBUG - Used fallback summary template for cell 'r14_c6'.
2026-07-18 13:40:42,898 - CitySense.environment.environmental_summary - DEBUG - Used fallback tier 'Moderate' for condition 'Urban Heat Island' (cell status: Excellent).
2026-07-18 13:40:42,904 - CitySense.environment.environmental_summary - DEBUG - Used fallback summary template for cell 'r14_c18'.
2026-07-18 13:40:42,905 - CitySense.environment.environmental_summary - DEBUG - Used fallback summary template for cell 'r14_c19'.
2026-07-18 13:40:42,906 - CitySense.environment.environmental_summary - DEBUG - Used fallback summary template for cell 'r14_c20'.
2026-07-18 13:40:42,907 - CitySense.environment.environmental_summary - DEBUG - Used fallback summary template for cell 'r14_c21'.
2026-07-18 13:40:42,908 - CitySense.environment.environmental_summary - DEBUG - Used fallback summary template for cell 'r15_c0'.
2026-07-18 13:40:42,910 - CitySense.environment.environmental_summary - DEBUG - Used fallback summary template for cell 'r15_c1'.
2026-07-18 13:40:42,911 - CitySense.environment.environmental_summary - DEBUG - Used fallback summary template for cell 'r15_c2'.
2026-07-18 13:40:42,912 - CitySense.environment.environmental_summary - DEBUG - Used fallback summary template for cell 'r15_c3'.
2026-07-18 13:40:42,912 - CitySense.environment.environmental_summary - DEBUG - Used fallback summary template for cell 'r15_c4'.
2026-07-18 13:40:42,913 - CitySense.environment.environmental_summary - DEBUG - Used fallback summary template for cell 'r15_c5'.
2026-07-18 13:40:42,915 - CitySense.environment.environmental_summary - DEBUG - Used fallback summary template for cell 'r15_c6'.
2026-07-18 13:40:42,925 - CitySense.environment.environmental_summary - DEBUG - Used fallback summary template for cell 'r15_c17'.
2026-07-18 13:40:42,926 - CitySense.environment.environmental_summary - DEBUG - Used fallback summary template for cell 'r15_c18'.
2026-07-18 13:40:42,927 - CitySense.environment.environmental_summary - DEBUG - Used fallback summary template for cell 'r15_c19'.
2026-07-18 13:40:42,928 - CitySense.environment.environmental_summary - DEBUG - Used fallback summary template for cell 'r15_c20'.
2026-07-18 13:40:42,929 - CitySense.environment.environmental_summary - DEBUG - Used fallback summary template for cell 'r15_c21'.
2026-07-18 13:40:42,930 - CitySense.environment.environmental_summary - DEBUG - Used fallback summary template for cell 'r16_c0'.
2026-07-18 13:40:42,931 - CitySense.environment.environmental_summary - DEBUG - Used fallback summary template for cell 'r16_c1'.
2026-07-18 13:40:42,932 - CitySense.environment.environmental_summary - DEBUG - Used fallback summary template for cell 'r16_c2'.
2026-07-18 13:40:42,933 - CitySense.environment.environmental_summary - DEBUG - Used fallback summary template for cell 'r16_c3'.
2026-07-18 13:40:42,934 - CitySense.environment.environmental_summary - DEBUG - Used fallback summary template for cell 'r16_c4'.
2026-07-18 13:40:42,935 - CitySense.environment.environmental_summary - DEBUG - Used fallback summary template for cell 'r16_c5'.
2026-07-18 13:40:42,938 - CitySense.environment.environmental_summary - DEBUG - Used fallback summary template for cell 'r16_c8'.
2026-07-18 13:40:42,946 - CitySense.environment.environmental_summary - DEBUG - Used fallback summary template for cell 'r16_c17'.
2026-07-18 13:40:42,947 - CitySense.environment.environmental_summary - DEBUG - Used fallback summary template for cell 'r16_c18'.
2026-07-18 13:40:42,948 - CitySense.environment.environmental_summary - DEBUG - Used fallback summary template for cell 'r16_c19'.
2026-07-18 13:40:42,949 - CitySense.environment.environmental_summary - DEBUG - Used fallback summary template for cell 'r16_c20'.
2026-07-18 13:40:42,950 - CitySense.environment.environmental_summary - DEBUG - Used fallback summary template for cell 'r16_c21'.
2026-07-18 13:40:42,951 - CitySense.environment.environmental_summary - DEBUG - Used fallback summary template for cell 'r17_c0'.
2026-07-18 13:40:42,952 - CitySense.environment.environmental_summary - DEBUG - Used fallback summary template for cell 'r17_c1'.
2026-07-18 13:40:42,953 - CitySense.environment.environmental_summary - DEBUG - Used fallback summary template for cell 'r17_c2'.
2026-07-18 13:40:42,954 - CitySense.environment.environmental_summary - DEBUG - Used fallback summary template for cell 'r17_c3'.
2026-07-18 13:40:42,955 - CitySense.environment.environmental_summary - DEBUG - Used fallback summary template for cell 'r17_c4'.
2026-07-18 13:40:42,957 - CitySense.environment.environmental_summary - DEBUG - Used fallback summary template for cell 'r17_c5'.
2026-07-18 13:40:42,969 - CitySense.environment.environmental_summary - DEBUG - Used fallback summary template for cell 'r17_c17'.
2026-07-18 13:40:42,971 - CitySense.environment.environmental_summary - DEBUG - Used fallback tier 'Moderate' for condition 'Low Vegetation' (cell status: Good).
2026-07-18 13:40:42,972 - CitySense.environment.environmental_summary - DEBUG - Used fallback summary template for cell 'r17_c19'.
2026-07-18 13:40:42,973 - CitySense.environment.environmental_summary - DEBUG - Used fallback summary template for cell 'r17_c20'.
2026-07-18 13:40:42,974 - CitySense.environment.environmental_summary - DEBUG - Used fallback summary template for cell 'r17_c21'.
2026-07-18 13:40:42,975 - CitySense.environment.environmental_summary - DEBUG - Used fallback summary template for cell 'r18_c0'.
2026-07-18 13:40:42,976 - CitySense.environment.environmental_summary - DEBUG - Used fallback summary template for cell 'r18_c1'.
2026-07-18 13:40:42,977 - CitySense.environment.environmental_summary - DEBUG - Used fallback summary template for cell 'r18_c2'.
2026-07-18 13:40:42,978 - CitySense.environment.environmental_summary - DEBUG - Used fallback summary template for cell 'r18_c3'.
2026-07-18 13:40:42,979 - CitySense.environment.environmental_summary - DEBUG - Used fallback summary template for cell 'r18_c4'.
2026-07-18 13:40:42,981 - CitySense.environment.environmental_summary - DEBUG - Used fallback summary template for cell 'r18_c6'.
2026-07-18 13:40:42,989 - CitySense.environment.environmental_summary - DEBUG - Used fallback summary template for cell 'r18_c13'.
2026-07-18 13:40:42,992 - CitySense.environment.environmental_summary - DEBUG - Used fallback summary template for cell 'r18_c16'.
2026-07-18 13:40:42,994 - CitySense.environment.environmental_summary - DEBUG - Used fallback tier 'Moderate' for condition 'Low Vegetation' (cell status: Good).
2026-07-18 13:40:42,995 - CitySense.environment.environmental_summary - DEBUG - Used fallback summary template for cell 'r18_c19'.
2026-07-18 13:40:42,996 - CitySense.environment.environmental_summary - DEBUG - Used fallback summary template for cell 'r18_c20'.
2026-07-18 13:40:42,997 - CitySense.environment.environmental_summary - DEBUG - Used fallback summary template for cell 'r18_c21'.
2026-07-18 13:40:42,998 - CitySense.environment.environmental_summary - DEBUG - Used fallback summary template for cell 'r19_c0'.
2026-07-18 13:40:42,999 - CitySense.environment.environmental_summary - DEBUG - Used fallback summary template for cell 'r19_c1'.
2026-07-18 13:40:43,000 - CitySense.environment.environmental_summary - DEBUG - Used fallback summary template for cell 'r19_c2'.
2026-07-18 13:40:43,001 - CitySense.environment.environmental_summary - DEBUG - Used fallback summary template for cell 'r19_c3'.
2026-07-18 13:40:43,002 - CitySense.environment.environmental_summary - DEBUG - Used fallback summary template for cell 'r19_c4'.
2026-07-18 13:40:43,003 - CitySense.environment.environmental_summary - DEBUG - Used fallback summary template for cell 'r19_c5'.
2026-07-18 13:40:43,016 - CitySense.environment.environmental_summary - DEBUG - Used fallback tier 'Moderate' for condition 'Low Vegetation' (cell status: Good).
2026-07-18 13:40:43,017 - CitySense.environment.environmental_summary - DEBUG - Used fallback summary template for cell 'r19_c19'.
2026-07-18 13:40:43,018 - CitySense.environment.environmental_summary - DEBUG - Used fallback summary template for cell 'r19_c20'.
2026-07-18 13:40:43,019 - CitySense.environment.environmental_summary - DEBUG - Used fallback summary template for cell 'r19_c21'.
2026-07-18 13:40:43,020 - CitySense.environment.environmental_summary - DEBUG - Used fallback summary template for cell 'r20_c0'.
2026-07-18 13:40:43,021 - CitySense.environment.environmental_summary - DEBUG - Used fallback summary template for cell 'r20_c1'.
2026-07-18 13:40:43,022 - CitySense.environment.environmental_summary - DEBUG - Used fallback summary template for cell 'r20_c2'.
2026-07-18 13:40:43,023 - CitySense.environment.environmental_summary - DEBUG - Used fallback summary template for cell 'r20_c3'.
2026-07-18 13:40:43,024 - CitySense.environment.environmental_summary - DEBUG - Used fallback summary template for cell 'r20_c4'.
2026-07-18 13:40:43,025 - CitySense.environment.environmental_summary - DEBUG - Used fallback summary template for cell 'r20_c5'.
2026-07-18 13:40:43,036 - CitySense.environment.environmental_summary - DEBUG - Used fallback tier 'Moderate' for condition 'Low Vegetation' (cell status: Good).
2026-07-18 13:40:43,037 - CitySense.environment.environmental_summary - DEBUG - Used fallback tier 'Moderate' for condition 'Low Vegetation' (cell status: Good).
2026-07-18 13:40:43,038 - CitySense.environment.environmental_summary - DEBUG - Used fallback summary template for cell 'r20_c19'.
2026-07-18 13:40:43,040 - CitySense.environment.environmental_summary - DEBUG - Used fallback summary template for cell 'r20_c20'.
2026-07-18 13:40:43,041 - CitySense.environment.environmental_summary - DEBUG - Used fallback tier 'Moderate' for condition 'Low Vegetation' (cell status: Good).
2026-07-18 13:40:43,042 - CitySense.environment.environmental_summary - DEBUG - Used fallback summary template for cell 'r21_c0'.
2026-07-18 13:40:43,043 - CitySense.environment.environmental_summary - DEBUG - Used fallback summary template for cell 'r21_c1'.
2026-07-18 13:40:43,044 - CitySense.environment.environmental_summary - DEBUG - Used fallback summary template for cell 'r21_c2'.
2026-07-18 13:40:43,045 - CitySense.environment.environmental_summary - DEBUG - Used fallback summary template for cell 'r21_c3'.
2026-07-18 13:40:43,047 - CitySense.environment.environmental_summary - DEBUG - Used fallback summary template for cell 'r21_c4'.
2026-07-18 13:40:43,048 - CitySense.environment.environmental_summary - DEBUG - Used fallback summary template for cell 'r21_c5'.
2026-07-18 13:40:43,049 - CitySense.environment.environmental_summary - DEBUG - Used fallback summary template for cell 'r21_c6'.
2026-07-18 13:40:43,050 - CitySense.environment.environmental_summary - DEBUG - Used fallback summary template for cell 'r21_c7'.
2026-07-18 13:40:43,059 - CitySense.environment.environmental_summary - DEBUG - Used fallback tier 'Moderate' for condition 'Low Vegetation' (cell status: Good).
2026-07-18 13:40:43,061 - CitySense.environment.environmental_summary - DEBUG - Used fallback tier 'Moderate' for condition 'Low Vegetation' (cell status: Good).
2026-07-18 13:40:43,062 - CitySense.environment.environmental_summary - DEBUG - Used fallback summary template for cell 'r21_c19'.
2026-07-18 13:40:43,063 - CitySense.environment.environmental_summary - DEBUG - Used fallback summary template for cell 'r21_c20'.
2026-07-18 13:40:43,064 - CitySense.environment.environmental_summary - DEBUG - Used fallback tier 'Moderate' for condition 'Low Vegetation' (cell status: Good).
2026-07-18 13:40:43,065 - CitySense.environment.environmental_summary - DEBUG - Used fallback summary template for cell 'r22_c0'.
2026-07-18 13:40:43,066 - CitySense.environment.environmental_summary - DEBUG - Used fallback summary template for cell 'r22_c1'.
2026-07-18 13:40:43,067 - CitySense.environment.environmental_summary - DEBUG - Used fallback summary template for cell 'r22_c2'.
2026-07-18 13:40:43,068 - CitySense.environment.environmental_summary - DEBUG - Used fallback summary template for cell 'r22_c3'.
2026-07-18 13:40:43,069 - CitySense.environment.environmental_summary - DEBUG - Used fallback summary template for cell 'r22_c4'.
2026-07-18 13:40:43,070 - CitySense.environment.environmental_summary - DEBUG - Used fallback summary template for cell 'r22_c5'.
2026-07-18 13:40:43,083 - CitySense.environment.environmental_summary - DEBUG - Used fallback tier 'Moderate' for condition 'Low Vegetation' (cell status: Good).
2026-07-18 13:40:43,084 - CitySense.environment.environmental_summary - DEBUG - Used fallback tier 'Moderate' for condition 'Low Vegetation' (cell status: Good).
2026-07-18 13:40:43,086 - CitySense.environment.environmental_summary - DEBUG - Used fallback summary template for cell 'r22_c19'.
2026-07-18 13:40:43,087 - CitySense.environment.environmental_summary - DEBUG - Used fallback summary template for cell 'r22_c20'.
2026-07-18 13:40:43,090 - CitySense.environment.environmental_summary - DEBUG - Used fallback tier 'Moderate' for condition 'Low Vegetation' (cell status: Good).
2026-07-18 13:40:43,092 - CitySense.environment.environmental_summary - DEBUG - Used fallback summary template for cell 'r23_c0'.
2026-07-18 13:40:43,094 - CitySense.environment.environmental_summary - DEBUG - Used fallback summary template for cell 'r23_c1'.
2026-07-18 13:40:43,096 - CitySense.environment.environmental_summary - DEBUG - Used fallback summary template for cell 'r23_c2'.
2026-07-18 13:40:43,098 - CitySense.environment.environmental_summary - DEBUG - Used fallback summary template for cell 'r23_c3'.
2026-07-18 13:40:43,099 - CitySense.environment.environmental_summary - DEBUG - Used fallback summary template for cell 'r23_c4'.
2026-07-18 13:40:43,100 - CitySense.environment.environmental_summary - DEBUG - Used fallback summary template for cell 'r23_c5'.
2026-07-18 13:40:43,109 - CitySense.environment.environmental_summary - DEBUG - Used fallback tier 'Moderate' for condition 'Flood Susceptibility' (cell status: Good).
2026-07-18 13:40:43,115 - CitySense.environment.environmental_summary - DEBUG - Used fallback tier 'Moderate' for condition 'Low Vegetation' (cell status: Good).
2026-07-18 13:40:43,116 - CitySense.environment.environmental_summary - DEBUG - Used fallback summary template for cell 'r23_c20'.
2026-07-18 13:40:43,117 - CitySense.environment.environmental_summary - DEBUG - Used fallback tier 'Moderate' for condition 'Low Vegetation' (cell status: Good).
2026-07-18 13:40:43,118 - CitySense.environment.environmental_summary - DEBUG - Used fallback summary template for cell 'r24_c0'.
2026-07-18 13:40:43,119 - CitySense.environment.environmental_summary - DEBUG - Used fallback summary template for cell 'r24_c1'.
2026-07-18 13:40:43,121 - CitySense.environment.environmental_summary - DEBUG - Used fallback summary template for cell 'r24_c3'.
2026-07-18 13:40:43,122 - CitySense.environment.environmental_summary - DEBUG - Used fallback summary template for cell 'r24_c4'.
2026-07-18 13:40:43,130 - CitySense.environment.environmental_summary - DEBUG - Used fallback tier 'Moderate' for condition 'Low Vegetation' (cell status: Good).
2026-07-18 13:40:43,135 - CitySense.environment.environmental_summary - DEBUG - Used fallback tier 'Moderate' for condition 'Low Vegetation' (cell status: Good).
2026-07-18 13:40:43,136 - CitySense.environment.environmental_summary - DEBUG - Used fallback tier 'Moderate' for condition 'Low Vegetation' (cell status: Good).
2026-07-18 13:40:43,137 - CitySense.environment.environmental_summary - DEBUG - Used fallback summary template for cell 'r24_c20'.
2026-07-18 13:40:43,138 - CitySense.environment.environmental_summary - DEBUG - Used fallback tier 'Moderate' for condition 'Low Vegetation' (cell status: Good).
2026-07-18 13:40:43,139 - CitySense.environment.environmental_summary - DEBUG - Used fallback summary template for cell 'r25_c0'.
2026-07-18 13:40:43,140 - CitySense.environment.environmental_summary - DEBUG - Used fallback summary template for cell 'r25_c1'.
2026-07-18 13:40:43,142 - CitySense.environment.environmental_summary - DEBUG - Used fallback summary template for cell 'r25_c3'.
2026-07-18 13:40:43,144 - CitySense.environment.environmental_summary - DEBUG - Used fallback summary template for cell 'r25_c5'.
2026-07-18 13:40:43,153 - CitySense.environment.environmental_summary - DEBUG - Used fallback tier 'Moderate' for condition 'Flood Susceptibility' (cell status: Good).
2026-07-18 13:40:43,158 - CitySense.environment.environmental_summary - DEBUG - Used fallback tier 'Moderate' for condition 'Low Vegetation' (cell status: Good).
2026-07-18 13:40:43,160 - CitySense.environment.environmental_summary - DEBUG - Used fallback tier 'Moderate' for condition 'Low Vegetation' (cell status: Good).
2026-07-18 13:40:43,162 - CitySense.environment.environmental_summary - DEBUG - Used fallback summary template for cell 'r26_c0'.
2026-07-18 13:40:43,163 - CitySense.environment.environmental_summary - DEBUG - Used fallback summary template for cell 'r26_c1'.
2026-07-18 13:40:43,164 - CitySense.environment.environmental_summary - DEBUG - Used fallback tier 'Moderate' for condition 'Low Vegetation' (cell status: Good).
2026-07-18 13:40:43,165 - CitySense.environment.environmental_summary - DEBUG - Used fallback tier 'Moderate' for condition 'Low Vegetation' (cell status: Good).
2026-07-18 13:40:43,166 - CitySense.environment.environmental_summary - DEBUG - Used fallback tier 'Moderate' for condition 'Low Vegetation' (cell status: Good).
2026-07-18 13:40:43,176 - CitySense.environment.environmental_summary - DEBUG - Used fallback tier 'Moderate' for condition 'Flood Susceptibility' (cell status: Good).
2026-07-18 13:40:43,181 - CitySense.environment.environmental_summary - DEBUG - Used fallback summary template for cell 'r26_c18'.
2026-07-18 13:40:43,182 - CitySense.environment.environmental_summary - DEBUG - Used fallback summary template for cell 'r26_c19'.
2026-07-18 13:40:43,183 - CitySense.environment.environmental_summary - DEBUG - Used fallback summary template for cell 'r26_c20'.
2026-07-18 13:40:43,184 - CitySense.environment.environmental_summary - DEBUG - Used fallback tier 'Moderate' for condition 'Low Vegetation' (cell status: Good).
2026-07-18 13:40:43,186 - CitySense.environment.environmental_summary - DEBUG - Used fallback summary template for cell 'r27_c0'.
2026-07-18 13:40:43,187 - CitySense.environment.environmental_summary - DEBUG - Used fallback summary template for cell 'r27_c1'.
2026-07-18 13:40:43,188 - CitySense.environment.environmental_summary - DEBUG - Used fallback tier 'Moderate' for condition 'Low Vegetation' (cell status: Good).
2026-07-18 13:40:43,190 - CitySense.environment.environmental_summary - DEBUG - Used fallback tier 'Moderate' for condition 'Low Vegetation' (cell status: Good).
2026-07-18 13:40:43,191 - CitySense.environment.environmental_summary - DEBUG - Used fallback summary template for cell 'r27_c5'.
2026-07-18 13:40:43,194 - CitySense.environment.environmental_summary - DEBUG - Used fallback summary template for cell 'r27_c8'.
2026-07-18 13:40:43,195 - CitySense.environment.environmental_summary - DEBUG - Used fallback tier 'Moderate' for condition 'Low Vegetation' (cell status: Good).
2026-07-18 13:40:43,201 - CitySense.environment.environmental_summary - DEBUG - Used fallback tier 'Moderate' for condition 'Flood Susceptibility' (cell status: Good).
2026-07-18 13:40:43,206 - CitySense.environment.environmental_summary - DEBUG - Used fallback summary template for cell 'r27_c19'.
2026-07-18 13:40:43,208 - CitySense.environment.environmental_summary - DEBUG - Used fallback tier 'Moderate' for condition 'Low Vegetation' (cell status: Good).
2026-07-18 13:40:43,209 - CitySense.environment.environmental_summary - DEBUG - Used fallback summary template for cell 'r28_c0'.
2026-07-18 13:40:43,210 - CitySense.environment.environmental_summary - DEBUG - Used fallback summary template for cell 'r28_c1'.
2026-07-18 13:40:43,211 - CitySense.environment.environmental_summary - DEBUG - Used fallback summary template for cell 'r28_c2'.
2026-07-18 13:40:43,215 - CitySense.environment.environmental_summary - DEBUG - Used fallback tier 'Moderate' for condition 'Low Vegetation' (cell status: Good).
2026-07-18 13:40:43,216 - CitySense.environment.environmental_summary - DEBUG - Used fallback summary template for cell 'r28_c6'.
2026-07-18 13:40:43,222 - CitySense.environment.environmental_summary - DEBUG - Used fallback tier 'Moderate' for condition 'Low Vegetation' (cell status: Good).
2026-07-18 13:40:43,231 - CitySense.environment.environmental_summary - DEBUG - Used fallback summary template for cell 'r28_c21'.
2026-07-18 13:40:43,232 - CitySense.environment.environmental_summary - DEBUG - Used fallback summary template for cell 'r29_c0'.
2026-07-18 13:40:43,233 - CitySense.environment.environmental_summary - DEBUG - Used fallback summary template for cell 'r29_c1'.
2026-07-18 13:40:43,235 - CitySense.environment.environmental_summary - DEBUG - Used fallback summary template for cell 'r29_c2'.
2026-07-18 13:40:43,244 - CitySense.environment.environmental_summary - DEBUG - Used fallback tier 'Moderate' for condition 'Low Vegetation' (cell status: Good).
2026-07-18 13:40:43,246 - CitySense.environment.environmental_summary - DEBUG - Used fallback tier 'Moderate' for condition 'Low Vegetation' (cell status: Good).
2026-07-18 13:40:43,248 - CitySense.environment.environmental_summary - DEBUG - Used fallback tier 'Moderate' for condition 'Low Vegetation' (cell status: Good).
2026-07-18 13:40:43,254 - CitySense.environment.environmental_summary - DEBUG - Used fallback summary template for cell 'r29_c21'.
2026-07-18 13:40:43,255 - CitySense.environment.environmental_summary - DEBUG - Used fallback summary template for cell 'r30_c0'.
2026-07-18 13:40:43,262 - CitySense.environment.environmental_summary - DEBUG - Used fallback summary template for cell 'r30_c7'.
2026-07-18 13:40:43,263 - CitySense.environment.environmental_summary - DEBUG - Used fallback summary template for cell 'r30_c8'.
2026-07-18 13:40:43,270 - CitySense.environment.environmental_summary - DEBUG - Used fallback tier 'Moderate' for condition 'Low Vegetation' (cell status: Good).
2026-07-18 13:40:43,271 - CitySense.environment.environmental_summary - DEBUG - Used fallback tier 'Moderate' for condition 'Low Vegetation' (cell status: Good).
2026-07-18 13:40:43,276 - CitySense.environment.environmental_summary - DEBUG - Used fallback summary template for cell 'r31_c0'.
2026-07-18 13:40:43,278 - CitySense.environment.environmental_summary - DEBUG - Used fallback summary template for cell 'r31_c1'.
2026-07-18 13:40:43,279 - CitySense.environment.environmental_summary - DEBUG - Used fallback summary template for cell 'r31_c2'.
2026-07-18 13:40:43,280 - CitySense.environment.environmental_summary - DEBUG - Used fallback tier 'Moderate' for condition 'Low Vegetation' (cell status: Good).
2026-07-18 13:40:43,292 - CitySense.environment.environmental_summary - DEBUG - Used fallback tier 'Moderate' for condition 'Low Vegetation' (cell status: Good).
2026-07-18 13:40:43,297 - CitySense.environment.environmental_summary - DEBUG - Used fallback summary template for cell 'r32_c0'.
2026-07-18 13:40:43,300 - CitySense.environment.environmental_summary - DEBUG - Used fallback summary template for cell 'r32_c3'.
2026-07-18 13:40:43,308 - CitySense.environment.environmental_summary - DEBUG - Used fallback tier 'Moderate' for condition 'Low Vegetation' (cell status: Good).
2026-07-18 13:40:43,311 - CitySense.environment.environmental_summary - DEBUG - Used fallback tier 'Moderate' for condition 'Low Vegetation' (cell status: Good).
2026-07-18 13:40:43,312 - CitySense.environment.environmental_summary - DEBUG - Used fallback tier 'Moderate' for condition 'Low Vegetation' (cell status: Good).
2026-07-18 13:40:43,318 - CitySense.environment.environmental_summary - DEBUG - Used fallback summary template for cell 'r33_c0'.
2026-07-18 13:40:43,320 - CitySense.environment.environmental_summary - DEBUG - Used fallback tier 'Moderate' for condition 'Low Vegetation' (cell status: Good).
2026-07-18 13:40:43,321 - CitySense.environment.environmental_summary - DEBUG - Used fallback tier 'Moderate' for condition 'Low Vegetation' (cell status: Good).
2026-07-18 13:40:43,322 - CitySense.environment.environmental_summary - DEBUG - Used fallback summary template for cell 'r33_c4'.
2026-07-18 13:40:43,326 - CitySense.environment.environmental_summary - DEBUG - Used fallback summary template for cell 'r33_c7'.
2026-07-18 13:40:43,333 - CitySense.environment.environmental_summary - DEBUG - Used fallback tier 'Moderate' for condition 'Low Vegetation' (cell status: Good).
2026-07-18 13:40:43,342 - CitySense.environment.environmental_summary - DEBUG - Used fallback summary template for cell 'r34_c0'.
2026-07-18 13:40:43,344 - CitySense.environment.environmental_summary - DEBUG - Used fallback tier 'Moderate' for condition 'Low Vegetation' (cell status: Good).
2026-07-18 13:40:43,346 - CitySense.environment.environmental_summary - DEBUG - Used fallback tier 'Moderate' for condition 'Low Vegetation' (cell status: Good).
2026-07-18 13:40:43,347 - CitySense.environment.environmental_summary - DEBUG - Used fallback summary template for cell 'r34_c5'.
2026-07-18 13:40:43,354 - CitySense.environment.environmental_summary - DEBUG - Used fallback tier 'Moderate' for condition 'Low Vegetation' (cell status: Good).
2026-07-18 13:40:43,356 - CitySense.environment.environmental_summary - DEBUG - Used fallback tier 'Moderate' for condition 'Low Vegetation' (cell status: Good).
2026-07-18 13:40:43,365 - CitySense.environment.environmental_summary - DEBUG - Used fallback summary template for cell 'r35_c0'.
2026-07-18 13:40:43,368 - CitySense.environment.environmental_summary - DEBUG - Used fallback tier 'Moderate' for condition 'Low Vegetation' (cell status: Good).
2026-07-18 13:40:43,369 - CitySense.environment.environmental_summary - DEBUG - Used fallback tier 'Moderate' for condition 'Low Vegetation' (cell status: Good).
2026-07-18 13:40:43,370 - CitySense.environment.environmental_summary - DEBUG - Used fallback tier 'Moderate' for condition 'Low Vegetation' (cell status: Good).
2026-07-18 13:40:43,371 - CitySense.environment.environmental_summary - DEBUG - Used fallback tier 'Moderate' for condition 'Low Vegetation' (cell status: Good).
2026-07-18 13:40:43,374 - CitySense.environment.environmental_summary - DEBUG - Used fallback summary template for cell 'r35_c8'.
2026-07-18 13:40:43,378 - CitySense.environment.environmental_summary - DEBUG - Used fallback tier 'Moderate' for condition 'Low Vegetation' (cell status: Good).
2026-07-18 13:40:43,380 - CitySense.environment.environmental_summary - DEBUG - Used fallback tier 'Moderate' for condition 'Low Vegetation' (cell status: Good).
2026-07-18 13:40:43,389 - CitySense.environment.environmental_summary - DEBUG - Used fallback summary template for cell 'r36_c0'.
2026-07-18 13:40:43,392 - CitySense.environment.environmental_summary - DEBUG - Used fallback tier 'Moderate' for condition 'Low Vegetation' (cell status: Good).
2026-07-18 13:40:43,393 - CitySense.environment.environmental_summary - DEBUG - Used fallback tier 'Moderate' for condition 'Low Vegetation' (cell status: Good).
2026-07-18 13:40:43,394 - CitySense.environment.environmental_summary - DEBUG - Used fallback tier 'Moderate' for condition 'Low Vegetation' (cell status: Good).
2026-07-18 13:40:43,395 - CitySense.environment.environmental_summary - DEBUG - Used fallback tier 'Moderate' for condition 'Low Vegetation' (cell status: Good).
2026-07-18 13:40:43,397 - CitySense.environment.environmental_summary - DEBUG - Used fallback summary template for cell 'r36_c8'.
2026-07-18 13:40:43,398 - CitySense.environment.environmental_summary - DEBUG - Used fallback summary template for cell 'r36_c9'.
2026-07-18 13:40:43,402 - CitySense.environment.environmental_summary - DEBUG - Used fallback tier 'Moderate' for condition 'Low Vegetation' (cell status: Good).
2026-07-18 13:40:43,403 - CitySense.environment.environmental_summary - DEBUG - Used fallback tier 'Moderate' for condition 'Low Vegetation' (cell status: Good).
2026-07-18 13:40:43,404 - CitySense.environment.environmental_summary - DEBUG - Used fallback tier 'Moderate' for condition 'Low Vegetation' (cell status: Good).
2026-07-18 13:40:43,405 - CitySense.environment.environmental_summary - DEBUG - Used fallback tier 'Moderate' for condition 'Low Vegetation' (cell status: Excellent).
2026-07-18 13:40:43,406 - CitySense.environment.environmental_summary - DEBUG - Used fallback tier 'Moderate' for condition 'Low Vegetation' (cell status: Good).
2026-07-18 13:40:43,411 - CitySense.environment.environmental_summary - DEBUG - Used fallback summary template for cell 'r37_c0'.
2026-07-18 13:40:43,412 - CitySense.environment.environmental_summary - DEBUG - Used fallback summary template for cell 'r37_c1'.
2026-07-18 13:40:43,415 - CitySense.environment.environmental_summary - DEBUG - Used fallback tier 'Moderate' for condition 'Low Vegetation' (cell status: Good).
2026-07-18 13:40:43,416 - CitySense.environment.environmental_summary - DEBUG - Used fallback tier 'Moderate' for condition 'Low Vegetation' (cell status: Good).
2026-07-18 13:40:43,417 - CitySense.environment.environmental_summary - DEBUG - Used fallback tier 'Moderate' for condition 'Low Vegetation' (cell status: Good).
2026-07-18 13:40:43,419 - CitySense.environment.environmental_summary - DEBUG - Used fallback tier 'Moderate' for condition 'Low Vegetation' (cell status: Excellent).
2026-07-18 13:40:43,420 - CitySense.environment.environmental_summary - DEBUG - Used fallback tier 'Moderate' for condition 'Low Vegetation' (cell status: Good).
2026-07-18 13:40:43,427 - CitySense.environment.environmental_summary - DEBUG - Used fallback tier 'Moderate' for condition 'Low Vegetation' (cell status: Good).
2026-07-18 13:40:43,428 - CitySense.environment.environmental_summary - DEBUG - Used fallback tier 'Moderate' for condition 'Low Vegetation' (cell status: Good).
2026-07-18 13:40:43,459 - CitySense.environment.generate_environmental_intelligence - INFO - Wrote environmental intelligence for 836 cells → D:\Clg\Major Project\CitySense\city_sense\data\environmental_intelligence.json
2026-07-18 13:40:43,460 - CitySense.environment.generate_environmental_intelligence - INFO - Completed in 1.02 seconds.
2026-07-18 13:40:43,460 - CitySense.environment.generate_environmental_intelligence - INFO - Environmental Status distribution:
2026-07-18 13:40:43,460 - CitySense.environment.generate_environmental_intelligence - INFO -   Excellent    :    5 cells  (0.6%)
2026-07-18 13:40:43,460 - CitySense.environment.generate_environmental_intelligence - INFO -   Good         :   96 cells  (11.5%)
2026-07-18 13:40:43,460 - CitySense.environment.generate_environmental_intelligence - INFO -   Moderate     :  483 cells  (57.8%)
2026-07-18 13:40:43,461 - CitySense.environment.generate_environmental_intelligence - INFO -   Poor         :  241 cells  (28.8%)
2026-07-18 13:40:43,461 - CitySense.environment.generate_environmental_intelligence - INFO -   Critical     :   11 cells  (1.3%)
2026-07-18 13:40:43,461 - CitySense.environment.generate_environmental_intelligence - INFO - Top primary environmental issues:
2026-07-18 13:40:43,461 - CitySense.environment.generate_environmental_intelligence - INFO -   Urban Heat Island              : 209 cells
2026-07-18 13:40:43,461 - CitySense.environment.generate_environmental_intelligence - INFO -   Low Vegetation                 : 187 cells
2026-07-18 13:40:43,461 - CitySense.environment.generate_environmental_intelligence - INFO -   High Built-up Density          : 31 cells
2026-07-18 13:40:43,461 - CitySense.environment.generate_environmental_intelligence - INFO -   Environmental Stress           : 23 cells
2026-07-18 13:40:43,461 - CitySense.environment.generate_environmental_intelligence - INFO -   Flood Susceptibility           : 19 cells
2026-07-18 13:40:43,461 - CitySense.environment.generate_environmental_intelligence - INFO - === Environmental Intelligence generation complete! ===
2026-07-18 13:40:49,059 - CitySense.planning.generate_planning_profiles - INFO - === City Sense – Phase 3: Generate Planning Profiles ===
2026-07-18 13:40:49,064 - CitySense.planning.generate_planning_profiles - INFO - Master dataset            : D:\Clg\Major Project\CitySense\city_sense\data\cells_master.geojson
2026-07-18 13:40:49,064 - CitySense.planning.generate_planning_profiles - INFO - Environmental intelligence: D:\Clg\Major Project\CitySense\city_sense\data\environmental_intelligence.json
2026-07-18 13:40:49,064 - CitySense.planning.generate_planning_profiles - INFO - Output path               : D:\Clg\Major Project\CitySense\city_sense\data\planning_profiles.json
2026-07-18 13:40:49,065 - CitySense.planning.generate_planning_profiles - INFO - Loading master dataset …
2026-07-18 13:40:49,158 - CitySense.planning.generate_planning_profiles - INFO - Loaded 836 cells.
2026-07-18 13:40:49,177 - CitySense.planning.generate_planning_profiles - WARNING - Geographic metadata not found at 'D:\Clg\Major Project\CitySense\city_sense\data\geo\geographic_metadata.json' — proceeding without it.
2026-07-18 13:40:49,189 - CitySense.planning.generate_planning_profiles - INFO - Inputs: env_intel=836  geo_meta=0  explanations=836
2026-07-18 13:40:49,190 - CitySense.planning.decision_engine - INFO - Decision engine: processing 836 cells …
2026-07-18 13:40:49,190 - CitySense.planning.decision_engine - DEBUG - City-wide max |SHAP| = 36.3469
2026-07-18 13:40:49,190 - CitySense.planning.priority_engine - DEBUG - Priority batch: 836 cells | max_population=1
2026-07-18 13:40:49,226 - CitySense.planning.priority_engine - DEBUG - Priority distribution: {'Medium': 439, 'Low': 369, 'High': 28}
2026-07-18 13:40:49,261 - CitySense.planning.knowledge_base - DEBUG - Intervention catalog loaded from D:\Clg\Major Project\CitySense\city_sense\planning\intervention_catalog.yaml
2026-07-18 13:40:49,261 - CitySense.planning.knowledge_base - DEBUG - No condition match; using default intervention.
2026-07-18 13:40:49,262 - CitySense.planning.knowledge_base - DEBUG - No condition match; using default intervention.
2026-07-18 13:40:49,262 - CitySense.planning.knowledge_base - DEBUG - No condition match; using default intervention.
2026-07-18 13:40:49,262 - CitySense.planning.knowledge_base - DEBUG - No condition match; using default intervention.
2026-07-18 13:40:49,262 - CitySense.planning.knowledge_base - DEBUG - No condition match; using default intervention.
2026-07-18 13:40:49,262 - CitySense.planning.knowledge_base - DEBUG - No condition match; using default intervention.
2026-07-18 13:40:49,263 - CitySense.planning.knowledge_base - DEBUG - No condition match; using default intervention.
2026-07-18 13:40:49,263 - CitySense.planning.knowledge_base - DEBUG - No condition match; using default intervention.
2026-07-18 13:40:49,263 - CitySense.planning.knowledge_base - DEBUG - No condition match; using default intervention.
2026-07-18 13:40:49,263 - CitySense.planning.knowledge_base - DEBUG - No condition match; using default intervention.
2026-07-18 13:40:49,263 - CitySense.planning.knowledge_base - DEBUG - No condition match; using default intervention.
2026-07-18 13:40:49,263 - CitySense.planning.knowledge_base - DEBUG - No condition match; using default intervention.
2026-07-18 13:40:49,263 - CitySense.planning.knowledge_base - DEBUG - No condition match; using default intervention.
2026-07-18 13:40:49,263 - CitySense.planning.knowledge_base - DEBUG - No condition match; using default intervention.
2026-07-18 13:40:49,263 - CitySense.planning.knowledge_base - DEBUG - Single-condition match: 'Low Vegetation'
2026-07-18 13:40:49,263 - CitySense.planning.knowledge_base - DEBUG - Multi-condition override matched (2 conditions): Integrated Drainage and Green Infrastructure
2026-07-18 13:40:49,264 - CitySense.planning.knowledge_base - DEBUG - Single-condition match: 'Low Vegetation'
2026-07-18 13:40:49,264 - CitySense.planning.knowledge_base - DEBUG - Single-condition match: 'Low Vegetation'
2026-07-18 13:40:49,264 - CitySense.planning.knowledge_base - DEBUG - Single-condition match: 'High Built-up Density'
2026-07-18 13:40:49,264 - CitySense.planning.knowledge_base - DEBUG - Multi-condition override matched (2 conditions): Cool Roof Program
2026-07-18 13:40:49,264 - CitySense.planning.knowledge_base - DEBUG - Multi-condition override matched (2 conditions): Cool Roof Program
2026-07-18 13:40:49,264 - CitySense.planning.knowledge_base - DEBUG - Multi-condition override matched (2 conditions): Cool Roof Program
2026-07-18 13:40:49,264 - CitySense.planning.knowledge_base - DEBUG - No condition match; using default intervention.
2026-07-18 13:40:49,264 - CitySense.planning.knowledge_base - DEBUG - No condition match; using default intervention.
2026-07-18 13:40:49,264 - CitySense.planning.knowledge_base - DEBUG - No condition match; using default intervention.
2026-07-18 13:40:49,265 - CitySense.planning.knowledge_base - DEBUG - No condition match; using default intervention.
2026-07-18 13:40:49,265 - CitySense.planning.knowledge_base - DEBUG - No condition match; using default intervention.
2026-07-18 13:40:49,265 - CitySense.planning.knowledge_base - DEBUG - No condition match; using default intervention.
2026-07-18 13:40:49,265 - CitySense.planning.knowledge_base - DEBUG - No condition match; using default intervention.
2026-07-18 13:40:49,265 - CitySense.planning.knowledge_base - DEBUG - No condition match; using default intervention.
2026-07-18 13:40:49,265 - CitySense.planning.knowledge_base - DEBUG - No condition match; using default intervention.
2026-07-18 13:40:49,265 - CitySense.planning.knowledge_base - DEBUG - No condition match; using default intervention.
2026-07-18 13:40:49,265 - CitySense.planning.knowledge_base - DEBUG - No condition match; using default intervention.
2026-07-18 13:40:49,265 - CitySense.planning.knowledge_base - DEBUG - No condition match; using default intervention.
2026-07-18 13:40:49,265 - CitySense.planning.knowledge_base - DEBUG - No condition match; using default intervention.
2026-07-18 13:40:49,265 - CitySense.planning.knowledge_base - DEBUG - No condition match; using default intervention.
2026-07-18 13:40:49,266 - CitySense.planning.knowledge_base - DEBUG - No condition match; using default intervention.
2026-07-18 13:40:49,266 - CitySense.planning.knowledge_base - DEBUG - Multi-condition override matched (2 conditions): Integrated Drainage and Green Infrastructure
2026-07-18 13:40:49,266 - CitySense.planning.knowledge_base - DEBUG - No condition match; using default intervention.
2026-07-18 13:40:49,266 - CitySense.planning.knowledge_base - DEBUG - No condition match; using default intervention.
2026-07-18 13:40:49,266 - CitySense.planning.knowledge_base - DEBUG - Single-condition match: 'Low Vegetation'
2026-07-18 13:40:49,266 - CitySense.planning.knowledge_base - DEBUG - No condition match; using default intervention.
2026-07-18 13:40:49,267 - CitySense.planning.knowledge_base - DEBUG - Multi-condition override matched (2 conditions): Cool Roof Program
2026-07-18 13:40:49,267 - CitySense.planning.knowledge_base - DEBUG - Multi-condition override matched (2 conditions): Cool Roof Program
2026-07-18 13:40:49,267 - CitySense.planning.knowledge_base - DEBUG - No condition match; using default intervention.
2026-07-18 13:40:49,267 - CitySense.planning.knowledge_base - DEBUG - No condition match; using default intervention.
2026-07-18 13:40:49,267 - CitySense.planning.knowledge_base - DEBUG - No condition match; using default intervention.
2026-07-18 13:40:49,267 - CitySense.planning.knowledge_base - DEBUG - No condition match; using default intervention.
2026-07-18 13:40:49,267 - CitySense.planning.knowledge_base - DEBUG - No condition match; using default intervention.
2026-07-18 13:40:49,267 - CitySense.planning.knowledge_base - DEBUG - Single-condition match: 'High Built-up Density'
2026-07-18 13:40:49,267 - CitySense.planning.knowledge_base - DEBUG - No condition match; using default intervention.
2026-07-18 13:40:49,268 - CitySense.planning.knowledge_base - DEBUG - No condition match; using default intervention.
2026-07-18 13:40:49,268 - CitySense.planning.knowledge_base - DEBUG - No condition match; using default intervention.
2026-07-18 13:40:49,268 - CitySense.planning.knowledge_base - DEBUG - No condition match; using default intervention.
2026-07-18 13:40:49,268 - CitySense.planning.knowledge_base - DEBUG - No condition match; using default intervention.
2026-07-18 13:40:49,268 - CitySense.planning.knowledge_base - DEBUG - No condition match; using default intervention.
2026-07-18 13:40:49,268 - CitySense.planning.knowledge_base - DEBUG - No condition match; using default intervention.
2026-07-18 13:40:49,268 - CitySense.planning.knowledge_base - DEBUG - No condition match; using default intervention.
2026-07-18 13:40:49,268 - CitySense.planning.knowledge_base - DEBUG - No condition match; using default intervention.
2026-07-18 13:40:49,269 - CitySense.planning.knowledge_base - DEBUG - No condition match; using default intervention.
2026-07-18 13:40:49,269 - CitySense.planning.knowledge_base - DEBUG - No condition match; using default intervention.
2026-07-18 13:40:49,269 - CitySense.planning.knowledge_base - DEBUG - No condition match; using default intervention.
2026-07-18 13:40:49,269 - CitySense.planning.knowledge_base - DEBUG - No condition match; using default intervention.
2026-07-18 13:40:49,269 - CitySense.planning.knowledge_base - DEBUG - Single-condition match: 'Low Vegetation'
2026-07-18 13:40:49,269 - CitySense.planning.knowledge_base - DEBUG - Multi-condition override matched (2 conditions): Cool Roof Program
2026-07-18 13:40:49,269 - CitySense.planning.knowledge_base - DEBUG - Multi-condition override matched (2 conditions): Cool Roof Program
2026-07-18 13:40:49,270 - CitySense.planning.knowledge_base - DEBUG - No condition match; using default intervention.
2026-07-18 13:40:49,270 - CitySense.planning.knowledge_base - DEBUG - No condition match; using default intervention.
2026-07-18 13:40:49,270 - CitySense.planning.knowledge_base - DEBUG - No condition match; using default intervention.
2026-07-18 13:40:49,270 - CitySense.planning.knowledge_base - DEBUG - No condition match; using default intervention.
2026-07-18 13:40:49,270 - CitySense.planning.knowledge_base - DEBUG - No condition match; using default intervention.
2026-07-18 13:40:49,270 - CitySense.planning.knowledge_base - DEBUG - No condition match; using default intervention.
2026-07-18 13:40:49,270 - CitySense.planning.knowledge_base - DEBUG - Single-condition match: 'High Built-up Density'
2026-07-18 13:40:49,270 - CitySense.planning.knowledge_base - DEBUG - No condition match; using default intervention.
2026-07-18 13:40:49,270 - CitySense.planning.knowledge_base - DEBUG - No condition match; using default intervention.
2026-07-18 13:40:49,270 - CitySense.planning.knowledge_base - DEBUG - No condition match; using default intervention.
2026-07-18 13:40:49,271 - CitySense.planning.knowledge_base - DEBUG - No condition match; using default intervention.
2026-07-18 13:40:49,271 - CitySense.planning.knowledge_base - DEBUG - No condition match; using default intervention.
2026-07-18 13:40:49,271 - CitySense.planning.knowledge_base - DEBUG - No condition match; using default intervention.
2026-07-18 13:40:49,271 - CitySense.planning.knowledge_base - DEBUG - No condition match; using default intervention.
2026-07-18 13:40:49,271 - CitySense.planning.knowledge_base - DEBUG - No condition match; using default intervention.
2026-07-18 13:40:49,271 - CitySense.planning.knowledge_base - DEBUG - No condition match; using default intervention.
2026-07-18 13:40:49,271 - CitySense.planning.knowledge_base - DEBUG - No condition match; using default intervention.
2026-07-18 13:40:49,271 - CitySense.planning.knowledge_base - DEBUG - No condition match; using default intervention.
2026-07-18 13:40:49,271 - CitySense.planning.knowledge_base - DEBUG - No condition match; using default intervention.
2026-07-18 13:40:49,271 - CitySense.planning.knowledge_base - DEBUG - Multi-condition override matched (2 conditions): Cool Roof Program
2026-07-18 13:40:49,272 - CitySense.planning.knowledge_base - DEBUG - Multi-condition override matched (2 conditions): Cool Roof Program
2026-07-18 13:40:49,272 - CitySense.planning.knowledge_base - DEBUG - Single-condition match: 'Low Vegetation'
2026-07-18 13:40:49,272 - CitySense.planning.knowledge_base - DEBUG - No condition match; using default intervention.
2026-07-18 13:40:49,272 - CitySense.planning.knowledge_base - DEBUG - No condition match; using default intervention.
2026-07-18 13:40:49,272 - CitySense.planning.knowledge_base - DEBUG - No condition match; using default intervention.
2026-07-18 13:40:49,272 - CitySense.planning.knowledge_base - DEBUG - No condition match; using default intervention.
2026-07-18 13:40:49,272 - CitySense.planning.knowledge_base - DEBUG - No condition match; using default intervention.
2026-07-18 13:40:49,272 - CitySense.planning.knowledge_base - DEBUG - Single-condition match: 'High Built-up Density'
2026-07-18 13:40:49,272 - CitySense.planning.knowledge_base - DEBUG - Multi-condition override matched (2 conditions): Cool Roof Program
2026-07-18 13:40:49,272 - CitySense.planning.knowledge_base - DEBUG - No condition match; using default intervention.
2026-07-18 13:40:49,272 - CitySense.planning.knowledge_base - DEBUG - No condition match; using default intervention.
2026-07-18 13:40:49,273 - CitySense.planning.knowledge_base - DEBUG - No condition match; using default intervention.
2026-07-18 13:40:49,273 - CitySense.planning.knowledge_base - DEBUG - No condition match; using default intervention.
2026-07-18 13:40:49,273 - CitySense.planning.knowledge_base - DEBUG - No condition match; using default intervention.
2026-07-18 13:40:49,273 - CitySense.planning.knowledge_base - DEBUG - No condition match; using default intervention.
2026-07-18 13:40:49,273 - CitySense.planning.knowledge_base - DEBUG - No condition match; using default intervention.
2026-07-18 13:40:49,273 - CitySense.planning.knowledge_base - DEBUG - No condition match; using default intervention.
2026-07-18 13:40:49,273 - CitySense.planning.knowledge_base - DEBUG - No condition match; using default intervention.
2026-07-18 13:40:49,273 - CitySense.planning.knowledge_base - DEBUG - Single-condition match: 'High Built-up Density'
2026-07-18 13:40:49,273 - CitySense.planning.knowledge_base - DEBUG - Single-condition match: 'Environmental Stress'
2026-07-18 13:40:49,273 - CitySense.planning.knowledge_base - DEBUG - Single-condition match: 'High Built-up Density'
2026-07-18 13:40:49,273 - CitySense.planning.knowledge_base - DEBUG - No condition match; using default intervention.
2026-07-18 13:40:49,274 - CitySense.planning.knowledge_base - DEBUG - Single-condition match: 'Low Vegetation'
2026-07-18 13:40:49,274 - CitySense.planning.knowledge_base - DEBUG - Single-condition match: 'Low Vegetation'
2026-07-18 13:40:49,274 - CitySense.planning.knowledge_base - DEBUG - No condition match; using default intervention.
2026-07-18 13:40:49,274 - CitySense.planning.knowledge_base - DEBUG - No condition match; using default intervention.
2026-07-18 13:40:49,274 - CitySense.planning.knowledge_base - DEBUG - No condition match; using default intervention.
2026-07-18 13:40:49,274 - CitySense.planning.knowledge_base - DEBUG - No condition match; using default intervention.
2026-07-18 13:40:49,274 - CitySense.planning.knowledge_base - DEBUG - No condition match; using default intervention.
2026-07-18 13:40:49,274 - CitySense.planning.knowledge_base - DEBUG - Single-condition match: 'High Built-up Density'
2026-07-18 13:40:49,274 - CitySense.planning.knowledge_base - DEBUG - Multi-condition override matched (2 conditions): Cool Roof Program
2026-07-18 13:40:49,274 - CitySense.planning.knowledge_base - DEBUG - Single-condition match: 'Environmental Stress'
2026-07-18 13:40:49,274 - CitySense.planning.knowledge_base - DEBUG - No condition match; using default intervention.
2026-07-18 13:40:49,275 - CitySense.planning.knowledge_base - DEBUG - No condition match; using default intervention.
2026-07-18 13:40:49,275 - CitySense.planning.knowledge_base - DEBUG - No condition match; using default intervention.
2026-07-18 13:40:49,275 - CitySense.planning.knowledge_base - DEBUG - No condition match; using default intervention.
2026-07-18 13:40:49,275 - CitySense.planning.knowledge_base - DEBUG - No condition match; using default intervention.
2026-07-18 13:40:49,275 - CitySense.planning.knowledge_base - DEBUG - No condition match; using default intervention.
2026-07-18 13:40:49,275 - CitySense.planning.knowledge_base - DEBUG - No condition match; using default intervention.
2026-07-18 13:40:49,275 - CitySense.planning.knowledge_base - DEBUG - No condition match; using default intervention.
2026-07-18 13:40:49,275 - CitySense.planning.knowledge_base - DEBUG - No condition match; using default intervention.
2026-07-18 13:40:49,275 - CitySense.planning.knowledge_base - DEBUG - Multi-condition override matched (2 conditions): Cool Roof Program
2026-07-18 13:40:49,275 - CitySense.planning.knowledge_base - DEBUG - Multi-condition override matched (2 conditions): Cool Roof Program
2026-07-18 13:40:49,276 - CitySense.planning.knowledge_base - DEBUG - Single-condition match: 'Low Vegetation'
2026-07-18 13:40:49,276 - CitySense.planning.knowledge_base - DEBUG - No condition match; using default intervention.
2026-07-18 13:40:49,276 - CitySense.planning.knowledge_base - DEBUG - No condition match; using default intervention.
2026-07-18 13:40:49,276 - CitySense.planning.knowledge_base - DEBUG - No condition match; using default intervention.
2026-07-18 13:40:49,276 - CitySense.planning.knowledge_base - DEBUG - No condition match; using default intervention.
2026-07-18 13:40:49,277 - CitySense.planning.knowledge_base - DEBUG - No condition match; using default intervention.
2026-07-18 13:40:49,277 - CitySense.planning.knowledge_base - DEBUG - Single-condition match: 'Flood Susceptibility'
2026-07-18 13:40:49,277 - CitySense.planning.knowledge_base - DEBUG - Single-condition match: 'High Built-up Density'
2026-07-18 13:40:49,277 - CitySense.planning.knowledge_base - DEBUG - Multi-condition override matched (2 conditions): Cool Roof Program
2026-07-18 13:40:49,277 - CitySense.planning.knowledge_base - DEBUG - Multi-condition override matched (2 conditions): Cool Roof Program
2026-07-18 13:40:49,277 - CitySense.planning.knowledge_base - DEBUG - Multi-condition override matched (2 conditions): Cool Roof Program
2026-07-18 13:40:49,277 - CitySense.planning.knowledge_base - DEBUG - No condition match; using default intervention.
2026-07-18 13:40:49,277 - CitySense.planning.knowledge_base - DEBUG - No condition match; using default intervention.
2026-07-18 13:40:49,277 - CitySense.planning.knowledge_base - DEBUG - No condition match; using default intervention.
2026-07-18 13:40:49,277 - CitySense.planning.knowledge_base - DEBUG - No condition match; using default intervention.
2026-07-18 13:40:49,278 - CitySense.planning.knowledge_base - DEBUG - No condition match; using default intervention.
2026-07-18 13:40:49,278 - CitySense.planning.knowledge_base - DEBUG - No condition match; using default intervention.
2026-07-18 13:40:49,278 - CitySense.planning.knowledge_base - DEBUG - No condition match; using default intervention.
2026-07-18 13:40:49,278 - CitySense.planning.knowledge_base - DEBUG - No condition match; using default intervention.
2026-07-18 13:40:49,278 - CitySense.planning.knowledge_base - DEBUG - No condition match; using default intervention.
2026-07-18 13:40:49,278 - CitySense.planning.knowledge_base - DEBUG - No condition match; using default intervention.
2026-07-18 13:40:49,278 - CitySense.planning.knowledge_base - DEBUG - Multi-condition override matched (2 conditions): Cool Roof Program
2026-07-18 13:40:49,278 - CitySense.planning.knowledge_base - DEBUG - No condition match; using default intervention.
2026-07-18 13:40:49,278 - CitySense.planning.knowledge_base - DEBUG - Single-condition match: 'Low Vegetation'
2026-07-18 13:40:49,278 - CitySense.planning.knowledge_base - DEBUG - Single-condition match: 'Low Vegetation'
2026-07-18 13:40:49,278 - CitySense.planning.knowledge_base - DEBUG - No condition match; using default intervention.
2026-07-18 13:40:49,279 - CitySense.planning.knowledge_base - DEBUG - No condition match; using default intervention.
2026-07-18 13:40:49,279 - CitySense.planning.knowledge_base - DEBUG - No condition match; using default intervention.
2026-07-18 13:40:49,279 - CitySense.planning.knowledge_base - DEBUG - Multi-condition override matched (2 conditions): Integrated Drainage and Green Infrastructure
2026-07-18 13:40:49,279 - CitySense.planning.knowledge_base - DEBUG - Single-condition match: 'High Built-up Density'
2026-07-18 13:40:49,279 - CitySense.planning.knowledge_base - DEBUG - Multi-condition override matched (2 conditions): Cool Roof Program
2026-07-18 13:40:49,279 - CitySense.planning.knowledge_base - DEBUG - Multi-condition override matched (2 conditions): Cool Roof Program
2026-07-18 13:40:49,279 - CitySense.planning.knowledge_base - DEBUG - Multi-condition override matched (2 conditions): Cool Roof Program
2026-07-18 13:40:49,279 - CitySense.planning.knowledge_base - DEBUG - No condition match; using default intervention.
2026-07-18 13:40:49,279 - CitySense.planning.knowledge_base - DEBUG - No condition match; using default intervention.
2026-07-18 13:40:49,279 - CitySense.planning.knowledge_base - DEBUG - No condition match; using default intervention.
2026-07-18 13:40:49,280 - CitySense.planning.knowledge_base - DEBUG - No condition match; using default intervention.
2026-07-18 13:40:49,280 - CitySense.planning.knowledge_base - DEBUG - No condition match; using default intervention.
2026-07-18 13:40:49,280 - CitySense.planning.knowledge_base - DEBUG - No condition match; using default intervention.
2026-07-18 13:40:49,280 - CitySense.planning.knowledge_base - DEBUG - No condition match; using default intervention.
2026-07-18 13:40:49,280 - CitySense.planning.knowledge_base - DEBUG - No condition match; using default intervention.
2026-07-18 13:40:49,280 - CitySense.planning.knowledge_base - DEBUG - Single-condition match: 'Low Vegetation'
2026-07-18 13:40:49,280 - CitySense.planning.knowledge_base - DEBUG - No condition match; using default intervention.
2026-07-18 13:40:49,280 - CitySense.planning.knowledge_base - DEBUG - No condition match; using default intervention.
2026-07-18 13:40:49,280 - CitySense.planning.knowledge_base - DEBUG - No condition match; using default intervention.
2026-07-18 13:40:49,280 - CitySense.planning.knowledge_base - DEBUG - No condition match; using default intervention.
2026-07-18 13:40:49,280 - CitySense.planning.knowledge_base - DEBUG - Single-condition match: 'Low Vegetation'
2026-07-18 13:40:49,281 - CitySense.planning.knowledge_base - DEBUG - No condition match; using default intervention.
2026-07-18 13:40:49,281 - CitySense.planning.knowledge_base - DEBUG - No condition match; using default intervention.
2026-07-18 13:40:49,281 - CitySense.planning.knowledge_base - DEBUG - No condition match; using default intervention.
2026-07-18 13:40:49,281 - CitySense.planning.knowledge_base - DEBUG - No condition match; using default intervention.
2026-07-18 13:40:49,281 - CitySense.planning.knowledge_base - DEBUG - Single-condition match: 'Low Vegetation'
2026-07-18 13:40:49,281 - CitySense.planning.knowledge_base - DEBUG - Multi-condition override matched (2 conditions): Cool Roof Program
2026-07-18 13:40:49,281 - CitySense.planning.knowledge_base - DEBUG - Multi-condition override matched (2 conditions): Cool Roof Program
2026-07-18 13:40:49,281 - CitySense.planning.knowledge_base - DEBUG - Multi-condition override matched (2 conditions): Cool Roof Program
2026-07-18 13:40:49,282 - CitySense.planning.knowledge_base - DEBUG - No condition match; using default intervention.
2026-07-18 13:40:49,282 - CitySense.planning.knowledge_base - DEBUG - No condition match; using default intervention.
2026-07-18 13:40:49,282 - CitySense.planning.knowledge_base - DEBUG - No condition match; using default intervention.
2026-07-18 13:40:49,282 - CitySense.planning.knowledge_base - DEBUG - No condition match; using default intervention.
2026-07-18 13:40:49,282 - CitySense.planning.knowledge_base - DEBUG - No condition match; using default intervention.
2026-07-18 13:40:49,282 - CitySense.planning.knowledge_base - DEBUG - No condition match; using default intervention.
2026-07-18 13:40:49,283 - CitySense.planning.knowledge_base - DEBUG - No condition match; using default intervention.
2026-07-18 13:40:49,283 - CitySense.planning.knowledge_base - DEBUG - No condition match; using default intervention.
2026-07-18 13:40:49,283 - CitySense.planning.knowledge_base - DEBUG - No condition match; using default intervention.
2026-07-18 13:40:49,283 - CitySense.planning.knowledge_base - DEBUG - No condition match; using default intervention.
2026-07-18 13:40:49,283 - CitySense.planning.knowledge_base - DEBUG - No condition match; using default intervention.
2026-07-18 13:40:49,283 - CitySense.planning.knowledge_base - DEBUG - No condition match; using default intervention.
2026-07-18 13:40:49,283 - CitySense.planning.knowledge_base - DEBUG - No condition match; using default intervention.
2026-07-18 13:40:49,283 - CitySense.planning.knowledge_base - DEBUG - No condition match; using default intervention.
2026-07-18 13:40:49,284 - CitySense.planning.knowledge_base - DEBUG - No condition match; using default intervention.
2026-07-18 13:40:49,284 - CitySense.planning.knowledge_base - DEBUG - No condition match; using default intervention.
2026-07-18 13:40:49,284 - CitySense.planning.knowledge_base - DEBUG - No condition match; using default intervention.
2026-07-18 13:40:49,284 - CitySense.planning.knowledge_base - DEBUG - No condition match; using default intervention.
2026-07-18 13:40:49,284 - CitySense.planning.knowledge_base - DEBUG - Single-condition match: 'High Built-up Density'
2026-07-18 13:40:49,284 - CitySense.planning.knowledge_base - DEBUG - Multi-condition override matched (2 conditions): Cool Roof Program
2026-07-18 13:40:49,284 - CitySense.planning.knowledge_base - DEBUG - Multi-condition override matched (2 conditions): Cool Roof Program
2026-07-18 13:40:49,284 - CitySense.planning.knowledge_base - DEBUG - Multi-condition override matched (2 conditions): Cool Roof Program
2026-07-18 13:40:49,284 - CitySense.planning.knowledge_base - DEBUG - Multi-condition override matched (2 conditions): Cool Roof Program
2026-07-18 13:40:49,284 - CitySense.planning.knowledge_base - DEBUG - No condition match; using default intervention.
2026-07-18 13:40:49,284 - CitySense.planning.knowledge_base - DEBUG - No condition match; using default intervention.
2026-07-18 13:40:49,285 - CitySense.planning.knowledge_base - DEBUG - No condition match; using default intervention.
2026-07-18 13:40:49,285 - CitySense.planning.knowledge_base - DEBUG - No condition match; using default intervention.
2026-07-18 13:40:49,285 - CitySense.planning.knowledge_base - DEBUG - No condition match; using default intervention.
2026-07-18 13:40:49,285 - CitySense.planning.knowledge_base - DEBUG - No condition match; using default intervention.
2026-07-18 13:40:49,285 - CitySense.planning.knowledge_base - DEBUG - No condition match; using default intervention.
2026-07-18 13:40:49,285 - CitySense.planning.knowledge_base - DEBUG - No condition match; using default intervention.
2026-07-18 13:40:49,285 - CitySense.planning.knowledge_base - DEBUG - No condition match; using default intervention.
2026-07-18 13:40:49,285 - CitySense.planning.knowledge_base - DEBUG - No condition match; using default intervention.
2026-07-18 13:40:49,285 - CitySense.planning.knowledge_base - DEBUG - No condition match; using default intervention.
2026-07-18 13:40:49,285 - CitySense.planning.knowledge_base - DEBUG - No condition match; using default intervention.
2026-07-18 13:40:49,286 - CitySense.planning.knowledge_base - DEBUG - No condition match; using default intervention.
2026-07-18 13:40:49,286 - CitySense.planning.knowledge_base - DEBUG - No condition match; using default intervention.
2026-07-18 13:40:49,286 - CitySense.planning.knowledge_base - DEBUG - No condition match; using default intervention.
2026-07-18 13:40:49,286 - CitySense.planning.knowledge_base - DEBUG - No condition match; using default intervention.
2026-07-18 13:40:49,286 - CitySense.planning.knowledge_base - DEBUG - No condition match; using default intervention.
2026-07-18 13:40:49,286 - CitySense.planning.knowledge_base - DEBUG - Single-condition match: 'High Built-up Density'
2026-07-18 13:40:49,286 - CitySense.planning.knowledge_base - DEBUG - Multi-condition override matched (2 conditions): Cool Roof Program
2026-07-18 13:40:49,286 - CitySense.planning.knowledge_base - DEBUG - Multi-condition override matched (2 conditions): Cool Roof Program
2026-07-18 13:40:49,286 - CitySense.planning.knowledge_base - DEBUG - Multi-condition override matched (2 conditions): Cool Roof Program
2026-07-18 13:40:49,286 - CitySense.planning.knowledge_base - DEBUG - Multi-condition override matched (2 conditions): Cool Roof Program
2026-07-18 13:40:49,286 - CitySense.planning.knowledge_base - DEBUG - No condition match; using default intervention.
2026-07-18 13:40:49,287 - CitySense.planning.knowledge_base - DEBUG - No condition match; using default intervention.
2026-07-18 13:40:49,287 - CitySense.planning.knowledge_base - DEBUG - No condition match; using default intervention.
2026-07-18 13:40:49,287 - CitySense.planning.knowledge_base - DEBUG - No condition match; using default intervention.
2026-07-18 13:40:49,287 - CitySense.planning.knowledge_base - DEBUG - No condition match; using default intervention.
2026-07-18 13:40:49,287 - CitySense.planning.knowledge_base - DEBUG - No condition match; using default intervention.
2026-07-18 13:40:49,287 - CitySense.planning.knowledge_base - DEBUG - No condition match; using default intervention.
2026-07-18 13:40:49,287 - CitySense.planning.knowledge_base - DEBUG - No condition match; using default intervention.
2026-07-18 13:40:49,287 - CitySense.planning.knowledge_base - DEBUG - No condition match; using default intervention.
2026-07-18 13:40:49,287 - CitySense.planning.knowledge_base - DEBUG - No condition match; using default intervention.
2026-07-18 13:40:49,287 - CitySense.planning.knowledge_base - DEBUG - No condition match; using default intervention.
2026-07-18 13:40:49,287 - CitySense.planning.knowledge_base - DEBUG - No condition match; using default intervention.
2026-07-18 13:40:49,288 - CitySense.planning.knowledge_base - DEBUG - No condition match; using default intervention.
2026-07-18 13:40:49,288 - CitySense.planning.knowledge_base - DEBUG - No condition match; using default intervention.
2026-07-18 13:40:49,288 - CitySense.planning.knowledge_base - DEBUG - No condition match; using default intervention.
2026-07-18 13:40:49,288 - CitySense.planning.knowledge_base - DEBUG - No condition match; using default intervention.
2026-07-18 13:40:49,288 - CitySense.planning.knowledge_base - DEBUG - No condition match; using default intervention.
2026-07-18 13:40:49,288 - CitySense.planning.knowledge_base - DEBUG - Single-condition match: 'Environmental Stress'
2026-07-18 13:40:49,288 - CitySense.planning.knowledge_base - DEBUG - Multi-condition override matched (2 conditions): Cool Roof Program
2026-07-18 13:40:49,288 - CitySense.planning.knowledge_base - DEBUG - Multi-condition override matched (2 conditions): Cool Roof Program
2026-07-18 13:40:49,288 - CitySense.planning.knowledge_base - DEBUG - Single-condition match: 'High Built-up Density'
2026-07-18 13:40:49,288 - CitySense.planning.knowledge_base - DEBUG - Multi-condition override matched (2 conditions): Cool Roof Program
2026-07-18 13:40:49,289 - CitySense.planning.knowledge_base - DEBUG - No condition match; using default intervention.
2026-07-18 13:40:49,289 - CitySense.planning.knowledge_base - DEBUG - No condition match; using default intervention.
2026-07-18 13:40:49,289 - CitySense.planning.knowledge_base - DEBUG - No condition match; using default intervention.
2026-07-18 13:40:49,289 - CitySense.planning.knowledge_base - DEBUG - Multi-condition override matched (2 conditions): Cool Roof Program
2026-07-18 13:40:49,289 - CitySense.planning.knowledge_base - DEBUG - Multi-condition override matched (2 conditions): Cool Roof Program
2026-07-18 13:40:49,289 - CitySense.planning.knowledge_base - DEBUG - Single-condition match: 'Flood Susceptibility'
2026-07-18 13:40:49,289 - CitySense.planning.knowledge_base - DEBUG - No condition match; using default intervention.
2026-07-18 13:40:49,290 - CitySense.planning.knowledge_base - DEBUG - No condition match; using default intervention.
2026-07-18 13:40:49,290 - CitySense.planning.knowledge_base - DEBUG - No condition match; using default intervention.
2026-07-18 13:40:49,290 - CitySense.planning.knowledge_base - DEBUG - No condition match; using default intervention.
2026-07-18 13:40:49,290 - CitySense.planning.knowledge_base - DEBUG - No condition match; using default intervention.
2026-07-18 13:40:49,290 - CitySense.planning.knowledge_base - DEBUG - No condition match; using default intervention.
2026-07-18 13:40:49,290 - CitySense.planning.knowledge_base - DEBUG - No condition match; using default intervention.
2026-07-18 13:40:49,290 - CitySense.planning.knowledge_base - DEBUG - No condition match; using default intervention.
2026-07-18 13:40:49,290 - CitySense.planning.knowledge_base - DEBUG - No condition match; using default intervention.
2026-07-18 13:40:49,291 - CitySense.planning.knowledge_base - DEBUG - No condition match; using default intervention.
2026-07-18 13:40:49,291 - CitySense.planning.knowledge_base - DEBUG - No condition match; using default intervention.
2026-07-18 13:40:49,291 - CitySense.planning.knowledge_base - DEBUG - No condition match; using default intervention.
2026-07-18 13:40:49,291 - CitySense.planning.knowledge_base - DEBUG - No condition match; using default intervention.
2026-07-18 13:40:49,291 - CitySense.planning.knowledge_base - DEBUG - Single-condition match: 'High Built-up Density'
2026-07-18 13:40:49,291 - CitySense.planning.knowledge_base - DEBUG - Multi-condition override matched (2 conditions): Cool Roof Program
2026-07-18 13:40:49,291 - CitySense.planning.knowledge_base - DEBUG - Single-condition match: 'Environmental Stress'
2026-07-18 13:40:49,291 - CitySense.planning.knowledge_base - DEBUG - Single-condition match: 'Urban Heat Island'
2026-07-18 13:40:49,291 - CitySense.planning.knowledge_base - DEBUG - No condition match; using default intervention.
2026-07-18 13:40:49,292 - CitySense.planning.knowledge_base - DEBUG - Single-condition match: 'Low Vegetation'
2026-07-18 13:40:49,292 - CitySense.planning.knowledge_base - DEBUG - Multi-condition override matched (2 conditions): Cool Roof Program
2026-07-18 13:40:49,292 - CitySense.planning.knowledge_base - DEBUG - Multi-condition override matched (2 conditions): Cool Roof Program
2026-07-18 13:40:49,292 - CitySense.planning.knowledge_base - DEBUG - Single-condition match: 'Flood Susceptibility'
2026-07-18 13:40:49,292 - CitySense.planning.knowledge_base - DEBUG - No condition match; using default intervention.
2026-07-18 13:40:49,292 - CitySense.planning.knowledge_base - DEBUG - No condition match; using default intervention.
2026-07-18 13:40:49,292 - CitySense.planning.knowledge_base - DEBUG - No condition match; using default intervention.
2026-07-18 13:40:49,292 - CitySense.planning.knowledge_base - DEBUG - No condition match; using default intervention.
2026-07-18 13:40:49,292 - CitySense.planning.knowledge_base - DEBUG - No condition match; using default intervention.
2026-07-18 13:40:49,292 - CitySense.planning.knowledge_base - DEBUG - No condition match; using default intervention.
2026-07-18 13:40:49,293 - CitySense.planning.knowledge_base - DEBUG - No condition match; using default intervention.
2026-07-18 13:40:49,293 - CitySense.planning.knowledge_base - DEBUG - No condition match; using default intervention.
2026-07-18 13:40:49,293 - CitySense.planning.knowledge_base - DEBUG - No condition match; using default intervention.
2026-07-18 13:40:49,293 - CitySense.planning.knowledge_base - DEBUG - No condition match; using default intervention.
2026-07-18 13:40:49,293 - CitySense.planning.knowledge_base - DEBUG - No condition match; using default intervention.
2026-07-18 13:40:49,293 - CitySense.planning.knowledge_base - DEBUG - No condition match; using default intervention.
2026-07-18 13:40:49,293 - CitySense.planning.knowledge_base - DEBUG - No condition match; using default intervention.
2026-07-18 13:40:49,293 - CitySense.planning.knowledge_base - DEBUG - No condition match; using default intervention.
2026-07-18 13:40:49,293 - CitySense.planning.knowledge_base - DEBUG - Single-condition match: 'High Built-up Density'
2026-07-18 13:40:49,293 - CitySense.planning.knowledge_base - DEBUG - No condition match; using default intervention.
2026-07-18 13:40:49,293 - CitySense.planning.knowledge_base - DEBUG - Single-condition match: 'Urban Heat Island'
2026-07-18 13:40:49,294 - CitySense.planning.knowledge_base - DEBUG - Single-condition match: 'Urban Heat Island'
2026-07-18 13:40:49,294 - CitySense.planning.knowledge_base - DEBUG - Multi-condition override matched (2 conditions): Urban Forest
2026-07-18 13:40:49,294 - CitySense.planning.knowledge_base - DEBUG - Multi-condition override matched (2 conditions): Cool Roof Program
2026-07-18 13:40:49,294 - CitySense.planning.knowledge_base - DEBUG - Multi-condition override matched (2 conditions): Cool Roof Program
2026-07-18 13:40:49,294 - CitySense.planning.knowledge_base - DEBUG - Single-condition match: 'Flood Susceptibility'
2026-07-18 13:40:49,294 - CitySense.planning.knowledge_base - DEBUG - Single-condition match: 'Low Vegetation'
2026-07-18 13:40:49,294 - CitySense.planning.knowledge_base - DEBUG - No condition match; using default intervention.
2026-07-18 13:40:49,294 - CitySense.planning.knowledge_base - DEBUG - Single-condition match: 'Low Vegetation'
2026-07-18 13:40:49,294 - CitySense.planning.knowledge_base - DEBUG - No condition match; using default intervention.
2026-07-18 13:40:49,294 - CitySense.planning.knowledge_base - DEBUG - No condition match; using default intervention.
2026-07-18 13:40:49,295 - CitySense.planning.knowledge_base - DEBUG - No condition match; using default intervention.
2026-07-18 13:40:49,295 - CitySense.planning.knowledge_base - DEBUG - No condition match; using default intervention.
2026-07-18 13:40:49,295 - CitySense.planning.knowledge_base - DEBUG - No condition match; using default intervention.
2026-07-18 13:40:49,295 - CitySense.planning.knowledge_base - DEBUG - No condition match; using default intervention.
2026-07-18 13:40:49,295 - CitySense.planning.knowledge_base - DEBUG - No condition match; using default intervention.
2026-07-18 13:40:49,295 - CitySense.planning.knowledge_base - DEBUG - No condition match; using default intervention.
2026-07-18 13:40:49,295 - CitySense.planning.knowledge_base - DEBUG - No condition match; using default intervention.
2026-07-18 13:40:49,295 - CitySense.planning.knowledge_base - DEBUG - No condition match; using default intervention.
2026-07-18 13:40:49,295 - CitySense.planning.knowledge_base - DEBUG - No condition match; using default intervention.
2026-07-18 13:40:49,295 - CitySense.planning.knowledge_base - DEBUG - Single-condition match: 'High Built-up Density'
2026-07-18 13:40:49,295 - CitySense.planning.knowledge_base - DEBUG - Multi-condition override matched (2 conditions): Cool Roof Program
2026-07-18 13:40:49,296 - CitySense.planning.knowledge_base - DEBUG - Single-condition match: 'Urban Heat Island'
2026-07-18 13:40:49,296 - CitySense.planning.knowledge_base - DEBUG - Multi-condition override matched (2 conditions): Cool Roof Program
2026-07-18 13:40:49,296 - CitySense.planning.knowledge_base - DEBUG - Single-condition match: 'Urban Heat Island'
2026-07-18 13:40:49,296 - CitySense.planning.knowledge_base - DEBUG - Multi-condition override matched (2 conditions): Urban Forest
2026-07-18 13:40:49,296 - CitySense.planning.knowledge_base - DEBUG - Multi-condition override matched (2 conditions): Urban Forest
2026-07-18 13:40:49,297 - CitySense.planning.knowledge_base - DEBUG - Single-condition match: 'Low Vegetation'
2026-07-18 13:40:49,297 - CitySense.planning.knowledge_base - DEBUG - Single-condition match: 'Low Vegetation'
2026-07-18 13:40:49,297 - CitySense.planning.knowledge_base - DEBUG - Single-condition match: 'Flood Susceptibility'
2026-07-18 13:40:49,297 - CitySense.planning.knowledge_base - DEBUG - Single-condition match: 'Flood Susceptibility'
2026-07-18 13:40:49,297 - CitySense.planning.knowledge_base - DEBUG - No condition match; using default intervention.
2026-07-18 13:40:49,297 - CitySense.planning.knowledge_base - DEBUG - No condition match; using default intervention.
2026-07-18 13:40:49,297 - CitySense.planning.knowledge_base - DEBUG - No condition match; using default intervention.
2026-07-18 13:40:49,297 - CitySense.planning.knowledge_base - DEBUG - No condition match; using default intervention.
2026-07-18 13:40:49,298 - CitySense.planning.knowledge_base - DEBUG - No condition match; using default intervention.
2026-07-18 13:40:49,298 - CitySense.planning.knowledge_base - DEBUG - No condition match; using default intervention.
2026-07-18 13:40:49,298 - CitySense.planning.knowledge_base - DEBUG - No condition match; using default intervention.
2026-07-18 13:40:49,298 - CitySense.planning.knowledge_base - DEBUG - No condition match; using default intervention.
2026-07-18 13:40:49,298 - CitySense.planning.knowledge_base - DEBUG - No condition match; using default intervention.
2026-07-18 13:40:49,298 - CitySense.planning.knowledge_base - DEBUG - No condition match; using default intervention.
2026-07-18 13:40:49,298 - CitySense.planning.knowledge_base - DEBUG - No condition match; using default intervention.
2026-07-18 13:40:49,298 - CitySense.planning.knowledge_base - DEBUG - Single-condition match: 'Environmental Stress'
2026-07-18 13:40:49,298 - CitySense.planning.knowledge_base - DEBUG - Multi-condition override matched (2 conditions): Cool Roof Program
2026-07-18 13:40:49,299 - CitySense.planning.knowledge_base - DEBUG - Single-condition match: 'Urban Heat Island'
2026-07-18 13:40:49,299 - CitySense.planning.knowledge_base - DEBUG - Multi-condition override matched (2 conditions): Cool Roof Program
2026-07-18 13:40:49,299 - CitySense.planning.knowledge_base - DEBUG - Single-condition match: 'Urban Heat Island'
2026-07-18 13:40:49,299 - CitySense.planning.knowledge_base - DEBUG - Single-condition match: 'Urban Heat Island'
2026-07-18 13:40:49,299 - CitySense.planning.knowledge_base - DEBUG - Single-condition match: 'Low Vegetation'
2026-07-18 13:40:49,299 - CitySense.planning.knowledge_base - DEBUG - Single-condition match: 'Urban Heat Island'
2026-07-18 13:40:49,299 - CitySense.planning.knowledge_base - DEBUG - Single-condition match: 'Urban Heat Island'
2026-07-18 13:40:49,299 - CitySense.planning.knowledge_base - DEBUG - Single-condition match: 'Low Vegetation'
2026-07-18 13:40:49,299 - CitySense.planning.knowledge_base - DEBUG - No condition match; using default intervention.
2026-07-18 13:40:49,299 - CitySense.planning.knowledge_base - DEBUG - No condition match; using default intervention.
2026-07-18 13:40:49,300 - CitySense.planning.knowledge_base - DEBUG - No condition match; using default intervention.
2026-07-18 13:40:49,300 - CitySense.planning.knowledge_base - DEBUG - No condition match; using default intervention.
2026-07-18 13:40:49,300 - CitySense.planning.knowledge_base - DEBUG - No condition match; using default intervention.
2026-07-18 13:40:49,300 - CitySense.planning.knowledge_base - DEBUG - No condition match; using default intervention.
2026-07-18 13:40:49,300 - CitySense.planning.knowledge_base - DEBUG - No condition match; using default intervention.
2026-07-18 13:40:49,300 - CitySense.planning.knowledge_base - DEBUG - No condition match; using default intervention.
2026-07-18 13:40:49,300 - CitySense.planning.knowledge_base - DEBUG - No condition match; using default intervention.
2026-07-18 13:40:49,300 - CitySense.planning.knowledge_base - DEBUG - No condition match; using default intervention.
2026-07-18 13:40:49,300 - CitySense.planning.knowledge_base - DEBUG - No condition match; using default intervention.
2026-07-18 13:40:49,300 - CitySense.planning.knowledge_base - DEBUG - Multi-condition override matched (2 conditions): Cool Roof Program
2026-07-18 13:40:49,301 - CitySense.planning.knowledge_base - DEBUG - Single-condition match: 'Environmental Stress'
2026-07-18 13:40:49,301 - CitySense.planning.knowledge_base - DEBUG - No condition match; using default intervention.
2026-07-18 13:40:49,301 - CitySense.planning.knowledge_base - DEBUG - Single-condition match: 'Environmental Stress'
2026-07-18 13:40:49,301 - CitySense.planning.knowledge_base - DEBUG - Single-condition match: 'Urban Heat Island'
2026-07-18 13:40:49,301 - CitySense.planning.knowledge_base - DEBUG - Single-condition match: 'Urban Heat Island'
2026-07-18 13:40:49,301 - CitySense.planning.knowledge_base - DEBUG - Single-condition match: 'Environmental Stress'
2026-07-18 13:40:49,301 - CitySense.planning.knowledge_base - DEBUG - Single-condition match: 'Urban Heat Island'
2026-07-18 13:40:49,301 - CitySense.planning.knowledge_base - DEBUG - Multi-condition override matched (2 conditions): Cool Roof Program
2026-07-18 13:40:49,301 - CitySense.planning.knowledge_base - DEBUG - Multi-condition override matched (2 conditions): Cool Roof Program
2026-07-18 13:40:49,301 - CitySense.planning.knowledge_base - DEBUG - Multi-condition override matched (2 conditions): Cool Roof Program
2026-07-18 13:40:49,301 - CitySense.planning.knowledge_base - DEBUG - No condition match; using default intervention.
2026-07-18 13:40:49,302 - CitySense.planning.knowledge_base - DEBUG - No condition match; using default intervention.
2026-07-18 13:40:49,302 - CitySense.planning.knowledge_base - DEBUG - No condition match; using default intervention.
2026-07-18 13:40:49,302 - CitySense.planning.knowledge_base - DEBUG - No condition match; using default intervention.
2026-07-18 13:40:49,302 - CitySense.planning.knowledge_base - DEBUG - No condition match; using default intervention.
2026-07-18 13:40:49,302 - CitySense.planning.knowledge_base - DEBUG - No condition match; using default intervention.
2026-07-18 13:40:49,302 - CitySense.planning.knowledge_base - DEBUG - No condition match; using default intervention.
2026-07-18 13:40:49,302 - CitySense.planning.knowledge_base - DEBUG - No condition match; using default intervention.
2026-07-18 13:40:49,302 - CitySense.planning.knowledge_base - DEBUG - No condition match; using default intervention.
2026-07-18 13:40:49,302 - CitySense.planning.knowledge_base - DEBUG - No condition match; using default intervention.
2026-07-18 13:40:49,302 - CitySense.planning.knowledge_base - DEBUG - No condition match; using default intervention.
2026-07-18 13:40:49,302 - CitySense.planning.knowledge_base - DEBUG - Single-condition match: 'High Built-up Density'
2026-07-18 13:40:49,303 - CitySense.planning.knowledge_base - DEBUG - Multi-condition override matched (2 conditions): Cool Roof Program
2026-07-18 13:40:49,303 - CitySense.planning.knowledge_base - DEBUG - Multi-condition override matched (2 conditions): Cool Roof Program
2026-07-18 13:40:49,303 - CitySense.planning.knowledge_base - DEBUG - Multi-condition override matched (2 conditions): Cool Roof Program
2026-07-18 13:40:49,303 - CitySense.planning.knowledge_base - DEBUG - Multi-condition override matched (2 conditions): Cool Roof Program
2026-07-18 13:40:49,303 - CitySense.planning.knowledge_base - DEBUG - Multi-condition override matched (2 conditions): Cool Roof Program
2026-07-18 13:40:49,303 - CitySense.planning.knowledge_base - DEBUG - Single-condition match: 'Urban Heat Island'
2026-07-18 13:40:49,303 - CitySense.planning.knowledge_base - DEBUG - Single-condition match: 'Urban Heat Island'
2026-07-18 13:40:49,303 - CitySense.planning.knowledge_base - DEBUG - Multi-condition override matched (2 conditions): Cool Roof Program
2026-07-18 13:40:49,303 - CitySense.planning.knowledge_base - DEBUG - Multi-condition override matched (2 conditions): Cool Roof Program
2026-07-18 13:40:49,304 - CitySense.planning.knowledge_base - DEBUG - Single-condition match: 'Urban Heat Island'
2026-07-18 13:40:49,304 - CitySense.planning.knowledge_base - DEBUG - No condition match; using default intervention.
2026-07-18 13:40:49,304 - CitySense.planning.knowledge_base - DEBUG - Single-condition match: 'Low Vegetation'
2026-07-18 13:40:49,304 - CitySense.planning.knowledge_base - DEBUG - No condition match; using default intervention.
2026-07-18 13:40:49,304 - CitySense.planning.knowledge_base - DEBUG - No condition match; using default intervention.
2026-07-18 13:40:49,304 - CitySense.planning.knowledge_base - DEBUG - No condition match; using default intervention.
2026-07-18 13:40:49,304 - CitySense.planning.knowledge_base - DEBUG - No condition match; using default intervention.
2026-07-18 13:40:49,304 - CitySense.planning.knowledge_base - DEBUG - No condition match; using default intervention.
2026-07-18 13:40:49,305 - CitySense.planning.knowledge_base - DEBUG - No condition match; using default intervention.
2026-07-18 13:40:49,305 - CitySense.planning.knowledge_base - DEBUG - No condition match; using default intervention.
2026-07-18 13:40:49,305 - CitySense.planning.knowledge_base - DEBUG - No condition match; using default intervention.
2026-07-18 13:40:49,305 - CitySense.planning.knowledge_base - DEBUG - Single-condition match: 'High Built-up Density'
2026-07-18 13:40:49,305 - CitySense.planning.knowledge_base - DEBUG - No condition match; using default intervention.
2026-07-18 13:40:49,305 - CitySense.planning.knowledge_base - DEBUG - Multi-condition override matched (2 conditions): Cool Roof Program
2026-07-18 13:40:49,305 - CitySense.planning.knowledge_base - DEBUG - Single-condition match: 'Urban Heat Island'
2026-07-18 13:40:49,305 - CitySense.planning.knowledge_base - DEBUG - Multi-condition override matched (2 conditions): Cool Roof Program
2026-07-18 13:40:49,305 - CitySense.planning.knowledge_base - DEBUG - Multi-condition override matched (2 conditions): Cool Roof Program
2026-07-18 13:40:49,305 - CitySense.planning.knowledge_base - DEBUG - Multi-condition override matched (2 conditions): Cool Roof Program
2026-07-18 13:40:49,306 - CitySense.planning.knowledge_base - DEBUG - Single-condition match: 'Urban Heat Island'
2026-07-18 13:40:49,306 - CitySense.planning.knowledge_base - DEBUG - No condition match; using default intervention.
2026-07-18 13:40:49,306 - CitySense.planning.knowledge_base - DEBUG - Multi-condition override matched (2 conditions): Cool Roof Program
2026-07-18 13:40:49,306 - CitySense.planning.knowledge_base - DEBUG - Single-condition match: 'Urban Heat Island'
2026-07-18 13:40:49,306 - CitySense.planning.knowledge_base - DEBUG - No condition match; using default intervention.
2026-07-18 13:40:49,306 - CitySense.planning.knowledge_base - DEBUG - Single-condition match: 'Low Vegetation'
2026-07-18 13:40:49,306 - CitySense.planning.knowledge_base - DEBUG - Single-condition match: 'Low Vegetation'
2026-07-18 13:40:49,306 - CitySense.planning.knowledge_base - DEBUG - No condition match; using default intervention.
2026-07-18 13:40:49,306 - CitySense.planning.knowledge_base - DEBUG - No condition match; using default intervention.
2026-07-18 13:40:49,306 - CitySense.planning.knowledge_base - DEBUG - No condition match; using default intervention.
2026-07-18 13:40:49,306 - CitySense.planning.knowledge_base - DEBUG - No condition match; using default intervention.
2026-07-18 13:40:49,307 - CitySense.planning.knowledge_base - DEBUG - No condition match; using default intervention.
2026-07-18 13:40:49,307 - CitySense.planning.knowledge_base - DEBUG - No condition match; using default intervention.
2026-07-18 13:40:49,307 - CitySense.planning.knowledge_base - DEBUG - No condition match; using default intervention.
2026-07-18 13:40:49,307 - CitySense.planning.knowledge_base - DEBUG - No condition match; using default intervention.
2026-07-18 13:40:49,307 - CitySense.planning.knowledge_base - DEBUG - No condition match; using default intervention.
2026-07-18 13:40:49,307 - CitySense.planning.knowledge_base - DEBUG - Single-condition match: 'Environmental Stress'
2026-07-18 13:40:49,307 - CitySense.planning.knowledge_base - DEBUG - Multi-condition override matched (2 conditions): Cool Roof Program
2026-07-18 13:40:49,307 - CitySense.planning.knowledge_base - DEBUG - Multi-condition override matched (2 conditions): Cool Roof Program
2026-07-18 13:40:49,307 - CitySense.planning.knowledge_base - DEBUG - Multi-condition override matched (2 conditions): Cool Roof Program
2026-07-18 13:40:49,307 - CitySense.planning.knowledge_base - DEBUG - Multi-condition override matched (2 conditions): Cool Roof Program
2026-07-18 13:40:49,307 - CitySense.planning.knowledge_base - DEBUG - Multi-condition override matched (2 conditions): Cool Roof Program
2026-07-18 13:40:49,308 - CitySense.planning.knowledge_base - DEBUG - Multi-condition override matched (2 conditions): Cool Roof Program
2026-07-18 13:40:49,308 - CitySense.planning.knowledge_base - DEBUG - Single-condition match: 'Environmental Stress'
2026-07-18 13:40:49,308 - CitySense.planning.knowledge_base - DEBUG - Single-condition match: 'Environmental Stress'
2026-07-18 13:40:49,308 - CitySense.planning.knowledge_base - DEBUG - Single-condition match: 'Low Vegetation'
2026-07-18 13:40:49,308 - CitySense.planning.knowledge_base - DEBUG - Single-condition match: 'Low Vegetation'
2026-07-18 13:40:49,308 - CitySense.planning.knowledge_base - DEBUG - Single-condition match: 'Low Vegetation'
2026-07-18 13:40:49,308 - CitySense.planning.knowledge_base - DEBUG - Single-condition match: 'Low Vegetation'
2026-07-18 13:40:49,308 - CitySense.planning.knowledge_base - DEBUG - No condition match; using default intervention.
2026-07-18 13:40:49,308 - CitySense.planning.knowledge_base - DEBUG - No condition match; using default intervention.
2026-07-18 13:40:49,308 - CitySense.planning.knowledge_base - DEBUG - No condition match; using default intervention.
2026-07-18 13:40:49,308 - CitySense.planning.knowledge_base - DEBUG - No condition match; using default intervention.
2026-07-18 13:40:49,309 - CitySense.planning.knowledge_base - DEBUG - No condition match; using default intervention.
2026-07-18 13:40:49,309 - CitySense.planning.knowledge_base - DEBUG - No condition match; using default intervention.
2026-07-18 13:40:49,309 - CitySense.planning.knowledge_base - DEBUG - No condition match; using default intervention.
2026-07-18 13:40:49,309 - CitySense.planning.knowledge_base - DEBUG - No condition match; using default intervention.
2026-07-18 13:40:49,309 - CitySense.planning.knowledge_base - DEBUG - No condition match; using default intervention.
2026-07-18 13:40:49,309 - CitySense.planning.knowledge_base - DEBUG - Multi-condition override matched (2 conditions): Cool Roof Program
2026-07-18 13:40:49,309 - CitySense.planning.knowledge_base - DEBUG - Single-condition match: 'Urban Heat Island'
2026-07-18 13:40:49,309 - CitySense.planning.knowledge_base - DEBUG - Multi-condition override matched (2 conditions): Cool Roof Program
2026-07-18 13:40:49,309 - CitySense.planning.knowledge_base - DEBUG - Multi-condition override matched (2 conditions): Cool Roof Program
2026-07-18 13:40:49,309 - CitySense.planning.knowledge_base - DEBUG - Multi-condition override matched (2 conditions): Cool Roof Program
2026-07-18 13:40:49,309 - CitySense.planning.knowledge_base - DEBUG - Multi-condition override matched (2 conditions): Cool Roof Program
2026-07-18 13:40:49,310 - CitySense.planning.knowledge_base - DEBUG - Multi-condition override matched (2 conditions): Cool Roof Program
2026-07-18 13:40:49,310 - CitySense.planning.knowledge_base - DEBUG - Multi-condition override matched (2 conditions): Cool Roof Program
2026-07-18 13:40:49,310 - CitySense.planning.knowledge_base - DEBUG - Multi-condition override matched (2 conditions): Cool Roof Program
2026-07-18 13:40:49,310 - CitySense.planning.knowledge_base - DEBUG - Multi-condition override matched (2 conditions): Cool Roof Program
2026-07-18 13:40:49,310 - CitySense.planning.knowledge_base - DEBUG - Single-condition match: 'Low Vegetation'
2026-07-18 13:40:49,310 - CitySense.planning.knowledge_base - DEBUG - Single-condition match: 'Low Vegetation'
2026-07-18 13:40:49,311 - CitySense.planning.knowledge_base - DEBUG - Single-condition match: 'Low Vegetation'
2026-07-18 13:40:49,311 - CitySense.planning.knowledge_base - DEBUG - No condition match; using default intervention.
2026-07-18 13:40:49,311 - CitySense.planning.knowledge_base - DEBUG - No condition match; using default intervention.
2026-07-18 13:40:49,311 - CitySense.planning.knowledge_base - DEBUG - Single-condition match: 'Low Vegetation'
2026-07-18 13:40:49,311 - CitySense.planning.knowledge_base - DEBUG - No condition match; using default intervention.
2026-07-18 13:40:49,311 - CitySense.planning.knowledge_base - DEBUG - No condition match; using default intervention.
2026-07-18 13:40:49,311 - CitySense.planning.knowledge_base - DEBUG - No condition match; using default intervention.
2026-07-18 13:40:49,311 - CitySense.planning.knowledge_base - DEBUG - No condition match; using default intervention.
2026-07-18 13:40:49,312 - CitySense.planning.knowledge_base - DEBUG - No condition match; using default intervention.
2026-07-18 13:40:49,312 - CitySense.planning.knowledge_base - DEBUG - No condition match; using default intervention.
2026-07-18 13:40:49,312 - CitySense.planning.knowledge_base - DEBUG - No condition match; using default intervention.
2026-07-18 13:40:49,312 - CitySense.planning.knowledge_base - DEBUG - No condition match; using default intervention.
2026-07-18 13:40:49,312 - CitySense.planning.knowledge_base - DEBUG - Single-condition match: 'Urban Heat Island'
2026-07-18 13:40:49,313 - CitySense.planning.knowledge_base - DEBUG - Single-condition match: 'Urban Heat Island'
2026-07-18 13:40:49,313 - CitySense.planning.knowledge_base - DEBUG - Multi-condition override matched (2 conditions): Cool Roof Program
2026-07-18 13:40:49,313 - CitySense.planning.knowledge_base - DEBUG - Multi-condition override matched (2 conditions): Cool Roof Program
2026-07-18 13:40:49,313 - CitySense.planning.knowledge_base - DEBUG - Multi-condition override matched (2 conditions): Cool Roof Program
2026-07-18 13:40:49,313 - CitySense.planning.knowledge_base - DEBUG - Multi-condition override matched (2 conditions): Cool Roof Program
2026-07-18 13:40:49,313 - CitySense.planning.knowledge_base - DEBUG - Multi-condition override matched (2 conditions): Cool Roof Program
2026-07-18 13:40:49,313 - CitySense.planning.knowledge_base - DEBUG - Single-condition match: 'Urban Heat Island'
2026-07-18 13:40:49,313 - CitySense.planning.knowledge_base - DEBUG - Multi-condition override matched (2 conditions): Urban Forest
2026-07-18 13:40:49,313 - CitySense.planning.knowledge_base - DEBUG - Single-condition match: 'Low Vegetation'
2026-07-18 13:40:49,314 - CitySense.planning.knowledge_base - DEBUG - Single-condition match: 'Low Vegetation'
2026-07-18 13:40:49,314 - CitySense.planning.knowledge_base - DEBUG - No condition match; using default intervention.
2026-07-18 13:40:49,314 - CitySense.planning.knowledge_base - DEBUG - No condition match; using default intervention.
2026-07-18 13:40:49,314 - CitySense.planning.knowledge_base - DEBUG - Single-condition match: 'Low Vegetation'
2026-07-18 13:40:49,314 - CitySense.planning.knowledge_base - DEBUG - No condition match; using default intervention.
2026-07-18 13:40:49,314 - CitySense.planning.knowledge_base - DEBUG - No condition match; using default intervention.
2026-07-18 13:40:49,314 - CitySense.planning.knowledge_base - DEBUG - No condition match; using default intervention.
2026-07-18 13:40:49,314 - CitySense.planning.knowledge_base - DEBUG - No condition match; using default intervention.
2026-07-18 13:40:49,314 - CitySense.planning.knowledge_base - DEBUG - No condition match; using default intervention.
2026-07-18 13:40:49,314 - CitySense.planning.knowledge_base - DEBUG - No condition match; using default intervention.
2026-07-18 13:40:49,314 - CitySense.planning.knowledge_base - DEBUG - Single-condition match: 'High Built-up Density'
2026-07-18 13:40:49,315 - CitySense.planning.knowledge_base - DEBUG - Single-condition match: 'Environmental Stress'
2026-07-18 13:40:49,315 - CitySense.planning.knowledge_base - DEBUG - Single-condition match: 'Flood Susceptibility'
2026-07-18 13:40:49,315 - CitySense.planning.knowledge_base - DEBUG - Multi-condition override matched (2 conditions): Integrated Drainage and Green Infrastructure
2026-07-18 13:40:49,315 - CitySense.planning.knowledge_base - DEBUG - Multi-condition override matched (2 conditions): Cool Roof Program
2026-07-18 13:40:49,315 - CitySense.planning.knowledge_base - DEBUG - Single-condition match: 'Environmental Stress'
2026-07-18 13:40:49,315 - CitySense.planning.knowledge_base - DEBUG - Single-condition match: 'Flood Susceptibility'
2026-07-18 13:40:49,315 - CitySense.planning.knowledge_base - DEBUG - Single-condition match: 'Flood Susceptibility'
2026-07-18 13:40:49,315 - CitySense.planning.knowledge_base - DEBUG - Multi-condition override matched (2 conditions): Cool Roof Program
2026-07-18 13:40:49,315 - CitySense.planning.knowledge_base - DEBUG - Multi-condition override matched (2 conditions): Cool Roof Program
2026-07-18 13:40:49,315 - CitySense.planning.knowledge_base - DEBUG - Multi-condition override matched (2 conditions): Cool Roof Program
2026-07-18 13:40:49,316 - CitySense.planning.knowledge_base - DEBUG - Single-condition match: 'Low Vegetation'
2026-07-18 13:40:49,316 - CitySense.planning.knowledge_base - DEBUG - Single-condition match: 'Low Vegetation'
2026-07-18 13:40:49,316 - CitySense.planning.knowledge_base - DEBUG - No condition match; using default intervention.
2026-07-18 13:40:49,316 - CitySense.planning.knowledge_base - DEBUG - No condition match; using default intervention.
2026-07-18 13:40:49,316 - CitySense.planning.knowledge_base - DEBUG - Single-condition match: 'Low Vegetation'
2026-07-18 13:40:49,316 - CitySense.planning.knowledge_base - DEBUG - No condition match; using default intervention.
2026-07-18 13:40:49,316 - CitySense.planning.knowledge_base - DEBUG - No condition match; using default intervention.
2026-07-18 13:40:49,316 - CitySense.planning.knowledge_base - DEBUG - No condition match; using default intervention.
2026-07-18 13:40:49,316 - CitySense.planning.knowledge_base - DEBUG - No condition match; using default intervention.
2026-07-18 13:40:49,316 - CitySense.planning.knowledge_base - DEBUG - No condition match; using default intervention.
2026-07-18 13:40:49,317 - CitySense.planning.knowledge_base - DEBUG - No condition match; using default intervention.
2026-07-18 13:40:49,317 - CitySense.planning.knowledge_base - DEBUG - Multi-condition override matched (2 conditions): Cool Roof Program
2026-07-18 13:40:49,317 - CitySense.planning.knowledge_base - DEBUG - Multi-condition override matched (2 conditions): Cool Roof Program
2026-07-18 13:40:49,317 - CitySense.planning.knowledge_base - DEBUG - Multi-condition override matched (2 conditions): Cool Roof Program
2026-07-18 13:40:49,317 - CitySense.planning.knowledge_base - DEBUG - Multi-condition override matched (2 conditions): Integrated Drainage and Green Infrastructure
2026-07-18 13:40:49,317 - CitySense.planning.knowledge_base - DEBUG - Single-condition match: 'Flood Susceptibility'
2026-07-18 13:40:49,318 - CitySense.planning.knowledge_base - DEBUG - Single-condition match: 'Urban Heat Island'
2026-07-18 13:40:49,318 - CitySense.planning.knowledge_base - DEBUG - Single-condition match: 'Flood Susceptibility'
2026-07-18 13:40:49,318 - CitySense.planning.knowledge_base - DEBUG - Single-condition match: 'Flood Susceptibility'
2026-07-18 13:40:49,318 - CitySense.planning.knowledge_base - DEBUG - Single-condition match: 'Low Vegetation'
2026-07-18 13:40:49,318 - CitySense.planning.knowledge_base - DEBUG - Multi-condition override matched (2 conditions): Cool Roof Program
2026-07-18 13:40:49,318 - CitySense.planning.knowledge_base - DEBUG - Multi-condition override matched (2 conditions): Urban Forest
2026-07-18 13:40:49,318 - CitySense.planning.knowledge_base - DEBUG - Multi-condition override matched (2 conditions): Urban Forest
2026-07-18 13:40:49,318 - CitySense.planning.knowledge_base - DEBUG - Single-condition match: 'Low Vegetation'
2026-07-18 13:40:49,319 - CitySense.planning.knowledge_base - DEBUG - Single-condition match: 'Low Vegetation'
2026-07-18 13:40:49,319 - CitySense.planning.knowledge_base - DEBUG - No condition match; using default intervention.
2026-07-18 13:40:49,319 - CitySense.planning.knowledge_base - DEBUG - Single-condition match: 'Low Vegetation'
2026-07-18 13:40:49,319 - CitySense.planning.knowledge_base - DEBUG - No condition match; using default intervention.
2026-07-18 13:40:49,319 - CitySense.planning.knowledge_base - DEBUG - No condition match; using default intervention.
2026-07-18 13:40:49,319 - CitySense.planning.knowledge_base - DEBUG - Single-condition match: 'High Built-up Density'
2026-07-18 13:40:49,319 - CitySense.planning.knowledge_base - DEBUG - No condition match; using default intervention.
2026-07-18 13:40:49,319 - CitySense.planning.knowledge_base - DEBUG - No condition match; using default intervention.
2026-07-18 13:40:49,319 - CitySense.planning.knowledge_base - DEBUG - Single-condition match: 'Environmental Stress'
2026-07-18 13:40:49,320 - CitySense.planning.knowledge_base - DEBUG - Multi-condition override matched (2 conditions): Cool Roof Program
2026-07-18 13:40:49,320 - CitySense.planning.knowledge_base - DEBUG - Multi-condition override matched (2 conditions): Cool Roof Program
2026-07-18 13:40:49,320 - CitySense.planning.knowledge_base - DEBUG - Multi-condition override matched (2 conditions): Cool Roof Program
2026-07-18 13:40:49,320 - CitySense.planning.knowledge_base - DEBUG - Multi-condition override matched (2 conditions): Cool Roof Program
2026-07-18 13:40:49,320 - CitySense.planning.knowledge_base - DEBUG - Multi-condition override matched (2 conditions): Urban Forest
2026-07-18 13:40:49,320 - CitySense.planning.knowledge_base - DEBUG - Single-condition match: 'Low Vegetation'
2026-07-18 13:40:49,320 - CitySense.planning.knowledge_base - DEBUG - Single-condition match: 'Low Vegetation'
2026-07-18 13:40:49,320 - CitySense.planning.knowledge_base - DEBUG - Single-condition match: 'Low Vegetation'
2026-07-18 13:40:49,320 - CitySense.planning.knowledge_base - DEBUG - Single-condition match: 'Low Vegetation'
2026-07-18 13:40:49,321 - CitySense.planning.knowledge_base - DEBUG - Single-condition match: 'Low Vegetation'
2026-07-18 13:40:49,321 - CitySense.planning.knowledge_base - DEBUG - Multi-condition override matched (2 conditions): Cool Roof Program
2026-07-18 13:40:49,321 - CitySense.planning.knowledge_base - DEBUG - Single-condition match: 'Low Vegetation'
2026-07-18 13:40:49,321 - CitySense.planning.knowledge_base - DEBUG - Single-condition match: 'Low Vegetation'
2026-07-18 13:40:49,321 - CitySense.planning.knowledge_base - DEBUG - Single-condition match: 'Low Vegetation'
2026-07-18 13:40:49,321 - CitySense.planning.knowledge_base - DEBUG - No condition match; using default intervention.
2026-07-18 13:40:49,321 - CitySense.planning.knowledge_base - DEBUG - Single-condition match: 'Low Vegetation'
2026-07-18 13:40:49,321 - CitySense.planning.knowledge_base - DEBUG - No condition match; using default intervention.
2026-07-18 13:40:49,321 - CitySense.planning.knowledge_base - DEBUG - No condition match; using default intervention.
2026-07-18 13:40:49,321 - CitySense.planning.knowledge_base - DEBUG - Single-condition match: 'Low Vegetation'
2026-07-18 13:40:49,322 - CitySense.planning.knowledge_base - DEBUG - No condition match; using default intervention.
2026-07-18 13:40:49,322 - CitySense.planning.knowledge_base - DEBUG - Single-condition match: 'Low Vegetation'
2026-07-18 13:40:49,322 - CitySense.planning.knowledge_base - DEBUG - No condition match; using default intervention.
2026-07-18 13:40:49,322 - CitySense.planning.knowledge_base - DEBUG - Multi-condition override matched (2 conditions): Cool Roof Program
2026-07-18 13:40:49,322 - CitySense.planning.knowledge_base - DEBUG - Multi-condition override matched (2 conditions): Cool Roof Program
2026-07-18 13:40:49,322 - CitySense.planning.knowledge_base - DEBUG - Multi-condition override matched (2 conditions): Cool Roof Program
2026-07-18 13:40:49,322 - CitySense.planning.knowledge_base - DEBUG - Single-condition match: 'Low Vegetation'
2026-07-18 13:40:49,322 - CitySense.planning.knowledge_base - DEBUG - Single-condition match: 'Low Vegetation'
2026-07-18 13:40:49,322 - CitySense.planning.knowledge_base - DEBUG - Single-condition match: 'Low Vegetation'
2026-07-18 13:40:49,322 - CitySense.planning.knowledge_base - DEBUG - Multi-condition override matched (3 conditions): Urban Forest
2026-07-18 13:40:49,322 - CitySense.planning.knowledge_base - DEBUG - Single-condition match: 'Flood Susceptibility'
2026-07-18 13:40:49,323 - CitySense.planning.knowledge_base - DEBUG - Single-condition match: 'Flood Susceptibility'
2026-07-18 13:40:49,323 - CitySense.planning.knowledge_base - DEBUG - Multi-condition override matched (2 conditions): Cool Roof Program
2026-07-18 13:40:49,323 - CitySense.planning.knowledge_base - DEBUG - Multi-condition override matched (2 conditions): Cool Roof Program
2026-07-18 13:40:49,323 - CitySense.planning.knowledge_base - DEBUG - Single-condition match: 'Low Vegetation'
2026-07-18 13:40:49,323 - CitySense.planning.knowledge_base - DEBUG - Single-condition match: 'Low Vegetation'
2026-07-18 13:40:49,323 - CitySense.planning.knowledge_base - DEBUG - Single-condition match: 'Low Vegetation'
2026-07-18 13:40:49,323 - CitySense.planning.knowledge_base - DEBUG - Single-condition match: 'Low Vegetation'
2026-07-18 13:40:49,323 - CitySense.planning.knowledge_base - DEBUG - Single-condition match: 'Low Vegetation'
2026-07-18 13:40:49,323 - CitySense.planning.knowledge_base - DEBUG - No condition match; using default intervention.
2026-07-18 13:40:49,323 - CitySense.planning.knowledge_base - DEBUG - No condition match; using default intervention.
2026-07-18 13:40:49,323 - CitySense.planning.knowledge_base - DEBUG - Single-condition match: 'Low Vegetation'
2026-07-18 13:40:49,324 - CitySense.planning.knowledge_base - DEBUG - Single-condition match: 'Low Vegetation'
2026-07-18 13:40:49,324 - CitySense.planning.knowledge_base - DEBUG - Single-condition match: 'Low Vegetation'
2026-07-18 13:40:49,324 - CitySense.planning.knowledge_base - DEBUG - Single-condition match: 'High Built-up Density'
2026-07-18 13:40:49,324 - CitySense.planning.knowledge_base - DEBUG - Multi-condition override matched (2 conditions): Cool Roof Program
2026-07-18 13:40:49,324 - CitySense.planning.knowledge_base - DEBUG - Single-condition match: 'Environmental Stress'
2026-07-18 13:40:49,325 - CitySense.planning.knowledge_base - DEBUG - Single-condition match: 'Urban Heat Island'
2026-07-18 13:40:49,325 - CitySense.planning.knowledge_base - DEBUG - Single-condition match: 'Low Vegetation'
2026-07-18 13:40:49,325 - CitySense.planning.knowledge_base - DEBUG - Single-condition match: 'Low Vegetation'
2026-07-18 13:40:49,325 - CitySense.planning.knowledge_base - DEBUG - Single-condition match: 'Low Vegetation'
2026-07-18 13:40:49,325 - CitySense.planning.knowledge_base - DEBUG - Multi-condition override matched (2 conditions): Integrated Drainage and Green Infrastructure
2026-07-18 13:40:49,325 - CitySense.planning.knowledge_base - DEBUG - Single-condition match: 'Flood Susceptibility'
2026-07-18 13:40:49,325 - CitySense.planning.knowledge_base - DEBUG - Single-condition match: 'Flood Susceptibility'
2026-07-18 13:40:49,325 - CitySense.planning.knowledge_base - DEBUG - Multi-condition override matched (2 conditions): Integrated Drainage and Green Infrastructure
2026-07-18 13:40:49,325 - CitySense.planning.knowledge_base - DEBUG - Multi-condition override matched (2 conditions): Cool Roof Program
2026-07-18 13:40:49,326 - CitySense.planning.knowledge_base - DEBUG - Single-condition match: 'Urban Heat Island'
2026-07-18 13:40:49,326 - CitySense.planning.knowledge_base - DEBUG - No condition match; using default intervention.
2026-07-18 13:40:49,326 - CitySense.planning.knowledge_base - DEBUG - No condition match; using default intervention.
2026-07-18 13:40:49,326 - CitySense.planning.knowledge_base - DEBUG - No condition match; using default intervention.
2026-07-18 13:40:49,326 - CitySense.planning.knowledge_base - DEBUG - Single-condition match: 'Low Vegetation'
2026-07-18 13:40:49,326 - CitySense.planning.knowledge_base - DEBUG - No condition match; using default intervention.
2026-07-18 13:40:49,326 - CitySense.planning.knowledge_base - DEBUG - No condition match; using default intervention.
2026-07-18 13:40:49,327 - CitySense.planning.knowledge_base - DEBUG - Single-condition match: 'Low Vegetation'
2026-07-18 13:40:49,327 - CitySense.planning.knowledge_base - DEBUG - Single-condition match: 'Low Vegetation'
2026-07-18 13:40:49,327 - CitySense.planning.knowledge_base - DEBUG - Single-condition match: 'Low Vegetation'
2026-07-18 13:40:49,327 - CitySense.planning.knowledge_base - DEBUG - No condition match; using default intervention.
2026-07-18 13:40:49,327 - CitySense.planning.knowledge_base - DEBUG - Multi-condition override matched (2 conditions): Cool Roof Program
2026-07-18 13:40:49,327 - CitySense.planning.knowledge_base - DEBUG - Single-condition match: 'Environmental Stress'
2026-07-18 13:40:49,327 - CitySense.planning.knowledge_base - DEBUG - No condition match; using default intervention.
2026-07-18 13:40:49,327 - CitySense.planning.knowledge_base - DEBUG - Single-condition match: 'Low Vegetation'
2026-07-18 13:40:49,328 - CitySense.planning.knowledge_base - DEBUG - Single-condition match: 'Low Vegetation'
2026-07-18 13:40:49,328 - CitySense.planning.knowledge_base - DEBUG - Single-condition match: 'Low Vegetation'
2026-07-18 13:40:49,328 - CitySense.planning.knowledge_base - DEBUG - Single-condition match: 'Low Vegetation'
2026-07-18 13:40:49,328 - CitySense.planning.knowledge_base - DEBUG - Single-condition match: 'Low Vegetation'
2026-07-18 13:40:49,328 - CitySense.planning.knowledge_base - DEBUG - Single-condition match: 'Flood Susceptibility'
2026-07-18 13:40:49,328 - CitySense.planning.knowledge_base - DEBUG - Multi-condition override matched (2 conditions): Integrated Drainage and Green Infrastructure
2026-07-18 13:40:49,328 - CitySense.planning.knowledge_base - DEBUG - Multi-condition override matched (2 conditions): Cool Roof Program
2026-07-18 13:40:49,328 - CitySense.planning.knowledge_base - DEBUG - Single-condition match: 'Urban Heat Island'
2026-07-18 13:40:49,329 - CitySense.planning.knowledge_base - DEBUG - Single-condition match: 'Urban Heat Island'
2026-07-18 13:40:49,329 - CitySense.planning.knowledge_base - DEBUG - No condition match; using default intervention.
2026-07-18 13:40:49,329 - CitySense.planning.knowledge_base - DEBUG - Single-condition match: 'Low Vegetation'
2026-07-18 13:40:49,329 - CitySense.planning.knowledge_base - DEBUG - Single-condition match: 'Low Vegetation'
2026-07-18 13:40:49,329 - CitySense.planning.knowledge_base - DEBUG - No condition match; using default intervention.
2026-07-18 13:40:49,329 - CitySense.planning.knowledge_base - DEBUG - No condition match; using default intervention.
2026-07-18 13:40:49,329 - CitySense.planning.knowledge_base - DEBUG - No condition match; using default intervention.
2026-07-18 13:40:49,329 - CitySense.planning.knowledge_base - DEBUG - Multi-condition override matched (2 conditions): Cool Roof Program
2026-07-18 13:40:49,329 - CitySense.planning.knowledge_base - DEBUG - Single-condition match: 'Low Vegetation'
2026-07-18 13:40:49,329 - CitySense.planning.knowledge_base - DEBUG - Single-condition match: 'Low Vegetation'
2026-07-18 13:40:49,329 - CitySense.planning.knowledge_base - DEBUG - No condition match; using default intervention.
2026-07-18 13:40:49,330 - CitySense.planning.knowledge_base - DEBUG - Single-condition match: 'Environmental Stress'
2026-07-18 13:40:49,330 - CitySense.planning.knowledge_base - DEBUG - Single-condition match: 'Urban Heat Island'
2026-07-18 13:40:49,330 - CitySense.planning.knowledge_base - DEBUG - Multi-condition override matched (2 conditions): Integrated Drainage and Green Infrastructure
2026-07-18 13:40:49,330 - CitySense.planning.knowledge_base - DEBUG - Multi-condition override matched (2 conditions): Cool Roof Program
2026-07-18 13:40:49,330 - CitySense.planning.knowledge_base - DEBUG - Multi-condition override matched (2 conditions): Cool Roof Program
2026-07-18 13:40:49,330 - CitySense.planning.knowledge_base - DEBUG - Single-condition match: 'Low Vegetation'
2026-07-18 13:40:49,330 - CitySense.planning.knowledge_base - DEBUG - Single-condition match: 'Low Vegetation'
2026-07-18 13:40:49,330 - CitySense.planning.knowledge_base - DEBUG - Single-condition match: 'Low Vegetation'
2026-07-18 13:40:49,330 - CitySense.planning.knowledge_base - DEBUG - Single-condition match: 'Low Vegetation'
2026-07-18 13:40:49,331 - CitySense.planning.knowledge_base - DEBUG - Multi-condition override matched (2 conditions): Cool Roof Program
2026-07-18 13:40:49,331 - CitySense.planning.knowledge_base - DEBUG - Single-condition match: 'Low Vegetation'
2026-07-18 13:40:49,331 - CitySense.planning.knowledge_base - DEBUG - Single-condition match: 'Environmental Stress'
2026-07-18 13:40:49,331 - CitySense.planning.knowledge_base - DEBUG - Single-condition match: 'Environmental Stress'
2026-07-18 13:40:49,331 - CitySense.planning.knowledge_base - DEBUG - Single-condition match: 'Urban Heat Island'
2026-07-18 13:40:49,332 - CitySense.planning.knowledge_base - DEBUG - No condition match; using default intervention.
2026-07-18 13:40:49,332 - CitySense.planning.knowledge_base - DEBUG - No condition match; using default intervention.
2026-07-18 13:40:49,332 - CitySense.planning.knowledge_base - DEBUG - No condition match; using default intervention.
2026-07-18 13:40:49,332 - CitySense.planning.knowledge_base - DEBUG - No condition match; using default intervention.
2026-07-18 13:40:49,332 - CitySense.planning.knowledge_base - DEBUG - Multi-condition override matched (3 conditions): Urban Forest
2026-07-18 13:40:49,332 - CitySense.planning.knowledge_base - DEBUG - Multi-condition override matched (2 conditions): Cool Roof Program
2026-07-18 13:40:49,332 - CitySense.planning.knowledge_base - DEBUG - Single-condition match: 'Low Vegetation'
2026-07-18 13:40:49,332 - CitySense.planning.knowledge_base - DEBUG - Multi-condition override matched (2 conditions): Cool Roof Program
2026-07-18 13:40:49,332 - CitySense.planning.knowledge_base - DEBUG - Single-condition match: 'High Built-up Density'
2026-07-18 13:40:49,332 - CitySense.planning.knowledge_base - DEBUG - Multi-condition override matched (2 conditions): Cool Roof Program
2026-07-18 13:40:49,333 - CitySense.planning.knowledge_base - DEBUG - Multi-condition override matched (2 conditions): Cool Roof Program
2026-07-18 13:40:49,333 - CitySense.planning.knowledge_base - DEBUG - Multi-condition override matched (3 conditions): Urban Forest
2026-07-18 13:40:49,333 - CitySense.planning.knowledge_base - DEBUG - Multi-condition override matched (2 conditions): Integrated Drainage and Green Infrastructure
2026-07-18 13:40:49,333 - CitySense.planning.knowledge_base - DEBUG - Single-condition match: 'Low Vegetation'
2026-07-18 13:40:49,333 - CitySense.planning.knowledge_base - DEBUG - Single-condition match: 'Low Vegetation'
2026-07-18 13:40:49,333 - CitySense.planning.knowledge_base - DEBUG - Single-condition match: 'Low Vegetation'
2026-07-18 13:40:49,333 - CitySense.planning.knowledge_base - DEBUG - Single-condition match: 'Low Vegetation'
2026-07-18 13:40:49,333 - CitySense.planning.knowledge_base - DEBUG - Single-condition match: 'Low Vegetation'
2026-07-18 13:40:49,333 - CitySense.planning.knowledge_base - DEBUG - Single-condition match: 'Low Vegetation'
2026-07-18 13:40:49,334 - CitySense.planning.knowledge_base - DEBUG - Multi-condition override matched (2 conditions): Cool Roof Program
2026-07-18 13:40:49,336 - CitySense.planning.knowledge_base - DEBUG - Single-condition match: 'Urban Heat Island'
2026-07-18 13:40:49,336 - CitySense.planning.knowledge_base - DEBUG - Multi-condition override matched (2 conditions): Cool Roof Program
2026-07-18 13:40:49,336 - CitySense.planning.knowledge_base - DEBUG - No condition match; using default intervention.
2026-07-18 13:40:49,336 - CitySense.planning.knowledge_base - DEBUG - No condition match; using default intervention.
2026-07-18 13:40:49,336 - CitySense.planning.knowledge_base - DEBUG - Single-condition match: 'High Built-up Density'
2026-07-18 13:40:49,337 - CitySense.planning.knowledge_base - DEBUG - Single-condition match: 'High Built-up Density'
2026-07-18 13:40:49,337 - CitySense.planning.knowledge_base - DEBUG - Single-condition match: 'Low Vegetation'
2026-07-18 13:40:49,337 - CitySense.planning.knowledge_base - DEBUG - Multi-condition override matched (2 conditions): Cool Roof Program
2026-07-18 13:40:49,337 - CitySense.planning.knowledge_base - DEBUG - Multi-condition override matched (2 conditions): Cool Roof Program
2026-07-18 13:40:49,337 - CitySense.planning.knowledge_base - DEBUG - Single-condition match: 'Environmental Stress'
2026-07-18 13:40:49,337 - CitySense.planning.knowledge_base - DEBUG - No condition match; using default intervention.
2026-07-18 13:40:49,337 - CitySense.planning.knowledge_base - DEBUG - No condition match; using default intervention.
2026-07-18 13:40:49,337 - CitySense.planning.knowledge_base - DEBUG - Multi-condition override matched (2 conditions): Cool Roof Program
2026-07-18 13:40:49,337 - CitySense.planning.knowledge_base - DEBUG - Multi-condition override matched (2 conditions): Cool Roof Program
2026-07-18 13:40:49,338 - CitySense.planning.knowledge_base - DEBUG - Multi-condition override matched (2 conditions): Integrated Drainage and Green Infrastructure
2026-07-18 13:40:49,338 - CitySense.planning.knowledge_base - DEBUG - Single-condition match: 'Low Vegetation'
2026-07-18 13:40:49,338 - CitySense.planning.knowledge_base - DEBUG - Multi-condition override matched (2 conditions): Integrated Drainage and Green Infrastructure
2026-07-18 13:40:49,338 - CitySense.planning.knowledge_base - DEBUG - Single-condition match: 'Flood Susceptibility'
2026-07-18 13:40:49,338 - CitySense.planning.knowledge_base - DEBUG - Single-condition match: 'Low Vegetation'
2026-07-18 13:40:49,338 - CitySense.planning.knowledge_base - DEBUG - Single-condition match: 'Low Vegetation'
2026-07-18 13:40:49,338 - CitySense.planning.knowledge_base - DEBUG - Multi-condition override matched (2 conditions): Cool Roof Program
2026-07-18 13:40:49,338 - CitySense.planning.knowledge_base - DEBUG - Multi-condition override matched (2 conditions): Cool Roof Program
2026-07-18 13:40:49,338 - CitySense.planning.knowledge_base - DEBUG - Single-condition match: 'Urban Heat Island'
2026-07-18 13:40:49,339 - CitySense.planning.knowledge_base - DEBUG - Multi-condition override matched (2 conditions): Cool Roof Program
2026-07-18 13:40:49,339 - CitySense.planning.knowledge_base - DEBUG - Single-condition match: 'Urban Heat Island'
2026-07-18 13:40:49,339 - CitySense.planning.knowledge_base - DEBUG - No condition match; using default intervention.
2026-07-18 13:40:49,339 - CitySense.planning.knowledge_base - DEBUG - No condition match; using default intervention.
2026-07-18 13:40:49,339 - CitySense.planning.knowledge_base - DEBUG - No condition match; using default intervention.
2026-07-18 13:40:49,339 - CitySense.planning.knowledge_base - DEBUG - Single-condition match: 'Low Vegetation'
2026-07-18 13:40:49,339 - CitySense.planning.knowledge_base - DEBUG - Single-condition match: 'Low Vegetation'
2026-07-18 13:40:49,339 - CitySense.planning.knowledge_base - DEBUG - Multi-condition override matched (2 conditions): Cool Roof Program
2026-07-18 13:40:49,340 - CitySense.planning.knowledge_base - DEBUG - Multi-condition override matched (2 conditions): Cool Roof Program
2026-07-18 13:40:49,340 - CitySense.planning.knowledge_base - DEBUG - Single-condition match: 'Environmental Stress'
2026-07-18 13:40:49,340 - CitySense.planning.knowledge_base - DEBUG - Multi-condition override matched (2 conditions): Cool Roof Program
2026-07-18 13:40:49,340 - CitySense.planning.knowledge_base - DEBUG - Single-condition match: 'Urban Heat Island'
2026-07-18 13:40:49,340 - CitySense.planning.knowledge_base - DEBUG - Multi-condition override matched (2 conditions): Cool Roof Program
2026-07-18 13:40:49,340 - CitySense.planning.knowledge_base - DEBUG - Multi-condition override matched (3 conditions): Urban Forest
2026-07-18 13:40:49,340 - CitySense.planning.knowledge_base - DEBUG - Single-condition match: 'Low Vegetation'
2026-07-18 13:40:49,340 - CitySense.planning.knowledge_base - DEBUG - Multi-condition override matched (2 conditions): Integrated Drainage and Green Infrastructure
2026-07-18 13:40:49,340 - CitySense.planning.knowledge_base - DEBUG - Single-condition match: 'Low Vegetation'
2026-07-18 13:40:49,340 - CitySense.planning.knowledge_base - DEBUG - Single-condition match: 'Low Vegetation'
2026-07-18 13:40:49,341 - CitySense.planning.knowledge_base - DEBUG - Single-condition match: 'Low Vegetation'
2026-07-18 13:40:49,341 - CitySense.planning.knowledge_base - DEBUG - Multi-condition override matched (3 conditions): Urban Forest
2026-07-18 13:40:49,341 - CitySense.planning.knowledge_base - DEBUG - Multi-condition override matched (2 conditions): Cool Roof Program
2026-07-18 13:40:49,341 - CitySense.planning.knowledge_base - DEBUG - Single-condition match: 'Urban Heat Island'
2026-07-18 13:40:49,341 - CitySense.planning.knowledge_base - DEBUG - Multi-condition override matched (2 conditions): Cool Roof Program
2026-07-18 13:40:49,341 - CitySense.planning.knowledge_base - DEBUG - Multi-condition override matched (2 conditions): Cool Roof Program
2026-07-18 13:40:49,341 - CitySense.planning.knowledge_base - DEBUG - No condition match; using default intervention.
2026-07-18 13:40:49,341 - CitySense.planning.knowledge_base - DEBUG - Single-condition match: 'Low Vegetation'
2026-07-18 13:40:49,342 - CitySense.planning.knowledge_base - DEBUG - Single-condition match: 'Low Vegetation'
2026-07-18 13:40:49,342 - CitySense.planning.knowledge_base - DEBUG - No condition match; using default intervention.
2026-07-18 13:40:49,342 - CitySense.planning.knowledge_base - DEBUG - Single-condition match: 'Low Vegetation'
2026-07-18 13:40:49,342 - CitySense.planning.knowledge_base - DEBUG - Single-condition match: 'High Built-up Density'
2026-07-18 13:40:49,342 - CitySense.planning.knowledge_base - DEBUG - Multi-condition override matched (2 conditions): Cool Roof Program
2026-07-18 13:40:49,342 - CitySense.planning.knowledge_base - DEBUG - Single-condition match: 'Urban Heat Island'
2026-07-18 13:40:49,342 - CitySense.planning.knowledge_base - DEBUG - Multi-condition override matched (2 conditions): Cool Roof Program
2026-07-18 13:40:49,342 - CitySense.planning.knowledge_base - DEBUG - Multi-condition override matched (2 conditions): Cool Roof Program
2026-07-18 13:40:49,342 - CitySense.planning.knowledge_base - DEBUG - Multi-condition override matched (2 conditions): Cool Roof Program
2026-07-18 13:40:49,342 - CitySense.planning.knowledge_base - DEBUG - Multi-condition override matched (2 conditions): Integrated Drainage and Green Infrastructure
2026-07-18 13:40:49,343 - CitySense.planning.knowledge_base - DEBUG - Single-condition match: 'Low Vegetation'
2026-07-18 13:40:49,343 - CitySense.planning.knowledge_base - DEBUG - Single-condition match: 'Low Vegetation'
2026-07-18 13:40:49,343 - CitySense.planning.knowledge_base - DEBUG - Single-condition match: 'Low Vegetation'
2026-07-18 13:40:49,343 - CitySense.planning.knowledge_base - DEBUG - Single-condition match: 'Low Vegetation'
2026-07-18 13:40:49,343 - CitySense.planning.knowledge_base - DEBUG - Multi-condition override matched (2 conditions): Integrated Drainage and Green Infrastructure
2026-07-18 13:40:49,343 - CitySense.planning.knowledge_base - DEBUG - Multi-condition override matched (2 conditions): Urban Forest
2026-07-18 13:40:49,343 - CitySense.planning.knowledge_base - DEBUG - Multi-condition override matched (2 conditions): Cool Roof Program
2026-07-18 13:40:49,343 - CitySense.planning.knowledge_base - DEBUG - Single-condition match: 'Urban Heat Island'
2026-07-18 13:40:49,344 - CitySense.planning.knowledge_base - DEBUG - Multi-condition override matched (2 conditions): Cool Roof Program
2026-07-18 13:40:49,344 - CitySense.planning.knowledge_base - DEBUG - Single-condition match: 'Urban Heat Island'
2026-07-18 13:40:49,344 - CitySense.planning.knowledge_base - DEBUG - No condition match; using default intervention.
2026-07-18 13:40:49,344 - CitySense.planning.knowledge_base - DEBUG - Single-condition match: 'Low Vegetation'
2026-07-18 13:40:49,344 - CitySense.planning.knowledge_base - DEBUG - Single-condition match: 'Low Vegetation'
2026-07-18 13:40:49,344 - CitySense.planning.knowledge_base - DEBUG - Single-condition match: 'Low Vegetation'
2026-07-18 13:40:49,345 - CitySense.planning.knowledge_base - DEBUG - No condition match; using default intervention.
2026-07-18 13:40:49,345 - CitySense.planning.knowledge_base - DEBUG - Single-condition match: 'Low Vegetation'
2026-07-18 13:40:49,345 - CitySense.planning.knowledge_base - DEBUG - Single-condition match: 'High Built-up Density'
2026-07-18 13:40:49,345 - CitySense.planning.knowledge_base - DEBUG - No condition match; using default intervention.
2026-07-18 13:40:49,345 - CitySense.planning.knowledge_base - DEBUG - Single-condition match: 'Urban Heat Island'
2026-07-18 13:40:49,346 - CitySense.planning.knowledge_base - DEBUG - Single-condition match: 'Urban Heat Island'
2026-07-18 13:40:49,346 - CitySense.planning.knowledge_base - DEBUG - Multi-condition override matched (3 conditions): Urban Forest
2026-07-18 13:40:49,346 - CitySense.planning.knowledge_base - DEBUG - Multi-condition override matched (2 conditions): Integrated Drainage and Green Infrastructure
2026-07-18 13:40:49,346 - CitySense.planning.knowledge_base - DEBUG - Single-condition match: 'Low Vegetation'
2026-07-18 13:40:49,346 - CitySense.planning.knowledge_base - DEBUG - Multi-condition override matched (2 conditions): Integrated Drainage and Green Infrastructure
2026-07-18 13:40:49,346 - CitySense.planning.knowledge_base - DEBUG - Single-condition match: 'Low Vegetation'
2026-07-18 13:40:49,346 - CitySense.planning.knowledge_base - DEBUG - Multi-condition override matched (2 conditions): Integrated Drainage and Green Infrastructure
2026-07-18 13:40:49,346 - CitySense.planning.knowledge_base - DEBUG - Multi-condition override matched (2 conditions): Integrated Drainage and Green Infrastructure
2026-07-18 13:40:49,346 - CitySense.planning.knowledge_base - DEBUG - Multi-condition override matched (2 conditions): Integrated Drainage and Green Infrastructure
2026-07-18 13:40:49,347 - CitySense.planning.knowledge_base - DEBUG - Single-condition match: 'Low Vegetation'
2026-07-18 13:40:49,347 - CitySense.planning.knowledge_base - DEBUG - Multi-condition override matched (2 conditions): Cool Roof Program
2026-07-18 13:40:49,347 - CitySense.planning.knowledge_base - DEBUG - Single-condition match: 'Urban Heat Island'
2026-07-18 13:40:49,347 - CitySense.planning.knowledge_base - DEBUG - Multi-condition override matched (2 conditions): Cool Roof Program
2026-07-18 13:40:49,347 - CitySense.planning.knowledge_base - DEBUG - No condition match; using default intervention.
2026-07-18 13:40:49,347 - CitySense.planning.knowledge_base - DEBUG - Single-condition match: 'High Built-up Density'
2026-07-18 13:40:49,347 - CitySense.planning.knowledge_base - DEBUG - Single-condition match: 'Low Vegetation'
2026-07-18 13:40:49,347 - CitySense.planning.knowledge_base - DEBUG - Single-condition match: 'Low Vegetation'
2026-07-18 13:40:49,348 - CitySense.planning.knowledge_base - DEBUG - Single-condition match: 'Low Vegetation'
2026-07-18 13:40:49,348 - CitySense.planning.knowledge_base - DEBUG - No condition match; using default intervention.
2026-07-18 13:40:49,348 - CitySense.planning.knowledge_base - DEBUG - Single-condition match: 'Low Vegetation'
2026-07-18 13:40:49,348 - CitySense.planning.knowledge_base - DEBUG - Single-condition match: 'Environmental Stress'
2026-07-18 13:40:49,348 - CitySense.planning.knowledge_base - DEBUG - Single-condition match: 'Environmental Stress'
2026-07-18 13:40:49,348 - CitySense.planning.knowledge_base - DEBUG - Single-condition match: 'Flood Susceptibility'
2026-07-18 13:40:49,348 - CitySense.planning.knowledge_base - DEBUG - Multi-condition override matched (2 conditions): Integrated Drainage and Green Infrastructure
2026-07-18 13:40:49,348 - CitySense.planning.knowledge_base - DEBUG - Single-condition match: 'Low Vegetation'
2026-07-18 13:40:49,348 - CitySense.planning.knowledge_base - DEBUG - Single-condition match: 'Low Vegetation'
2026-07-18 13:40:49,349 - CitySense.planning.knowledge_base - DEBUG - Single-condition match: 'Low Vegetation'
2026-07-18 13:40:49,349 - CitySense.planning.knowledge_base - DEBUG - Multi-condition override matched (2 conditions): Integrated Drainage and Green Infrastructure
2026-07-18 13:40:49,349 - CitySense.planning.knowledge_base - DEBUG - Multi-condition override matched (2 conditions): Integrated Drainage and Green Infrastructure
2026-07-18 13:40:49,349 - CitySense.planning.knowledge_base - DEBUG - Multi-condition override matched (2 conditions): Integrated Drainage and Green Infrastructure
2026-07-18 13:40:49,349 - CitySense.planning.knowledge_base - DEBUG - Multi-condition override matched (2 conditions): Urban Forest
2026-07-18 13:40:49,349 - CitySense.planning.knowledge_base - DEBUG - Multi-condition override matched (2 conditions): Integrated Drainage and Green Infrastructure
2026-07-18 13:40:49,349 - CitySense.planning.knowledge_base - DEBUG - Multi-condition override matched (2 conditions): Urban Forest
2026-07-18 13:40:49,349 - CitySense.planning.knowledge_base - DEBUG - Multi-condition override matched (2 conditions): Cool Roof Program
2026-07-18 13:40:49,349 - CitySense.planning.knowledge_base - DEBUG - Multi-condition override matched (2 conditions): Cool Roof Program
2026-07-18 13:40:49,349 - CitySense.planning.knowledge_base - DEBUG - No condition match; using default intervention.
2026-07-18 13:40:49,350 - CitySense.planning.knowledge_base - DEBUG - Single-condition match: 'Low Vegetation'
2026-07-18 13:40:49,350 - CitySense.planning.knowledge_base - DEBUG - Single-condition match: 'Low Vegetation'
2026-07-18 13:40:49,350 - CitySense.planning.knowledge_base - DEBUG - Single-condition match: 'Low Vegetation'
2026-07-18 13:40:49,350 - CitySense.planning.knowledge_base - DEBUG - Single-condition match: 'Low Vegetation'
2026-07-18 13:40:49,350 - CitySense.planning.knowledge_base - DEBUG - Single-condition match: 'Low Vegetation'
2026-07-18 13:40:49,350 - CitySense.planning.knowledge_base - DEBUG - Single-condition match: 'Low Vegetation'
2026-07-18 13:40:49,350 - CitySense.planning.knowledge_base - DEBUG - Single-condition match: 'Low Vegetation'
2026-07-18 13:40:49,350 - CitySense.planning.knowledge_base - DEBUG - No condition match; using default intervention.
2026-07-18 13:40:49,350 - CitySense.planning.knowledge_base - DEBUG - Multi-condition override matched (2 conditions): Cool Roof Program
2026-07-18 13:40:49,350 - CitySense.planning.knowledge_base - DEBUG - Multi-condition override matched (2 conditions): Cool Roof Program
2026-07-18 13:40:49,351 - CitySense.planning.knowledge_base - DEBUG - Single-condition match: 'Low Vegetation'
2026-07-18 13:40:49,351 - CitySense.planning.knowledge_base - DEBUG - Single-condition match: 'Low Vegetation'
2026-07-18 13:40:49,351 - CitySense.planning.knowledge_base - DEBUG - Single-condition match: 'Low Vegetation'
2026-07-18 13:40:49,351 - CitySense.planning.knowledge_base - DEBUG - Single-condition match: 'Low Vegetation'
2026-07-18 13:40:49,351 - CitySense.planning.knowledge_base - DEBUG - Multi-condition override matched (2 conditions): Integrated Drainage and Green Infrastructure
2026-07-18 13:40:49,351 - CitySense.planning.knowledge_base - DEBUG - Single-condition match: 'Low Vegetation'
2026-07-18 13:40:49,351 - CitySense.planning.knowledge_base - DEBUG - Single-condition match: 'Low Vegetation'
2026-07-18 13:40:49,351 - CitySense.planning.knowledge_base - DEBUG - Multi-condition override matched (2 conditions): Integrated Drainage and Green Infrastructure
2026-07-18 13:40:49,351 - CitySense.planning.knowledge_base - DEBUG - Single-condition match: 'Low Vegetation'
2026-07-18 13:40:49,352 - CitySense.planning.knowledge_base - DEBUG - Multi-condition override matched (2 conditions): Urban Forest
2026-07-18 13:40:49,352 - CitySense.planning.knowledge_base - DEBUG - Single-condition match: 'Low Vegetation'
2026-07-18 13:40:49,352 - CitySense.planning.knowledge_base - DEBUG - No condition match; using default intervention.
2026-07-18 13:40:49,352 - CitySense.planning.knowledge_base - DEBUG - Single-condition match: 'Low Vegetation'
2026-07-18 13:40:49,352 - CitySense.planning.knowledge_base - DEBUG - Single-condition match: 'Low Vegetation'
2026-07-18 13:40:49,353 - CitySense.planning.knowledge_base - DEBUG - Single-condition match: 'Low Vegetation'
2026-07-18 13:40:49,353 - CitySense.planning.knowledge_base - DEBUG - Single-condition match: 'Low Vegetation'
2026-07-18 13:40:49,353 - CitySense.planning.knowledge_base - DEBUG - Single-condition match: 'Low Vegetation'
2026-07-18 13:40:49,353 - CitySense.planning.knowledge_base - DEBUG - Single-condition match: 'Low Vegetation'
2026-07-18 13:40:49,353 - CitySense.planning.knowledge_base - DEBUG - Single-condition match: 'Low Vegetation'
2026-07-18 13:40:49,353 - CitySense.planning.knowledge_base - DEBUG - No condition match; using default intervention.
2026-07-18 13:40:49,353 - CitySense.planning.knowledge_base - DEBUG - No condition match; using default intervention.
2026-07-18 13:40:49,353 - CitySense.planning.knowledge_base - DEBUG - Multi-condition override matched (2 conditions): Cool Roof Program
2026-07-18 13:40:49,353 - CitySense.planning.knowledge_base - DEBUG - Multi-condition override matched (2 conditions): Integrated Drainage and Green Infrastructure
2026-07-18 13:40:49,354 - CitySense.planning.knowledge_base - DEBUG - Single-condition match: 'Low Vegetation'
2026-07-18 13:40:49,354 - CitySense.planning.knowledge_base - DEBUG - Single-condition match: 'Low Vegetation'
2026-07-18 13:40:49,354 - CitySense.planning.knowledge_base - DEBUG - Single-condition match: 'Low Vegetation'
2026-07-18 13:40:49,354 - CitySense.planning.knowledge_base - DEBUG - Single-condition match: 'Low Vegetation'
2026-07-18 13:40:49,354 - CitySense.planning.knowledge_base - DEBUG - Single-condition match: 'Low Vegetation'
2026-07-18 13:40:49,354 - CitySense.planning.knowledge_base - DEBUG - Single-condition match: 'Low Vegetation'
2026-07-18 13:40:49,354 - CitySense.planning.knowledge_base - DEBUG - Multi-condition override matched (3 conditions): Urban Forest
2026-07-18 13:40:49,355 - CitySense.planning.knowledge_base - DEBUG - Multi-condition override matched (2 conditions): Urban Forest
2026-07-18 13:40:49,355 - CitySense.planning.knowledge_base - DEBUG - Single-condition match: 'Urban Heat Island'
2026-07-18 13:40:49,355 - CitySense.planning.knowledge_base - DEBUG - Single-condition match: 'Urban Heat Island'
2026-07-18 13:40:49,355 - CitySense.planning.knowledge_base - DEBUG - No condition match; using default intervention.
2026-07-18 13:40:49,355 - CitySense.planning.knowledge_base - DEBUG - No condition match; using default intervention.
2026-07-18 13:40:49,355 - CitySense.planning.knowledge_base - DEBUG - Single-condition match: 'Low Vegetation'
2026-07-18 13:40:49,355 - CitySense.planning.knowledge_base - DEBUG - Multi-condition override matched (2 conditions): Integrated Drainage and Green Infrastructure
2026-07-18 13:40:49,355 - CitySense.planning.knowledge_base - DEBUG - Single-condition match: 'Low Vegetation'
2026-07-18 13:40:49,355 - CitySense.planning.knowledge_base - DEBUG - Single-condition match: 'Low Vegetation'
2026-07-18 13:40:49,355 - CitySense.planning.knowledge_base - DEBUG - Single-condition match: 'Low Vegetation'
2026-07-18 13:40:49,356 - CitySense.planning.knowledge_base - DEBUG - Single-condition match: 'Low Vegetation'
2026-07-18 13:40:49,356 - CitySense.planning.knowledge_base - DEBUG - Single-condition match: 'Low Vegetation'
2026-07-18 13:40:49,356 - CitySense.planning.knowledge_base - DEBUG - Single-condition match: 'Low Vegetation'
2026-07-18 13:40:49,356 - CitySense.planning.knowledge_base - DEBUG - Multi-condition override matched (2 conditions): Cool Roof Program
2026-07-18 13:40:49,356 - CitySense.planning.knowledge_base - DEBUG - Multi-condition override matched (3 conditions): Urban Forest
2026-07-18 13:40:49,356 - CitySense.planning.knowledge_base - DEBUG - Multi-condition override matched (2 conditions): Cool Roof Program
2026-07-18 13:40:49,356 - CitySense.planning.knowledge_base - DEBUG - Single-condition match: 'Low Vegetation'
2026-07-18 13:40:49,356 - CitySense.planning.knowledge_base - DEBUG - Single-condition match: 'Low Vegetation'
2026-07-18 13:40:49,356 - CitySense.planning.knowledge_base - DEBUG - Single-condition match: 'Low Vegetation'
2026-07-18 13:40:49,356 - CitySense.planning.knowledge_base - DEBUG - Single-condition match: 'Low Vegetation'
2026-07-18 13:40:49,357 - CitySense.planning.knowledge_base - DEBUG - Single-condition match: 'Low Vegetation'
2026-07-18 13:40:49,357 - CitySense.planning.knowledge_base - DEBUG - Multi-condition override matched (3 conditions): Urban Forest
2026-07-18 13:40:49,357 - CitySense.planning.knowledge_base - DEBUG - Multi-condition override matched (2 conditions): Cool Roof Program
2026-07-18 13:40:49,357 - CitySense.planning.knowledge_base - DEBUG - Single-condition match: 'Urban Heat Island'
2026-07-18 13:40:49,357 - CitySense.planning.knowledge_base - DEBUG - Multi-condition override matched (2 conditions): Urban Forest
2026-07-18 13:40:49,357 - CitySense.planning.decision_engine - INFO - Decision engine complete: 836 profiles generated.
2026-07-18 13:40:49,376 - CitySense.planning.generate_planning_profiles - INFO - Wrote planning profiles for 836 cells → D:\Clg\Major Project\CitySense\city_sense\data\planning_profiles.json (0.32s)
2026-07-18 13:40:49,377 - CitySense.planning.generate_planning_profiles - INFO - Planning Priority distribution:
2026-07-18 13:40:49,377 - CitySense.planning.generate_planning_profiles - INFO -   Critical   :    0 cells  (0.0%)
2026-07-18 13:40:49,377 - CitySense.planning.generate_planning_profiles - INFO -   High       :   28 cells  (3.3%)
2026-07-18 13:40:49,378 - CitySense.planning.generate_planning_profiles - INFO -   Medium     :  439 cells  (52.5%)
2026-07-18 13:40:49,378 - CitySense.planning.generate_planning_profiles - INFO -   Low        :  369 cells  (44.1%)
2026-07-18 13:40:49,378 - CitySense.planning.generate_planning_profiles - INFO -   Very Low   :    0 cells  (0.0%)
2026-07-18 13:40:49,378 - CitySense.planning.generate_planning_profiles - INFO - Top 5 recommended interventions:
2026-07-18 13:40:49,378 - CitySense.planning.generate_planning_profiles - INFO -   Environmental Monitoring                      : 367 cells
2026-07-18 13:40:49,378 - CitySense.planning.generate_planning_profiles - INFO -   Afforestation Program                         : 163 cells
2026-07-18 13:40:49,379 - CitySense.planning.generate_planning_profiles - INFO -   Cool Roof Program                             : 143 cells
2026-07-18 13:40:49,379 - CitySense.planning.generate_planning_profiles - INFO -   Urban Forest                                  : 66 cells
2026-07-18 13:40:49,379 - CitySense.planning.generate_planning_profiles - INFO -   Integrated Drainage and Green Infrastructure  : 29 cells
2026-07-18 13:40:49,379 - CitySense.planning.generate_planning_profiles - INFO - === Planning Profiles generation complete! ===
2026-08-10 23:56:42,763 - CitySense - INFO - === City Sense Pipeline Started ===
2026-08-10 23:56:42,777 - CitySense - INFO - Validating configuration...
2026-08-10 23:56:42,784 - CitySense - INFO - Configuration is valid.
2026-08-10 23:56:58,250 - CitySense - INFO - Skipping stage 'Generate grid'; output already exists: D:\Clg\Major Project\CitySense\city_sense\data\grid.geojson
2026-08-10 23:56:58,251 - CitySense - INFO - Skipping stage 'Fetch NDVI'; output already exists: D:\Clg\Major Project\CitySense\city_sense\data\ndvi_grid.geojson
2026-08-10 23:56:58,251 - CitySense - INFO - Skipping stage 'Fetch land-surface temperature'; output already exists: D:\Clg\Major Project\CitySense\city_sense\data\lst_grid.geojson
2026-08-10 23:56:58,251 - CitySense - INFO - Skipping stage 'Fetch NDBI'; output already exists: D:\Clg\Major Project\CitySense\city_sense\data\ndbi_grid.geojson
2026-08-10 23:56:58,251 - CitySense - INFO - Skipping stage 'Fetch DEM'; output already exists: D:\Clg\Major Project\CitySense\city_sense\data\dem_grid.geojson
2026-08-10 23:56:58,251 - CitySense - INFO - Running stage: Merge indicators
2026-08-10 23:56:58,251 - CitySense.processing.merge_indicators - INFO - === City Sense -- Week 4: Merge Indicators ===
2026-08-10 23:56:58,257 - CitySense.processing.merge_indicators - INFO - Loading indicator layers...
2026-08-10 23:56:58,829 - CitySense.processing.merge_indicators - INFO - [NDVI] 836 cells, column: mean_ndvi
2026-08-10 23:56:58,854 - CitySense.processing.merge_indicators - INFO - [LST] 836 cells, column: mean_lst
2026-08-10 23:56:58,889 - CitySense.processing.merge_indicators - INFO - [NDBI] 836 cells, column: mean_ndbi
2026-08-10 23:56:58,920 - CitySense.processing.merge_indicators - INFO - [DEM] 836 cells, column: mean_dem
2026-08-10 23:56:58,923 - CitySense.processing.merge_indicators - INFO - Merged dataset: 836 rows x 6 columns
2026-08-10 23:56:58,923 - CitySense.processing.merge_indicators - INFO - Columns: ['cell_id', 'mean_ndvi', 'mean_lst', 'mean_ndbi', 'mean_dem', 'geometry']
2026-08-10 23:56:58,928 - CitySense.processing.merge_indicators - DEBUG - First 5 rows:
cell_id  mean_ndvi  mean_lst  mean_ndbi  mean_dem
  r0_c0  -0.143165 30.243749  -0.052936  0.000000
  r0_c1  -0.151584 30.268030  -0.054288  0.000000
  r0_c2  -0.161391 30.272786  -0.067398  0.000000
  r0_c3  -0.013260 33.068555  -0.049276  1.899245
  r0_c4  -0.006067 33.255702  -0.075647  3.256442
2026-08-10 23:56:58,939 - CitySense.processing.merge_indicators - DEBUG - Basic statistics:
        mean_ndvi    mean_lst   mean_ndbi    mean_dem
count  836.000000  836.000000  836.000000  836.000000
mean     0.095393   37.205626   -0.067646   22.427618
std      0.182677    5.150374    0.076193   49.434387
min     -0.202734   30.017884   -0.335785   -0.505823
25%     -0.118259   31.395320   -0.103111    0.000000
50%      0.152285   37.768269   -0.056164    3.802165
75%      0.224524   41.910599   -0.016208   15.012170
max      0.523807   48.929549    0.124413  363.190029
2026-08-10 23:56:58,940 - CitySense.processing.merge_indicators - INFO - No missing values in any column.
2026-08-10 23:56:58,973 - CitySense.processing.merge_indicators - INFO - Saved master dataset to: D:\Clg\Major Project\CitySense\city_sense\data/cells_master.geojson
2026-08-10 23:56:58,973 - CitySense.processing.merge_indicators - INFO - === Merge complete! ===
2026-08-10 23:56:58,973 - CitySense - INFO - Completed stage: Merge indicators (0.72s)
2026-08-10 23:56:58,973 - CitySense - INFO - Running stage: Compute UHI
2026-08-10 23:56:58,973 - CitySense.processing.compute_uhi - INFO - === City Sense -- Week 5: Compute UHI Intensity ===
2026-08-10 23:56:59,006 - CitySense.processing.compute_uhi - INFO - Loaded 836 cells from D:\Clg\Major Project\CitySense\city_sense\data/cells_master.geojson
2026-08-10 23:56:59,006 - CitySense.processing.compute_uhi - INFO - Baseline zone defined as: lon [72.87, 72.93], lat [19.18, 19.25]
2026-08-10 23:56:59,369 - CitySense.processing.compute_uhi - INFO - Selected 42 cells as the baseline reference.
2026-08-10 23:56:59,369 - CitySense.processing.compute_uhi - INFO - Rural/Green reference temperature (mean): 39.01 C
2026-08-10 23:56:59,372 - CitySense.processing.compute_uhi - INFO - UHI Intensity stats:
2026-08-10 23:56:59,373 - CitySense.processing.compute_uhi - INFO -   Min : -8.99 C
2026-08-10 23:56:59,373 - CitySense.processing.compute_uhi - INFO -   Max : 9.92 C
2026-08-10 23:56:59,373 - CitySense.processing.compute_uhi - INFO -   Mean: -1.80 C
2026-08-10 23:56:59,374 - CitySense.processing.compute_uhi - INFO - Number of cells with UHI > +5 C: 70
2026-08-10 23:56:59,374 - CitySense.processing.compute_uhi - INFO - Mean NDBI of these hot cells: 0.028 (expect positive/high)
2026-08-10 23:56:59,398 - CitySense.processing.compute_uhi - INFO - Updated master dataset with 'uhi_intensity' column.
2026-08-10 23:56:59,398 - CitySense.processing.compute_uhi - INFO - Generating UHI map...
2026-08-10 23:56:59,806 - CitySense.processing.compute_uhi - INFO - Saved UHI map to: D:\Clg\Major Project\CitySense\city_sense\data\uhi_map.png
2026-08-10 23:56:59,807 - CitySense.processing.compute_uhi - INFO - === UHI computation complete! ===
2026-08-10 23:56:59,807 - CitySense - INFO - Completed stage: Compute UHI (0.83s)
2026-08-10 23:56:59,807 - CitySense - INFO - Running stage: Analyze LST and NDVI
2026-08-10 23:56:59,807 - CitySense.processing.lst_ndvi_analysis - INFO - === City Sense -- Week 5: LST-NDVI Correlation Analysis ===
2026-08-10 23:56:59,838 - CitySense.processing.lst_ndvi_analysis - INFO - Loaded 836 cells from D:\Clg\Major Project\CitySense\city_sense\data/cells_master.geojson
2026-08-10 23:56:59,840 - CitySense.processing.lst_ndvi_analysis - INFO - Cells with both valid NDVI and LST: 836
2026-08-10 23:56:59,843 - CitySense.processing.lst_ndvi_analysis - INFO - --- Pearson Correlation ---
2026-08-10 23:56:59,843 - CitySense.processing.lst_ndvi_analysis - INFO - r       = 0.6386
2026-08-10 23:56:59,843 - CitySense.processing.lst_ndvi_analysis - INFO - p-value = 5.68e-97
2026-08-10 23:56:59,843 - CitySense.processing.lst_ndvi_analysis - INFO - Result: Statistically significant correlation.
2026-08-10 23:56:59,846 - CitySense.processing.lst_ndvi_analysis - INFO - --- Linear Regression (LST ~ NDVI) ---
2026-08-10 23:56:59,846 - CitySense.processing.lst_ndvi_analysis - INFO - Equation: LST = 18.00 * NDVI + 35.49
2026-08-10 23:56:59,846 - CitySense.processing.lst_ndvi_analysis - INFO - R-squared: 0.4078
2026-08-10 23:56:59,846 - CitySense.processing.lst_ndvi_analysis - INFO - --- Interpretation ---
2026-08-10 23:56:59,846 - CitySense.processing.lst_ndvi_analysis - WARNING - Unexpected positive slope. Vegetation does not appear to have a cooling effect here.
2026-08-10 23:56:59,846 - CitySense.processing.lst_ndvi_analysis - INFO - Generating scatter plot...
2026-08-10 23:57:00,333 - CitySense.processing.lst_ndvi_analysis - INFO - Saved scatter plot to: D:\Clg\Major Project\CitySense\city_sense\data\lst_ndvi_scatter.png
2026-08-10 23:57:00,333 - CitySense.processing.lst_ndvi_analysis - INFO - === LST-NDVI analysis complete! ===
2026-08-10 23:57:00,333 - CitySense - INFO - Completed stage: Analyze LST and NDVI (0.53s)
2026-08-10 23:57:00,334 - CitySense - INFO - Running stage: Score cells with PCA
2026-08-10 23:57:00,334 - CitySense.processing.pca_scoring - INFO - === City Sense -- Week 6: PCA Scoring ===
2026-08-10 23:57:00,358 - CitySense.processing.pca_scoring - INFO - Loaded 836 cells from D:\Clg\Major Project\CitySense\city_sense\data/cells_master.geojson
2026-08-10 23:57:00,363 - CitySense.processing.pca_scoring - INFO - Normalising features to [0, 1] range...
2026-08-10 23:57:00,370 - CitySense.processing.pca_scoring - INFO - Saved MinMaxScaler to D:\Clg\Major Project\CitySense\city_sense\models\scaler.pkl
2026-08-10 23:57:00,370 - CitySense.processing.pca_scoring - INFO - Scaled data ranges:
2026-08-10 23:57:00,370 - CitySense.processing.pca_scoring - INFO -   mean_lst: min=0.00, max=1.00
2026-08-10 23:57:00,370 - CitySense.processing.pca_scoring - INFO -   mean_ndvi: min=0.00, max=1.00
2026-08-10 23:57:00,371 - CitySense.processing.pca_scoring - INFO -   mean_ndbi: min=0.00, max=1.00
2026-08-10 23:57:00,371 - CitySense.processing.pca_scoring - INFO -   mean_dem: min=0.00, max=1.00
2026-08-10 23:57:00,371 - CitySense.processing.pca_scoring - INFO - Aligning feature directions towards RISK...
2026-08-10 23:57:00,371 - CitySense.processing.pca_scoring - INFO -   - Inverting mean_ndvi (less greenery = higher risk)
2026-08-10 23:57:00,371 - CitySense.processing.pca_scoring - INFO -   - Inverting mean_dem (lower elevation = higher flood risk)
2026-08-10 23:57:00,371 - CitySense.processing.pca_scoring - INFO - Fitting PCA (n_components=1)...
2026-08-10 23:57:00,377 - CitySense.processing.pca_scoring - INFO - PCA Explained Variance Ratio: 0.6537 (65.4%)
2026-08-10 23:57:00,378 - CitySense.processing.pca_scoring - INFO - Feature Loadings for PC1:
2026-08-10 23:57:00,378 - CitySense.processing.pca_scoring - INFO -   mean_lst: 0.7418
2026-08-10 23:57:00,378 - CitySense.processing.pca_scoring - INFO -   mean_ndvi: -0.6151
2026-08-10 23:57:00,378 - CitySense.processing.pca_scoring - INFO -   mean_ndbi: 0.2146
2026-08-10 23:57:00,378 - CitySense.processing.pca_scoring - INFO -   mean_dem: -0.1593
2026-08-10 23:57:00,378 - CitySense.processing.pca_scoring - INFO - --- Risk Score Stats ---
2026-08-10 23:57:00,379 - CitySense.processing.pca_scoring - INFO -   Min: 0.00
2026-08-10 23:57:00,379 - CitySense.processing.pca_scoring - INFO -   Max: 100.00
2026-08-10 23:57:00,379 - CitySense.processing.pca_scoring - INFO -   Mean: 51.78
2026-08-10 23:57:00,379 - CitySense.processing.pca_scoring - INFO -   Median: 63.97
2026-08-10 23:57:00,379 - CitySense.processing.pca_scoring - INFO - --- Sustainability Score Stats ---
2026-08-10 23:57:00,379 - CitySense.processing.pca_scoring - INFO -   Min: 0.00
2026-08-10 23:57:00,379 - CitySense.processing.pca_scoring - INFO -   Max: 100.00
2026-08-10 23:57:00,379 - CitySense.processing.pca_scoring - INFO -   Mean: 48.22
2026-08-10 23:57:00,380 - CitySense.processing.pca_scoring - INFO -   Median: 36.03
2026-08-10 23:57:00,405 - CitySense.processing.pca_scoring - INFO - Updated master dataset with 'risk_score' and 'sustainability_score'.
2026-08-10 23:57:00,406 - CitySense.processing.pca_scoring - INFO - Saved PCA model to D:\Clg\Major Project\CitySense\city_sense\models\pca_model.pkl
2026-08-10 23:57:00,407 - CitySense.processing.pca_scoring - INFO - === PCA Scoring complete! ===
2026-08-10 23:57:00,407 - CitySense - INFO - Completed stage: Score cells with PCA (0.07s)
2026-08-10 23:57:00,407 - CitySense - INFO - Running stage: Cluster urban typologies
2026-08-10 23:57:00,407 - CitySense.processing.kmeans_clustering - INFO - === City Sense -- Week 6: K-Means Clustering ===
2026-08-10 23:57:00,440 - CitySense.processing.kmeans_clustering - INFO - Loaded 836 cells from D:\Clg\Major Project\CitySense\city_sense\data/cells_master.geojson
2026-08-10 23:57:00,442 - CitySense.processing.kmeans_clustering - INFO - Normalising features for clustering...
2026-08-10 23:57:00,443 - CitySense.processing.kmeans_clustering - INFO - Running silhouette analysis to evaluate k (2 to 6)...
2026-08-10 23:57:04,880 - CitySense.processing.kmeans_clustering - INFO -   k=2 | Silhouette Score = 0.5666
2026-08-10 23:57:04,913 - CitySense.processing.kmeans_clustering - INFO -   k=3 | Silhouette Score = 0.5607
2026-08-10 23:57:04,947 - CitySense.processing.kmeans_clustering - INFO -   k=4 | Silhouette Score = 0.5911
2026-08-10 23:57:05,009 - CitySense.processing.kmeans_clustering - INFO -   k=5 | Silhouette Score = 0.4924
2026-08-10 23:57:05,030 - CitySense.processing.kmeans_clustering - INFO -   k=6 | Silhouette Score = 0.4513
2026-08-10 23:57:05,030 - CitySense.processing.kmeans_clustering - INFO - Best k by silhouette score: 4
2026-08-10 23:57:05,135 - CitySense.processing.kmeans_clustering - INFO - Saved silhouette plot to D:\Clg\Major Project\CitySense\city_sense\data\kmeans_silhouette.png
2026-08-10 23:57:05,135 - CitySense.processing.kmeans_clustering - INFO - Fitting final K-Means model with k=4...
2026-08-10 23:57:05,141 - CitySense.processing.kmeans_clustering - INFO - Cluster Centroids (Scaled 0-1):
2026-08-10 23:57:05,145 - CitySense.processing.kmeans_clustering - INFO -    mean_lst  mean_ndvi  mean_ndbi  mean_dem
2026-08-10 23:57:05,145 - CitySense.processing.kmeans_clustering - INFO - 0  0.072943   0.107249   0.532396  0.004021
2026-08-10 23:57:05,145 - CitySense.processing.kmeans_clustering - INFO - 1  0.442968   0.740041   0.622675  0.456473
2026-08-10 23:57:05,145 - CitySense.processing.kmeans_clustering - INFO - 2  0.644395   0.516023   0.702010  0.050269
2026-08-10 23:57:05,145 - CitySense.processing.kmeans_clustering - INFO - 3  0.303690   0.664508   0.310278  0.017573
2026-08-10 23:57:05,145 - CitySense.processing.kmeans_clustering - INFO - Assigned typologies:
2026-08-10 23:57:05,145 - CitySense.processing.kmeans_clustering - INFO -   Cluster 0: Coastal/Lowland Urban
2026-08-10 23:57:05,145 - CitySense.processing.kmeans_clustering - INFO -   Cluster 1: Green/Forested
2026-08-10 23:57:05,145 - CitySense.processing.kmeans_clustering - INFO -   Cluster 2: Dense Urban Heat
2026-08-10 23:57:05,145 - CitySense.processing.kmeans_clustering - INFO -   Cluster 3: Green/Forested
2026-08-10 23:57:05,184 - CitySense.processing.kmeans_clustering - INFO - Updated master dataset with 'cluster' assignments.
2026-08-10 23:57:05,185 - CitySense.processing.kmeans_clustering - INFO - Cluster distribution:
2026-08-10 23:57:05,187 - CitySense.processing.kmeans_clustering - INFO -   Cluster 2: Dense Urban Heat: 359 cells
2026-08-10 23:57:05,187 - CitySense.processing.kmeans_clustering - INFO -   Cluster 0: Coastal/Lowland Urban: 295 cells
2026-08-10 23:57:05,187 - CitySense.processing.kmeans_clustering - INFO -   Cluster 3: Green/Forested: 113 cells
2026-08-10 23:57:05,187 - CitySense.processing.kmeans_clustering - INFO -   Cluster 1: Green/Forested: 69 cells
2026-08-10 23:57:05,187 - CitySense.processing.kmeans_clustering - INFO - === K-Means Clustering complete! ===
2026-08-10 23:57:05,188 - CitySense - INFO - Completed stage: Cluster urban typologies (4.78s)
2026-08-10 23:57:05,188 - CitySense - INFO - Running stage: Train explainability model
2026-08-10 23:57:05,188 - CitySense.processing.train_explainability - INFO - === City Sense – Week 6: Explainability Layer ===
2026-08-10 23:57:05,195 - CitySense.processing.train_explainability - INFO - Loading master dataset …
2026-08-10 23:57:05,241 - CitySense.processing.train_explainability - INFO - Loaded 836 cells  |  columns: ['cell_id', 'mean_ndvi', 'mean_lst', 'mean_ndbi', 'mean_dem', 'uhi_intensity', 'risk_score', 'sustainability_score', 'cluster_id', 'cluster', 'geometry']
2026-08-10 23:57:05,242 - CitySense.processing.train_explainability - INFO - Features shape: (836, 4)  |  Target range: [0.00, 100.00]
2026-08-10 23:57:05,242 - CitySense.processing.train_explainability - INFO - Splitting data (test_size=0.2, random_seed=42) …
2026-08-10 23:57:05,244 - CitySense.processing.train_explainability - INFO - Train: 668  |  Test: 168
2026-08-10 23:57:05,244 - CitySense.processing.train_explainability - INFO - Fitting StandardScaler on training set …
2026-08-10 23:57:05,245 - CitySense.processing.train_explainability - INFO - [OK] Scaler saved → D:\Clg\Major Project\CitySense\city_sense\models/explain_scaler.pkl
2026-08-10 23:57:05,245 - CitySense.processing.train_explainability - INFO - Training RandomForestRegressor (n_estimators=200, max_depth=5) …
2026-08-10 23:57:05,456 - CitySense.processing.train_explainability - INFO - [OK] Model saved → D:\Clg\Major Project\CitySense\city_sense\models/risk_model.pkl
2026-08-10 23:57:05,497 - CitySense.processing.train_explainability - INFO - Test-set evaluation:
2026-08-10 23:57:05,497 - CitySense.processing.train_explainability - INFO -   R² Score             : 0.9934
2026-08-10 23:57:05,498 - CitySense.processing.train_explainability - INFO -   Mean Absolute Error  : 1.8507
2026-08-10 23:57:05,498 - CitySense.processing.train_explainability - INFO -   Root Mean Sq Error   : 2.5785
2026-08-10 23:57:05,498 - CitySense.processing.train_explainability - INFO - Generating feature importance chart …
2026-08-10 23:57:05,632 - CitySense.processing.train_explainability - INFO - [OK] Saved → D:\Clg\Major Project\CitySense\city_sense\data/feature_importance.png
2026-08-10 23:57:05,632 - CitySense.processing.train_explainability - INFO - Computing SHAP values (TreeExplainer, full dataset) …
2026-08-10 23:57:05,895 - CitySense.processing.train_explainability - INFO - SHAP values shape: (836, 4)
2026-08-10 23:57:05,895 - CitySense.processing.train_explainability - INFO - Generating SHAP summary plot …
2026-08-10 23:57:06,118 - CitySense.processing.train_explainability - INFO - [OK] Saved → D:\Clg\Major Project\CitySense\city_sense\data/shap_summary.png
2026-08-10 23:57:06,118 - CitySense.processing.train_explainability - INFO - Extracting per-cell top positive / negative drivers …
2026-08-10 23:57:06,169 - CitySense.processing.train_explainability - INFO - [OK] Master GeoJSON updated → D:\Clg\Major Project\CitySense\city_sense\data/cells_master.geojson
2026-08-10 23:57:06,169 - CitySense.processing.train_explainability - INFO - New columns: top_positive_driver, top_positive_shap, top_negative_driver, top_negative_shap, explanation_text
2026-08-10 23:57:06,169 - CitySense.processing.train_explainability - INFO - Sample cell explanations:
2026-08-10 23:57:06,171 - CitySense.processing.train_explainability - INFO -   r10_c19  risk= 13.3  cluster=Cluster 0: Coastal/Lowland Urban
2026-08-10 23:57:06,171 - CitySense.processing.train_explainability - INFO -            ➜ Low risk driven by low LST (temperature) (-33.05)
2026-08-10 23:57:06,172 - CitySense.processing.train_explainability - INFO -   r35_c19  risk= 83.2  cluster=Cluster 1: Green/Forested
2026-08-10 23:57:06,172 - CitySense.processing.train_explainability - INFO -            ➜ High risk driven by high LST (temperature) (+16.21) and low NDBI (built-up) (-0.33)
2026-08-10 23:57:06,172 - CitySense.processing.train_explainability - INFO -   r2_c17  risk= 16.1  cluster=Cluster 0: Coastal/Lowland Urban
2026-08-10 23:57:06,172 - CitySense.processing.train_explainability - INFO -            ➜ Low risk driven by low LST (temperature) (-30.88)
2026-08-10 23:57:06,172 - CitySense.processing.train_explainability - INFO -   r17_c1  risk=  8.4  cluster=Cluster 0: Coastal/Lowland Urban
2026-08-10 23:57:06,172 - CitySense.processing.train_explainability - INFO -            ➜ Low risk driven by high NDBI (built-up) (+0.41) and low LST (temperature) (-35.01)
2026-08-10 23:57:06,173 - CitySense.processing.train_explainability - INFO -   r37_c13  risk= 76.4  cluster=Cluster 1: Green/Forested
2026-08-10 23:57:06,173 - CitySense.processing.train_explainability - INFO -            ➜ High risk driven by high LST (temperature) (+10.39)
2026-08-10 23:57:06,173 - CitySense.processing.train_explainability - INFO -   r8_c12  risk=  1.5  cluster=Cluster 0: Coastal/Lowland Urban
2026-08-10 23:57:06,173 - CitySense.processing.train_explainability - INFO -            ➜ Low risk driven by low LST (temperature) (-36.05)
2026-08-10 23:57:06,173 - CitySense.processing.train_explainability - INFO - Sanity checks:
2026-08-10 23:57:06,173 - CitySense.processing.train_explainability - INFO - ✔ LST and NDVI are the top-2 predictors – matches domain knowledge
2026-08-10 23:57:06,176 - CitySense.processing.train_explainability - INFO - ✔ 100% of the 20 hottest cells have positive LST SHAP (expected ~100%)
2026-08-10 23:57:06,176 - CitySense.processing.train_explainability - INFO - Generating top-driver map …
2026-08-10 23:57:06,404 - CitySense.processing.train_explainability - INFO - [OK] Saved → D:\Clg\Major Project\CitySense\city_sense\data/top_driver_map.png
2026-08-10 23:57:06,405 - CitySense.processing.train_explainability - INFO - === Week 6 Explainability Layer complete! ===
2026-08-10 23:57:06,405 - CitySense - INFO - Completed stage: Train explainability model (1.22s)
2026-08-10 23:57:06,405 - CitySense - INFO - Running stage: Create dashboard explanations
2026-08-10 23:57:06,405 - CitySense.processing.generate_explanations_json - INFO - === City Sense -- Generate Explanations JSON ===
2026-08-10 23:57:06,411 - CitySense.processing.generate_explanations_json - INFO - Loading master dataset from D:\Clg\Major Project\CitySense\city_sense\data/cells_master.geojson
2026-08-10 23:57:06,446 - CitySense.processing.generate_explanations_json - INFO - Extracting explanation data...
2026-08-10 23:57:06,490 - CitySense.processing.generate_explanations_json - INFO - Saved explanations for 836 cells to D:\Clg\Major Project\CitySense\city_sense\data/cell_explanations.json
2026-08-10 23:57:06,490 - CitySense.processing.generate_explanations_json - INFO - === Generation complete! ===
2026-08-10 23:57:06,490 - CitySense - INFO - Completed stage: Create dashboard explanations (0.08s)
2026-08-10 23:57:06,490 - CitySense - INFO - Skipping stage 'Generate environmental intelligence'; output already exists: D:\Clg\Major Project\CitySense\city_sense\data\environmental_intelligence.json
2026-08-10 23:57:06,490 - CitySense - INFO - Skipping stage 'Generate planning profiles'; output already exists: D:\Clg\Major Project\CitySense\city_sense\data\planning_profiles.json
2026-08-10 23:57:06,490 - CitySense - INFO - Running stage: Enrich geographic metadata
2026-08-10 23:57:06,491 - CitySense.metadata.geo_enrichment - INFO - === City Sense -- Phase 1: Geographic Enrichment ===
2026-08-10 23:57:06,496 - CitySense.metadata.geo_enrichment - INFO - Loading master dataset from D:\Clg\Major Project\CitySense\city_sense\data\cells_master.geojson
2026-08-10 23:57:06,521 - CitySense.metadata.geo_enrichment - INFO - Computing area and centroid statistics...
2026-08-10 23:57:06,636 - CitySense.metadata.geo_enrichment - INFO - Enriching 836 grid cells. This may take a while due to API rate limits...
2026-08-10 23:57:08,672 - CitySense.geo_utils - ERROR - Overpass API request failed: 406 Client Error: Not Acceptable for url: http://overpass-api.de/api/interpreter?data=%5Bout%3Ajson%5D%5Btimeout%3A25%5D%3B%28node%5B%22amenity%22%3D%22hospital%22%5D%28around%3A1500%2C18.955%2C72.795%29%3Bway%5B%22amenity%22%3D%22hospital%22%5D%28around%3A1500%2C18.955%2C72.795%29%3Bnode%5B%22amenity%22%3D%22school%22%5D%28around%3A1500%2C18.955%2C72.795%29%3Bway%5B%22amenity%22%3D%22school%22%5D%28around%3A1500%2C18.955%2C72.795%29%3Bnode%5B%22railway%22%3D%22station%22%5D%28around%3A1500%2C18.955%2C72.795%29%3Bway%5B%22railway%22%3D%22station%22%5D%28around%3A1500%2C18.955%2C72.795%29%3Bnode%5B%22station%22%3D%22subway%22%5D%28around%3A1500%2C18.955%2C72.795%29%3Bway%5B%22station%22%3D%22subway%22%5D%28around%3A1500%2C18.955%2C72.795%29%3Bnode%5B%22amenity%22%3D%22university%22%5D%28around%3A1500%2C18.955%2C72.795%29%3Bway%5B%22amenity%22%3D%22university%22%5D%28around%3A1500%2C18.955%2C72.795%29%3Bnode%5B%22leisure%22%3D%22park%22%5D%28around%3A1500%2C18.955%2C72.795%29%3Bway%5B%22leisure%22%3D%22park%22%5D%28around%3A1500%2C18.955%2C72.795%29%3Bnode%5B%22natural%22%3D%22water%22%5D%28around%3A1500%2C18.955%2C72.795%29%3Bway%5B%22natural%22%3D%22water%22%5D%28around%3A1500%2C18.955%2C72.795%29%3Bnode%5B%22amenity%22%3D%22place_of_worship%22%5D%28around%3A1500%2C18.955%2C72.795%29%3Bway%5B%22amenity%22%3D%22place_of_worship%22%5D%28around%3A1500%2C18.955%2C72.795%29%3Bnode%5B%22highway%22%3D%22primary%22%5D%28around%3A1500%2C18.955%2C72.795%29%3Bway%5B%22highway%22%3D%22primary%22%5D%28around%3A1500%2C18.955%2C72.795%29%3B%29%3Bout+center%3B
2026-08-10 23:57:10,686 - CitySense.geo_utils - ERROR - Overpass API request failed: 406 Client Error: Not Acceptable for url: http://overpass-api.de/api/interpreter?data=%5Bout%3Ajson%5D%5Btimeout%3A25%5D%3B%28node%5B%22amenity%22%3D%22hospital%22%5D%28around%3A1500%2C18.955%2C72.805%29%3Bway%5B%22amenity%22%3D%22hospital%22%5D%28around%3A1500%2C18.955%2C72.805%29%3Bnode%5B%22amenity%22%3D%22school%22%5D%28around%3A1500%2C18.955%2C72.805%29%3Bway%5B%22amenity%22%3D%22school%22%5D%28around%3A1500%2C18.955%2C72.805%29%3Bnode%5B%22railway%22%3D%22station%22%5D%28around%3A1500%2C18.955%2C72.805%29%3Bway%5B%22railway%22%3D%22station%22%5D%28around%3A1500%2C18.955%2C72.805%29%3Bnode%5B%22station%22%3D%22subway%22%5D%28around%3A1500%2C18.955%2C72.805%29%3Bway%5B%22station%22%3D%22subway%22%5D%28around%3A1500%2C18.955%2C72.805%29%3Bnode%5B%22amenity%22%3D%22university%22%5D%28around%3A1500%2C18.955%2C72.805%29%3Bway%5B%22amenity%22%3D%22university%22%5D%28around%3A1500%2C18.955%2C72.805%29%3Bnode%5B%22leisure%22%3D%22park%22%5D%28around%3A1500%2C18.955%2C72.805%29%3Bway%5B%22leisure%22%3D%22park%22%5D%28around%3A1500%2C18.955%2C72.805%29%3Bnode%5B%22natural%22%3D%22water%22%5D%28around%3A1500%2C18.955%2C72.805%29%3Bway%5B%22natural%22%3D%22water%22%5D%28around%3A1500%2C18.955%2C72.805%29%3Bnode%5B%22amenity%22%3D%22place_of_worship%22%5D%28around%3A1500%2C18.955%2C72.805%29%3Bway%5B%22amenity%22%3D%22place_of_worship%22%5D%28around%3A1500%2C18.955%2C72.805%29%3Bnode%5B%22highway%22%3D%22primary%22%5D%28around%3A1500%2C18.955%2C72.805%29%3Bway%5B%22highway%22%3D%22primary%22%5D%28around%3A1500%2C18.955%2C72.805%29%3B%29%3Bout+center%3B
2026-08-10 23:57:13,081 - CitySense.geo_utils - ERROR - Overpass API request failed: 406 Client Error: Not Acceptable for url: http://overpass-api.de/api/interpreter?data=%5Bout%3Ajson%5D%5Btimeout%3A25%5D%3B%28node%5B%22amenity%22%3D%22hospital%22%5D%28around%3A1500%2C18.955%2C72.81499999999998%29%3Bway%5B%22amenity%22%3D%22hospital%22%5D%28around%3A1500%2C18.955%2C72.81499999999998%29%3Bnode%5B%22amenity%22%3D%22school%22%5D%28around%3A1500%2C18.955%2C72.81499999999998%29%3Bway%5B%22amenity%22%3D%22school%22%5D%28around%3A1500%2C18.955%2C72.81499999999998%29%3Bnode%5B%22railway%22%3D%22station%22%5D%28around%3A1500%2C18.955%2C72.81499999999998%29%3Bway%5B%22railway%22%3D%22station%22%5D%28around%3A1500%2C18.955%2C72.81499999999998%29%3Bnode%5B%22station%22%3D%22subway%22%5D%28around%3A1500%2C18.955%2C72.81499999999998%29%3Bway%5B%22station%22%3D%22subway%22%5D%28around%3A1500%2C18.955%2C72.81499999999998%29%3Bnode%5B%22amenity%22%3D%22university%22%5D%28around%3A1500%2C18.955%2C72.81499999999998%29%3Bway%5B%22amenity%22%3D%22university%22%5D%28around%3A1500%2C18.955%2C72.81499999999998%29%3Bnode%5B%22leisure%22%3D%22park%22%5D%28around%3A1500%2C18.955%2C72.81499999999998%29%3Bway%5B%22leisure%22%3D%22park%22%5D%28around%3A1500%2C18.955%2C72.81499999999998%29%3Bnode%5B%22natural%22%3D%22water%22%5D%28around%3A1500%2C18.955%2C72.81499999999998%29%3Bway%5B%22natural%22%3D%22water%22%5D%28around%3A1500%2C18.955%2C72.81499999999998%29%3Bnode%5B%22amenity%22%3D%22place_of_worship%22%5D%28around%3A1500%2C18.955%2C72.81499999999998%29%3Bway%5B%22amenity%22%3D%22place_of_worship%22%5D%28around%3A1500%2C18.955%2C72.81499999999998%29%3Bnode%5B%22highway%22%3D%22primary%22%5D%28around%3A1500%2C18.955%2C72.81499999999998%29%3Bway%5B%22highway%22%3D%22primary%22%5D%28around%3A1500%2C18.955%2C72.81499999999998%29%3B%29%3Bout+center%3B
2026-08-10 23:57:15,092 - CitySense.geo_utils - ERROR - Overpass API request failed: 406 Client Error: Not Acceptable for url: http://overpass-api.de/api/interpreter?data=%5Bout%3Ajson%5D%5Btimeout%3A25%5D%3B%28node%5B%22amenity%22%3D%22hospital%22%5D%28around%3A1500%2C18.955%2C72.825%29%3Bway%5B%22amenity%22%3D%22hospital%22%5D%28around%3A1500%2C18.955%2C72.825%29%3Bnode%5B%22amenity%22%3D%22school%22%5D%28around%3A1500%2C18.955%2C72.825%29%3Bway%5B%22amenity%22%3D%22school%22%5D%28around%3A1500%2C18.955%2C72.825%29%3Bnode%5B%22railway%22%3D%22station%22%5D%28around%3A1500%2C18.955%2C72.825%29%3Bway%5B%22railway%22%3D%22station%22%5D%28around%3A1500%2C18.955%2C72.825%29%3Bnode%5B%22station%22%3D%22subway%22%5D%28around%3A1500%2C18.955%2C72.825%29%3Bway%5B%22station%22%3D%22subway%22%5D%28around%3A1500%2C18.955%2C72.825%29%3Bnode%5B%22amenity%22%3D%22university%22%5D%28around%3A1500%2C18.955%2C72.825%29%3Bway%5B%22amenity%22%3D%22university%22%5D%28around%3A1500%2C18.955%2C72.825%29%3Bnode%5B%22leisure%22%3D%22park%22%5D%28around%3A1500%2C18.955%2C72.825%29%3Bway%5B%22leisure%22%3D%22park%22%5D%28around%3A1500%2C18.955%2C72.825%29%3Bnode%5B%22natural%22%3D%22water%22%5D%28around%3A1500%2C18.955%2C72.825%29%3Bway%5B%22natural%22%3D%22water%22%5D%28around%3A1500%2C18.955%2C72.825%29%3Bnode%5B%22amenity%22%3D%22place_of_worship%22%5D%28around%3A1500%2C18.955%2C72.825%29%3Bway%5B%22amenity%22%3D%22place_of_worship%22%5D%28around%3A1500%2C18.955%2C72.825%29%3Bnode%5B%22highway%22%3D%22primary%22%5D%28around%3A1500%2C18.955%2C72.825%29%3Bway%5B%22highway%22%3D%22primary%22%5D%28around%3A1500%2C18.955%2C72.825%29%3B%29%3Bout+center%3B
2026-08-10 23:57:17,540 - CitySense.geo_utils - ERROR - Overpass API request failed: 406 Client Error: Not Acceptable for url: http://overpass-api.de/api/interpreter?data=%5Bout%3Ajson%5D%5Btimeout%3A25%5D%3B%28node%5B%22amenity%22%3D%22hospital%22%5D%28around%3A1500%2C18.955%2C72.83500000000001%29%3Bway%5B%22amenity%22%3D%22hospital%22%5D%28around%3A1500%2C18.955%2C72.83500000000001%29%3Bnode%5B%22amenity%22%3D%22school%22%5D%28around%3A1500%2C18.955%2C72.83500000000001%29%3Bway%5B%22amenity%22%3D%22school%22%5D%28around%3A1500%2C18.955%2C72.83500000000001%29%3Bnode%5B%22railway%22%3D%22station%22%5D%28around%3A1500%2C18.955%2C72.83500000000001%29%3Bway%5B%22railway%22%3D%22station%22%5D%28around%3A1500%2C18.955%2C72.83500000000001%29%3Bnode%5B%22station%22%3D%22subway%22%5D%28around%3A1500%2C18.955%2C72.83500000000001%29%3Bway%5B%22station%22%3D%22subway%22%5D%28around%3A1500%2C18.955%2C72.83500000000001%29%3Bnode%5B%22amenity%22%3D%22university%22%5D%28around%3A1500%2C18.955%2C72.83500000000001%29%3Bway%5B%22amenity%22%3D%22university%22%5D%28around%3A1500%2C18.955%2C72.83500000000001%29%3Bnode%5B%22leisure%22%3D%22park%22%5D%28around%3A1500%2C18.955%2C72.83500000000001%29%3Bway%5B%22leisure%22%3D%22park%22%5D%28around%3A1500%2C18.955%2C72.83500000000001%29%3Bnode%5B%22natural%22%3D%22water%22%5D%28around%3A1500%2C18.955%2C72.83500000000001%29%3Bway%5B%22natural%22%3D%22water%22%5D%28around%3A1500%2C18.955%2C72.83500000000001%29%3Bnode%5B%22amenity%22%3D%22place_of_worship%22%5D%28around%3A1500%2C18.955%2C72.83500000000001%29%3Bway%5B%22amenity%22%3D%22place_of_worship%22%5D%28around%3A1500%2C18.955%2C72.83500000000001%29%3Bnode%5B%22highway%22%3D%22primary%22%5D%28around%3A1500%2C18.955%2C72.83500000000001%29%3Bway%5B%22highway%22%3D%22primary%22%5D%28around%3A1500%2C18.955%2C72.83500000000001%29%3B%29%3Bout+center%3B
2026-08-10 23:57:19,215 - CitySense.geo_utils - ERROR - Overpass API request failed: 406 Client Error: Not Acceptable for url: http://overpass-api.de/api/interpreter?data=%5Bout%3Ajson%5D%5Btimeout%3A25%5D%3B%28node%5B%22amenity%22%3D%22hospital%22%5D%28around%3A1500%2C18.955%2C72.845%29%3Bway%5B%22amenity%22%3D%22hospital%22%5D%28around%3A1500%2C18.955%2C72.845%29%3Bnode%5B%22amenity%22%3D%22school%22%5D%28around%3A1500%2C18.955%2C72.845%29%3Bway%5B%22amenity%22%3D%22school%22%5D%28around%3A1500%2C18.955%2C72.845%29%3Bnode%5B%22railway%22%3D%22station%22%5D%28around%3A1500%2C18.955%2C72.845%29%3Bway%5B%22railway%22%3D%22station%22%5D%28around%3A1500%2C18.955%2C72.845%29%3Bnode%5B%22station%22%3D%22subway%22%5D%28around%3A1500%2C18.955%2C72.845%29%3Bway%5B%22station%22%3D%22subway%22%5D%28around%3A1500%2C18.955%2C72.845%29%3Bnode%5B%22amenity%22%3D%22university%22%5D%28around%3A1500%2C18.955%2C72.845%29%3Bway%5B%22amenity%22%3D%22university%22%5D%28around%3A1500%2C18.955%2C72.845%29%3Bnode%5B%22leisure%22%3D%22park%22%5D%28around%3A1500%2C18.955%2C72.845%29%3Bway%5B%22leisure%22%3D%22park%22%5D%28around%3A1500%2C18.955%2C72.845%29%3Bnode%5B%22natural%22%3D%22water%22%5D%28around%3A1500%2C18.955%2C72.845%29%3Bway%5B%22natural%22%3D%22water%22%5D%28around%3A1500%2C18.955%2C72.845%29%3Bnode%5B%22amenity%22%3D%22place_of_worship%22%5D%28around%3A1500%2C18.955%2C72.845%29%3Bway%5B%22amenity%22%3D%22place_of_worship%22%5D%28around%3A1500%2C18.955%2C72.845%29%3Bnode%5B%22highway%22%3D%22primary%22%5D%28around%3A1500%2C18.955%2C72.845%29%3Bway%5B%22highway%22%3D%22primary%22%5D%28around%3A1500%2C18.955%2C72.845%29%3B%29%3Bout+center%3B
2026-08-10 23:57:20,887 - CitySense.geo_utils - ERROR - Overpass API request failed: 406 Client Error: Not Acceptable for url: http://overpass-api.de/api/interpreter?data=%5Bout%3Ajson%5D%5Btimeout%3A25%5D%3B%28node%5B%22amenity%22%3D%22hospital%22%5D%28around%3A1500%2C18.955%2C72.85499999999999%29%3Bway%5B%22amenity%22%3D%22hospital%22%5D%28around%3A1500%2C18.955%2C72.85499999999999%29%3Bnode%5B%22amenity%22%3D%22school%22%5D%28around%3A1500%2C18.955%2C72.85499999999999%29%3Bway%5B%22amenity%22%3D%22school%22%5D%28around%3A1500%2C18.955%2C72.85499999999999%29%3Bnode%5B%22railway%22%3D%22station%22%5D%28around%3A1500%2C18.955%2C72.85499999999999%29%3Bway%5B%22railway%22%3D%22station%22%5D%28around%3A1500%2C18.955%2C72.85499999999999%29%3Bnode%5B%22station%22%3D%22subway%22%5D%28around%3A1500%2C18.955%2C72.85499999999999%29%3Bway%5B%22station%22%3D%22subway%22%5D%28around%3A1500%2C18.955%2C72.85499999999999%29%3Bnode%5B%22amenity%22%3D%22university%22%5D%28around%3A1500%2C18.955%2C72.85499999999999%29%3Bway%5B%22amenity%22%3D%22university%22%5D%28around%3A1500%2C18.955%2C72.85499999999999%29%3Bnode%5B%22leisure%22%3D%22park%22%5D%28around%3A1500%2C18.955%2C72.85499999999999%29%3Bway%5B%22leisure%22%3D%22park%22%5D%28around%3A1500%2C18.955%2C72.85499999999999%29%3Bnode%5B%22natural%22%3D%22water%22%5D%28around%3A1500%2C18.955%2C72.85499999999999%29%3Bway%5B%22natural%22%3D%22water%22%5D%28around%3A1500%2C18.955%2C72.85499999999999%29%3Bnode%5B%22amenity%22%3D%22place_of_worship%22%5D%28around%3A1500%2C18.955%2C72.85499999999999%29%3Bway%5B%22amenity%22%3D%22place_of_worship%22%5D%28around%3A1500%2C18.955%2C72.85499999999999%29%3Bnode%5B%22highway%22%3D%22primary%22%5D%28around%3A1500%2C18.955%2C72.85499999999999%29%3Bway%5B%22highway%22%3D%22primary%22%5D%28around%3A1500%2C18.955%2C72.85499999999999%29%3B%29%3Bout+center%3B
2026-08-10 23:57:22,600 - CitySense.geo_utils - ERROR - Overpass API request failed: 406 Client Error: Not Acceptable for url: http://overpass-api.de/api/interpreter?data=%5Bout%3Ajson%5D%5Btimeout%3A25%5D%3B%28node%5B%22amenity%22%3D%22hospital%22%5D%28around%3A1500%2C18.955%2C72.86500000000001%29%3Bway%5B%22amenity%22%3D%22hospital%22%5D%28around%3A1500%2C18.955%2C72.86500000000001%29%3Bnode%5B%22amenity%22%3D%22school%22%5D%28around%3A1500%2C18.955%2C72.86500000000001%29%3Bway%5B%22amenity%22%3D%22school%22%5D%28around%3A1500%2C18.955%2C72.86500000000001%29%3Bnode%5B%22railway%22%3D%22station%22%5D%28around%3A1500%2C18.955%2C72.86500000000001%29%3Bway%5B%22railway%22%3D%22station%22%5D%28around%3A1500%2C18.955%2C72.86500000000001%29%3Bnode%5B%22station%22%3D%22subway%22%5D%28around%3A1500%2C18.955%2C72.86500000000001%29%3Bway%5B%22station%22%3D%22subway%22%5D%28around%3A1500%2C18.955%2C72.86500000000001%29%3Bnode%5B%22amenity%22%3D%22university%22%5D%28around%3A1500%2C18.955%2C72.86500000000001%29%3Bway%5B%22amenity%22%3D%22university%22%5D%28around%3A1500%2C18.955%2C72.86500000000001%29%3Bnode%5B%22leisure%22%3D%22park%22%5D%28around%3A1500%2C18.955%2C72.86500000000001%29%3Bway%5B%22leisure%22%3D%22park%22%5D%28around%3A1500%2C18.955%2C72.86500000000001%29%3Bnode%5B%22natural%22%3D%22water%22%5D%28around%3A1500%2C18.955%2C72.86500000000001%29%3Bway%5B%22natural%22%3D%22water%22%5D%28around%3A1500%2C18.955%2C72.86500000000001%29%3Bnode%5B%22amenity%22%3D%22place_of_worship%22%5D%28around%3A1500%2C18.955%2C72.86500000000001%29%3Bway%5B%22amenity%22%3D%22place_of_worship%22%5D%28around%3A1500%2C18.955%2C72.86500000000001%29%3Bnode%5B%22highway%22%3D%22primary%22%5D%28around%3A1500%2C18.955%2C72.86500000000001%29%3Bway%5B%22highway%22%3D%22primary%22%5D%28around%3A1500%2C18.955%2C72.86500000000001%29%3B%29%3Bout+center%3B
2026-08-10 23:57:25,020 - CitySense.geo_utils - ERROR - Overpass API request failed: 406 Client Error: Not Acceptable for url: http://overpass-api.de/api/interpreter?data=%5Bout%3Ajson%5D%5Btimeout%3A25%5D%3B%28node%5B%22amenity%22%3D%22hospital%22%5D%28around%3A1500%2C18.955%2C72.875%29%3Bway%5B%22amenity%22%3D%22hospital%22%5D%28around%3A1500%2C18.955%2C72.875%29%3Bnode%5B%22amenity%22%3D%22school%22%5D%28around%3A1500%2C18.955%2C72.875%29%3Bway%5B%22amenity%22%3D%22school%22%5D%28around%3A1500%2C18.955%2C72.875%29%3Bnode%5B%22railway%22%3D%22station%22%5D%28around%3A1500%2C18.955%2C72.875%29%3Bway%5B%22railway%22%3D%22station%22%5D%28around%3A1500%2C18.955%2C72.875%29%3Bnode%5B%22station%22%3D%22subway%22%5D%28around%3A1500%2C18.955%2C72.875%29%3Bway%5B%22station%22%3D%22subway%22%5D%28around%3A1500%2C18.955%2C72.875%29%3Bnode%5B%22amenity%22%3D%22university%22%5D%28around%3A1500%2C18.955%2C72.875%29%3Bway%5B%22amenity%22%3D%22university%22%5D%28around%3A1500%2C18.955%2C72.875%29%3Bnode%5B%22leisure%22%3D%22park%22%5D%28around%3A1500%2C18.955%2C72.875%29%3Bway%5B%22leisure%22%3D%22park%22%5D%28around%3A1500%2C18.955%2C72.875%29%3Bnode%5B%22natural%22%3D%22water%22%5D%28around%3A1500%2C18.955%2C72.875%29%3Bway%5B%22natural%22%3D%22water%22%5D%28around%3A1500%2C18.955%2C72.875%29%3Bnode%5B%22amenity%22%3D%22place_of_worship%22%5D%28around%3A1500%2C18.955%2C72.875%29%3Bway%5B%22amenity%22%3D%22place_of_worship%22%5D%28around%3A1500%2C18.955%2C72.875%29%3Bnode%5B%22highway%22%3D%22primary%22%5D%28around%3A1500%2C18.955%2C72.875%29%3Bway%5B%22highway%22%3D%22primary%22%5D%28around%3A1500%2C18.955%2C72.875%29%3B%29%3Bout+center%3B
2026-08-10 23:57:27,028 - CitySense.geo_utils - ERROR - Overpass API request failed: 406 Client Error: Not Acceptable for url: http://overpass-api.de/api/interpreter?data=%5Bout%3Ajson%5D%5Btimeout%3A25%5D%3B%28node%5B%22amenity%22%3D%22hospital%22%5D%28around%3A1500%2C18.955%2C72.88499999999999%29%3Bway%5B%22amenity%22%3D%22hospital%22%5D%28around%3A1500%2C18.955%2C72.88499999999999%29%3Bnode%5B%22amenity%22%3D%22school%22%5D%28around%3A1500%2C18.955%2C72.88499999999999%29%3Bway%5B%22amenity%22%3D%22school%22%5D%28around%3A1500%2C18.955%2C72.88499999999999%29%3Bnode%5B%22railway%22%3D%22station%22%5D%28around%3A1500%2C18.955%2C72.88499999999999%29%3Bway%5B%22railway%22%3D%22station%22%5D%28around%3A1500%2C18.955%2C72.88499999999999%29%3Bnode%5B%22station%22%3D%22subway%22%5D%28around%3A1500%2C18.955%2C72.88499999999999%29%3Bway%5B%22station%22%3D%22subway%22%5D%28around%3A1500%2C18.955%2C72.88499999999999%29%3Bnode%5B%22amenity%22%3D%22university%22%5D%28around%3A1500%2C18.955%2C72.88499999999999%29%3Bway%5B%22amenity%22%3D%22university%22%5D%28around%3A1500%2C18.955%2C72.88499999999999%29%3Bnode%5B%22leisure%22%3D%22park%22%5D%28around%3A1500%2C18.955%2C72.88499999999999%29%3Bway%5B%22leisure%22%3D%22park%22%5D%28around%3A1500%2C18.955%2C72.88499999999999%29%3Bnode%5B%22natural%22%3D%22water%22%5D%28around%3A1500%2C18.955%2C72.88499999999999%29%3Bway%5B%22natural%22%3D%22water%22%5D%28around%3A1500%2C18.955%2C72.88499999999999%29%3Bnode%5B%22amenity%22%3D%22place_of_worship%22%5D%28around%3A1500%2C18.955%2C72.88499999999999%29%3Bway%5B%22amenity%22%3D%22place_of_worship%22%5D%28around%3A1500%2C18.955%2C72.88499999999999%29%3Bnode%5B%22highway%22%3D%22primary%22%5D%28around%3A1500%2C18.955%2C72.88499999999999%29%3Bway%5B%22highway%22%3D%22primary%22%5D%28around%3A1500%2C18.955%2C72.88499999999999%29%3B%29%3Bout+center%3B
2026-08-10 23:57:50,498 - CitySense.geo_utils - ERROR - Overpass API request failed: 406 Client Error: Not Acceptable for url: http://overpass-api.de/api/interpreter?data=%5Bout%3Ajson%5D%5Btimeout%3A25%5D%3B%28node%5B%22amenity%22%3D%22hospital%22%5D%28around%3A1500%2C18.955%2C72.895%29%3Bway%5B%22amenity%22%3D%22hospital%22%5D%28around%3A1500%2C18.955%2C72.895%29%3Bnode%5B%22amenity%22%3D%22school%22%5D%28around%3A1500%2C18.955%2C72.895%29%3Bway%5B%22amenity%22%3D%22school%22%5D%28around%3A1500%2C18.955%2C72.895%29%3Bnode%5B%22railway%22%3D%22station%22%5D%28around%3A1500%2C18.955%2C72.895%29%3Bway%5B%22railway%22%3D%22station%22%5D%28around%3A1500%2C18.955%2C72.895%29%3Bnode%5B%22station%22%3D%22subway%22%5D%28around%3A1500%2C18.955%2C72.895%29%3Bway%5B%22station%22%3D%22subway%22%5D%28around%3A1500%2C18.955%2C72.895%29%3Bnode%5B%22amenity%22%3D%22university%22%5D%28around%3A1500%2C18.955%2C72.895%29%3Bway%5B%22amenity%22%3D%22university%22%5D%28around%3A1500%2C18.955%2C72.895%29%3Bnode%5B%22leisure%22%3D%22park%22%5D%28around%3A1500%2C18.955%2C72.895%29%3Bway%5B%22leisure%22%3D%22park%22%5D%28around%3A1500%2C18.955%2C72.895%29%3Bnode%5B%22natural%22%3D%22water%22%5D%28around%3A1500%2C18.955%2C72.895%29%3Bway%5B%22natural%22%3D%22water%22%5D%28around%3A1500%2C18.955%2C72.895%29%3Bnode%5B%22amenity%22%3D%22place_of_worship%22%5D%28around%3A1500%2C18.955%2C72.895%29%3Bway%5B%22amenity%22%3D%22place_of_worship%22%5D%28around%3A1500%2C18.955%2C72.895%29%3Bnode%5B%22highway%22%3D%22primary%22%5D%28around%3A1500%2C18.955%2C72.895%29%3Bway%5B%22highway%22%3D%22primary%22%5D%28around%3A1500%2C18.955%2C72.895%29%3B%29%3Bout+center%3B
2026-08-10 23:58:13,751 - CitySense.geo_utils - ERROR - Overpass API request failed: 406 Client Error: Not Acceptable for url: http://overpass-api.de/api/interpreter?data=%5Bout%3Ajson%5D%5Btimeout%3A25%5D%3B%28node%5B%22amenity%22%3D%22hospital%22%5D%28around%3A1500%2C18.955%2C72.90500000000002%29%3Bway%5B%22amenity%22%3D%22hospital%22%5D%28around%3A1500%2C18.955%2C72.90500000000002%29%3Bnode%5B%22amenity%22%3D%22school%22%5D%28around%3A1500%2C18.955%2C72.90500000000002%29%3Bway%5B%22amenity%22%3D%22school%22%5D%28around%3A1500%2C18.955%2C72.90500000000002%29%3Bnode%5B%22railway%22%3D%22station%22%5D%28around%3A1500%2C18.955%2C72.90500000000002%29%3Bway%5B%22railway%22%3D%22station%22%5D%28around%3A1500%2C18.955%2C72.90500000000002%29%3Bnode%5B%22station%22%3D%22subway%22%5D%28around%3A1500%2C18.955%2C72.90500000000002%29%3Bway%5B%22station%22%3D%22subway%22%5D%28around%3A1500%2C18.955%2C72.90500000000002%29%3Bnode%5B%22amenity%22%3D%22university%22%5D%28around%3A1500%2C18.955%2C72.90500000000002%29%3Bway%5B%22amenity%22%3D%22university%22%5D%28around%3A1500%2C18.955%2C72.90500000000002%29%3Bnode%5B%22leisure%22%3D%22park%22%5D%28around%3A1500%2C18.955%2C72.90500000000002%29%3Bway%5B%22leisure%22%3D%22park%22%5D%28around%3A1500%2C18.955%2C72.90500000000002%29%3Bnode%5B%22natural%22%3D%22water%22%5D%28around%3A1500%2C18.955%2C72.90500000000002%29%3Bway%5B%22natural%22%3D%22water%22%5D%28around%3A1500%2C18.955%2C72.90500000000002%29%3Bnode%5B%22amenity%22%3D%22place_of_worship%22%5D%28around%3A1500%2C18.955%2C72.90500000000002%29%3Bway%5B%22amenity%22%3D%22place_of_worship%22%5D%28around%3A1500%2C18.955%2C72.90500000000002%29%3Bnode%5B%22highway%22%3D%22primary%22%5D%28around%3A1500%2C18.955%2C72.90500000000002%29%3Bway%5B%22highway%22%3D%22primary%22%5D%28around%3A1500%2C18.955%2C72.90500000000002%29%3B%29%3Bout+center%3B
2026-08-10 23:58:36,769 - CitySense.geo_utils - ERROR - Overpass API request failed: 406 Client Error: Not Acceptable for url: http://overpass-api.de/api/interpreter?data=%5Bout%3Ajson%5D%5Btimeout%3A25%5D%3B%28node%5B%22amenity%22%3D%22hospital%22%5D%28around%3A1500%2C18.955%2C72.915%29%3Bway%5B%22amenity%22%3D%22hospital%22%5D%28around%3A1500%2C18.955%2C72.915%29%3Bnode%5B%22amenity%22%3D%22school%22%5D%28around%3A1500%2C18.955%2C72.915%29%3Bway%5B%22amenity%22%3D%22school%22%5D%28around%3A1500%2C18.955%2C72.915%29%3Bnode%5B%22railway%22%3D%22station%22%5D%28around%3A1500%2C18.955%2C72.915%29%3Bway%5B%22railway%22%3D%22station%22%5D%28around%3A1500%2C18.955%2C72.915%29%3Bnode%5B%22station%22%3D%22subway%22%5D%28around%3A1500%2C18.955%2C72.915%29%3Bway%5B%22station%22%3D%22subway%22%5D%28around%3A1500%2C18.955%2C72.915%29%3Bnode%5B%22amenity%22%3D%22university%22%5D%28around%3A1500%2C18.955%2C72.915%29%3Bway%5B%22amenity%22%3D%22university%22%5D%28around%3A1500%2C18.955%2C72.915%29%3Bnode%5B%22leisure%22%3D%22park%22%5D%28around%3A1500%2C18.955%2C72.915%29%3Bway%5B%22leisure%22%3D%22park%22%5D%28around%3A1500%2C18.955%2C72.915%29%3Bnode%5B%22natural%22%3D%22water%22%5D%28around%3A1500%2C18.955%2C72.915%29%3Bway%5B%22natural%22%3D%22water%22%5D%28around%3A1500%2C18.955%2C72.915%29%3Bnode%5B%22amenity%22%3D%22place_of_worship%22%5D%28around%3A1500%2C18.955%2C72.915%29%3Bway%5B%22amenity%22%3D%22place_of_worship%22%5D%28around%3A1500%2C18.955%2C72.915%29%3Bnode%5B%22highway%22%3D%22primary%22%5D%28around%3A1500%2C18.955%2C72.915%29%3Bway%5B%22highway%22%3D%22primary%22%5D%28around%3A1500%2C18.955%2C72.915%29%3B%29%3Bout+center%3B
2026-08-10 23:58:59,795 - CitySense.geo_utils - ERROR - Overpass API request failed: 406 Client Error: Not Acceptable for url: http://overpass-api.de/api/interpreter?data=%5Bout%3Ajson%5D%5Btimeout%3A25%5D%3B%28node%5B%22amenity%22%3D%22hospital%22%5D%28around%3A1500%2C18.955%2C72.92500000000001%29%3Bway%5B%22amenity%22%3D%22hospital%22%5D%28around%3A1500%2C18.955%2C72.92500000000001%29%3Bnode%5B%22amenity%22%3D%22school%22%5D%28around%3A1500%2C18.955%2C72.92500000000001%29%3Bway%5B%22amenity%22%3D%22school%22%5D%28around%3A1500%2C18.955%2C72.92500000000001%29%3Bnode%5B%22railway%22%3D%22station%22%5D%28around%3A1500%2C18.955%2C72.92500000000001%29%3Bway%5B%22railway%22%3D%22station%22%5D%28around%3A1500%2C18.955%2C72.92500000000001%29%3Bnode%5B%22station%22%3D%22subway%22%5D%28around%3A1500%2C18.955%2C72.92500000000001%29%3Bway%5B%22station%22%3D%22subway%22%5D%28around%3A1500%2C18.955%2C72.92500000000001%29%3Bnode%5B%22amenity%22%3D%22university%22%5D%28around%3A1500%2C18.955%2C72.92500000000001%29%3Bway%5B%22amenity%22%3D%22university%22%5D%28around%3A1500%2C18.955%2C72.92500000000001%29%3Bnode%5B%22leisure%22%3D%22park%22%5D%28around%3A1500%2C18.955%2C72.92500000000001%29%3Bway%5B%22leisure%22%3D%22park%22%5D%28around%3A1500%2C18.955%2C72.92500000000001%29%3Bnode%5B%22natural%22%3D%22water%22%5D%28around%3A1500%2C18.955%2C72.92500000000001%29%3Bway%5B%22natural%22%3D%22water%22%5D%28around%3A1500%2C18.955%2C72.92500000000001%29%3Bnode%5B%22amenity%22%3D%22place_of_worship%22%5D%28around%3A1500%2C18.955%2C72.92500000000001%29%3Bway%5B%22amenity%22%3D%22place_of_worship%22%5D%28around%3A1500%2C18.955%2C72.92500000000001%29%3Bnode%5B%22highway%22%3D%22primary%22%5D%28around%3A1500%2C18.955%2C72.92500000000001%29%3Bway%5B%22highway%22%3D%22primary%22%5D%28around%3A1500%2C18.955%2C72.92500000000001%29%3B%29%3Bout+center%3B
2026-08-10 23:59:22,528 - CitySense.geo_utils - ERROR - Overpass API request failed: 406 Client Error: Not Acceptable for url: http://overpass-api.de/api/interpreter?data=%5Bout%3Ajson%5D%5Btimeout%3A25%5D%3B%28node%5B%22amenity%22%3D%22hospital%22%5D%28around%3A1500%2C18.955%2C72.93499999999999%29%3Bway%5B%22amenity%22%3D%22hospital%22%5D%28around%3A1500%2C18.955%2C72.93499999999999%29%3Bnode%5B%22amenity%22%3D%22school%22%5D%28around%3A1500%2C18.955%2C72.93499999999999%29%3Bway%5B%22amenity%22%3D%22school%22%5D%28around%3A1500%2C18.955%2C72.93499999999999%29%3Bnode%5B%22railway%22%3D%22station%22%5D%28around%3A1500%2C18.955%2C72.93499999999999%29%3Bway%5B%22railway%22%3D%22station%22%5D%28around%3A1500%2C18.955%2C72.93499999999999%29%3Bnode%5B%22station%22%3D%22subway%22%5D%28around%3A1500%2C18.955%2C72.93499999999999%29%3Bway%5B%22station%22%3D%22subway%22%5D%28around%3A1500%2C18.955%2C72.93499999999999%29%3Bnode%5B%22amenity%22%3D%22university%22%5D%28around%3A1500%2C18.955%2C72.93499999999999%29%3Bway%5B%22amenity%22%3D%22university%22%5D%28around%3A1500%2C18.955%2C72.93499999999999%29%3Bnode%5B%22leisure%22%3D%22park%22%5D%28around%3A1500%2C18.955%2C72.93499999999999%29%3Bway%5B%22leisure%22%3D%22park%22%5D%28around%3A1500%2C18.955%2C72.93499999999999%29%3Bnode%5B%22natural%22%3D%22water%22%5D%28around%3A1500%2C18.955%2C72.93499999999999%29%3Bway%5B%22natural%22%3D%22water%22%5D%28around%3A1500%2C18.955%2C72.93499999999999%29%3Bnode%5B%22amenity%22%3D%22place_of_worship%22%5D%28around%3A1500%2C18.955%2C72.93499999999999%29%3Bway%5B%22amenity%22%3D%22place_of_worship%22%5D%28around%3A1500%2C18.955%2C72.93499999999999%29%3Bnode%5B%22highway%22%3D%22primary%22%5D%28around%3A1500%2C18.955%2C72.93499999999999%29%3Bway%5B%22highway%22%3D%22primary%22%5D%28around%3A1500%2C18.955%2C72.93499999999999%29%3B%29%3Bout+center%3B
2026-08-10 23:59:46,277 - CitySense.geo_utils - ERROR - Overpass API request failed: 406 Client Error: Not Acceptable for url: http://overpass-api.de/api/interpreter?data=%5Bout%3Ajson%5D%5Btimeout%3A25%5D%3B%28node%5B%22amenity%22%3D%22hospital%22%5D%28around%3A1500%2C18.955%2C72.945%29%3Bway%5B%22amenity%22%3D%22hospital%22%5D%28around%3A1500%2C18.955%2C72.945%29%3Bnode%5B%22amenity%22%3D%22school%22%5D%28around%3A1500%2C18.955%2C72.945%29%3Bway%5B%22amenity%22%3D%22school%22%5D%28around%3A1500%2C18.955%2C72.945%29%3Bnode%5B%22railway%22%3D%22station%22%5D%28around%3A1500%2C18.955%2C72.945%29%3Bway%5B%22railway%22%3D%22station%22%5D%28around%3A1500%2C18.955%2C72.945%29%3Bnode%5B%22station%22%3D%22subway%22%5D%28around%3A1500%2C18.955%2C72.945%29%3Bway%5B%22station%22%3D%22subway%22%5D%28around%3A1500%2C18.955%2C72.945%29%3Bnode%5B%22amenity%22%3D%22university%22%5D%28around%3A1500%2C18.955%2C72.945%29%3Bway%5B%22amenity%22%3D%22university%22%5D%28around%3A1500%2C18.955%2C72.945%29%3Bnode%5B%22leisure%22%3D%22park%22%5D%28around%3A1500%2C18.955%2C72.945%29%3Bway%5B%22leisure%22%3D%22park%22%5D%28around%3A1500%2C18.955%2C72.945%29%3Bnode%5B%22natural%22%3D%22water%22%5D%28around%3A1500%2C18.955%2C72.945%29%3Bway%5B%22natural%22%3D%22water%22%5D%28around%3A1500%2C18.955%2C72.945%29%3Bnode%5B%22amenity%22%3D%22place_of_worship%22%5D%28around%3A1500%2C18.955%2C72.945%29%3Bway%5B%22amenity%22%3D%22place_of_worship%22%5D%28around%3A1500%2C18.955%2C72.945%29%3Bnode%5B%22highway%22%3D%22primary%22%5D%28around%3A1500%2C18.955%2C72.945%29%3Bway%5B%22highway%22%3D%22primary%22%5D%28around%3A1500%2C18.955%2C72.945%29%3B%29%3Bout+center%3B
2026-08-11 00:00:09,755 - CitySense.geo_utils - ERROR - Overpass API request failed: 406 Client Error: Not Acceptable for url: http://overpass-api.de/api/interpreter?data=%5Bout%3Ajson%5D%5Btimeout%3A25%5D%3B%28node%5B%22amenity%22%3D%22hospital%22%5D%28around%3A1500%2C18.955%2C72.955%29%3Bway%5B%22amenity%22%3D%22hospital%22%5D%28around%3A1500%2C18.955%2C72.955%29%3Bnode%5B%22amenity%22%3D%22school%22%5D%28around%3A1500%2C18.955%2C72.955%29%3Bway%5B%22amenity%22%3D%22school%22%5D%28around%3A1500%2C18.955%2C72.955%29%3Bnode%5B%22railway%22%3D%22station%22%5D%28around%3A1500%2C18.955%2C72.955%29%3Bway%5B%22railway%22%3D%22station%22%5D%28around%3A1500%2C18.955%2C72.955%29%3Bnode%5B%22station%22%3D%22subway%22%5D%28around%3A1500%2C18.955%2C72.955%29%3Bway%5B%22station%22%3D%22subway%22%5D%28around%3A1500%2C18.955%2C72.955%29%3Bnode%5B%22amenity%22%3D%22university%22%5D%28around%3A1500%2C18.955%2C72.955%29%3Bway%5B%22amenity%22%3D%22university%22%5D%28around%3A1500%2C18.955%2C72.955%29%3Bnode%5B%22leisure%22%3D%22park%22%5D%28around%3A1500%2C18.955%2C72.955%29%3Bway%5B%22leisure%22%3D%22park%22%5D%28around%3A1500%2C18.955%2C72.955%29%3Bnode%5B%22natural%22%3D%22water%22%5D%28around%3A1500%2C18.955%2C72.955%29%3Bway%5B%22natural%22%3D%22water%22%5D%28around%3A1500%2C18.955%2C72.955%29%3Bnode%5B%22amenity%22%3D%22place_of_worship%22%5D%28around%3A1500%2C18.955%2C72.955%29%3Bway%5B%22amenity%22%3D%22place_of_worship%22%5D%28around%3A1500%2C18.955%2C72.955%29%3Bnode%5B%22highway%22%3D%22primary%22%5D%28around%3A1500%2C18.955%2C72.955%29%3Bway%5B%22highway%22%3D%22primary%22%5D%28around%3A1500%2C18.955%2C72.955%29%3B%29%3Bout+center%3B
2026-08-11 00:00:33,246 - CitySense.geo_utils - ERROR - Overpass API request failed: 406 Client Error: Not Acceptable for url: http://overpass-api.de/api/interpreter?data=%5Bout%3Ajson%5D%5Btimeout%3A25%5D%3B%28node%5B%22amenity%22%3D%22hospital%22%5D%28around%3A1500%2C18.955%2C72.96499999999999%29%3Bway%5B%22amenity%22%3D%22hospital%22%5D%28around%3A1500%2C18.955%2C72.96499999999999%29%3Bnode%5B%22amenity%22%3D%22school%22%5D%28around%3A1500%2C18.955%2C72.96499999999999%29%3Bway%5B%22amenity%22%3D%22school%22%5D%28around%3A1500%2C18.955%2C72.96499999999999%29%3Bnode%5B%22railway%22%3D%22station%22%5D%28around%3A1500%2C18.955%2C72.96499999999999%29%3Bway%5B%22railway%22%3D%22station%22%5D%28around%3A1500%2C18.955%2C72.96499999999999%29%3Bnode%5B%22station%22%3D%22subway%22%5D%28around%3A1500%2C18.955%2C72.96499999999999%29%3Bway%5B%22station%22%3D%22subway%22%5D%28around%3A1500%2C18.955%2C72.96499999999999%29%3Bnode%5B%22amenity%22%3D%22university%22%5D%28around%3A1500%2C18.955%2C72.96499999999999%29%3Bway%5B%22amenity%22%3D%22university%22%5D%28around%3A1500%2C18.955%2C72.96499999999999%29%3Bnode%5B%22leisure%22%3D%22park%22%5D%28around%3A1500%2C18.955%2C72.96499999999999%29%3Bway%5B%22leisure%22%3D%22park%22%5D%28around%3A1500%2C18.955%2C72.96499999999999%29%3Bnode%5B%22natural%22%3D%22water%22%5D%28around%3A1500%2C18.955%2C72.96499999999999%29%3Bway%5B%22natural%22%3D%22water%22%5D%28around%3A1500%2C18.955%2C72.96499999999999%29%3Bnode%5B%22amenity%22%3D%22place_of_worship%22%5D%28around%3A1500%2C18.955%2C72.96499999999999%29%3Bway%5B%22amenity%22%3D%22place_of_worship%22%5D%28around%3A1500%2C18.955%2C72.96499999999999%29%3Bnode%5B%22highway%22%3D%22primary%22%5D%28around%3A1500%2C18.955%2C72.96499999999999%29%3Bway%5B%22highway%22%3D%22primary%22%5D%28around%3A1500%2C18.955%2C72.96499999999999%29%3B%29%3Bout+center%3B
2026-08-11 00:00:56,239 - CitySense.geo_utils - ERROR - Overpass API request failed: 406 Client Error: Not Acceptable for url: http://overpass-api.de/api/interpreter?data=%5Bout%3Ajson%5D%5Btimeout%3A25%5D%3B%28node%5B%22amenity%22%3D%22hospital%22%5D%28around%3A1500%2C18.955000000000002%2C72.97500000000005%29%3Bway%5B%22amenity%22%3D%22hospital%22%5D%28around%3A1500%2C18.955000000000002%2C72.97500000000005%29%3Bnode%5B%22amenity%22%3D%22school%22%5D%28around%3A1500%2C18.955000000000002%2C72.97500000000005%29%3Bway%5B%22amenity%22%3D%22school%22%5D%28around%3A1500%2C18.955000000000002%2C72.97500000000005%29%3Bnode%5B%22railway%22%3D%22station%22%5D%28around%3A1500%2C18.955000000000002%2C72.97500000000005%29%3Bway%5B%22railway%22%3D%22station%22%5D%28around%3A1500%2C18.955000000000002%2C72.97500000000005%29%3Bnode%5B%22station%22%3D%22subway%22%5D%28around%3A1500%2C18.955000000000002%2C72.97500000000005%29%3Bway%5B%22station%22%3D%22subway%22%5D%28around%3A1500%2C18.955000000000002%2C72.97500000000005%29%3Bnode%5B%22amenity%22%3D%22university%22%5D%28around%3A1500%2C18.955000000000002%2C72.97500000000005%29%3Bway%5B%22amenity%22%3D%22university%22%5D%28around%3A1500%2C18.955000000000002%2C72.97500000000005%29%3Bnode%5B%22leisure%22%3D%22park%22%5D%28around%3A1500%2C18.955000000000002%2C72.97500000000005%29%3Bway%5B%22leisure%22%3D%22park%22%5D%28around%3A1500%2C18.955000000000002%2C72.97500000000005%29%3Bnode%5B%22natural%22%3D%22water%22%5D%28around%3A1500%2C18.955000000000002%2C72.97500000000005%29%3Bway%5B%22natural%22%3D%22water%22%5D%28around%3A1500%2C18.955000000000002%2C72.97500000000005%29%3Bnode%5B%22amenity%22%3D%22place_of_worship%22%5D%28around%3A1500%2C18.955000000000002%2C72.97500000000005%29%3Bway%5B%22amenity%22%3D%22place_of_worship%22%5D%28around%3A1500%2C18.955000000000002%2C72.97500000000005%29%3Bnode%5B%22highway%22%3D%22primary%22%5D%28around%3A1500%2C18.955000000000002%2C72.97500000000005%29%3Bway%5B%22highway%22%3D%22primary%22%5D%28around%3A1500%2C18.955000000000002%2C72.97500000000005%29%3B%29%3Bout+center%3B
2026-08-11 00:01:19,299 - CitySense.geo_utils - ERROR - Overpass API request failed: 406 Client Error: Not Acceptable for url: http://overpass-api.de/api/interpreter?data=%5Bout%3Ajson%5D%5Btimeout%3A25%5D%3B%28node%5B%22amenity%22%3D%22hospital%22%5D%28around%3A1500%2C18.955%2C72.98500000000006%29%3Bway%5B%22amenity%22%3D%22hospital%22%5D%28around%3A1500%2C18.955%2C72.98500000000006%29%3Bnode%5B%22amenity%22%3D%22school%22%5D%28around%3A1500%2C18.955%2C72.98500000000006%29%3Bway%5B%22amenity%22%3D%22school%22%5D%28around%3A1500%2C18.955%2C72.98500000000006%29%3Bnode%5B%22railway%22%3D%22station%22%5D%28around%3A1500%2C18.955%2C72.98500000000006%29%3Bway%5B%22railway%22%3D%22station%22%5D%28around%3A1500%2C18.955%2C72.98500000000006%29%3Bnode%5B%22station%22%3D%22subway%22%5D%28around%3A1500%2C18.955%2C72.98500000000006%29%3Bway%5B%22station%22%3D%22subway%22%5D%28around%3A1500%2C18.955%2C72.98500000000006%29%3Bnode%5B%22amenity%22%3D%22university%22%5D%28around%3A1500%2C18.955%2C72.98500000000006%29%3Bway%5B%22amenity%22%3D%22university%22%5D%28around%3A1500%2C18.955%2C72.98500000000006%29%3Bnode%5B%22leisure%22%3D%22park%22%5D%28around%3A1500%2C18.955%2C72.98500000000006%29%3Bway%5B%22leisure%22%3D%22park%22%5D%28around%3A1500%2C18.955%2C72.98500000000006%29%3Bnode%5B%22natural%22%3D%22water%22%5D%28around%3A1500%2C18.955%2C72.98500000000006%29%3Bway%5B%22natural%22%3D%22water%22%5D%28around%3A1500%2C18.955%2C72.98500000000006%29%3Bnode%5B%22amenity%22%3D%22place_of_worship%22%5D%28around%3A1500%2C18.955%2C72.98500000000006%29%3Bway%5B%22amenity%22%3D%22place_of_worship%22%5D%28around%3A1500%2C18.955%2C72.98500000000006%29%3Bnode%5B%22highway%22%3D%22primary%22%5D%28around%3A1500%2C18.955%2C72.98500000000006%29%3Bway%5B%22highway%22%3D%22primary%22%5D%28around%3A1500%2C18.955%2C72.98500000000006%29%3B%29%3Bout+center%3B
2026-08-11 00:02:02,994 - CitySense.geo_utils - ERROR - Overpass API request failed: HTTPConnectionPool(host='overpass-api.de', port=80): Max retries exceeded with url: /api/interpreter?data=%5Bout%3Ajson%5D%5Btimeout%3A25%5D%3B%28node%5B%22amenity%22%3D%22hospital%22%5D%28around%3A1500%2C18.965000000000003%2C72.77499999999999%29%3Bway%5B%22amenity%22%3D%22hospital%22%5D%28around%3A1500%2C18.965000000000003%2C72.77499999999999%29%3Bnode%5B%22amenity%22%3D%22school%22%5D%28around%3A1500%2C18.965000000000003%2C72.77499999999999%29%3Bway%5B%22amenity%22%3D%22school%22%5D%28around%3A1500%2C18.965000000000003%2C72.77499999999999%29%3Bnode%5B%22railway%22%3D%22station%22%5D%28around%3A1500%2C18.965000000000003%2C72.77499999999999%29%3Bway%5B%22railway%22%3D%22station%22%5D%28around%3A1500%2C18.965000000000003%2C72.77499999999999%29%3Bnode%5B%22station%22%3D%22subway%22%5D%28around%3A1500%2C18.965000000000003%2C72.77499999999999%29%3Bway%5B%22station%22%3D%22subway%22%5D%28around%3A1500%2C18.965000000000003%2C72.77499999999999%29%3Bnode%5B%22amenity%22%3D%22university%22%5D%28around%3A1500%2C18.965000000000003%2C72.77499999999999%29%3Bway%5B%22amenity%22%3D%22university%22%5D%28around%3A1500%2C18.965000000000003%2C72.77499999999999%29%3Bnode%5B%22leisure%22%3D%22park%22%5D%28around%3A1500%2C18.965000000000003%2C72.77499999999999%29%3Bway%5B%22leisure%22%3D%22park%22%5D%28around%3A1500%2C18.965000000000003%2C72.77499999999999%29%3Bnode%5B%22natural%22%3D%22water%22%5D%28around%3A1500%2C18.965000000000003%2C72.77499999999999%29%3Bway%5B%22natural%22%3D%22water%22%5D%28around%3A1500%2C18.965000000000003%2C72.77499999999999%29%3Bnode%5B%22amenity%22%3D%22place_of_worship%22%5D%28around%3A1500%2C18.965000000000003%2C72.77499999999999%29%3Bway%5B%22amenity%22%3D%22place_of_worship%22%5D%28around%3A1500%2C18.965000000000003%2C72.77499999999999%29%3Bnode%5B%22highway%22%3D%22primary%22%5D%28around%3A1500%2C18.965000000000003%2C72.77499999999999%29%3Bway%5B%22highway%22%3D%22primary%22%5D%28around%3A1500%2C18.965000000000003%2C72.77499999999999%29%3B%29%3Bout+center%3B (Caused by ConnectTimeoutError(<HTTPConnection(host='overpass-api.de', port=80) at 0x2a8639aa030>, 'Connection to overpass-api.de timed out. (connect timeout=30)'))
2026-08-11 00:02:46,653 - CitySense.geo_utils - ERROR - Overpass API request failed: HTTPConnectionPool(host='overpass-api.de', port=80): Max retries exceeded with url: /api/interpreter?data=%5Bout%3Ajson%5D%5Btimeout%3A25%5D%3B%28node%5B%22amenity%22%3D%22hospital%22%5D%28around%3A1500%2C18.965000000000003%2C72.785%29%3Bway%5B%22amenity%22%3D%22hospital%22%5D%28around%3A1500%2C18.965000000000003%2C72.785%29%3Bnode%5B%22amenity%22%3D%22school%22%5D%28around%3A1500%2C18.965000000000003%2C72.785%29%3Bway%5B%22amenity%22%3D%22school%22%5D%28around%3A1500%2C18.965000000000003%2C72.785%29%3Bnode%5B%22railway%22%3D%22station%22%5D%28around%3A1500%2C18.965000000000003%2C72.785%29%3Bway%5B%22railway%22%3D%22station%22%5D%28around%3A1500%2C18.965000000000003%2C72.785%29%3Bnode%5B%22station%22%3D%22subway%22%5D%28around%3A1500%2C18.965000000000003%2C72.785%29%3Bway%5B%22station%22%3D%22subway%22%5D%28around%3A1500%2C18.965000000000003%2C72.785%29%3Bnode%5B%22amenity%22%3D%22university%22%5D%28around%3A1500%2C18.965000000000003%2C72.785%29%3Bway%5B%22amenity%22%3D%22university%22%5D%28around%3A1500%2C18.965000000000003%2C72.785%29%3Bnode%5B%22leisure%22%3D%22park%22%5D%28around%3A1500%2C18.965000000000003%2C72.785%29%3Bway%5B%22leisure%22%3D%22park%22%5D%28around%3A1500%2C18.965000000000003%2C72.785%29%3Bnode%5B%22natural%22%3D%22water%22%5D%28around%3A1500%2C18.965000000000003%2C72.785%29%3Bway%5B%22natural%22%3D%22water%22%5D%28around%3A1500%2C18.965000000000003%2C72.785%29%3Bnode%5B%22amenity%22%3D%22place_of_worship%22%5D%28around%3A1500%2C18.965000000000003%2C72.785%29%3Bway%5B%22amenity%22%3D%22place_of_worship%22%5D%28around%3A1500%2C18.965000000000003%2C72.785%29%3Bnode%5B%22highway%22%3D%22primary%22%5D%28around%3A1500%2C18.965000000000003%2C72.785%29%3Bway%5B%22highway%22%3D%22primary%22%5D%28around%3A1500%2C18.965000000000003%2C72.785%29%3B%29%3Bout+center%3B (Caused by ConnectTimeoutError(<HTTPConnection(host='overpass-api.de', port=80) at 0x2a8639aa8b0>, 'Connection to overpass-api.de timed out. (connect timeout=30)'))
2026-08-11 00:03:30,339 - CitySense.geo_utils - ERROR - Overpass API request failed: HTTPConnectionPool(host='overpass-api.de', port=80): Max retries exceeded with url: /api/interpreter?data=%5Bout%3Ajson%5D%5Btimeout%3A25%5D%3B%28node%5B%22amenity%22%3D%22hospital%22%5D%28around%3A1500%2C18.965%2C72.795%29%3Bway%5B%22amenity%22%3D%22hospital%22%5D%28around%3A1500%2C18.965%2C72.795%29%3Bnode%5B%22amenity%22%3D%22school%22%5D%28around%3A1500%2C18.965%2C72.795%29%3Bway%5B%22amenity%22%3D%22school%22%5D%28around%3A1500%2C18.965%2C72.795%29%3Bnode%5B%22railway%22%3D%22station%22%5D%28around%3A1500%2C18.965%2C72.795%29%3Bway%5B%22railway%22%3D%22station%22%5D%28around%3A1500%2C18.965%2C72.795%29%3Bnode%5B%22station%22%3D%22subway%22%5D%28around%3A1500%2C18.965%2C72.795%29%3Bway%5B%22station%22%3D%22subway%22%5D%28around%3A1500%2C18.965%2C72.795%29%3Bnode%5B%22amenity%22%3D%22university%22%5D%28around%3A1500%2C18.965%2C72.795%29%3Bway%5B%22amenity%22%3D%22university%22%5D%28around%3A1500%2C18.965%2C72.795%29%3Bnode%5B%22leisure%22%3D%22park%22%5D%28around%3A1500%2C18.965%2C72.795%29%3Bway%5B%22leisure%22%3D%22park%22%5D%28around%3A1500%2C18.965%2C72.795%29%3Bnode%5B%22natural%22%3D%22water%22%5D%28around%3A1500%2C18.965%2C72.795%29%3Bway%5B%22natural%22%3D%22water%22%5D%28around%3A1500%2C18.965%2C72.795%29%3Bnode%5B%22amenity%22%3D%22place_of_worship%22%5D%28around%3A1500%2C18.965%2C72.795%29%3Bway%5B%22amenity%22%3D%22place_of_worship%22%5D%28around%3A1500%2C18.965%2C72.795%29%3Bnode%5B%22highway%22%3D%22primary%22%5D%28around%3A1500%2C18.965%2C72.795%29%3Bway%5B%22highway%22%3D%22primary%22%5D%28around%3A1500%2C18.965%2C72.795%29%3B%29%3Bout+center%3B (Caused by ConnectTimeoutError(<HTTPConnection(host='overpass-api.de', port=80) at 0x2a863adfbd0>, 'Connection to overpass-api.de timed out. (connect timeout=30)'))
2026-08-11 00:04:14,505 - CitySense.geo_utils - ERROR - Overpass API request failed: HTTPConnectionPool(host='overpass-api.de', port=80): Max retries exceeded with url: /api/interpreter?data=%5Bout%3Ajson%5D%5Btimeout%3A25%5D%3B%28node%5B%22amenity%22%3D%22hospital%22%5D%28around%3A1500%2C18.965000000000003%2C72.805%29%3Bway%5B%22amenity%22%3D%22hospital%22%5D%28around%3A1500%2C18.965000000000003%2C72.805%29%3Bnode%5B%22amenity%22%3D%22school%22%5D%28around%3A1500%2C18.965000000000003%2C72.805%29%3Bway%5B%22amenity%22%3D%22school%22%5D%28around%3A1500%2C18.965000000000003%2C72.805%29%3Bnode%5B%22railway%22%3D%22station%22%5D%28around%3A1500%2C18.965000000000003%2C72.805%29%3Bway%5B%22railway%22%3D%22station%22%5D%28around%3A1500%2C18.965000000000003%2C72.805%29%3Bnode%5B%22station%22%3D%22subway%22%5D%28around%3A1500%2C18.965000000000003%2C72.805%29%3Bway%5B%22station%22%3D%22subway%22%5D%28around%3A1500%2C18.965000000000003%2C72.805%29%3Bnode%5B%22amenity%22%3D%22university%22%5D%28around%3A1500%2C18.965000000000003%2C72.805%29%3Bway%5B%22amenity%22%3D%22university%22%5D%28around%3A1500%2C18.965000000000003%2C72.805%29%3Bnode%5B%22leisure%22%3D%22park%22%5D%28around%3A1500%2C18.965000000000003%2C72.805%29%3Bway%5B%22leisure%22%3D%22park%22%5D%28around%3A1500%2C18.965000000000003%2C72.805%29%3Bnode%5B%22natural%22%3D%22water%22%5D%28around%3A1500%2C18.965000000000003%2C72.805%29%3Bway%5B%22natural%22%3D%22water%22%5D%28around%3A1500%2C18.965000000000003%2C72.805%29%3Bnode%5B%22amenity%22%3D%22place_of_worship%22%5D%28around%3A1500%2C18.965000000000003%2C72.805%29%3Bway%5B%22amenity%22%3D%22place_of_worship%22%5D%28around%3A1500%2C18.965000000000003%2C72.805%29%3Bnode%5B%22highway%22%3D%22primary%22%5D%28around%3A1500%2C18.965000000000003%2C72.805%29%3Bway%5B%22highway%22%3D%22primary%22%5D%28around%3A1500%2C18.965000000000003%2C72.805%29%3B%29%3Bout+center%3B (Caused by ConnectTimeoutError(<HTTPConnection(host='overpass-api.de', port=80) at 0x2a863add7b0>, 'Connection to overpass-api.de timed out. (connect timeout=30)'))
2026-08-11 00:04:57,911 - CitySense.geo_utils - ERROR - Overpass API request failed: HTTPConnectionPool(host='overpass-api.de', port=80): Max retries exceeded with url: /api/interpreter?data=%5Bout%3Ajson%5D%5Btimeout%3A25%5D%3B%28node%5B%22amenity%22%3D%22hospital%22%5D%28around%3A1500%2C18.965%2C72.815%29%3Bway%5B%22amenity%22%3D%22hospital%22%5D%28around%3A1500%2C18.965%2C72.815%29%3Bnode%5B%22amenity%22%3D%22school%22%5D%28around%3A1500%2C18.965%2C72.815%29%3Bway%5B%22amenity%22%3D%22school%22%5D%28around%3A1500%2C18.965%2C72.815%29%3Bnode%5B%22railway%22%3D%22station%22%5D%28around%3A1500%2C18.965%2C72.815%29%3Bway%5B%22railway%22%3D%22station%22%5D%28around%3A1500%2C18.965%2C72.815%29%3Bnode%5B%22station%22%3D%22subway%22%5D%28around%3A1500%2C18.965%2C72.815%29%3Bway%5B%22station%22%3D%22subway%22%5D%28around%3A1500%2C18.965%2C72.815%29%3Bnode%5B%22amenity%22%3D%22university%22%5D%28around%3A1500%2C18.965%2C72.815%29%3Bway%5B%22amenity%22%3D%22university%22%5D%28around%3A1500%2C18.965%2C72.815%29%3Bnode%5B%22leisure%22%3D%22park%22%5D%28around%3A1500%2C18.965%2C72.815%29%3Bway%5B%22leisure%22%3D%22park%22%5D%28around%3A1500%2C18.965%2C72.815%29%3Bnode%5B%22natural%22%3D%22water%22%5D%28around%3A1500%2C18.965%2C72.815%29%3Bway%5B%22natural%22%3D%22water%22%5D%28around%3A1500%2C18.965%2C72.815%29%3Bnode%5B%22amenity%22%3D%22place_of_worship%22%5D%28around%3A1500%2C18.965%2C72.815%29%3Bway%5B%22amenity%22%3D%22place_of_worship%22%5D%28around%3A1500%2C18.965%2C72.815%29%3Bnode%5B%22highway%22%3D%22primary%22%5D%28around%3A1500%2C18.965%2C72.815%29%3Bway%5B%22highway%22%3D%22primary%22%5D%28around%3A1500%2C18.965%2C72.815%29%3B%29%3Bout+center%3B (Caused by ConnectTimeoutError(<HTTPConnection(host='overpass-api.de', port=80) at 0x2a863adde10>, 'Connection to overpass-api.de timed out. (connect timeout=30)'))
2026-08-11 00:05:41,324 - CitySense.geo_utils - ERROR - Overpass API request failed: HTTPConnectionPool(host='overpass-api.de', port=80): Max retries exceeded with url: /api/interpreter?data=%5Bout%3Ajson%5D%5Btimeout%3A25%5D%3B%28node%5B%22amenity%22%3D%22hospital%22%5D%28around%3A1500%2C18.965000000000003%2C72.82499999999999%29%3Bway%5B%22amenity%22%3D%22hospital%22%5D%28around%3A1500%2C18.965000000000003%2C72.82499999999999%29%3Bnode%5B%22amenity%22%3D%22school%22%5D%28around%3A1500%2C18.965000000000003%2C72.82499999999999%29%3Bway%5B%22amenity%22%3D%22school%22%5D%28around%3A1500%2C18.965000000000003%2C72.82499999999999%29%3Bnode%5B%22railway%22%3D%22station%22%5D%28around%3A1500%2C18.965000000000003%2C72.82499999999999%29%3Bway%5B%22railway%22%3D%22station%22%5D%28around%3A1500%2C18.965000000000003%2C72.82499999999999%29%3Bnode%5B%22station%22%3D%22subway%22%5D%28around%3A1500%2C18.965000000000003%2C72.82499999999999%29%3Bway%5B%22station%22%3D%22subway%22%5D%28around%3A1500%2C18.965000000000003%2C72.82499999999999%29%3Bnode%5B%22amenity%22%3D%22university%22%5D%28around%3A1500%2C18.965000000000003%2C72.82499999999999%29%3Bway%5B%22amenity%22%3D%22university%22%5D%28around%3A1500%2C18.965000000000003%2C72.82499999999999%29%3Bnode%5B%22leisure%22%3D%22park%22%5D%28around%3A1500%2C18.965000000000003%2C72.82499999999999%29%3Bway%5B%22leisure%22%3D%22park%22%5D%28around%3A1500%2C18.965000000000003%2C72.82499999999999%29%3Bnode%5B%22natural%22%3D%22water%22%5D%28around%3A1500%2C18.965000000000003%2C72.82499999999999%29%3Bway%5B%22natural%22%3D%22water%22%5D%28around%3A1500%2C18.965000000000003%2C72.82499999999999%29%3Bnode%5B%22amenity%22%3D%22place_of_worship%22%5D%28around%3A1500%2C18.965000000000003%2C72.82499999999999%29%3Bway%5B%22amenity%22%3D%22place_of_worship%22%5D%28around%3A1500%2C18.965000000000003%2C72.82499999999999%29%3Bnode%5B%22highway%22%3D%22primary%22%5D%28around%3A1500%2C18.965000000000003%2C72.82499999999999%29%3Bway%5B%22highway%22%3D%22primary%22%5D%28around%3A1500%2C18.965000000000003%2C72.82499999999999%29%3B%29%3Bout+center%3B (Caused by ConnectTimeoutError(<HTTPConnection(host='overpass-api.de', port=80) at 0x2a863adf8a0>, 'Connection to overpass-api.de timed out. (connect timeout=30)'))
2026-08-11 00:06:25,026 - CitySense.geo_utils - ERROR - Overpass API request failed: HTTPConnectionPool(host='overpass-api.de', port=80): Max retries exceeded with url: /api/interpreter?data=%5Bout%3Ajson%5D%5Btimeout%3A25%5D%3B%28node%5B%22amenity%22%3D%22hospital%22%5D%28around%3A1500%2C18.965000000000003%2C72.83500000000001%29%3Bway%5B%22amenity%22%3D%22hospital%22%5D%28around%3A1500%2C18.965000000000003%2C72.83500000000001%29%3Bnode%5B%22amenity%22%3D%22school%22%5D%28around%3A1500%2C18.965000000000003%2C72.83500000000001%29%3Bway%5B%22amenity%22%3D%22school%22%5D%28around%3A1500%2C18.965000000000003%2C72.83500000000001%29%3Bnode%5B%22railway%22%3D%22station%22%5D%28around%3A1500%2C18.965000000000003%2C72.83500000000001%29%3Bway%5B%22railway%22%3D%22station%22%5D%28around%3A1500%2C18.965000000000003%2C72.83500000000001%29%3Bnode%5B%22station%22%3D%22subway%22%5D%28around%3A1500%2C18.965000000000003%2C72.83500000000001%29%3Bway%5B%22station%22%3D%22subway%22%5D%28around%3A1500%2C18.965000000000003%2C72.83500000000001%29%3Bnode%5B%22amenity%22%3D%22university%22%5D%28around%3A1500%2C18.965000000000003%2C72.83500000000001%29%3Bway%5B%22amenity%22%3D%22university%22%5D%28around%3A1500%2C18.965000000000003%2C72.83500000000001%29%3Bnode%5B%22leisure%22%3D%22park%22%5D%28around%3A1500%2C18.965000000000003%2C72.83500000000001%29%3Bway%5B%22leisure%22%3D%22park%22%5D%28around%3A1500%2C18.965000000000003%2C72.83500000000001%29%3Bnode%5B%22natural%22%3D%22water%22%5D%28around%3A1500%2C18.965000000000003%2C72.83500000000001%29%3Bway%5B%22natural%22%3D%22water%22%5D%28around%3A1500%2C18.965000000000003%2C72.83500000000001%29%3Bnode%5B%22amenity%22%3D%22place_of_worship%22%5D%28around%3A1500%2C18.965000000000003%2C72.83500000000001%29%3Bway%5B%22amenity%22%3D%22place_of_worship%22%5D%28around%3A1500%2C18.965000000000003%2C72.83500000000001%29%3Bnode%5B%22highway%22%3D%22primary%22%5D%28around%3A1500%2C18.965000000000003%2C72.83500000000001%29%3Bway%5B%22highway%22%3D%22primary%22%5D%28around%3A1500%2C18.965000000000003%2C72.83500000000001%29%3B%29%3Bout+center%3B (Caused by ConnectTimeoutError(<HTTPConnection(host='overpass-api.de', port=80) at 0x2a863adf680>, 'Connection to overpass-api.de timed out. (connect timeout=30)'))
2026-08-11 00:07:09,176 - CitySense.geo_utils - ERROR - Overpass API request failed: HTTPConnectionPool(host='overpass-api.de', port=80): Max retries exceeded with url: /api/interpreter?data=%5Bout%3Ajson%5D%5Btimeout%3A25%5D%3B%28node%5B%22amenity%22%3D%22hospital%22%5D%28around%3A1500%2C18.965%2C72.845%29%3Bway%5B%22amenity%22%3D%22hospital%22%5D%28around%3A1500%2C18.965%2C72.845%29%3Bnode%5B%22amenity%22%3D%22school%22%5D%28around%3A1500%2C18.965%2C72.845%29%3Bway%5B%22amenity%22%3D%22school%22%5D%28around%3A1500%2C18.965%2C72.845%29%3Bnode%5B%22railway%22%3D%22station%22%5D%28around%3A1500%2C18.965%2C72.845%29%3Bway%5B%22railway%22%3D%22station%22%5D%28around%3A1500%2C18.965%2C72.845%29%3Bnode%5B%22station%22%3D%22subway%22%5D%28around%3A1500%2C18.965%2C72.845%29%3Bway%5B%22station%22%3D%22subway%22%5D%28around%3A1500%2C18.965%2C72.845%29%3Bnode%5B%22amenity%22%3D%22university%22%5D%28around%3A1500%2C18.965%2C72.845%29%3Bway%5B%22amenity%22%3D%22university%22%5D%28around%3A1500%2C18.965%2C72.845%29%3Bnode%5B%22leisure%22%3D%22park%22%5D%28around%3A1500%2C18.965%2C72.845%29%3Bway%5B%22leisure%22%3D%22park%22%5D%28around%3A1500%2C18.965%2C72.845%29%3Bnode%5B%22natural%22%3D%22water%22%5D%28around%3A1500%2C18.965%2C72.845%29%3Bway%5B%22natural%22%3D%22water%22%5D%28around%3A1500%2C18.965%2C72.845%29%3Bnode%5B%22amenity%22%3D%22place_of_worship%22%5D%28around%3A1500%2C18.965%2C72.845%29%3Bway%5B%22amenity%22%3D%22place_of_worship%22%5D%28around%3A1500%2C18.965%2C72.845%29%3Bnode%5B%22highway%22%3D%22primary%22%5D%28around%3A1500%2C18.965%2C72.845%29%3Bway%5B%22highway%22%3D%22primary%22%5D%28around%3A1500%2C18.965%2C72.845%29%3B%29%3Bout+center%3B (Caused by ConnectTimeoutError(<HTTPConnection(host='overpass-api.de', port=80) at 0x2a863adf570>, 'Connection to overpass-api.de timed out. (connect timeout=30)'))
2026-08-11 00:07:53,336 - CitySense.geo_utils - ERROR - Overpass API request failed: HTTPConnectionPool(host='overpass-api.de', port=80): Max retries exceeded with url: /api/interpreter?data=%5Bout%3Ajson%5D%5Btimeout%3A25%5D%3B%28node%5B%22amenity%22%3D%22hospital%22%5D%28around%3A1500%2C18.965000000000003%2C72.85499999999999%29%3Bway%5B%22amenity%22%3D%22hospital%22%5D%28around%3A1500%2C18.965000000000003%2C72.85499999999999%29%3Bnode%5B%22amenity%22%3D%22school%22%5D%28around%3A1500%2C18.965000000000003%2C72.85499999999999%29%3Bway%5B%22amenity%22%3D%22school%22%5D%28around%3A1500%2C18.965000000000003%2C72.85499999999999%29%3Bnode%5B%22railway%22%3D%22station%22%5D%28around%3A1500%2C18.965000000000003%2C72.85499999999999%29%3Bway%5B%22railway%22%3D%22station%22%5D%28around%3A1500%2C18.965000000000003%2C72.85499999999999%29%3Bnode%5B%22station%22%3D%22subway%22%5D%28around%3A1500%2C18.965000000000003%2C72.85499999999999%29%3Bway%5B%22station%22%3D%22subway%22%5D%28around%3A1500%2C18.965000000000003%2C72.85499999999999%29%3Bnode%5B%22amenity%22%3D%22university%22%5D%28around%3A1500%2C18.965000000000003%2C72.85499999999999%29%3Bway%5B%22amenity%22%3D%22university%22%5D%28around%3A1500%2C18.965000000000003%2C72.85499999999999%29%3Bnode%5B%22leisure%22%3D%22park%22%5D%28around%3A1500%2C18.965000000000003%2C72.85499999999999%29%3Bway%5B%22leisure%22%3D%22park%22%5D%28around%3A1500%2C18.965000000000003%2C72.85499999999999%29%3Bnode%5B%22natural%22%3D%22water%22%5D%28around%3A1500%2C18.965000000000003%2C72.85499999999999%29%3Bway%5B%22natural%22%3D%22water%22%5D%28around%3A1500%2C18.965000000000003%2C72.85499999999999%29%3Bnode%5B%22amenity%22%3D%22place_of_worship%22%5D%28around%3A1500%2C18.965000000000003%2C72.85499999999999%29%3Bway%5B%22amenity%22%3D%22place_of_worship%22%5D%28around%3A1500%2C18.965000000000003%2C72.85499999999999%29%3Bnode%5B%22highway%22%3D%22primary%22%5D%28around%3A1500%2C18.965000000000003%2C72.85499999999999%29%3Bway%5B%22highway%22%3D%22primary%22%5D%28around%3A1500%2C18.965000000000003%2C72.85499999999999%29%3B%29%3Bout+center%3B (Caused by ConnectTimeoutError(<HTTPConnection(host='overpass-api.de', port=80) at 0x2a8639aa8b0>, 'Connection to overpass-api.de timed out. (connect timeout=30)'))
2026-08-11 00:08:36,921 - CitySense.geo_utils - ERROR - Overpass API request failed: HTTPConnectionPool(host='overpass-api.de', port=80): Max retries exceeded with url: /api/interpreter?data=%5Bout%3Ajson%5D%5Btimeout%3A25%5D%3B%28node%5B%22amenity%22%3D%22hospital%22%5D%28around%3A1500%2C18.965000000000003%2C72.86500000000001%29%3Bway%5B%22amenity%22%3D%22hospital%22%5D%28around%3A1500%2C18.965000000000003%2C72.86500000000001%29%3Bnode%5B%22amenity%22%3D%22school%22%5D%28around%3A1500%2C18.965000000000003%2C72.86500000000001%29%3Bway%5B%22amenity%22%3D%22school%22%5D%28around%3A1500%2C18.965000000000003%2C72.86500000000001%29%3Bnode%5B%22railway%22%3D%22station%22%5D%28around%3A1500%2C18.965000000000003%2C72.86500000000001%29%3Bway%5B%22railway%22%3D%22station%22%5D%28around%3A1500%2C18.965000000000003%2C72.86500000000001%29%3Bnode%5B%22station%22%3D%22subway%22%5D%28around%3A1500%2C18.965000000000003%2C72.86500000000001%29%3Bway%5B%22station%22%3D%22subway%22%5D%28around%3A1500%2C18.965000000000003%2C72.86500000000001%29%3Bnode%5B%22amenity%22%3D%22university%22%5D%28around%3A1500%2C18.965000000000003%2C72.86500000000001%29%3Bway%5B%22amenity%22%3D%22university%22%5D%28around%3A1500%2C18.965000000000003%2C72.86500000000001%29%3Bnode%5B%22leisure%22%3D%22park%22%5D%28around%3A1500%2C18.965000000000003%2C72.86500000000001%29%3Bway%5B%22leisure%22%3D%22park%22%5D%28around%3A1500%2C18.965000000000003%2C72.86500000000001%29%3Bnode%5B%22natural%22%3D%22water%22%5D%28around%3A1500%2C18.965000000000003%2C72.86500000000001%29%3Bway%5B%22natural%22%3D%22water%22%5D%28around%3A1500%2C18.965000000000003%2C72.86500000000001%29%3Bnode%5B%22amenity%22%3D%22place_of_worship%22%5D%28around%3A1500%2C18.965000000000003%2C72.86500000000001%29%3Bway%5B%22amenity%22%3D%22place_of_worship%22%5D%28around%3A1500%2C18.965000000000003%2C72.86500000000001%29%3Bnode%5B%22highway%22%3D%22primary%22%5D%28around%3A1500%2C18.965000000000003%2C72.86500000000001%29%3Bway%5B%22highway%22%3D%22primary%22%5D%28around%3A1500%2C18.965000000000003%2C72.86500000000001%29%3B%29%3Bout+center%3B (Caused by ConnectTimeoutError(<HTTPConnection(host='overpass-api.de', port=80) at 0x2a8639aa250>, 'Connection to overpass-api.de timed out. (connect timeout=30)'))
2026-08-11 00:09:20,619 - CitySense.geo_utils - ERROR - Overpass API request failed: HTTPConnectionPool(host='overpass-api.de', port=80): Max retries exceeded with url: /api/interpreter?data=%5Bout%3Ajson%5D%5Btimeout%3A25%5D%3B%28node%5B%22amenity%22%3D%22hospital%22%5D%28around%3A1500%2C18.965%2C72.875%29%3Bway%5B%22amenity%22%3D%22hospital%22%5D%28around%3A1500%2C18.965%2C72.875%29%3Bnode%5B%22amenity%22%3D%22school%22%5D%28around%3A1500%2C18.965%2C72.875%29%3Bway%5B%22amenity%22%3D%22school%22%5D%28around%3A1500%2C18.965%2C72.875%29%3Bnode%5B%22railway%22%3D%22station%22%5D%28around%3A1500%2C18.965%2C72.875%29%3Bway%5B%22railway%22%3D%22station%22%5D%28around%3A1500%2C18.965%2C72.875%29%3Bnode%5B%22station%22%3D%22subway%22%5D%28around%3A1500%2C18.965%2C72.875%29%3Bway%5B%22station%22%3D%22subway%22%5D%28around%3A1500%2C18.965%2C72.875%29%3Bnode%5B%22amenity%22%3D%22university%22%5D%28around%3A1500%2C18.965%2C72.875%29%3Bway%5B%22amenity%22%3D%22university%22%5D%28around%3A1500%2C18.965%2C72.875%29%3Bnode%5B%22leisure%22%3D%22park%22%5D%28around%3A1500%2C18.965%2C72.875%29%3Bway%5B%22leisure%22%3D%22park%22%5D%28around%3A1500%2C18.965%2C72.875%29%3Bnode%5B%22natural%22%3D%22water%22%5D%28around%3A1500%2C18.965%2C72.875%29%3Bway%5B%22natural%22%3D%22water%22%5D%28around%3A1500%2C18.965%2C72.875%29%3Bnode%5B%22amenity%22%3D%22place_of_worship%22%5D%28around%3A1500%2C18.965%2C72.875%29%3Bway%5B%22amenity%22%3D%22place_of_worship%22%5D%28around%3A1500%2C18.965%2C72.875%29%3Bnode%5B%22highway%22%3D%22primary%22%5D%28around%3A1500%2C18.965%2C72.875%29%3Bway%5B%22highway%22%3D%22primary%22%5D%28around%3A1500%2C18.965%2C72.875%29%3B%29%3Bout+center%3B (Caused by ConnectTimeoutError(<HTTPConnection(host='overpass-api.de', port=80) at 0x2a863adc490>, 'Connection to overpass-api.de timed out. (connect timeout=30)'))
2026-08-11 00:10:04,357 - CitySense.geo_utils - ERROR - Overpass API request failed: HTTPConnectionPool(host='overpass-api.de', port=80): Max retries exceeded with url: /api/interpreter?data=%5Bout%3Ajson%5D%5Btimeout%3A25%5D%3B%28node%5B%22amenity%22%3D%22hospital%22%5D%28around%3A1500%2C18.965000000000003%2C72.885%29%3Bway%5B%22amenity%22%3D%22hospital%22%5D%28around%3A1500%2C18.965000000000003%2C72.885%29%3Bnode%5B%22amenity%22%3D%22school%22%5D%28around%3A1500%2C18.965000000000003%2C72.885%29%3Bway%5B%22amenity%22%3D%22school%22%5D%28around%3A1500%2C18.965000000000003%2C72.885%29%3Bnode%5B%22railway%22%3D%22station%22%5D%28around%3A1500%2C18.965000000000003%2C72.885%29%3Bway%5B%22railway%22%3D%22station%22%5D%28around%3A1500%2C18.965000000000003%2C72.885%29%3Bnode%5B%22station%22%3D%22subway%22%5D%28around%3A1500%2C18.965000000000003%2C72.885%29%3Bway%5B%22station%22%3D%22subway%22%5D%28around%3A1500%2C18.965000000000003%2C72.885%29%3Bnode%5B%22amenity%22%3D%22university%22%5D%28around%3A1500%2C18.965000000000003%2C72.885%29%3Bway%5B%22amenity%22%3D%22university%22%5D%28around%3A1500%2C18.965000000000003%2C72.885%29%3Bnode%5B%22leisure%22%3D%22park%22%5D%28around%3A1500%2C18.965000000000003%2C72.885%29%3Bway%5B%22leisure%22%3D%22park%22%5D%28around%3A1500%2C18.965000000000003%2C72.885%29%3Bnode%5B%22natural%22%3D%22water%22%5D%28around%3A1500%2C18.965000000000003%2C72.885%29%3Bway%5B%22natural%22%3D%22water%22%5D%28around%3A1500%2C18.965000000000003%2C72.885%29%3Bnode%5B%22amenity%22%3D%22place_of_worship%22%5D%28around%3A1500%2C18.965000000000003%2C72.885%29%3Bway%5B%22amenity%22%3D%22place_of_worship%22%5D%28around%3A1500%2C18.965000000000003%2C72.885%29%3Bnode%5B%22highway%22%3D%22primary%22%5D%28around%3A1500%2C18.965000000000003%2C72.885%29%3Bway%5B%22highway%22%3D%22primary%22%5D%28around%3A1500%2C18.965000000000003%2C72.885%29%3B%29%3Bout+center%3B (Caused by ConnectTimeoutError(<HTTPConnection(host='overpass-api.de', port=80) at 0x2a863adf790>, 'Connection to overpass-api.de timed out. (connect timeout=30)'))
2026-08-11 00:10:47,774 - CitySense.geo_utils - ERROR - Overpass API request failed: HTTPConnectionPool(host='overpass-api.de', port=80): Max retries exceeded with url: /api/interpreter?data=%5Bout%3Ajson%5D%5Btimeout%3A25%5D%3B%28node%5B%22amenity%22%3D%22hospital%22%5D%28around%3A1500%2C18.965000000000003%2C72.89500000000001%29%3Bway%5B%22amenity%22%3D%22hospital%22%5D%28around%3A1500%2C18.965000000000003%2C72.89500000000001%29%3Bnode%5B%22amenity%22%3D%22school%22%5D%28around%3A1500%2C18.965000000000003%2C72.89500000000001%29%3Bway%5B%22amenity%22%3D%22school%22%5D%28around%3A1500%2C18.965000000000003%2C72.89500000000001%29%3Bnode%5B%22railway%22%3D%22station%22%5D%28around%3A1500%2C18.965000000000003%2C72.89500000000001%29%3Bway%5B%22railway%22%3D%22station%22%5D%28around%3A1500%2C18.965000000000003%2C72.89500000000001%29%3Bnode%5B%22station%22%3D%22subway%22%5D%28around%3A1500%2C18.965000000000003%2C72.89500000000001%29%3Bway%5B%22station%22%3D%22subway%22%5D%28around%3A1500%2C18.965000000000003%2C72.89500000000001%29%3Bnode%5B%22amenity%22%3D%22university%22%5D%28around%3A1500%2C18.965000000000003%2C72.89500000000001%29%3Bway%5B%22amenity%22%3D%22university%22%5D%28around%3A1500%2C18.965000000000003%2C72.89500000000001%29%3Bnode%5B%22leisure%22%3D%22park%22%5D%28around%3A1500%2C18.965000000000003%2C72.89500000000001%29%3Bway%5B%22leisure%22%3D%22park%22%5D%28around%3A1500%2C18.965000000000003%2C72.89500000000001%29%3Bnode%5B%22natural%22%3D%22water%22%5D%28around%3A1500%2C18.965000000000003%2C72.89500000000001%29%3Bway%5B%22natural%22%3D%22water%22%5D%28around%3A1500%2C18.965000000000003%2C72.89500000000001%29%3Bnode%5B%22amenity%22%3D%22place_of_worship%22%5D%28around%3A1500%2C18.965000000000003%2C72.89500000000001%29%3Bway%5B%22amenity%22%3D%22place_of_worship%22%5D%28around%3A1500%2C18.965000000000003%2C72.89500000000001%29%3Bnode%5B%22highway%22%3D%22primary%22%5D%28around%3A1500%2C18.965000000000003%2C72.89500000000001%29%3Bway%5B%22highway%22%3D%22primary%22%5D%28around%3A1500%2C18.965000000000003%2C72.89500000000001%29%3B%29%3Bout+center%3B (Caused by ConnectTimeoutError(<HTTPConnection(host='overpass-api.de', port=80) at 0x2a863adc7c0>, 'Connection to overpass-api.de timed out. (connect timeout=30)'))
2026-08-11 00:11:31,927 - CitySense.geo_utils - ERROR - Overpass API request failed: HTTPConnectionPool(host='overpass-api.de', port=80): Max retries exceeded with url: /api/interpreter?data=%5Bout%3Ajson%5D%5Btimeout%3A25%5D%3B%28node%5B%22amenity%22%3D%22hospital%22%5D%28around%3A1500%2C18.965%2C72.905%29%3Bway%5B%22amenity%22%3D%22hospital%22%5D%28around%3A1500%2C18.965%2C72.905%29%3Bnode%5B%22amenity%22%3D%22school%22%5D%28around%3A1500%2C18.965%2C72.905%29%3Bway%5B%22amenity%22%3D%22school%22%5D%28around%3A1500%2C18.965%2C72.905%29%3Bnode%5B%22railway%22%3D%22station%22%5D%28around%3A1500%2C18.965%2C72.905%29%3Bway%5B%22railway%22%3D%22station%22%5D%28around%3A1500%2C18.965%2C72.905%29%3Bnode%5B%22station%22%3D%22subway%22%5D%28around%3A1500%2C18.965%2C72.905%29%3Bway%5B%22station%22%3D%22subway%22%5D%28around%3A1500%2C18.965%2C72.905%29%3Bnode%5B%22amenity%22%3D%22university%22%5D%28around%3A1500%2C18.965%2C72.905%29%3Bway%5B%22amenity%22%3D%22university%22%5D%28around%3A1500%2C18.965%2C72.905%29%3Bnode%5B%22leisure%22%3D%22park%22%5D%28around%3A1500%2C18.965%2C72.905%29%3Bway%5B%22leisure%22%3D%22park%22%5D%28around%3A1500%2C18.965%2C72.905%29%3Bnode%5B%22natural%22%3D%22water%22%5D%28around%3A1500%2C18.965%2C72.905%29%3Bway%5B%22natural%22%3D%22water%22%5D%28around%3A1500%2C18.965%2C72.905%29%3Bnode%5B%22amenity%22%3D%22place_of_worship%22%5D%28around%3A1500%2C18.965%2C72.905%29%3Bway%5B%22amenity%22%3D%22place_of_worship%22%5D%28around%3A1500%2C18.965%2C72.905%29%3Bnode%5B%22highway%22%3D%22primary%22%5D%28around%3A1500%2C18.965%2C72.905%29%3Bway%5B%22highway%22%3D%22primary%22%5D%28around%3A1500%2C18.965%2C72.905%29%3B%29%3Bout+center%3B (Caused by ConnectTimeoutError(<HTTPConnection(host='overpass-api.de', port=80) at 0x2a863add9d0>, 'Connection to overpass-api.de timed out. (connect timeout=30)'))
2026-08-11 00:12:15,611 - CitySense.geo_utils - ERROR - Overpass API request failed: HTTPConnectionPool(host='overpass-api.de', port=80): Max retries exceeded with url: /api/interpreter?data=%5Bout%3Ajson%5D%5Btimeout%3A25%5D%3B%28node%5B%22amenity%22%3D%22hospital%22%5D%28around%3A1500%2C18.965000000000003%2C72.91499999999999%29%3Bway%5B%22amenity%22%3D%22hospital%22%5D%28around%3A1500%2C18.965000000000003%2C72.91499999999999%29%3Bnode%5B%22amenity%22%3D%22school%22%5D%28around%3A1500%2C18.965000000000003%2C72.91499999999999%29%3Bway%5B%22amenity%22%3D%22school%22%5D%28around%3A1500%2C18.965000000000003%2C72.91499999999999%29%3Bnode%5B%22railway%22%3D%22station%22%5D%28around%3A1500%2C18.965000000000003%2C72.91499999999999%29%3Bway%5B%22railway%22%3D%22station%22%5D%28around%3A1500%2C18.965000000000003%2C72.91499999999999%29%3Bnode%5B%22station%22%3D%22subway%22%5D%28around%3A1500%2C18.965000000000003%2C72.91499999999999%29%3Bway%5B%22station%22%3D%22subway%22%5D%28around%3A1500%2C18.965000000000003%2C72.91499999999999%29%3Bnode%5B%22amenity%22%3D%22university%22%5D%28around%3A1500%2C18.965000000000003%2C72.91499999999999%29%3Bway%5B%22amenity%22%3D%22university%22%5D%28around%3A1500%2C18.965000000000003%2C72.91499999999999%29%3Bnode%5B%22leisure%22%3D%22park%22%5D%28around%3A1500%2C18.965000000000003%2C72.91499999999999%29%3Bway%5B%22leisure%22%3D%22park%22%5D%28around%3A1500%2C18.965000000000003%2C72.91499999999999%29%3Bnode%5B%22natural%22%3D%22water%22%5D%28around%3A1500%2C18.965000000000003%2C72.91499999999999%29%3Bway%5B%22natural%22%3D%22water%22%5D%28around%3A1500%2C18.965000000000003%2C72.91499999999999%29%3Bnode%5B%22amenity%22%3D%22place_of_worship%22%5D%28around%3A1500%2C18.965000000000003%2C72.91499999999999%29%3Bway%5B%22amenity%22%3D%22place_of_worship%22%5D%28around%3A1500%2C18.965000000000003%2C72.91499999999999%29%3Bnode%5B%22highway%22%3D%22primary%22%5D%28around%3A1500%2C18.965000000000003%2C72.91499999999999%29%3Bway%5B%22highway%22%3D%22primary%22%5D%28around%3A1500%2C18.965000000000003%2C72.91499999999999%29%3B%29%3Bout+center%3B (Caused by ConnectTimeoutError(<HTTPConnection(host='overpass-api.de', port=80) at 0x2a863adff00>, 'Connection to overpass-api.de timed out. (connect timeout=30)'))
2026-08-11 00:12:59,307 - CitySense.geo_utils - ERROR - Overpass API request failed: HTTPConnectionPool(host='overpass-api.de', port=80): Max retries exceeded with url: /api/interpreter?data=%5Bout%3Ajson%5D%5Btimeout%3A25%5D%3B%28node%5B%22amenity%22%3D%22hospital%22%5D%28around%3A1500%2C18.965000000000003%2C72.925%29%3Bway%5B%22amenity%22%3D%22hospital%22%5D%28around%3A1500%2C18.965000000000003%2C72.925%29%3Bnode%5B%22amenity%22%3D%22school%22%5D%28around%3A1500%2C18.965000000000003%2C72.925%29%3Bway%5B%22amenity%22%3D%22school%22%5D%28around%3A1500%2C18.965000000000003%2C72.925%29%3Bnode%5B%22railway%22%3D%22station%22%5D%28around%3A1500%2C18.965000000000003%2C72.925%29%3Bway%5B%22railway%22%3D%22station%22%5D%28around%3A1500%2C18.965000000000003%2C72.925%29%3Bnode%5B%22station%22%3D%22subway%22%5D%28around%3A1500%2C18.965000000000003%2C72.925%29%3Bway%5B%22station%22%3D%22subway%22%5D%28around%3A1500%2C18.965000000000003%2C72.925%29%3Bnode%5B%22amenity%22%3D%22university%22%5D%28around%3A1500%2C18.965000000000003%2C72.925%29%3Bway%5B%22amenity%22%3D%22university%22%5D%28around%3A1500%2C18.965000000000003%2C72.925%29%3Bnode%5B%22leisure%22%3D%22park%22%5D%28around%3A1500%2C18.965000000000003%2C72.925%29%3Bway%5B%22leisure%22%3D%22park%22%5D%28around%3A1500%2C18.965000000000003%2C72.925%29%3Bnode%5B%22natural%22%3D%22water%22%5D%28around%3A1500%2C18.965000000000003%2C72.925%29%3Bway%5B%22natural%22%3D%22water%22%5D%28around%3A1500%2C18.965000000000003%2C72.925%29%3Bnode%5B%22amenity%22%3D%22place_of_worship%22%5D%28around%3A1500%2C18.965000000000003%2C72.925%29%3Bway%5B%22amenity%22%3D%22place_of_worship%22%5D%28around%3A1500%2C18.965000000000003%2C72.925%29%3Bnode%5B%22highway%22%3D%22primary%22%5D%28around%3A1500%2C18.965000000000003%2C72.925%29%3Bway%5B%22highway%22%3D%22primary%22%5D%28around%3A1500%2C18.965000000000003%2C72.925%29%3B%29%3Bout+center%3B (Caused by ConnectTimeoutError(<HTTPConnection(host='overpass-api.de', port=80) at 0x2a863adf460>, 'Connection to overpass-api.de timed out. (connect timeout=30)'))
2026-08-11 01:20:02,218 - CitySense.geo_utils - ERROR - Overpass API request failed: HTTPConnectionPool(host='overpass-api.de', port=80): Max retries exceeded with url: /api/interpreter?data=%5Bout%3Ajson%5D%5Btimeout%3A25%5D%3B%28node%5B%22amenity%22%3D%22hospital%22%5D%28around%3A1500%2C18.965%2C72.93499999999999%29%3Bway%5B%22amenity%22%3D%22hospital%22%5D%28around%3A1500%2C18.965%2C72.93499999999999%29%3Bnode%5B%22amenity%22%3D%22school%22%5D%28around%3A1500%2C18.965%2C72.93499999999999%29%3Bway%5B%22amenity%22%3D%22school%22%5D%28around%3A1500%2C18.965%2C72.93499999999999%29%3Bnode%5B%22railway%22%3D%22station%22%5D%28around%3A1500%2C18.965%2C72.93499999999999%29%3Bway%5B%22railway%22%3D%22station%22%5D%28around%3A1500%2C18.965%2C72.93499999999999%29%3Bnode%5B%22station%22%3D%22subway%22%5D%28around%3A1500%2C18.965%2C72.93499999999999%29%3Bway%5B%22station%22%3D%22subway%22%5D%28around%3A1500%2C18.965%2C72.93499999999999%29%3Bnode%5B%22amenity%22%3D%22university%22%5D%28around%3A1500%2C18.965%2C72.93499999999999%29%3Bway%5B%22amenity%22%3D%22university%22%5D%28around%3A1500%2C18.965%2C72.93499999999999%29%3Bnode%5B%22leisure%22%3D%22park%22%5D%28around%3A1500%2C18.965%2C72.93499999999999%29%3Bway%5B%22leisure%22%3D%22park%22%5D%28around%3A1500%2C18.965%2C72.93499999999999%29%3Bnode%5B%22natural%22%3D%22water%22%5D%28around%3A1500%2C18.965%2C72.93499999999999%29%3Bway%5B%22natural%22%3D%22water%22%5D%28around%3A1500%2C18.965%2C72.93499999999999%29%3Bnode%5B%22amenity%22%3D%22place_of_worship%22%5D%28around%3A1500%2C18.965%2C72.93499999999999%29%3Bway%5B%22amenity%22%3D%22place_of_worship%22%5D%28around%3A1500%2C18.965%2C72.93499999999999%29%3Bnode%5B%22highway%22%3D%22primary%22%5D%28around%3A1500%2C18.965%2C72.93499999999999%29%3Bway%5B%22highway%22%3D%22primary%22%5D%28around%3A1500%2C18.965%2C72.93499999999999%29%3B%29%3Bout+center%3B (Caused by ConnectTimeoutError(<HTTPConnection(host='overpass-api.de', port=80) at 0x2a863adf240>, 'Connection to overpass-api.de timed out. (connect timeout=30)'))
2026-08-11 01:23:05,804 - CitySense - INFO - === City Sense Pipeline Started ===
2026-08-11 01:23:05,811 - CitySense - INFO - Validating configuration...
2026-08-11 01:23:05,817 - CitySense - INFO - Configuration is valid.
2026-08-11 01:23:23,500 - CitySense - INFO - Skipping stage 'Generate grid'; output already exists: D:\Clg\Major Project\CitySense\city_sense\data\grid.geojson
2026-08-11 01:23:23,500 - CitySense - INFO - Skipping stage 'Fetch NDVI'; output already exists: D:\Clg\Major Project\CitySense\city_sense\data\ndvi_grid.geojson
2026-08-11 01:23:23,500 - CitySense - INFO - Skipping stage 'Fetch land-surface temperature'; output already exists: D:\Clg\Major Project\CitySense\city_sense\data\lst_grid.geojson
2026-08-11 01:23:23,500 - CitySense - INFO - Skipping stage 'Fetch NDBI'; output already exists: D:\Clg\Major Project\CitySense\city_sense\data\ndbi_grid.geojson
2026-08-11 01:23:23,500 - CitySense - INFO - Skipping stage 'Fetch DEM'; output already exists: D:\Clg\Major Project\CitySense\city_sense\data\dem_grid.geojson
2026-08-11 01:23:23,500 - CitySense - INFO - Running stage: Merge indicators
2026-08-11 01:23:23,500 - CitySense.processing.merge_indicators - INFO - === City Sense -- Week 4: Merge Indicators ===
2026-08-11 01:23:23,506 - CitySense.processing.merge_indicators - INFO - Loading indicator layers...
2026-08-11 01:23:24,099 - CitySense.processing.merge_indicators - INFO - [NDVI] 836 cells, column: mean_ndvi
2026-08-11 01:23:24,131 - CitySense.processing.merge_indicators - INFO - [LST] 836 cells, column: mean_lst
2026-08-11 01:23:24,166 - CitySense.processing.merge_indicators - INFO - [NDBI] 836 cells, column: mean_ndbi
2026-08-11 01:23:24,196 - CitySense.processing.merge_indicators - INFO - [DEM] 836 cells, column: mean_dem
2026-08-11 01:23:24,199 - CitySense.processing.merge_indicators - INFO - Merged dataset: 836 rows x 6 columns
2026-08-11 01:23:24,199 - CitySense.processing.merge_indicators - INFO - Columns: ['cell_id', 'mean_ndvi', 'mean_lst', 'mean_ndbi', 'mean_dem', 'geometry']
2026-08-11 01:23:24,203 - CitySense.processing.merge_indicators - DEBUG - First 5 rows:
cell_id  mean_ndvi  mean_lst  mean_ndbi  mean_dem
  r0_c0  -0.143165 30.243749  -0.052936  0.000000
  r0_c1  -0.151584 30.268030  -0.054288  0.000000
  r0_c2  -0.161391 30.272786  -0.067398  0.000000
  r0_c3  -0.013260 33.068555  -0.049276  1.899245
  r0_c4  -0.006067 33.255702  -0.075647  3.256442
2026-08-11 01:23:24,210 - CitySense.processing.merge_indicators - DEBUG - Basic statistics:
        mean_ndvi    mean_lst   mean_ndbi    mean_dem
count  836.000000  836.000000  836.000000  836.000000
mean     0.095393   37.205626   -0.067646   22.427618
std      0.182677    5.150374    0.076193   49.434387
min     -0.202734   30.017884   -0.335785   -0.505823
25%     -0.118259   31.395320   -0.103111    0.000000
50%      0.152285   37.768269   -0.056164    3.802165
75%      0.224524   41.910599   -0.016208   15.012170
max      0.523807   48.929549    0.124413  363.190029
2026-08-11 01:23:24,211 - CitySense.processing.merge_indicators - INFO - No missing values in any column.
2026-08-11 01:23:24,239 - CitySense.processing.merge_indicators - INFO - Saved master dataset to: D:\Clg\Major Project\CitySense\city_sense\data/cells_master.geojson
2026-08-11 01:23:24,239 - CitySense.processing.merge_indicators - INFO - === Merge complete! ===
2026-08-11 01:23:24,240 - CitySense - INFO - Completed stage: Merge indicators (0.74s)
2026-08-11 01:23:24,240 - CitySense - INFO - Running stage: Compute UHI
2026-08-11 01:23:24,240 - CitySense.processing.compute_uhi - INFO - === City Sense -- Week 5: Compute UHI Intensity ===
2026-08-11 01:23:24,271 - CitySense.processing.compute_uhi - INFO - Loaded 836 cells from D:\Clg\Major Project\CitySense\city_sense\data/cells_master.geojson
2026-08-11 01:23:24,271 - CitySense.processing.compute_uhi - INFO - Baseline zone defined as: lon [72.87, 72.93], lat [19.18, 19.25]
2026-08-11 01:23:24,649 - CitySense.processing.compute_uhi - INFO - Selected 42 cells as the baseline reference.
2026-08-11 01:23:24,649 - CitySense.processing.compute_uhi - INFO - Rural/Green reference temperature (mean): 39.01 C
2026-08-11 01:23:24,655 - CitySense.processing.compute_uhi - INFO - UHI Intensity stats:
2026-08-11 01:23:24,655 - CitySense.processing.compute_uhi - INFO -   Min : -8.99 C
2026-08-11 01:23:24,655 - CitySense.processing.compute_uhi - INFO -   Max : 9.92 C
2026-08-11 01:23:24,655 - CitySense.processing.compute_uhi - INFO -   Mean: -1.80 C
2026-08-11 01:23:24,656 - CitySense.processing.compute_uhi - INFO - Number of cells with UHI > +5 C: 70
2026-08-11 01:23:24,656 - CitySense.processing.compute_uhi - INFO - Mean NDBI of these hot cells: 0.028 (expect positive/high)
2026-08-11 01:23:24,682 - CitySense.processing.compute_uhi - INFO - Updated master dataset with 'uhi_intensity' column.
2026-08-11 01:23:24,682 - CitySense.processing.compute_uhi - INFO - Generating UHI map...
2026-08-11 01:23:25,134 - CitySense.processing.compute_uhi - INFO - Saved UHI map to: D:\Clg\Major Project\CitySense\city_sense\data\uhi_map.png
2026-08-11 01:23:25,134 - CitySense.processing.compute_uhi - INFO - === UHI computation complete! ===
2026-08-11 01:23:25,134 - CitySense - INFO - Completed stage: Compute UHI (0.89s)
2026-08-11 01:23:25,134 - CitySense - INFO - Running stage: Analyze LST and NDVI
2026-08-11 01:23:25,134 - CitySense.processing.lst_ndvi_analysis - INFO - === City Sense -- Week 5: LST-NDVI Correlation Analysis ===
2026-08-11 01:23:25,172 - CitySense.processing.lst_ndvi_analysis - INFO - Loaded 836 cells from D:\Clg\Major Project\CitySense\city_sense\data/cells_master.geojson
2026-08-11 01:23:25,174 - CitySense.processing.lst_ndvi_analysis - INFO - Cells with both valid NDVI and LST: 836
2026-08-11 01:23:25,175 - CitySense.processing.lst_ndvi_analysis - INFO - --- Pearson Correlation ---
2026-08-11 01:23:25,175 - CitySense.processing.lst_ndvi_analysis - INFO - r       = 0.6386
2026-08-11 01:23:25,175 - CitySense.processing.lst_ndvi_analysis - INFO - p-value = 5.68e-97
2026-08-11 01:23:25,175 - CitySense.processing.lst_ndvi_analysis - INFO - Result: Statistically significant correlation.
2026-08-11 01:23:25,175 - CitySense.processing.lst_ndvi_analysis - INFO - --- Linear Regression (LST ~ NDVI) ---
2026-08-11 01:23:25,175 - CitySense.processing.lst_ndvi_analysis - INFO - Equation: LST = 18.00 * NDVI + 35.49
2026-08-11 01:23:25,176 - CitySense.processing.lst_ndvi_analysis - INFO - R-squared: 0.4078
2026-08-11 01:23:25,176 - CitySense.processing.lst_ndvi_analysis - INFO - --- Interpretation ---
2026-08-11 01:23:25,176 - CitySense.processing.lst_ndvi_analysis - WARNING - Unexpected positive slope. Vegetation does not appear to have a cooling effect here.
2026-08-11 01:23:25,176 - CitySense.processing.lst_ndvi_analysis - INFO - Generating scatter plot...
2026-08-11 01:23:25,687 - CitySense.processing.lst_ndvi_analysis - INFO - Saved scatter plot to: D:\Clg\Major Project\CitySense\city_sense\data\lst_ndvi_scatter.png
2026-08-11 01:23:25,687 - CitySense.processing.lst_ndvi_analysis - INFO - === LST-NDVI analysis complete! ===
2026-08-11 01:23:25,687 - CitySense - INFO - Completed stage: Analyze LST and NDVI (0.55s)
2026-08-11 01:23:25,687 - CitySense - INFO - Running stage: Score cells with PCA
2026-08-11 01:23:25,687 - CitySense.processing.pca_scoring - INFO - === City Sense -- Week 6: PCA Scoring ===
2026-08-11 01:23:25,711 - CitySense.processing.pca_scoring - INFO - Loaded 836 cells from D:\Clg\Major Project\CitySense\city_sense\data/cells_master.geojson
2026-08-11 01:23:25,714 - CitySense.processing.pca_scoring - INFO - Normalising features to [0, 1] range...
2026-08-11 01:23:25,717 - CitySense.processing.pca_scoring - INFO - Saved MinMaxScaler to D:\Clg\Major Project\CitySense\city_sense\models\scaler.pkl
2026-08-11 01:23:25,718 - CitySense.processing.pca_scoring - INFO - Scaled data ranges:
2026-08-11 01:23:25,718 - CitySense.processing.pca_scoring - INFO -   mean_lst: min=0.00, max=1.00
2026-08-11 01:23:25,718 - CitySense.processing.pca_scoring - INFO -   mean_ndvi: min=0.00, max=1.00
2026-08-11 01:23:25,718 - CitySense.processing.pca_scoring - INFO -   mean_ndbi: min=0.00, max=1.00
2026-08-11 01:23:25,719 - CitySense.processing.pca_scoring - INFO -   mean_dem: min=0.00, max=1.00
2026-08-11 01:23:25,719 - CitySense.processing.pca_scoring - INFO - Aligning feature directions towards RISK...
2026-08-11 01:23:25,719 - CitySense.processing.pca_scoring - INFO -   - Inverting mean_ndvi (less greenery = higher risk)
2026-08-11 01:23:25,719 - CitySense.processing.pca_scoring - INFO -   - Inverting mean_dem (lower elevation = higher flood risk)
2026-08-11 01:23:25,720 - CitySense.processing.pca_scoring - INFO - Fitting PCA (n_components=1)...
2026-08-11 01:23:25,722 - CitySense.processing.pca_scoring - INFO - PCA Explained Variance Ratio: 0.6537 (65.4%)
2026-08-11 01:23:25,722 - CitySense.processing.pca_scoring - INFO - Feature Loadings for PC1:
2026-08-11 01:23:25,722 - CitySense.processing.pca_scoring - INFO -   mean_lst: 0.7418
2026-08-11 01:23:25,722 - CitySense.processing.pca_scoring - INFO -   mean_ndvi: -0.6151
2026-08-11 01:23:25,722 - CitySense.processing.pca_scoring - INFO -   mean_ndbi: 0.2146
2026-08-11 01:23:25,722 - CitySense.processing.pca_scoring - INFO -   mean_dem: -0.1593
2026-08-11 01:23:25,722 - CitySense.processing.pca_scoring - INFO - --- Risk Score Stats ---
2026-08-11 01:23:25,723 - CitySense.processing.pca_scoring - INFO -   Min: 0.00
2026-08-11 01:23:25,723 - CitySense.processing.pca_scoring - INFO -   Max: 100.00
2026-08-11 01:23:25,723 - CitySense.processing.pca_scoring - INFO -   Mean: 51.78
2026-08-11 01:23:25,723 - CitySense.processing.pca_scoring - INFO -   Median: 63.97
2026-08-11 01:23:25,723 - CitySense.processing.pca_scoring - INFO - --- Sustainability Score Stats ---
2026-08-11 01:23:25,723 - CitySense.processing.pca_scoring - INFO -   Min: 0.00
2026-08-11 01:23:25,723 - CitySense.processing.pca_scoring - INFO -   Max: 100.00
2026-08-11 01:23:25,723 - CitySense.processing.pca_scoring - INFO -   Mean: 48.22
2026-08-11 01:23:25,724 - CitySense.processing.pca_scoring - INFO -   Median: 36.03
2026-08-11 01:23:25,754 - CitySense.processing.pca_scoring - INFO - Updated master dataset with 'risk_score' and 'sustainability_score'.
2026-08-11 01:23:25,755 - CitySense.processing.pca_scoring - INFO - Saved PCA model to D:\Clg\Major Project\CitySense\city_sense\models\pca_model.pkl
2026-08-11 01:23:25,755 - CitySense.processing.pca_scoring - INFO - === PCA Scoring complete! ===
2026-08-11 01:23:25,756 - CitySense - INFO - Completed stage: Score cells with PCA (0.07s)
2026-08-11 01:23:25,756 - CitySense - INFO - Running stage: Cluster urban typologies
2026-08-11 01:23:25,756 - CitySense.processing.kmeans_clustering - INFO - === City Sense -- Week 6: K-Means Clustering ===
2026-08-11 01:23:25,792 - CitySense.processing.kmeans_clustering - INFO - Loaded 836 cells from D:\Clg\Major Project\CitySense\city_sense\data/cells_master.geojson
2026-08-11 01:23:25,794 - CitySense.processing.kmeans_clustering - INFO - Normalising features for clustering...
2026-08-11 01:23:25,796 - CitySense.processing.kmeans_clustering - INFO - Running silhouette analysis to evaluate k (2 to 6)...
2026-08-11 01:23:30,884 - CitySense.processing.kmeans_clustering - INFO -   k=2 | Silhouette Score = 0.5666
2026-08-11 01:23:30,906 - CitySense.processing.kmeans_clustering - INFO -   k=3 | Silhouette Score = 0.5607
2026-08-11 01:23:30,928 - CitySense.processing.kmeans_clustering - INFO -   k=4 | Silhouette Score = 0.5911
2026-08-11 01:23:30,965 - CitySense.processing.kmeans_clustering - INFO -   k=5 | Silhouette Score = 0.4924
2026-08-11 01:23:30,999 - CitySense.processing.kmeans_clustering - INFO -   k=6 | Silhouette Score = 0.4513
2026-08-11 01:23:31,000 - CitySense.processing.kmeans_clustering - INFO - Best k by silhouette score: 4
2026-08-11 01:23:31,138 - CitySense.processing.kmeans_clustering - INFO - Saved silhouette plot to D:\Clg\Major Project\CitySense\city_sense\data\kmeans_silhouette.png
2026-08-11 01:23:31,138 - CitySense.processing.kmeans_clustering - INFO - Fitting final K-Means model with k=4...
2026-08-11 01:23:31,146 - CitySense.processing.kmeans_clustering - INFO - Cluster Centroids (Scaled 0-1):
2026-08-11 01:23:31,151 - CitySense.processing.kmeans_clustering - INFO -    mean_lst  mean_ndvi  mean_ndbi  mean_dem
2026-08-11 01:23:31,151 - CitySense.processing.kmeans_clustering - INFO - 0  0.072943   0.107249   0.532396  0.004021
2026-08-11 01:23:31,151 - CitySense.processing.kmeans_clustering - INFO - 1  0.442968   0.740041   0.622675  0.456473
2026-08-11 01:23:31,151 - CitySense.processing.kmeans_clustering - INFO - 2  0.644395   0.516023   0.702010  0.050269
2026-08-11 01:23:31,151 - CitySense.processing.kmeans_clustering - INFO - 3  0.303690   0.664508   0.310278  0.017573
2026-08-11 01:23:31,152 - CitySense.processing.kmeans_clustering - INFO - Assigned typologies:
2026-08-11 01:23:31,152 - CitySense.processing.kmeans_clustering - INFO -   Cluster 0: Coastal/Lowland Urban
2026-08-11 01:23:31,152 - CitySense.processing.kmeans_clustering - INFO -   Cluster 1: Green/Forested
2026-08-11 01:23:31,152 - CitySense.processing.kmeans_clustering - INFO -   Cluster 2: Dense Urban Heat
2026-08-11 01:23:31,152 - CitySense.processing.kmeans_clustering - INFO -   Cluster 3: Green/Forested
2026-08-11 01:23:31,199 - CitySense.processing.kmeans_clustering - INFO - Updated master dataset with 'cluster' assignments.
2026-08-11 01:23:31,201 - CitySense.processing.kmeans_clustering - INFO - Cluster distribution:
2026-08-11 01:23:31,202 - CitySense.processing.kmeans_clustering - INFO -   Cluster 2: Dense Urban Heat: 359 cells
2026-08-11 01:23:31,202 - CitySense.processing.kmeans_clustering - INFO -   Cluster 0: Coastal/Lowland Urban: 295 cells
2026-08-11 01:23:31,202 - CitySense.processing.kmeans_clustering - INFO -   Cluster 3: Green/Forested: 113 cells
2026-08-11 01:23:31,202 - CitySense.processing.kmeans_clustering - INFO -   Cluster 1: Green/Forested: 69 cells
2026-08-11 01:23:31,202 - CitySense.processing.kmeans_clustering - INFO - === K-Means Clustering complete! ===
2026-08-11 01:23:31,203 - CitySense - INFO - Completed stage: Cluster urban typologies (5.45s)
2026-08-11 01:23:31,203 - CitySense - INFO - Running stage: Train explainability model
2026-08-11 01:23:31,203 - CitySense.processing.train_explainability - INFO - === City Sense – Week 6: Explainability Layer ===
2026-08-11 01:23:31,210 - CitySense.processing.train_explainability - INFO - Loading master dataset …
2026-08-11 01:23:31,254 - CitySense.processing.train_explainability - INFO - Loaded 836 cells  |  columns: ['cell_id', 'mean_ndvi', 'mean_lst', 'mean_ndbi', 'mean_dem', 'uhi_intensity', 'risk_score', 'sustainability_score', 'cluster_id', 'cluster', 'geometry']
2026-08-11 01:23:31,255 - CitySense.processing.train_explainability - INFO - Features shape: (836, 4)  |  Target range: [0.00, 100.00]
2026-08-11 01:23:31,255 - CitySense.processing.train_explainability - INFO - Splitting data (test_size=0.2, random_seed=42) …
2026-08-11 01:23:31,256 - CitySense.processing.train_explainability - INFO - Train: 668  |  Test: 168
2026-08-11 01:23:31,256 - CitySense.processing.train_explainability - INFO - Fitting StandardScaler on training set …
2026-08-11 01:23:31,258 - CitySense.processing.train_explainability - INFO - [OK] Scaler saved → D:\Clg\Major Project\CitySense\city_sense\models/explain_scaler.pkl
2026-08-11 01:23:31,258 - CitySense.processing.train_explainability - INFO - Training RandomForestRegressor (n_estimators=200, max_depth=5) …
2026-08-11 01:23:31,512 - CitySense.processing.train_explainability - INFO - [OK] Model saved → D:\Clg\Major Project\CitySense\city_sense\models/risk_model.pkl
2026-08-11 01:23:31,570 - CitySense.processing.train_explainability - INFO - Test-set evaluation:
2026-08-11 01:23:31,570 - CitySense.processing.train_explainability - INFO -   R² Score             : 0.9934
2026-08-11 01:23:31,571 - CitySense.processing.train_explainability - INFO -   Mean Absolute Error  : 1.8507
2026-08-11 01:23:31,571 - CitySense.processing.train_explainability - INFO -   Root Mean Sq Error   : 2.5785
2026-08-11 01:23:31,571 - CitySense.processing.train_explainability - INFO - Generating feature importance chart …
2026-08-11 01:23:31,724 - CitySense.processing.train_explainability - INFO - [OK] Saved → D:\Clg\Major Project\CitySense\city_sense\data/feature_importance.png
2026-08-11 01:23:31,724 - CitySense.processing.train_explainability - INFO - Computing SHAP values (TreeExplainer, full dataset) …
2026-08-11 01:23:32,003 - CitySense.processing.train_explainability - INFO - SHAP values shape: (836, 4)
2026-08-11 01:23:32,004 - CitySense.processing.train_explainability - INFO - Generating SHAP summary plot …
2026-08-11 01:23:32,225 - CitySense.processing.train_explainability - INFO - [OK] Saved → D:\Clg\Major Project\CitySense\city_sense\data/shap_summary.png
2026-08-11 01:23:32,226 - CitySense.processing.train_explainability - INFO - Extracting per-cell top positive / negative drivers …
2026-08-11 01:23:32,286 - CitySense.processing.train_explainability - INFO - [OK] Master GeoJSON updated → D:\Clg\Major Project\CitySense\city_sense\data/cells_master.geojson
2026-08-11 01:23:32,286 - CitySense.processing.train_explainability - INFO - New columns: top_positive_driver, top_positive_shap, top_negative_driver, top_negative_shap, explanation_text
2026-08-11 01:23:32,286 - CitySense.processing.train_explainability - INFO - Sample cell explanations:
2026-08-11 01:23:32,287 - CitySense.processing.train_explainability - INFO -   r10_c19  risk= 13.3  cluster=Cluster 0: Coastal/Lowland Urban
2026-08-11 01:23:32,287 - CitySense.processing.train_explainability - INFO -            ➜ Low risk driven by low LST (temperature) (-33.05)
2026-08-11 01:23:32,287 - CitySense.processing.train_explainability - INFO -   r35_c19  risk= 83.2  cluster=Cluster 1: Green/Forested
2026-08-11 01:23:32,287 - CitySense.processing.train_explainability - INFO -            ➜ High risk driven by high LST (temperature) (+16.21) and low NDBI (built-up) (-0.33)
2026-08-11 01:23:32,287 - CitySense.processing.train_explainability - INFO -   r2_c17  risk= 16.1  cluster=Cluster 0: Coastal/Lowland Urban
2026-08-11 01:23:32,288 - CitySense.processing.train_explainability - INFO -            ➜ Low risk driven by low LST (temperature) (-30.88)
2026-08-11 01:23:32,288 - CitySense.processing.train_explainability - INFO -   r17_c1  risk=  8.4  cluster=Cluster 0: Coastal/Lowland Urban
2026-08-11 01:23:32,288 - CitySense.processing.train_explainability - INFO -            ➜ Low risk driven by high NDBI (built-up) (+0.41) and low LST (temperature) (-35.01)
2026-08-11 01:23:32,288 - CitySense.processing.train_explainability - INFO -   r37_c13  risk= 76.4  cluster=Cluster 1: Green/Forested
2026-08-11 01:23:32,288 - CitySense.processing.train_explainability - INFO -            ➜ High risk driven by high LST (temperature) (+10.39)
2026-08-11 01:23:32,288 - CitySense.processing.train_explainability - INFO -   r8_c12  risk=  1.5  cluster=Cluster 0: Coastal/Lowland Urban
2026-08-11 01:23:32,288 - CitySense.processing.train_explainability - INFO -            ➜ Low risk driven by low LST (temperature) (-36.05)
2026-08-11 01:23:32,289 - CitySense.processing.train_explainability - INFO - Sanity checks:
2026-08-11 01:23:32,289 - CitySense.processing.train_explainability - INFO - ✔ LST and NDVI are the top-2 predictors – matches domain knowledge
2026-08-11 01:23:32,291 - CitySense.processing.train_explainability - INFO - ✔ 100% of the 20 hottest cells have positive LST SHAP (expected ~100%)
2026-08-11 01:23:32,292 - CitySense.processing.train_explainability - INFO - Generating top-driver map …
2026-08-11 01:23:32,565 - CitySense.processing.train_explainability - INFO - [OK] Saved → D:\Clg\Major Project\CitySense\city_sense\data/top_driver_map.png
2026-08-11 01:23:32,567 - CitySense.processing.train_explainability - INFO - === Week 6 Explainability Layer complete! ===
2026-08-11 01:23:32,567 - CitySense - INFO - Completed stage: Train explainability model (1.36s)
2026-08-11 01:23:32,568 - CitySense - INFO - Running stage: Create dashboard explanations
2026-08-11 01:23:32,568 - CitySense.processing.generate_explanations_json - INFO - === City Sense -- Generate Explanations JSON ===
2026-08-11 01:23:32,574 - CitySense.processing.generate_explanations_json - INFO - Loading master dataset from D:\Clg\Major Project\CitySense\city_sense\data/cells_master.geojson
2026-08-11 01:23:32,612 - CitySense.processing.generate_explanations_json - INFO - Extracting explanation data...
2026-08-11 01:23:32,662 - CitySense.processing.generate_explanations_json - INFO - Saved explanations for 836 cells to D:\Clg\Major Project\CitySense\city_sense\data/cell_explanations.json
2026-08-11 01:23:32,662 - CitySense.processing.generate_explanations_json - INFO - === Generation complete! ===
2026-08-11 01:23:32,663 - CitySense - INFO - Completed stage: Create dashboard explanations (0.10s)
2026-08-11 01:23:32,664 - CitySense - INFO - Skipping stage 'Generate environmental intelligence'; output already exists: D:\Clg\Major Project\CitySense\city_sense\data\environmental_intelligence.json
2026-08-11 01:23:32,664 - CitySense - INFO - Skipping stage 'Generate planning profiles'; output already exists: D:\Clg\Major Project\CitySense\city_sense\data\planning_profiles.json
2026-08-11 01:23:32,664 - CitySense - INFO - Running stage: Enrich geographic metadata
2026-08-11 01:23:32,664 - CitySense.metadata.geo_enrichment - INFO - === City Sense -- Phase 1: Geographic Enrichment ===
2026-08-11 01:23:32,670 - CitySense.metadata.geo_enrichment - INFO - Loading master dataset from D:\Clg\Major Project\CitySense\city_sense\data\cells_master.geojson
2026-08-11 01:23:32,699 - CitySense.metadata.geo_enrichment - INFO - Computing area and centroid statistics...
2026-08-11 01:23:32,808 - CitySense.metadata.geo_enrichment - INFO - Enriching 836 grid cells. This may take a while due to API rate limits...
2026-08-11 01:24:14,891 - CitySense.geo_utils - WARNING - Overpass API attempt 1/3 failed: HTTPConnectionPool(host='overpass-api.de', port=80): Max retries exceeded with url: /api/interpreter?data=%5Bout%3Ajson%5D%5Btimeout%3A25%5D%3B%28node%5B%22amenity%22%3D%22hospital%22%5D%28around%3A1500%2C18.965000000000003%2C72.945%29%3Bway%5B%22amenity%22%3D%22hospital%22%5D%28around%3A1500%2C18.965000000000003%2C72.945%29%3Bnode%5B%22amenity%22%3D%22school%22%5D%28around%3A1500%2C18.965000000000003%2C72.945%29%3Bway%5B%22amenity%22%3D%22school%22%5D%28around%3A1500%2C18.965000000000003%2C72.945%29%3Bnode%5B%22railway%22%3D%22station%22%5D%28around%3A1500%2C18.965000000000003%2C72.945%29%3Bway%5B%22railway%22%3D%22station%22%5D%28around%3A1500%2C18.965000000000003%2C72.945%29%3Bnode%5B%22station%22%3D%22subway%22%5D%28around%3A1500%2C18.965000000000003%2C72.945%29%3Bway%5B%22station%22%3D%22subway%22%5D%28around%3A1500%2C18.965000000000003%2C72.945%29%3Bnode%5B%22amenity%22%3D%22university%22%5D%28around%3A1500%2C18.965000000000003%2C72.945%29%3Bway%5B%22amenity%22%3D%22university%22%5D%28around%3A1500%2C18.965000000000003%2C72.945%29%3Bnode%5B%22leisure%22%3D%22park%22%5D%28around%3A1500%2C18.965000000000003%2C72.945%29%3Bway%5B%22leisure%22%3D%22park%22%5D%28around%3A1500%2C18.965000000000003%2C72.945%29%3Bnode%5B%22natural%22%3D%22water%22%5D%28around%3A1500%2C18.965000000000003%2C72.945%29%3Bway%5B%22natural%22%3D%22water%22%5D%28around%3A1500%2C18.965000000000003%2C72.945%29%3Bnode%5B%22amenity%22%3D%22place_of_worship%22%5D%28around%3A1500%2C18.965000000000003%2C72.945%29%3Bway%5B%22amenity%22%3D%22place_of_worship%22%5D%28around%3A1500%2C18.965000000000003%2C72.945%29%3Bnode%5B%22highway%22%3D%22primary%22%5D%28around%3A1500%2C18.965000000000003%2C72.945%29%3Bway%5B%22highway%22%3D%22primary%22%5D%28around%3A1500%2C18.965000000000003%2C72.945%29%3B%29%3Bout+center%3B (Caused by ConnectTimeoutError(<HTTPConnection(host='overpass-api.de', port=80) at 0x201ca6306e0>, 'Connection to overpass-api.de timed out. (connect timeout=30)')). Retrying in 2s...
2026-08-11 01:24:58,984 - CitySense.geo_utils - WARNING - Overpass API attempt 2/3 failed: HTTPConnectionPool(host='overpass-api.de', port=80): Max retries exceeded with url: /api/interpreter?data=%5Bout%3Ajson%5D%5Btimeout%3A25%5D%3B%28node%5B%22amenity%22%3D%22hospital%22%5D%28around%3A1500%2C18.965000000000003%2C72.945%29%3Bway%5B%22amenity%22%3D%22hospital%22%5D%28around%3A1500%2C18.965000000000003%2C72.945%29%3Bnode%5B%22amenity%22%3D%22school%22%5D%28around%3A1500%2C18.965000000000003%2C72.945%29%3Bway%5B%22amenity%22%3D%22school%22%5D%28around%3A1500%2C18.965000000000003%2C72.945%29%3Bnode%5B%22railway%22%3D%22station%22%5D%28around%3A1500%2C18.965000000000003%2C72.945%29%3Bway%5B%22railway%22%3D%22station%22%5D%28around%3A1500%2C18.965000000000003%2C72.945%29%3Bnode%5B%22station%22%3D%22subway%22%5D%28around%3A1500%2C18.965000000000003%2C72.945%29%3Bway%5B%22station%22%3D%22subway%22%5D%28around%3A1500%2C18.965000000000003%2C72.945%29%3Bnode%5B%22amenity%22%3D%22university%22%5D%28around%3A1500%2C18.965000000000003%2C72.945%29%3Bway%5B%22amenity%22%3D%22university%22%5D%28around%3A1500%2C18.965000000000003%2C72.945%29%3Bnode%5B%22leisure%22%3D%22park%22%5D%28around%3A1500%2C18.965000000000003%2C72.945%29%3Bway%5B%22leisure%22%3D%22park%22%5D%28around%3A1500%2C18.965000000000003%2C72.945%29%3Bnode%5B%22natural%22%3D%22water%22%5D%28around%3A1500%2C18.965000000000003%2C72.945%29%3Bway%5B%22natural%22%3D%22water%22%5D%28around%3A1500%2C18.965000000000003%2C72.945%29%3Bnode%5B%22amenity%22%3D%22place_of_worship%22%5D%28around%3A1500%2C18.965000000000003%2C72.945%29%3Bway%5B%22amenity%22%3D%22place_of_worship%22%5D%28around%3A1500%2C18.965000000000003%2C72.945%29%3Bnode%5B%22highway%22%3D%22primary%22%5D%28around%3A1500%2C18.965000000000003%2C72.945%29%3Bway%5B%22highway%22%3D%22primary%22%5D%28around%3A1500%2C18.965000000000003%2C72.945%29%3B%29%3Bout+center%3B (Caused by ConnectTimeoutError(<HTTPConnection(host='overpass-api.de', port=80) at 0x201cac6e850>, 'Connection to overpass-api.de timed out. (connect timeout=30)')). Retrying in 4s...
2026-08-11 01:25:45,071 - CitySense.geo_utils - ERROR - Overpass API request failed after 3 attempts: HTTPConnectionPool(host='overpass-api.de', port=80): Max retries exceeded with url: /api/interpreter?data=%5Bout%3Ajson%5D%5Btimeout%3A25%5D%3B%28node%5B%22amenity%22%3D%22hospital%22%5D%28around%3A1500%2C18.965000000000003%2C72.945%29%3Bway%5B%22amenity%22%3D%22hospital%22%5D%28around%3A1500%2C18.965000000000003%2C72.945%29%3Bnode%5B%22amenity%22%3D%22school%22%5D%28around%3A1500%2C18.965000000000003%2C72.945%29%3Bway%5B%22amenity%22%3D%22school%22%5D%28around%3A1500%2C18.965000000000003%2C72.945%29%3Bnode%5B%22railway%22%3D%22station%22%5D%28around%3A1500%2C18.965000000000003%2C72.945%29%3Bway%5B%22railway%22%3D%22station%22%5D%28around%3A1500%2C18.965000000000003%2C72.945%29%3Bnode%5B%22station%22%3D%22subway%22%5D%28around%3A1500%2C18.965000000000003%2C72.945%29%3Bway%5B%22station%22%3D%22subway%22%5D%28around%3A1500%2C18.965000000000003%2C72.945%29%3Bnode%5B%22amenity%22%3D%22university%22%5D%28around%3A1500%2C18.965000000000003%2C72.945%29%3Bway%5B%22amenity%22%3D%22university%22%5D%28around%3A1500%2C18.965000000000003%2C72.945%29%3Bnode%5B%22leisure%22%3D%22park%22%5D%28around%3A1500%2C18.965000000000003%2C72.945%29%3Bway%5B%22leisure%22%3D%22park%22%5D%28around%3A1500%2C18.965000000000003%2C72.945%29%3Bnode%5B%22natural%22%3D%22water%22%5D%28around%3A1500%2C18.965000000000003%2C72.945%29%3Bway%5B%22natural%22%3D%22water%22%5D%28around%3A1500%2C18.965000000000003%2C72.945%29%3Bnode%5B%22amenity%22%3D%22place_of_worship%22%5D%28around%3A1500%2C18.965000000000003%2C72.945%29%3Bway%5B%22amenity%22%3D%22place_of_worship%22%5D%28around%3A1500%2C18.965000000000003%2C72.945%29%3Bnode%5B%22highway%22%3D%22primary%22%5D%28around%3A1500%2C18.965000000000003%2C72.945%29%3Bway%5B%22highway%22%3D%22primary%22%5D%28around%3A1500%2C18.965000000000003%2C72.945%29%3B%29%3Bout+center%3B (Caused by ConnectTimeoutError(<HTTPConnection(host='overpass-api.de', port=80) at 0x201cac6efd0>, 'Connection to overpass-api.de timed out. (connect timeout=30)'))
2026-08-11 01:26:29,341 - CitySense.geo_utils - WARNING - Overpass API attempt 1/3 failed: HTTPConnectionPool(host='overpass-api.de', port=80): Max retries exceeded with url: /api/interpreter?data=%5Bout%3Ajson%5D%5Btimeout%3A25%5D%3B%28node%5B%22amenity%22%3D%22hospital%22%5D%28around%3A1500%2C18.965%2C72.95500000000001%29%3Bway%5B%22amenity%22%3D%22hospital%22%5D%28around%3A1500%2C18.965%2C72.95500000000001%29%3Bnode%5B%22amenity%22%3D%22school%22%5D%28around%3A1500%2C18.965%2C72.95500000000001%29%3Bway%5B%22amenity%22%3D%22school%22%5D%28around%3A1500%2C18.965%2C72.95500000000001%29%3Bnode%5B%22railway%22%3D%22station%22%5D%28around%3A1500%2C18.965%2C72.95500000000001%29%3Bway%5B%22railway%22%3D%22station%22%5D%28around%3A1500%2C18.965%2C72.95500000000001%29%3Bnode%5B%22station%22%3D%22subway%22%5D%28around%3A1500%2C18.965%2C72.95500000000001%29%3Bway%5B%22station%22%3D%22subway%22%5D%28around%3A1500%2C18.965%2C72.95500000000001%29%3Bnode%5B%22amenity%22%3D%22university%22%5D%28around%3A1500%2C18.965%2C72.95500000000001%29%3Bway%5B%22amenity%22%3D%22university%22%5D%28around%3A1500%2C18.965%2C72.95500000000001%29%3Bnode%5B%22leisure%22%3D%22park%22%5D%28around%3A1500%2C18.965%2C72.95500000000001%29%3Bway%5B%22leisure%22%3D%22park%22%5D%28around%3A1500%2C18.965%2C72.95500000000001%29%3Bnode%5B%22natural%22%3D%22water%22%5D%28around%3A1500%2C18.965%2C72.95500000000001%29%3Bway%5B%22natural%22%3D%22water%22%5D%28around%3A1500%2C18.965%2C72.95500000000001%29%3Bnode%5B%22amenity%22%3D%22place_of_worship%22%5D%28around%3A1500%2C18.965%2C72.95500000000001%29%3Bway%5B%22amenity%22%3D%22place_of_worship%22%5D%28around%3A1500%2C18.965%2C72.95500000000001%29%3Bnode%5B%22highway%22%3D%22primary%22%5D%28around%3A1500%2C18.965%2C72.95500000000001%29%3Bway%5B%22highway%22%3D%22primary%22%5D%28around%3A1500%2C18.965%2C72.95500000000001%29%3B%29%3Bout+center%3B (Caused by ConnectTimeoutError(<HTTPConnection(host='overpass-api.de', port=80) at 0x201d0411ba0>, 'Connection to overpass-api.de timed out. (connect timeout=30)')). Retrying in 2s...
2026-08-11 01:27:13,423 - CitySense.geo_utils - WARNING - Overpass API attempt 2/3 failed: HTTPConnectionPool(host='overpass-api.de', port=80): Max retries exceeded with url: /api/interpreter?data=%5Bout%3Ajson%5D%5Btimeout%3A25%5D%3B%28node%5B%22amenity%22%3D%22hospital%22%5D%28around%3A1500%2C18.965%2C72.95500000000001%29%3Bway%5B%22amenity%22%3D%22hospital%22%5D%28around%3A1500%2C18.965%2C72.95500000000001%29%3Bnode%5B%22amenity%22%3D%22school%22%5D%28around%3A1500%2C18.965%2C72.95500000000001%29%3Bway%5B%22amenity%22%3D%22school%22%5D%28around%3A1500%2C18.965%2C72.95500000000001%29%3Bnode%5B%22railway%22%3D%22station%22%5D%28around%3A1500%2C18.965%2C72.95500000000001%29%3Bway%5B%22railway%22%3D%22station%22%5D%28around%3A1500%2C18.965%2C72.95500000000001%29%3Bnode%5B%22station%22%3D%22subway%22%5D%28around%3A1500%2C18.965%2C72.95500000000001%29%3Bway%5B%22station%22%3D%22subway%22%5D%28around%3A1500%2C18.965%2C72.95500000000001%29%3Bnode%5B%22amenity%22%3D%22university%22%5D%28around%3A1500%2C18.965%2C72.95500000000001%29%3Bway%5B%22amenity%22%3D%22university%22%5D%28around%3A1500%2C18.965%2C72.95500000000001%29%3Bnode%5B%22leisure%22%3D%22park%22%5D%28around%3A1500%2C18.965%2C72.95500000000001%29%3Bway%5B%22leisure%22%3D%22park%22%5D%28around%3A1500%2C18.965%2C72.95500000000001%29%3Bnode%5B%22natural%22%3D%22water%22%5D%28around%3A1500%2C18.965%2C72.95500000000001%29%3Bway%5B%22natural%22%3D%22water%22%5D%28around%3A1500%2C18.965%2C72.95500000000001%29%3Bnode%5B%22amenity%22%3D%22place_of_worship%22%5D%28around%3A1500%2C18.965%2C72.95500000000001%29%3Bway%5B%22amenity%22%3D%22place_of_worship%22%5D%28around%3A1500%2C18.965%2C72.95500000000001%29%3Bnode%5B%22highway%22%3D%22primary%22%5D%28around%3A1500%2C18.965%2C72.95500000000001%29%3Bway%5B%22highway%22%3D%22primary%22%5D%28around%3A1500%2C18.965%2C72.95500000000001%29%3B%29%3Bout+center%3B (Caused by ConnectTimeoutError(<HTTPConnection(host='overpass-api.de', port=80) at 0x201d0411e00>, 'Connection to overpass-api.de timed out. (connect timeout=30)')). Retrying in 4s...
2026-08-11 01:27:59,529 - CitySense.geo_utils - ERROR - Overpass API request failed after 3 attempts: HTTPConnectionPool(host='overpass-api.de', port=80): Max retries exceeded with url: /api/interpreter?data=%5Bout%3Ajson%5D%5Btimeout%3A25%5D%3B%28node%5B%22amenity%22%3D%22hospital%22%5D%28around%3A1500%2C18.965%2C72.95500000000001%29%3Bway%5B%22amenity%22%3D%22hospital%22%5D%28around%3A1500%2C18.965%2C72.95500000000001%29%3Bnode%5B%22amenity%22%3D%22school%22%5D%28around%3A1500%2C18.965%2C72.95500000000001%29%3Bway%5B%22amenity%22%3D%22school%22%5D%28around%3A1500%2C18.965%2C72.95500000000001%29%3Bnode%5B%22railway%22%3D%22station%22%5D%28around%3A1500%2C18.965%2C72.95500000000001%29%3Bway%5B%22railway%22%3D%22station%22%5D%28around%3A1500%2C18.965%2C72.95500000000001%29%3Bnode%5B%22station%22%3D%22subway%22%5D%28around%3A1500%2C18.965%2C72.95500000000001%29%3Bway%5B%22station%22%3D%22subway%22%5D%28around%3A1500%2C18.965%2C72.95500000000001%29%3Bnode%5B%22amenity%22%3D%22university%22%5D%28around%3A1500%2C18.965%2C72.95500000000001%29%3Bway%5B%22amenity%22%3D%22university%22%5D%28around%3A1500%2C18.965%2C72.95500000000001%29%3Bnode%5B%22leisure%22%3D%22park%22%5D%28around%3A1500%2C18.965%2C72.95500000000001%29%3Bway%5B%22leisure%22%3D%22park%22%5D%28around%3A1500%2C18.965%2C72.95500000000001%29%3Bnode%5B%22natural%22%3D%22water%22%5D%28around%3A1500%2C18.965%2C72.95500000000001%29%3Bway%5B%22natural%22%3D%22water%22%5D%28around%3A1500%2C18.965%2C72.95500000000001%29%3Bnode%5B%22amenity%22%3D%22place_of_worship%22%5D%28around%3A1500%2C18.965%2C72.95500000000001%29%3Bway%5B%22amenity%22%3D%22place_of_worship%22%5D%28around%3A1500%2C18.965%2C72.95500000000001%29%3Bnode%5B%22highway%22%3D%22primary%22%5D%28around%3A1500%2C18.965%2C72.95500000000001%29%3Bway%5B%22highway%22%3D%22primary%22%5D%28around%3A1500%2C18.965%2C72.95500000000001%29%3B%29%3Bout+center%3B (Caused by ConnectTimeoutError(<HTTPConnection(host='overpass-api.de', port=80) at 0x201ca895eb0>, 'Connection to overpass-api.de timed out. (connect timeout=30)'))
2026-08-11 01:28:43,710 - CitySense.geo_utils - WARNING - Overpass API attempt 1/3 failed: HTTPConnectionPool(host='overpass-api.de', port=80): Max retries exceeded with url: /api/interpreter?data=%5Bout%3Ajson%5D%5Btimeout%3A25%5D%3B%28node%5B%22amenity%22%3D%22hospital%22%5D%28around%3A1500%2C18.965000000000003%2C72.96499999999999%29%3Bway%5B%22amenity%22%3D%22hospital%22%5D%28around%3A1500%2C18.965000000000003%2C72.96499999999999%29%3Bnode%5B%22amenity%22%3D%22school%22%5D%28around%3A1500%2C18.965000000000003%2C72.96499999999999%29%3Bway%5B%22amenity%22%3D%22school%22%5D%28around%3A1500%2C18.965000000000003%2C72.96499999999999%29%3Bnode%5B%22railway%22%3D%22station%22%5D%28around%3A1500%2C18.965000000000003%2C72.96499999999999%29%3Bway%5B%22railway%22%3D%22station%22%5D%28around%3A1500%2C18.965000000000003%2C72.96499999999999%29%3Bnode%5B%22station%22%3D%22subway%22%5D%28around%3A1500%2C18.965000000000003%2C72.96499999999999%29%3Bway%5B%22station%22%3D%22subway%22%5D%28around%3A1500%2C18.965000000000003%2C72.96499999999999%29%3Bnode%5B%22amenity%22%3D%22university%22%5D%28around%3A1500%2C18.965000000000003%2C72.96499999999999%29%3Bway%5B%22amenity%22%3D%22university%22%5D%28around%3A1500%2C18.965000000000003%2C72.96499999999999%29%3Bnode%5B%22leisure%22%3D%22park%22%5D%28around%3A1500%2C18.965000000000003%2C72.96499999999999%29%3Bway%5B%22leisure%22%3D%22park%22%5D%28around%3A1500%2C18.965000000000003%2C72.96499999999999%29%3Bnode%5B%22natural%22%3D%22water%22%5D%28around%3A1500%2C18.965000000000003%2C72.96499999999999%29%3Bway%5B%22natural%22%3D%22water%22%5D%28around%3A1500%2C18.965000000000003%2C72.96499999999999%29%3Bnode%5B%22amenity%22%3D%22place_of_worship%22%5D%28around%3A1500%2C18.965000000000003%2C72.96499999999999%29%3Bway%5B%22amenity%22%3D%22place_of_worship%22%5D%28around%3A1500%2C18.965000000000003%2C72.96499999999999%29%3Bnode%5B%22highway%22%3D%22primary%22%5D%28around%3A1500%2C18.965000000000003%2C72.96499999999999%29%3Bway%5B%22highway%22%3D%22primary%22%5D%28around%3A1500%2C18.965000000000003%2C72.96499999999999%29%3B%29%3Bout+center%3B (Caused by ConnectTimeoutError(<HTTPConnection(host='overpass-api.de', port=80) at 0x201ca65a8b0>, 'Connection to overpass-api.de timed out. (connect timeout=30)')). Retrying in 2s...
2026-08-11 01:29:27,820 - CitySense.geo_utils - WARNING - Overpass API attempt 2/3 failed: HTTPConnectionPool(host='overpass-api.de', port=80): Max retries exceeded with url: /api/interpreter?data=%5Bout%3Ajson%5D%5Btimeout%3A25%5D%3B%28node%5B%22amenity%22%3D%22hospital%22%5D%28around%3A1500%2C18.965000000000003%2C72.96499999999999%29%3Bway%5B%22amenity%22%3D%22hospital%22%5D%28around%3A1500%2C18.965000000000003%2C72.96499999999999%29%3Bnode%5B%22amenity%22%3D%22school%22%5D%28around%3A1500%2C18.965000000000003%2C72.96499999999999%29%3Bway%5B%22amenity%22%3D%22school%22%5D%28around%3A1500%2C18.965000000000003%2C72.96499999999999%29%3Bnode%5B%22railway%22%3D%22station%22%5D%28around%3A1500%2C18.965000000000003%2C72.96499999999999%29%3Bway%5B%22railway%22%3D%22station%22%5D%28around%3A1500%2C18.965000000000003%2C72.96499999999999%29%3Bnode%5B%22station%22%3D%22subway%22%5D%28around%3A1500%2C18.965000000000003%2C72.96499999999999%29%3Bway%5B%22station%22%3D%22subway%22%5D%28around%3A1500%2C18.965000000000003%2C72.96499999999999%29%3Bnode%5B%22amenity%22%3D%22university%22%5D%28around%3A1500%2C18.965000000000003%2C72.96499999999999%29%3Bway%5B%22amenity%22%3D%22university%22%5D%28around%3A1500%2C18.965000000000003%2C72.96499999999999%29%3Bnode%5B%22leisure%22%3D%22park%22%5D%28around%3A1500%2C18.965000000000003%2C72.96499999999999%29%3Bway%5B%22leisure%22%3D%22park%22%5D%28around%3A1500%2C18.965000000000003%2C72.96499999999999%29%3Bnode%5B%22natural%22%3D%22water%22%5D%28around%3A1500%2C18.965000000000003%2C72.96499999999999%29%3Bway%5B%22natural%22%3D%22water%22%5D%28around%3A1500%2C18.965000000000003%2C72.96499999999999%29%3Bnode%5B%22amenity%22%3D%22place_of_worship%22%5D%28around%3A1500%2C18.965000000000003%2C72.96499999999999%29%3Bway%5B%22amenity%22%3D%22place_of_worship%22%5D%28around%3A1500%2C18.965000000000003%2C72.96499999999999%29%3Bnode%5B%22highway%22%3D%22primary%22%5D%28around%3A1500%2C18.965000000000003%2C72.96499999999999%29%3Bway%5B%22highway%22%3D%22primary%22%5D%28around%3A1500%2C18.965000000000003%2C72.96499999999999%29%3B%29%3Bout+center%3B (Caused by ConnectTimeoutError(<HTTPConnection(host='overpass-api.de', port=80) at 0x201ca77f130>, 'Connection to overpass-api.de timed out. (connect timeout=30)')). Retrying in 4s...
2026-08-11 01:30:13,927 - CitySense.geo_utils - ERROR - Overpass API request failed after 3 attempts: HTTPConnectionPool(host='overpass-api.de', port=80): Max retries exceeded with url: /api/interpreter?data=%5Bout%3Ajson%5D%5Btimeout%3A25%5D%3B%28node%5B%22amenity%22%3D%22hospital%22%5D%28around%3A1500%2C18.965000000000003%2C72.96499999999999%29%3Bway%5B%22amenity%22%3D%22hospital%22%5D%28around%3A1500%2C18.965000000000003%2C72.96499999999999%29%3Bnode%5B%22amenity%22%3D%22school%22%5D%28around%3A1500%2C18.965000000000003%2C72.96499999999999%29%3Bway%5B%22amenity%22%3D%22school%22%5D%28around%3A1500%2C18.965000000000003%2C72.96499999999999%29%3Bnode%5B%22railway%22%3D%22station%22%5D%28around%3A1500%2C18.965000000000003%2C72.96499999999999%29%3Bway%5B%22railway%22%3D%22station%22%5D%28around%3A1500%2C18.965000000000003%2C72.96499999999999%29%3Bnode%5B%22station%22%3D%22subway%22%5D%28around%3A1500%2C18.965000000000003%2C72.96499999999999%29%3Bway%5B%22station%22%3D%22subway%22%5D%28around%3A1500%2C18.965000000000003%2C72.96499999999999%29%3Bnode%5B%22amenity%22%3D%22university%22%5D%28around%3A1500%2C18.965000000000003%2C72.96499999999999%29%3Bway%5B%22amenity%22%3D%22university%22%5D%28around%3A1500%2C18.965000000000003%2C72.96499999999999%29%3Bnode%5B%22leisure%22%3D%22park%22%5D%28around%3A1500%2C18.965000000000003%2C72.96499999999999%29%3Bway%5B%22leisure%22%3D%22park%22%5D%28around%3A1500%2C18.965000000000003%2C72.96499999999999%29%3Bnode%5B%22natural%22%3D%22water%22%5D%28around%3A1500%2C18.965000000000003%2C72.96499999999999%29%3Bway%5B%22natural%22%3D%22water%22%5D%28around%3A1500%2C18.965000000000003%2C72.96499999999999%29%3Bnode%5B%22amenity%22%3D%22place_of_worship%22%5D%28around%3A1500%2C18.965000000000003%2C72.96499999999999%29%3Bway%5B%22amenity%22%3D%22place_of_worship%22%5D%28around%3A1500%2C18.965000000000003%2C72.96499999999999%29%3Bnode%5B%22highway%22%3D%22primary%22%5D%28around%3A1500%2C18.965000000000003%2C72.96499999999999%29%3Bway%5B%22highway%22%3D%22primary%22%5D%28around%3A1500%2C18.965000000000003%2C72.96499999999999%29%3B%29%3Bout+center%3B (Caused by ConnectTimeoutError(<HTTPConnection(host='overpass-api.de', port=80) at 0x201ca77e690>, 'Connection to overpass-api.de timed out. (connect timeout=30)'))
2026-08-11 01:30:57,433 - CitySense.geo_utils - WARNING - Overpass API attempt 1/3 failed: HTTPConnectionPool(host='overpass-api.de', port=80): Max retries exceeded with url: /api/interpreter?data=%5Bout%3Ajson%5D%5Btimeout%3A25%5D%3B%28node%5B%22amenity%22%3D%22hospital%22%5D%28around%3A1500%2C18.964999999999996%2C72.97500000000005%29%3Bway%5B%22amenity%22%3D%22hospital%22%5D%28around%3A1500%2C18.964999999999996%2C72.97500000000005%29%3Bnode%5B%22amenity%22%3D%22school%22%5D%28around%3A1500%2C18.964999999999996%2C72.97500000000005%29%3Bway%5B%22amenity%22%3D%22school%22%5D%28around%3A1500%2C18.964999999999996%2C72.97500000000005%29%3Bnode%5B%22railway%22%3D%22station%22%5D%28around%3A1500%2C18.964999999999996%2C72.97500000000005%29%3Bway%5B%22railway%22%3D%22station%22%5D%28around%3A1500%2C18.964999999999996%2C72.97500000000005%29%3Bnode%5B%22station%22%3D%22subway%22%5D%28around%3A1500%2C18.964999999999996%2C72.97500000000005%29%3Bway%5B%22station%22%3D%22subway%22%5D%28around%3A1500%2C18.964999999999996%2C72.97500000000005%29%3Bnode%5B%22amenity%22%3D%22university%22%5D%28around%3A1500%2C18.964999999999996%2C72.97500000000005%29%3Bway%5B%22amenity%22%3D%22university%22%5D%28around%3A1500%2C18.964999999999996%2C72.97500000000005%29%3Bnode%5B%22leisure%22%3D%22park%22%5D%28around%3A1500%2C18.964999999999996%2C72.97500000000005%29%3Bway%5B%22leisure%22%3D%22park%22%5D%28around%3A1500%2C18.964999999999996%2C72.97500000000005%29%3Bnode%5B%22natural%22%3D%22water%22%5D%28around%3A1500%2C18.964999999999996%2C72.97500000000005%29%3Bway%5B%22natural%22%3D%22water%22%5D%28around%3A1500%2C18.964999999999996%2C72.97500000000005%29%3Bnode%5B%22amenity%22%3D%22place_of_worship%22%5D%28around%3A1500%2C18.964999999999996%2C72.97500000000005%29%3Bway%5B%22amenity%22%3D%22place_of_worship%22%5D%28around%3A1500%2C18.964999999999996%2C72.97500000000005%29%3Bnode%5B%22highway%22%3D%22primary%22%5D%28around%3A1500%2C18.964999999999996%2C72.97500000000005%29%3Bway%5B%22highway%22%3D%22primary%22%5D%28around%3A1500%2C18.964999999999996%2C72.97500000000005%29%3B%29%3Bout+center%3B (Caused by ConnectTimeoutError(<HTTPConnection(host='overpass-api.de', port=80) at 0x201ca77c050>, 'Connection to overpass-api.de timed out. (connect timeout=30)')). Retrying in 2s...
2026-08-11 01:31:41,558 - CitySense.geo_utils - WARNING - Overpass API attempt 2/3 failed: HTTPConnectionPool(host='overpass-api.de', port=80): Max retries exceeded with url: /api/interpreter?data=%5Bout%3Ajson%5D%5Btimeout%3A25%5D%3B%28node%5B%22amenity%22%3D%22hospital%22%5D%28around%3A1500%2C18.964999999999996%2C72.97500000000005%29%3Bway%5B%22amenity%22%3D%22hospital%22%5D%28around%3A1500%2C18.964999999999996%2C72.97500000000005%29%3Bnode%5B%22amenity%22%3D%22school%22%5D%28around%3A1500%2C18.964999999999996%2C72.97500000000005%29%3Bway%5B%22amenity%22%3D%22school%22%5D%28around%3A1500%2C18.964999999999996%2C72.97500000000005%29%3Bnode%5B%22railway%22%3D%22station%22%5D%28around%3A1500%2C18.964999999999996%2C72.97500000000005%29%3Bway%5B%22railway%22%3D%22station%22%5D%28around%3A1500%2C18.964999999999996%2C72.97500000000005%29%3Bnode%5B%22station%22%3D%22subway%22%5D%28around%3A1500%2C18.964999999999996%2C72.97500000000005%29%3Bway%5B%22station%22%3D%22subway%22%5D%28around%3A1500%2C18.964999999999996%2C72.97500000000005%29%3Bnode%5B%22amenity%22%3D%22university%22%5D%28around%3A1500%2C18.964999999999996%2C72.97500000000005%29%3Bway%5B%22amenity%22%3D%22university%22%5D%28around%3A1500%2C18.964999999999996%2C72.97500000000005%29%3Bnode%5B%22leisure%22%3D%22park%22%5D%28around%3A1500%2C18.964999999999996%2C72.97500000000005%29%3Bway%5B%22leisure%22%3D%22park%22%5D%28around%3A1500%2C18.964999999999996%2C72.97500000000005%29%3Bnode%5B%22natural%22%3D%22water%22%5D%28around%3A1500%2C18.964999999999996%2C72.97500000000005%29%3Bway%5B%22natural%22%3D%22water%22%5D%28around%3A1500%2C18.964999999999996%2C72.97500000000005%29%3Bnode%5B%22amenity%22%3D%22place_of_worship%22%5D%28around%3A1500%2C18.964999999999996%2C72.97500000000005%29%3Bway%5B%22amenity%22%3D%22place_of_worship%22%5D%28around%3A1500%2C18.964999999999996%2C72.97500000000005%29%3Bnode%5B%22highway%22%3D%22primary%22%5D%28around%3A1500%2C18.964999999999996%2C72.97500000000005%29%3Bway%5B%22highway%22%3D%22primary%22%5D%28around%3A1500%2C18.964999999999996%2C72.97500000000005%29%3B%29%3Bout+center%3B (Caused by ConnectTimeoutError(<HTTPConnection(host='overpass-api.de', port=80) at 0x201ca77f570>, 'Connection to overpass-api.de timed out. (connect timeout=30)')). Retrying in 4s...
2026-08-11 01:32:27,666 - CitySense.geo_utils - ERROR - Overpass API request failed after 3 attempts: HTTPConnectionPool(host='overpass-api.de', port=80): Max retries exceeded with url: /api/interpreter?data=%5Bout%3Ajson%5D%5Btimeout%3A25%5D%3B%28node%5B%22amenity%22%3D%22hospital%22%5D%28around%3A1500%2C18.964999999999996%2C72.97500000000005%29%3Bway%5B%22amenity%22%3D%22hospital%22%5D%28around%3A1500%2C18.964999999999996%2C72.97500000000005%29%3Bnode%5B%22amenity%22%3D%22school%22%5D%28around%3A1500%2C18.964999999999996%2C72.97500000000005%29%3Bway%5B%22amenity%22%3D%22school%22%5D%28around%3A1500%2C18.964999999999996%2C72.97500000000005%29%3Bnode%5B%22railway%22%3D%22station%22%5D%28around%3A1500%2C18.964999999999996%2C72.97500000000005%29%3Bway%5B%22railway%22%3D%22station%22%5D%28around%3A1500%2C18.964999999999996%2C72.97500000000005%29%3Bnode%5B%22station%22%3D%22subway%22%5D%28around%3A1500%2C18.964999999999996%2C72.97500000000005%29%3Bway%5B%22station%22%3D%22subway%22%5D%28around%3A1500%2C18.964999999999996%2C72.97500000000005%29%3Bnode%5B%22amenity%22%3D%22university%22%5D%28around%3A1500%2C18.964999999999996%2C72.97500000000005%29%3Bway%5B%22amenity%22%3D%22university%22%5D%28around%3A1500%2C18.964999999999996%2C72.97500000000005%29%3Bnode%5B%22leisure%22%3D%22park%22%5D%28around%3A1500%2C18.964999999999996%2C72.97500000000005%29%3Bway%5B%22leisure%22%3D%22park%22%5D%28around%3A1500%2C18.964999999999996%2C72.97500000000005%29%3Bnode%5B%22natural%22%3D%22water%22%5D%28around%3A1500%2C18.964999999999996%2C72.97500000000005%29%3Bway%5B%22natural%22%3D%22water%22%5D%28around%3A1500%2C18.964999999999996%2C72.97500000000005%29%3Bnode%5B%22amenity%22%3D%22place_of_worship%22%5D%28around%3A1500%2C18.964999999999996%2C72.97500000000005%29%3Bway%5B%22amenity%22%3D%22place_of_worship%22%5D%28around%3A1500%2C18.964999999999996%2C72.97500000000005%29%3Bnode%5B%22highway%22%3D%22primary%22%5D%28around%3A1500%2C18.964999999999996%2C72.97500000000005%29%3Bway%5B%22highway%22%3D%22primary%22%5D%28around%3A1500%2C18.964999999999996%2C72.97500000000005%29%3B%29%3Bout+center%3B (Caused by ConnectTimeoutError(<HTTPConnection(host='overpass-api.de', port=80) at 0x201ca77c7c0>, 'Connection to overpass-api.de timed out. (connect timeout=30)'))
2026-08-11 01:33:11,403 - CitySense.geo_utils - WARNING - Overpass API attempt 1/3 failed: HTTPConnectionPool(host='overpass-api.de', port=80): Max retries exceeded with url: /api/interpreter?data=%5Bout%3Ajson%5D%5Btimeout%3A25%5D%3B%28node%5B%22amenity%22%3D%22hospital%22%5D%28around%3A1500%2C18.965%2C72.98500000000004%29%3Bway%5B%22amenity%22%3D%22hospital%22%5D%28around%3A1500%2C18.965%2C72.98500000000004%29%3Bnode%5B%22amenity%22%3D%22school%22%5D%28around%3A1500%2C18.965%2C72.98500000000004%29%3Bway%5B%22amenity%22%3D%22school%22%5D%28around%3A1500%2C18.965%2C72.98500000000004%29%3Bnode%5B%22railway%22%3D%22station%22%5D%28around%3A1500%2C18.965%2C72.98500000000004%29%3Bway%5B%22railway%22%3D%22station%22%5D%28around%3A1500%2C18.965%2C72.98500000000004%29%3Bnode%5B%22station%22%3D%22subway%22%5D%28around%3A1500%2C18.965%2C72.98500000000004%29%3Bway%5B%22station%22%3D%22subway%22%5D%28around%3A1500%2C18.965%2C72.98500000000004%29%3Bnode%5B%22amenity%22%3D%22university%22%5D%28around%3A1500%2C18.965%2C72.98500000000004%29%3Bway%5B%22amenity%22%3D%22university%22%5D%28around%3A1500%2C18.965%2C72.98500000000004%29%3Bnode%5B%22leisure%22%3D%22park%22%5D%28around%3A1500%2C18.965%2C72.98500000000004%29%3Bway%5B%22leisure%22%3D%22park%22%5D%28around%3A1500%2C18.965%2C72.98500000000004%29%3Bnode%5B%22natural%22%3D%22water%22%5D%28around%3A1500%2C18.965%2C72.98500000000004%29%3Bway%5B%22natural%22%3D%22water%22%5D%28around%3A1500%2C18.965%2C72.98500000000004%29%3Bnode%5B%22amenity%22%3D%22place_of_worship%22%5D%28around%3A1500%2C18.965%2C72.98500000000004%29%3Bway%5B%22amenity%22%3D%22place_of_worship%22%5D%28around%3A1500%2C18.965%2C72.98500000000004%29%3Bnode%5B%22highway%22%3D%22primary%22%5D%28around%3A1500%2C18.965%2C72.98500000000004%29%3Bway%5B%22highway%22%3D%22primary%22%5D%28around%3A1500%2C18.965%2C72.98500000000004%29%3B%29%3Bout+center%3B (Caused by ConnectTimeoutError(<HTTPConnection(host='overpass-api.de', port=80) at 0x201ca77d9d0>, 'Connection to overpass-api.de timed out. (connect timeout=30)')). Retrying in 2s...
2026-08-11 01:33:55,483 - CitySense.geo_utils - WARNING - Overpass API attempt 2/3 failed: HTTPConnectionPool(host='overpass-api.de', port=80): Max retries exceeded with url: /api/interpreter?data=%5Bout%3Ajson%5D%5Btimeout%3A25%5D%3B%28node%5B%22amenity%22%3D%22hospital%22%5D%28around%3A1500%2C18.965%2C72.98500000000004%29%3Bway%5B%22amenity%22%3D%22hospital%22%5D%28around%3A1500%2C18.965%2C72.98500000000004%29%3Bnode%5B%22amenity%22%3D%22school%22%5D%28around%3A1500%2C18.965%2C72.98500000000004%29%3Bway%5B%22amenity%22%3D%22school%22%5D%28around%3A1500%2C18.965%2C72.98500000000004%29%3Bnode%5B%22railway%22%3D%22station%22%5D%28around%3A1500%2C18.965%2C72.98500000000004%29%3Bway%5B%22railway%22%3D%22station%22%5D%28around%3A1500%2C18.965%2C72.98500000000004%29%3Bnode%5B%22station%22%3D%22subway%22%5D%28around%3A1500%2C18.965%2C72.98500000000004%29%3Bway%5B%22station%22%3D%22subway%22%5D%28around%3A1500%2C18.965%2C72.98500000000004%29%3Bnode%5B%22amenity%22%3D%22university%22%5D%28around%3A1500%2C18.965%2C72.98500000000004%29%3Bway%5B%22amenity%22%3D%22university%22%5D%28around%3A1500%2C18.965%2C72.98500000000004%29%3Bnode%5B%22leisure%22%3D%22park%22%5D%28around%3A1500%2C18.965%2C72.98500000000004%29%3Bway%5B%22leisure%22%3D%22park%22%5D%28around%3A1500%2C18.965%2C72.98500000000004%29%3Bnode%5B%22natural%22%3D%22water%22%5D%28around%3A1500%2C18.965%2C72.98500000000004%29%3Bway%5B%22natural%22%3D%22water%22%5D%28around%3A1500%2C18.965%2C72.98500000000004%29%3Bnode%5B%22amenity%22%3D%22place_of_worship%22%5D%28around%3A1500%2C18.965%2C72.98500000000004%29%3Bway%5B%22amenity%22%3D%22place_of_worship%22%5D%28around%3A1500%2C18.965%2C72.98500000000004%29%3Bnode%5B%22highway%22%3D%22primary%22%5D%28around%3A1500%2C18.965%2C72.98500000000004%29%3Bway%5B%22highway%22%3D%22primary%22%5D%28around%3A1500%2C18.965%2C72.98500000000004%29%3B%29%3Bout+center%3B (Caused by ConnectTimeoutError(<HTTPConnection(host='overpass-api.de', port=80) at 0x201ca77de10>, 'Connection to overpass-api.de timed out. (connect timeout=30)')). Retrying in 4s...
2026-08-11 01:34:41,596 - CitySense.geo_utils - ERROR - Overpass API request failed after 3 attempts: HTTPConnectionPool(host='overpass-api.de', port=80): Max retries exceeded with url: /api/interpreter?data=%5Bout%3Ajson%5D%5Btimeout%3A25%5D%3B%28node%5B%22amenity%22%3D%22hospital%22%5D%28around%3A1500%2C18.965%2C72.98500000000004%29%3Bway%5B%22amenity%22%3D%22hospital%22%5D%28around%3A1500%2C18.965%2C72.98500000000004%29%3Bnode%5B%22amenity%22%3D%22school%22%5D%28around%3A1500%2C18.965%2C72.98500000000004%29%3Bway%5B%22amenity%22%3D%22school%22%5D%28around%3A1500%2C18.965%2C72.98500000000004%29%3Bnode%5B%22railway%22%3D%22station%22%5D%28around%3A1500%2C18.965%2C72.98500000000004%29%3Bway%5B%22railway%22%3D%22station%22%5D%28around%3A1500%2C18.965%2C72.98500000000004%29%3Bnode%5B%22station%22%3D%22subway%22%5D%28around%3A1500%2C18.965%2C72.98500000000004%29%3Bway%5B%22station%22%3D%22subway%22%5D%28around%3A1500%2C18.965%2C72.98500000000004%29%3Bnode%5B%22amenity%22%3D%22university%22%5D%28around%3A1500%2C18.965%2C72.98500000000004%29%3Bway%5B%22amenity%22%3D%22university%22%5D%28around%3A1500%2C18.965%2C72.98500000000004%29%3Bnode%5B%22leisure%22%3D%22park%22%5D%28around%3A1500%2C18.965%2C72.98500000000004%29%3Bway%5B%22leisure%22%3D%22park%22%5D%28around%3A1500%2C18.965%2C72.98500000000004%29%3Bnode%5B%22natural%22%3D%22water%22%5D%28around%3A1500%2C18.965%2C72.98500000000004%29%3Bway%5B%22natural%22%3D%22water%22%5D%28around%3A1500%2C18.965%2C72.98500000000004%29%3Bnode%5B%22amenity%22%3D%22place_of_worship%22%5D%28around%3A1500%2C18.965%2C72.98500000000004%29%3Bway%5B%22amenity%22%3D%22place_of_worship%22%5D%28around%3A1500%2C18.965%2C72.98500000000004%29%3Bnode%5B%22highway%22%3D%22primary%22%5D%28around%3A1500%2C18.965%2C72.98500000000004%29%3Bway%5B%22highway%22%3D%22primary%22%5D%28around%3A1500%2C18.965%2C72.98500000000004%29%3B%29%3Bout+center%3B (Caused by ConnectTimeoutError(<HTTPConnection(host='overpass-api.de', port=80) at 0x201ca77ff00>, 'Connection to overpass-api.de timed out. (connect timeout=30)'))
2026-08-11 01:35:25,768 - CitySense.geo_utils - WARNING - Overpass API attempt 1/3 failed: HTTPConnectionPool(host='overpass-api.de', port=80): Max retries exceeded with url: /api/interpreter?data=%5Bout%3Ajson%5D%5Btimeout%3A25%5D%3B%28node%5B%22amenity%22%3D%22hospital%22%5D%28around%3A1500%2C18.974999999999998%2C72.775%29%3Bway%5B%22amenity%22%3D%22hospital%22%5D%28around%3A1500%2C18.974999999999998%2C72.775%29%3Bnode%5B%22amenity%22%3D%22school%22%5D%28around%3A1500%2C18.974999999999998%2C72.775%29%3Bway%5B%22amenity%22%3D%22school%22%5D%28around%3A1500%2C18.974999999999998%2C72.775%29%3Bnode%5B%22railway%22%3D%22station%22%5D%28around%3A1500%2C18.974999999999998%2C72.775%29%3Bway%5B%22railway%22%3D%22station%22%5D%28around%3A1500%2C18.974999999999998%2C72.775%29%3Bnode%5B%22station%22%3D%22subway%22%5D%28around%3A1500%2C18.974999999999998%2C72.775%29%3Bway%5B%22station%22%3D%22subway%22%5D%28around%3A1500%2C18.974999999999998%2C72.775%29%3Bnode%5B%22amenity%22%3D%22university%22%5D%28around%3A1500%2C18.974999999999998%2C72.775%29%3Bway%5B%22amenity%22%3D%22university%22%5D%28around%3A1500%2C18.974999999999998%2C72.775%29%3Bnode%5B%22leisure%22%3D%22park%22%5D%28around%3A1500%2C18.974999999999998%2C72.775%29%3Bway%5B%22leisure%22%3D%22park%22%5D%28around%3A1500%2C18.974999999999998%2C72.775%29%3Bnode%5B%22natural%22%3D%22water%22%5D%28around%3A1500%2C18.974999999999998%2C72.775%29%3Bway%5B%22natural%22%3D%22water%22%5D%28around%3A1500%2C18.974999999999998%2C72.775%29%3Bnode%5B%22amenity%22%3D%22place_of_worship%22%5D%28around%3A1500%2C18.974999999999998%2C72.775%29%3Bway%5B%22amenity%22%3D%22place_of_worship%22%5D%28around%3A1500%2C18.974999999999998%2C72.775%29%3Bnode%5B%22highway%22%3D%22primary%22%5D%28around%3A1500%2C18.974999999999998%2C72.775%29%3Bway%5B%22highway%22%3D%22primary%22%5D%28around%3A1500%2C18.974999999999998%2C72.775%29%3B%29%3Bout+center%3B (Caused by ConnectTimeoutError(<HTTPConnection(host='overpass-api.de', port=80) at 0x201ca77f680>, 'Connection to overpass-api.de timed out. (connect timeout=30)')). Retrying in 2s...
2026-08-11 01:36:09,857 - CitySense.geo_utils - WARNING - Overpass API attempt 2/3 failed: HTTPConnectionPool(host='overpass-api.de', port=80): Max retries exceeded with url: /api/interpreter?data=%5Bout%3Ajson%5D%5Btimeout%3A25%5D%3B%28node%5B%22amenity%22%3D%22hospital%22%5D%28around%3A1500%2C18.974999999999998%2C72.775%29%3Bway%5B%22amenity%22%3D%22hospital%22%5D%28around%3A1500%2C18.974999999999998%2C72.775%29%3Bnode%5B%22amenity%22%3D%22school%22%5D%28around%3A1500%2C18.974999999999998%2C72.775%29%3Bway%5B%22amenity%22%3D%22school%22%5D%28around%3A1500%2C18.974999999999998%2C72.775%29%3Bnode%5B%22railway%22%3D%22station%22%5D%28around%3A1500%2C18.974999999999998%2C72.775%29%3Bway%5B%22railway%22%3D%22station%22%5D%28around%3A1500%2C18.974999999999998%2C72.775%29%3Bnode%5B%22station%22%3D%22subway%22%5D%28around%3A1500%2C18.974999999999998%2C72.775%29%3Bway%5B%22station%22%3D%22subway%22%5D%28around%3A1500%2C18.974999999999998%2C72.775%29%3Bnode%5B%22amenity%22%3D%22university%22%5D%28around%3A1500%2C18.974999999999998%2C72.775%29%3Bway%5B%22amenity%22%3D%22university%22%5D%28around%3A1500%2C18.974999999999998%2C72.775%29%3Bnode%5B%22leisure%22%3D%22park%22%5D%28around%3A1500%2C18.974999999999998%2C72.775%29%3Bway%5B%22leisure%22%3D%22park%22%5D%28around%3A1500%2C18.974999999999998%2C72.775%29%3Bnode%5B%22natural%22%3D%22water%22%5D%28around%3A1500%2C18.974999999999998%2C72.775%29%3Bway%5B%22natural%22%3D%22water%22%5D%28around%3A1500%2C18.974999999999998%2C72.775%29%3Bnode%5B%22amenity%22%3D%22place_of_worship%22%5D%28around%3A1500%2C18.974999999999998%2C72.775%29%3Bway%5B%22amenity%22%3D%22place_of_worship%22%5D%28around%3A1500%2C18.974999999999998%2C72.775%29%3Bnode%5B%22highway%22%3D%22primary%22%5D%28around%3A1500%2C18.974999999999998%2C72.775%29%3Bway%5B%22highway%22%3D%22primary%22%5D%28around%3A1500%2C18.974999999999998%2C72.775%29%3B%29%3Bout+center%3B (Caused by ConnectTimeoutError(<HTTPConnection(host='overpass-api.de', port=80) at 0x201ca243570>, 'Connection to overpass-api.de timed out. (connect timeout=30)')). Retrying in 4s...
2026-08-11 01:36:55,961 - CitySense.geo_utils - ERROR - Overpass API request failed after 3 attempts: HTTPConnectionPool(host='overpass-api.de', port=80): Max retries exceeded with url: /api/interpreter?data=%5Bout%3Ajson%5D%5Btimeout%3A25%5D%3B%28node%5B%22amenity%22%3D%22hospital%22%5D%28around%3A1500%2C18.974999999999998%2C72.775%29%3Bway%5B%22amenity%22%3D%22hospital%22%5D%28around%3A1500%2C18.974999999999998%2C72.775%29%3Bnode%5B%22amenity%22%3D%22school%22%5D%28around%3A1500%2C18.974999999999998%2C72.775%29%3Bway%5B%22amenity%22%3D%22school%22%5D%28around%3A1500%2C18.974999999999998%2C72.775%29%3Bnode%5B%22railway%22%3D%22station%22%5D%28around%3A1500%2C18.974999999999998%2C72.775%29%3Bway%5B%22railway%22%3D%22station%22%5D%28around%3A1500%2C18.974999999999998%2C72.775%29%3Bnode%5B%22station%22%3D%22subway%22%5D%28around%3A1500%2C18.974999999999998%2C72.775%29%3Bway%5B%22station%22%3D%22subway%22%5D%28around%3A1500%2C18.974999999999998%2C72.775%29%3Bnode%5B%22amenity%22%3D%22university%22%5D%28around%3A1500%2C18.974999999999998%2C72.775%29%3Bway%5B%22amenity%22%3D%22university%22%5D%28around%3A1500%2C18.974999999999998%2C72.775%29%3Bnode%5B%22leisure%22%3D%22park%22%5D%28around%3A1500%2C18.974999999999998%2C72.775%29%3Bway%5B%22leisure%22%3D%22park%22%5D%28around%3A1500%2C18.974999999999998%2C72.775%29%3Bnode%5B%22natural%22%3D%22water%22%5D%28around%3A1500%2C18.974999999999998%2C72.775%29%3Bway%5B%22natural%22%3D%22water%22%5D%28around%3A1500%2C18.974999999999998%2C72.775%29%3Bnode%5B%22amenity%22%3D%22place_of_worship%22%5D%28around%3A1500%2C18.974999999999998%2C72.775%29%3Bway%5B%22amenity%22%3D%22place_of_worship%22%5D%28around%3A1500%2C18.974999999999998%2C72.775%29%3Bnode%5B%22highway%22%3D%22primary%22%5D%28around%3A1500%2C18.974999999999998%2C72.775%29%3Bway%5B%22highway%22%3D%22primary%22%5D%28around%3A1500%2C18.974999999999998%2C72.775%29%3B%29%3Bout+center%3B (Caused by ConnectTimeoutError(<HTTPConnection(host='overpass-api.de', port=80) at 0x201ca243240>, 'Connection to overpass-api.de timed out. (connect timeout=30)'))
2026-08-11 01:37:39,419 - CitySense.geo_utils - WARNING - Overpass API attempt 1/3 failed: HTTPConnectionPool(host='overpass-api.de', port=80): Max retries exceeded with url: /api/interpreter?data=%5Bout%3Ajson%5D%5Btimeout%3A25%5D%3B%28node%5B%22amenity%22%3D%22hospital%22%5D%28around%3A1500%2C18.974999999999998%2C72.78500000000001%29%3Bway%5B%22amenity%22%3D%22hospital%22%5D%28around%3A1500%2C18.974999999999998%2C72.78500000000001%29%3Bnode%5B%22amenity%22%3D%22school%22%5D%28around%3A1500%2C18.974999999999998%2C72.78500000000001%29%3Bway%5B%22amenity%22%3D%22school%22%5D%28around%3A1500%2C18.974999999999998%2C72.78500000000001%29%3Bnode%5B%22railway%22%3D%22station%22%5D%28around%3A1500%2C18.974999999999998%2C72.78500000000001%29%3Bway%5B%22railway%22%3D%22station%22%5D%28around%3A1500%2C18.974999999999998%2C72.78500000000001%29%3Bnode%5B%22station%22%3D%22subway%22%5D%28around%3A1500%2C18.974999999999998%2C72.78500000000001%29%3Bway%5B%22station%22%3D%22subway%22%5D%28around%3A1500%2C18.974999999999998%2C72.78500000000001%29%3Bnode%5B%22amenity%22%3D%22university%22%5D%28around%3A1500%2C18.974999999999998%2C72.78500000000001%29%3Bway%5B%22amenity%22%3D%22university%22%5D%28around%3A1500%2C18.974999999999998%2C72.78500000000001%29%3Bnode%5B%22leisure%22%3D%22park%22%5D%28around%3A1500%2C18.974999999999998%2C72.78500000000001%29%3Bway%5B%22leisure%22%3D%22park%22%5D%28around%3A1500%2C18.974999999999998%2C72.78500000000001%29%3Bnode%5B%22natural%22%3D%22water%22%5D%28around%3A1500%2C18.974999999999998%2C72.78500000000001%29%3Bway%5B%22natural%22%3D%22water%22%5D%28around%3A1500%2C18.974999999999998%2C72.78500000000001%29%3Bnode%5B%22amenity%22%3D%22place_of_worship%22%5D%28around%3A1500%2C18.974999999999998%2C72.78500000000001%29%3Bway%5B%22amenity%22%3D%22place_of_worship%22%5D%28around%3A1500%2C18.974999999999998%2C72.78500000000001%29%3Bnode%5B%22highway%22%3D%22primary%22%5D%28around%3A1500%2C18.974999999999998%2C72.78500000000001%29%3Bway%5B%22highway%22%3D%22primary%22%5D%28around%3A1500%2C18.974999999999998%2C72.78500000000001%29%3B%29%3Bout+center%3B (Caused by ConnectTimeoutError(<HTTPConnection(host='overpass-api.de', port=80) at 0x201ca242cf0>, 'Connection to overpass-api.de timed out. (connect timeout=30)')). Retrying in 2s...
2026-08-11 01:38:23,524 - CitySense.geo_utils - WARNING - Overpass API attempt 2/3 failed: HTTPConnectionPool(host='overpass-api.de', port=80): Max retries exceeded with url: /api/interpreter?data=%5Bout%3Ajson%5D%5Btimeout%3A25%5D%3B%28node%5B%22amenity%22%3D%22hospital%22%5D%28around%3A1500%2C18.974999999999998%2C72.78500000000001%29%3Bway%5B%22amenity%22%3D%22hospital%22%5D%28around%3A1500%2C18.974999999999998%2C72.78500000000001%29%3Bnode%5B%22amenity%22%3D%22school%22%5D%28around%3A1500%2C18.974999999999998%2C72.78500000000001%29%3Bway%5B%22amenity%22%3D%22school%22%5D%28around%3A1500%2C18.974999999999998%2C72.78500000000001%29%3Bnode%5B%22railway%22%3D%22station%22%5D%28around%3A1500%2C18.974999999999998%2C72.78500000000001%29%3Bway%5B%22railway%22%3D%22station%22%5D%28around%3A1500%2C18.974999999999998%2C72.78500000000001%29%3Bnode%5B%22station%22%3D%22subway%22%5D%28around%3A1500%2C18.974999999999998%2C72.78500000000001%29%3Bway%5B%22station%22%3D%22subway%22%5D%28around%3A1500%2C18.974999999999998%2C72.78500000000001%29%3Bnode%5B%22amenity%22%3D%22university%22%5D%28around%3A1500%2C18.974999999999998%2C72.78500000000001%29%3Bway%5B%22amenity%22%3D%22university%22%5D%28around%3A1500%2C18.974999999999998%2C72.78500000000001%29%3Bnode%5B%22leisure%22%3D%22park%22%5D%28around%3A1500%2C18.974999999999998%2C72.78500000000001%29%3Bway%5B%22leisure%22%3D%22park%22%5D%28around%3A1500%2C18.974999999999998%2C72.78500000000001%29%3Bnode%5B%22natural%22%3D%22water%22%5D%28around%3A1500%2C18.974999999999998%2C72.78500000000001%29%3Bway%5B%22natural%22%3D%22water%22%5D%28around%3A1500%2C18.974999999999998%2C72.78500000000001%29%3Bnode%5B%22amenity%22%3D%22place_of_worship%22%5D%28around%3A1500%2C18.974999999999998%2C72.78500000000001%29%3Bway%5B%22amenity%22%3D%22place_of_worship%22%5D%28around%3A1500%2C18.974999999999998%2C72.78500000000001%29%3Bnode%5B%22highway%22%3D%22primary%22%5D%28around%3A1500%2C18.974999999999998%2C72.78500000000001%29%3Bway%5B%22highway%22%3D%22primary%22%5D%28around%3A1500%2C18.974999999999998%2C72.78500000000001%29%3B%29%3Bout+center%3B (Caused by ConnectTimeoutError(<HTTPConnection(host='overpass-api.de', port=80) at 0x201ca74c9e0>, 'Connection to overpass-api.de timed out. (connect timeout=30)')). Retrying in 4s...
2026-08-11 01:39:09,635 - CitySense.geo_utils - ERROR - Overpass API request failed after 3 attempts: HTTPConnectionPool(host='overpass-api.de', port=80): Max retries exceeded with url: /api/interpreter?data=%5Bout%3Ajson%5D%5Btimeout%3A25%5D%3B%28node%5B%22amenity%22%3D%22hospital%22%5D%28around%3A1500%2C18.974999999999998%2C72.78500000000001%29%3Bway%5B%22amenity%22%3D%22hospital%22%5D%28around%3A1500%2C18.974999999999998%2C72.78500000000001%29%3Bnode%5B%22amenity%22%3D%22school%22%5D%28around%3A1500%2C18.974999999999998%2C72.78500000000001%29%3Bway%5B%22amenity%22%3D%22school%22%5D%28around%3A1500%2C18.974999999999998%2C72.78500000000001%29%3Bnode%5B%22railway%22%3D%22station%22%5D%28around%3A1500%2C18.974999999999998%2C72.78500000000001%29%3Bway%5B%22railway%22%3D%22station%22%5D%28around%3A1500%2C18.974999999999998%2C72.78500000000001%29%3Bnode%5B%22station%22%3D%22subway%22%5D%28around%3A1500%2C18.974999999999998%2C72.78500000000001%29%3Bway%5B%22station%22%3D%22subway%22%5D%28around%3A1500%2C18.974999999999998%2C72.78500000000001%29%3Bnode%5B%22amenity%22%3D%22university%22%5D%28around%3A1500%2C18.974999999999998%2C72.78500000000001%29%3Bway%5B%22amenity%22%3D%22university%22%5D%28around%3A1500%2C18.974999999999998%2C72.78500000000001%29%3Bnode%5B%22leisure%22%3D%22park%22%5D%28around%3A1500%2C18.974999999999998%2C72.78500000000001%29%3Bway%5B%22leisure%22%3D%22park%22%5D%28around%3A1500%2C18.974999999999998%2C72.78500000000001%29%3Bnode%5B%22natural%22%3D%22water%22%5D%28around%3A1500%2C18.974999999999998%2C72.78500000000001%29%3Bway%5B%22natural%22%3D%22water%22%5D%28around%3A1500%2C18.974999999999998%2C72.78500000000001%29%3Bnode%5B%22amenity%22%3D%22place_of_worship%22%5D%28around%3A1500%2C18.974999999999998%2C72.78500000000001%29%3Bway%5B%22amenity%22%3D%22place_of_worship%22%5D%28around%3A1500%2C18.974999999999998%2C72.78500000000001%29%3Bnode%5B%22highway%22%3D%22primary%22%5D%28around%3A1500%2C18.974999999999998%2C72.78500000000001%29%3Bway%5B%22highway%22%3D%22primary%22%5D%28around%3A1500%2C18.974999999999998%2C72.78500000000001%29%3B%29%3Bout+center%3B (Caused by ConnectTimeoutError(<HTTPConnection(host='overpass-api.de', port=80) at 0x201ca242cf0>, 'Connection to overpass-api.de timed out. (connect timeout=30)'))
2026-08-11 01:43:03,931 - CitySense - INFO - === City Sense Pipeline Started ===
2026-08-11 01:43:03,936 - CitySense - INFO - Validating configuration...
2026-08-11 01:43:03,942 - CitySense - INFO - Configuration is valid.
2026-08-11 01:43:11,038 - CitySense - INFO - Skipping stage 'Generate grid'; output already exists: D:\Clg\Major Project\CitySense\city_sense\data\grid.geojson
2026-08-11 01:43:11,038 - CitySense - INFO - Skipping stage 'Fetch NDVI'; output already exists: D:\Clg\Major Project\CitySense\city_sense\data\ndvi_grid.geojson
2026-08-11 01:43:11,038 - CitySense - INFO - Skipping stage 'Fetch land-surface temperature'; output already exists: D:\Clg\Major Project\CitySense\city_sense\data\lst_grid.geojson
2026-08-11 01:43:11,039 - CitySense - INFO - Skipping stage 'Fetch NDBI'; output already exists: D:\Clg\Major Project\CitySense\city_sense\data\ndbi_grid.geojson
2026-08-11 01:43:11,039 - CitySense - INFO - Skipping stage 'Fetch DEM'; output already exists: D:\Clg\Major Project\CitySense\city_sense\data\dem_grid.geojson
2026-08-11 01:43:11,040 - CitySense - INFO - Running stage: Merge indicators
2026-08-11 01:43:11,040 - CitySense.processing.merge_indicators - INFO - === City Sense -- Week 4: Merge Indicators ===
2026-08-11 01:43:11,054 - CitySense.processing.merge_indicators - INFO - Loading indicator layers...
2026-08-11 01:43:11,184 - CitySense.processing.merge_indicators - INFO - [NDVI] 836 cells, column: mean_ndvi
2026-08-11 01:43:11,215 - CitySense.processing.merge_indicators - INFO - [LST] 836 cells, column: mean_lst
2026-08-11 01:43:11,246 - CitySense.processing.merge_indicators - INFO - [NDBI] 836 cells, column: mean_ndbi
2026-08-11 01:43:11,279 - CitySense.processing.merge_indicators - INFO - [DEM] 836 cells, column: mean_dem
2026-08-11 01:43:11,286 - CitySense.processing.merge_indicators - INFO - Merged dataset: 836 rows x 6 columns
2026-08-11 01:43:11,286 - CitySense.processing.merge_indicators - INFO - Columns: ['cell_id', 'mean_ndvi', 'mean_lst', 'mean_ndbi', 'mean_dem', 'geometry']
2026-08-11 01:43:11,293 - CitySense.processing.merge_indicators - DEBUG - First 5 rows:
cell_id  mean_ndvi  mean_lst  mean_ndbi  mean_dem
  r0_c0  -0.143165 30.243749  -0.052936  0.000000
  r0_c1  -0.151584 30.268030  -0.054288  0.000000
  r0_c2  -0.161391 30.272786  -0.067398  0.000000
  r0_c3  -0.013260 33.068555  -0.049276  1.899245
  r0_c4  -0.006067 33.255702  -0.075647  3.256442
2026-08-11 01:43:11,305 - CitySense.processing.merge_indicators - DEBUG - Basic statistics:
        mean_ndvi    mean_lst   mean_ndbi    mean_dem
count  836.000000  836.000000  836.000000  836.000000
mean     0.095393   37.205626   -0.067646   22.427618
std      0.182677    5.150374    0.076193   49.434387
min     -0.202734   30.017884   -0.335785   -0.505823
25%     -0.118259   31.395320   -0.103111    0.000000
50%      0.152285   37.768269   -0.056164    3.802165
75%      0.224524   41.910599   -0.016208   15.012170
max      0.523807   48.929549    0.124413  363.190029
2026-08-11 01:43:11,307 - CitySense.processing.merge_indicators - INFO - No missing values in any column.
2026-08-11 01:43:11,376 - CitySense.processing.merge_indicators - INFO - Saved master dataset to: D:\Clg\Major Project\CitySense\city_sense\data/cells_master.geojson
2026-08-11 01:43:11,376 - CitySense.processing.merge_indicators - INFO - === Merge complete! ===
2026-08-11 01:43:11,377 - CitySense - INFO - Completed stage: Merge indicators (0.34s)
2026-08-11 01:43:11,377 - CitySense - INFO - Running stage: Compute UHI
2026-08-11 01:43:11,377 - CitySense.processing.compute_uhi - INFO - === City Sense -- Week 5: Compute UHI Intensity ===
2026-08-11 01:43:11,427 - CitySense.processing.compute_uhi - INFO - Loaded 836 cells from D:\Clg\Major Project\CitySense\city_sense\data/cells_master.geojson
2026-08-11 01:43:11,427 - CitySense.processing.compute_uhi - INFO - Baseline zone defined as: lon [72.87, 72.93], lat [19.18, 19.25]
2026-08-11 01:43:12,235 - CitySense.processing.compute_uhi - INFO - Selected 42 cells as the baseline reference.
2026-08-11 01:43:12,236 - CitySense.processing.compute_uhi - INFO - Rural/Green reference temperature (mean): 39.01 C
2026-08-11 01:43:12,237 - CitySense.processing.compute_uhi - INFO - UHI Intensity stats:
2026-08-11 01:43:12,237 - CitySense.processing.compute_uhi - INFO -   Min : -8.99 C
2026-08-11 01:43:12,237 - CitySense.processing.compute_uhi - INFO -   Max : 9.92 C
2026-08-11 01:43:12,238 - CitySense.processing.compute_uhi - INFO -   Mean: -1.80 C
2026-08-11 01:43:12,239 - CitySense.processing.compute_uhi - INFO - Number of cells with UHI > +5 C: 70
2026-08-11 01:43:12,239 - CitySense.processing.compute_uhi - INFO - Mean NDBI of these hot cells: 0.028 (expect positive/high)
2026-08-11 01:43:12,297 - CitySense.processing.compute_uhi - INFO - Updated master dataset with 'uhi_intensity' column.
2026-08-11 01:43:12,297 - CitySense.processing.compute_uhi - INFO - Generating UHI map...
2026-08-11 01:43:13,012 - CitySense.processing.compute_uhi - INFO - Saved UHI map to: D:\Clg\Major Project\CitySense\city_sense\data\uhi_map.png
2026-08-11 01:43:13,012 - CitySense.processing.compute_uhi - INFO - === UHI computation complete! ===
2026-08-11 01:43:13,013 - CitySense - INFO - Completed stage: Compute UHI (1.64s)
2026-08-11 01:43:13,013 - CitySense - INFO - Running stage: Analyze LST and NDVI
2026-08-11 01:43:13,013 - CitySense.processing.lst_ndvi_analysis - INFO - === City Sense -- Week 5: LST-NDVI Correlation Analysis ===
2026-08-11 01:43:13,067 - CitySense.processing.lst_ndvi_analysis - INFO - Loaded 836 cells from D:\Clg\Major Project\CitySense\city_sense\data/cells_master.geojson
2026-08-11 01:43:13,070 - CitySense.processing.lst_ndvi_analysis - INFO - Cells with both valid NDVI and LST: 836
2026-08-11 01:43:13,071 - CitySense.processing.lst_ndvi_analysis - INFO - --- Pearson Correlation ---
2026-08-11 01:43:13,071 - CitySense.processing.lst_ndvi_analysis - INFO - r       = 0.6386
2026-08-11 01:43:13,071 - CitySense.processing.lst_ndvi_analysis - INFO - p-value = 5.68e-97
2026-08-11 01:43:13,072 - CitySense.processing.lst_ndvi_analysis - INFO - Result: Statistically significant correlation.
2026-08-11 01:43:13,073 - CitySense.processing.lst_ndvi_analysis - INFO - --- Linear Regression (LST ~ NDVI) ---
2026-08-11 01:43:13,073 - CitySense.processing.lst_ndvi_analysis - INFO - Equation: LST = 18.00 * NDVI + 35.49
2026-08-11 01:43:13,073 - CitySense.processing.lst_ndvi_analysis - INFO - R-squared: 0.4078
2026-08-11 01:43:13,073 - CitySense.processing.lst_ndvi_analysis - INFO - --- Interpretation ---
2026-08-11 01:43:13,073 - CitySense.processing.lst_ndvi_analysis - WARNING - Unexpected positive slope. Vegetation does not appear to have a cooling effect here.
2026-08-11 01:43:13,073 - CitySense.processing.lst_ndvi_analysis - INFO - Generating scatter plot...
2026-08-11 01:43:13,888 - CitySense.processing.lst_ndvi_analysis - INFO - Saved scatter plot to: D:\Clg\Major Project\CitySense\city_sense\data\lst_ndvi_scatter.png
2026-08-11 01:43:13,888 - CitySense.processing.lst_ndvi_analysis - INFO - === LST-NDVI analysis complete! ===
2026-08-11 01:43:13,888 - CitySense - INFO - Completed stage: Analyze LST and NDVI (0.88s)
2026-08-11 01:43:13,889 - CitySense - INFO - Running stage: Score cells with PCA
2026-08-11 01:43:13,889 - CitySense.processing.pca_scoring - INFO - === City Sense -- Week 6: PCA Scoring ===
2026-08-11 01:43:13,926 - CitySense.processing.pca_scoring - INFO - Loaded 836 cells from D:\Clg\Major Project\CitySense\city_sense\data/cells_master.geojson
2026-08-11 01:43:13,931 - CitySense.processing.pca_scoring - INFO - Normalising features to [0, 1] range...
2026-08-11 01:43:13,936 - CitySense.processing.pca_scoring - INFO - Saved MinMaxScaler to D:\Clg\Major Project\CitySense\city_sense\models\scaler.pkl
2026-08-11 01:43:13,937 - CitySense.processing.pca_scoring - INFO - Scaled data ranges:
2026-08-11 01:43:13,937 - CitySense.processing.pca_scoring - INFO -   mean_lst: min=0.00, max=1.00
2026-08-11 01:43:13,938 - CitySense.processing.pca_scoring - INFO -   mean_ndvi: min=0.00, max=1.00
2026-08-11 01:43:13,938 - CitySense.processing.pca_scoring - INFO -   mean_ndbi: min=0.00, max=1.00
2026-08-11 01:43:13,938 - CitySense.processing.pca_scoring - INFO -   mean_dem: min=0.00, max=1.00
2026-08-11 01:43:13,938 - CitySense.processing.pca_scoring - INFO - Aligning feature directions towards RISK...
2026-08-11 01:43:13,939 - CitySense.processing.pca_scoring - INFO -   - Inverting mean_ndvi (less greenery = higher risk)
2026-08-11 01:43:13,939 - CitySense.processing.pca_scoring - INFO -   - Inverting mean_dem (lower elevation = higher flood risk)
2026-08-11 01:43:13,940 - CitySense.processing.pca_scoring - INFO - Fitting PCA (n_components=1)...
2026-08-11 01:43:13,943 - CitySense.processing.pca_scoring - INFO - PCA Explained Variance Ratio: 0.6537 (65.4%)
2026-08-11 01:43:13,943 - CitySense.processing.pca_scoring - INFO - Feature Loadings for PC1:
2026-08-11 01:43:13,943 - CitySense.processing.pca_scoring - INFO -   mean_lst: 0.7418
2026-08-11 01:43:13,943 - CitySense.processing.pca_scoring - INFO -   mean_ndvi: -0.6151
2026-08-11 01:43:13,943 - CitySense.processing.pca_scoring - INFO -   mean_ndbi: 0.2146
2026-08-11 01:43:13,943 - CitySense.processing.pca_scoring - INFO -   mean_dem: -0.1593
2026-08-11 01:43:13,944 - CitySense.processing.pca_scoring - INFO - --- Risk Score Stats ---
2026-08-11 01:43:13,945 - CitySense.processing.pca_scoring - INFO -   Min: 0.00
2026-08-11 01:43:13,945 - CitySense.processing.pca_scoring - INFO -   Max: 100.00
2026-08-11 01:43:13,945 - CitySense.processing.pca_scoring - INFO -   Mean: 51.78
2026-08-11 01:43:13,946 - CitySense.processing.pca_scoring - INFO -   Median: 63.97
2026-08-11 01:43:13,946 - CitySense.processing.pca_scoring - INFO - --- Sustainability Score Stats ---
2026-08-11 01:43:13,946 - CitySense.processing.pca_scoring - INFO -   Min: 0.00
2026-08-11 01:43:13,946 - CitySense.processing.pca_scoring - INFO -   Max: 100.00
2026-08-11 01:43:13,946 - CitySense.processing.pca_scoring - INFO -   Mean: 48.22
2026-08-11 01:43:13,947 - CitySense.processing.pca_scoring - INFO -   Median: 36.03
2026-08-11 01:43:14,008 - CitySense.processing.pca_scoring - INFO - Updated master dataset with 'risk_score' and 'sustainability_score'.
2026-08-11 01:43:14,010 - CitySense.processing.pca_scoring - INFO - Saved PCA model to D:\Clg\Major Project\CitySense\city_sense\models\pca_model.pkl
2026-08-11 01:43:14,010 - CitySense.processing.pca_scoring - INFO - === PCA Scoring complete! ===
2026-08-11 01:43:14,010 - CitySense - INFO - Completed stage: Score cells with PCA (0.12s)
2026-08-11 01:43:14,011 - CitySense - INFO - Running stage: Cluster urban typologies
2026-08-11 01:43:14,011 - CitySense.processing.kmeans_clustering - INFO - === City Sense -- Week 6: K-Means Clustering ===
2026-08-11 01:43:14,072 - CitySense.processing.kmeans_clustering - INFO - Loaded 836 cells from D:\Clg\Major Project\CitySense\city_sense\data/cells_master.geojson
2026-08-11 01:43:14,076 - CitySense.processing.kmeans_clustering - INFO - Normalising features for clustering...
2026-08-11 01:43:14,079 - CitySense.processing.kmeans_clustering - INFO - Running silhouette analysis to evaluate k (2 to 6)...
2026-08-11 01:43:18,691 - CitySense.processing.kmeans_clustering - INFO -   k=2 | Silhouette Score = 0.5666
2026-08-11 01:43:18,724 - CitySense.processing.kmeans_clustering - INFO -   k=3 | Silhouette Score = 0.5607
2026-08-11 01:43:18,756 - CitySense.processing.kmeans_clustering - INFO -   k=4 | Silhouette Score = 0.5911
2026-08-11 01:43:18,789 - CitySense.processing.kmeans_clustering - INFO -   k=5 | Silhouette Score = 0.4924
2026-08-11 01:43:18,821 - CitySense.processing.kmeans_clustering - INFO -   k=6 | Silhouette Score = 0.4513
2026-08-11 01:43:18,822 - CitySense.processing.kmeans_clustering - INFO - Best k by silhouette score: 4
2026-08-11 01:43:19,005 - CitySense.processing.kmeans_clustering - INFO - Saved silhouette plot to D:\Clg\Major Project\CitySense\city_sense\data\kmeans_silhouette.png
2026-08-11 01:43:19,005 - CitySense.processing.kmeans_clustering - INFO - Fitting final K-Means model with k=4...
2026-08-11 01:43:19,017 - CitySense.processing.kmeans_clustering - INFO - Cluster Centroids (Scaled 0-1):
2026-08-11 01:43:19,023 - CitySense.processing.kmeans_clustering - INFO -    mean_lst  mean_ndvi  mean_ndbi  mean_dem
2026-08-11 01:43:19,024 - CitySense.processing.kmeans_clustering - INFO - 0  0.072943   0.107249   0.532396  0.004021
2026-08-11 01:43:19,024 - CitySense.processing.kmeans_clustering - INFO - 1  0.442968   0.740041   0.622675  0.456473
2026-08-11 01:43:19,024 - CitySense.processing.kmeans_clustering - INFO - 2  0.644395   0.516023   0.702010  0.050269
2026-08-11 01:43:19,024 - CitySense.processing.kmeans_clustering - INFO - 3  0.303690   0.664508   0.310278  0.017573
2026-08-11 01:43:19,024 - CitySense.processing.kmeans_clustering - INFO - Assigned typologies:
2026-08-11 01:43:19,025 - CitySense.processing.kmeans_clustering - INFO -   Cluster 0: Coastal/Lowland Urban
2026-08-11 01:43:19,025 - CitySense.processing.kmeans_clustering - INFO -   Cluster 1: Green/Forested
2026-08-11 01:43:19,025 - CitySense.processing.kmeans_clustering - INFO -   Cluster 2: Dense Urban Heat
2026-08-11 01:43:19,025 - CitySense.processing.kmeans_clustering - INFO -   Cluster 3: Green/Forested
2026-08-11 01:43:19,093 - CitySense.processing.kmeans_clustering - INFO - Updated master dataset with 'cluster' assignments.
2026-08-11 01:43:19,094 - CitySense.processing.kmeans_clustering - INFO - Cluster distribution:
2026-08-11 01:43:19,095 - CitySense.processing.kmeans_clustering - INFO -   Cluster 2: Dense Urban Heat: 359 cells
2026-08-11 01:43:19,096 - CitySense.processing.kmeans_clustering - INFO -   Cluster 0: Coastal/Lowland Urban: 295 cells
2026-08-11 01:43:19,096 - CitySense.processing.kmeans_clustering - INFO -   Cluster 3: Green/Forested: 113 cells
2026-08-11 01:43:19,096 - CitySense.processing.kmeans_clustering - INFO -   Cluster 1: Green/Forested: 69 cells
2026-08-11 01:43:19,096 - CitySense.processing.kmeans_clustering - INFO - === K-Means Clustering complete! ===
2026-08-11 01:43:19,096 - CitySense - INFO - Completed stage: Cluster urban typologies (5.09s)
2026-08-11 01:43:19,097 - CitySense - INFO - Running stage: Train explainability model
2026-08-11 01:43:19,097 - CitySense.processing.train_explainability - INFO - === City Sense – Week 6: Explainability Layer ===
2026-08-11 01:43:19,106 - CitySense.processing.train_explainability - INFO - Loading master dataset …
2026-08-11 01:43:19,161 - CitySense.processing.train_explainability - INFO - Loaded 836 cells  |  columns: ['cell_id', 'mean_ndvi', 'mean_lst', 'mean_ndbi', 'mean_dem', 'uhi_intensity', 'risk_score', 'sustainability_score', 'cluster_id', 'cluster', 'geometry']
2026-08-11 01:43:19,163 - CitySense.processing.train_explainability - INFO - Features shape: (836, 4)  |  Target range: [0.00, 100.00]
2026-08-11 01:43:19,164 - CitySense.processing.train_explainability - INFO - Splitting data (test_size=0.2, random_seed=42) …
2026-08-11 01:43:19,165 - CitySense.processing.train_explainability - INFO - Train: 668  |  Test: 168
2026-08-11 01:43:19,165 - CitySense.processing.train_explainability - INFO - Fitting StandardScaler on training set …
2026-08-11 01:43:19,167 - CitySense.processing.train_explainability - INFO - [OK] Scaler saved → D:\Clg\Major Project\CitySense\city_sense\models/explain_scaler.pkl
2026-08-11 01:43:19,168 - CitySense.processing.train_explainability - INFO - Training RandomForestRegressor (n_estimators=200, max_depth=5) …
2026-08-11 01:43:19,582 - CitySense.processing.train_explainability - INFO - [OK] Model saved → D:\Clg\Major Project\CitySense\city_sense\models/risk_model.pkl
2026-08-11 01:43:19,671 - CitySense.processing.train_explainability - INFO - Test-set evaluation:
2026-08-11 01:43:19,671 - CitySense.processing.train_explainability - INFO -   R² Score             : 0.9934
2026-08-11 01:43:19,672 - CitySense.processing.train_explainability - INFO -   Mean Absolute Error  : 1.8507
2026-08-11 01:43:19,672 - CitySense.processing.train_explainability - INFO -   Root Mean Sq Error   : 2.5785
2026-08-11 01:43:19,672 - CitySense.processing.train_explainability - INFO - Generating feature importance chart …
2026-08-11 01:43:19,934 - CitySense.processing.train_explainability - INFO - [OK] Saved → D:\Clg\Major Project\CitySense\city_sense\data/feature_importance.png
2026-08-11 01:43:19,935 - CitySense.processing.train_explainability - INFO - Computing SHAP values (TreeExplainer, full dataset) …
2026-08-11 01:43:20,459 - CitySense.processing.train_explainability - INFO - SHAP values shape: (836, 4)
2026-08-11 01:43:20,460 - CitySense.processing.train_explainability - INFO - Generating SHAP summary plot …
2026-08-11 01:43:20,893 - CitySense.processing.train_explainability - INFO - [OK] Saved → D:\Clg\Major Project\CitySense\city_sense\data/shap_summary.png
2026-08-11 01:43:20,893 - CitySense.processing.train_explainability - INFO - Extracting per-cell top positive / negative drivers …
2026-08-11 01:43:21,020 - CitySense.processing.train_explainability - INFO - [OK] Master GeoJSON updated → D:\Clg\Major Project\CitySense\city_sense\data/cells_master.geojson
2026-08-11 01:43:21,020 - CitySense.processing.train_explainability - INFO - New columns: top_positive_driver, top_positive_shap, top_negative_driver, top_negative_shap, explanation_text
2026-08-11 01:43:21,020 - CitySense.processing.train_explainability - INFO - Sample cell explanations:
2026-08-11 01:43:21,022 - CitySense.processing.train_explainability - INFO -   r10_c19  risk= 13.3  cluster=Cluster 0: Coastal/Lowland Urban
2026-08-11 01:43:21,022 - CitySense.processing.train_explainability - INFO -            ➜ Low risk driven by low LST (temperature) (-33.05)
2026-08-11 01:43:21,023 - CitySense.processing.train_explainability - INFO -   r35_c19  risk= 83.2  cluster=Cluster 1: Green/Forested
2026-08-11 01:43:21,023 - CitySense.processing.train_explainability - INFO -            ➜ High risk driven by high LST (temperature) (+16.21) and low NDBI (built-up) (-0.33)
2026-08-11 01:43:21,023 - CitySense.processing.train_explainability - INFO -   r2_c17  risk= 16.1  cluster=Cluster 0: Coastal/Lowland Urban
2026-08-11 01:43:21,024 - CitySense.processing.train_explainability - INFO -            ➜ Low risk driven by low LST (temperature) (-30.88)
2026-08-11 01:43:21,024 - CitySense.processing.train_explainability - INFO -   r17_c1  risk=  8.4  cluster=Cluster 0: Coastal/Lowland Urban
2026-08-11 01:43:21,024 - CitySense.processing.train_explainability - INFO -            ➜ Low risk driven by high NDBI (built-up) (+0.41) and low LST (temperature) (-35.01)
2026-08-11 01:43:21,024 - CitySense.processing.train_explainability - INFO -   r37_c13  risk= 76.4  cluster=Cluster 1: Green/Forested
2026-08-11 01:43:21,024 - CitySense.processing.train_explainability - INFO -            ➜ High risk driven by high LST (temperature) (+10.39)
2026-08-11 01:43:21,025 - CitySense.processing.train_explainability - INFO -   r8_c12  risk=  1.5  cluster=Cluster 0: Coastal/Lowland Urban
2026-08-11 01:43:21,025 - CitySense.processing.train_explainability - INFO -            ➜ Low risk driven by low LST (temperature) (-36.05)
2026-08-11 01:43:21,025 - CitySense.processing.train_explainability - INFO - Sanity checks:
2026-08-11 01:43:21,025 - CitySense.processing.train_explainability - INFO - ✔ LST and NDVI are the top-2 predictors – matches domain knowledge
2026-08-11 01:43:21,028 - CitySense.processing.train_explainability - INFO - ✔ 100% of the 20 hottest cells have positive LST SHAP (expected ~100%)
2026-08-11 01:43:21,028 - CitySense.processing.train_explainability - INFO - Generating top-driver map …
2026-08-11 01:43:21,526 - CitySense.processing.train_explainability - INFO - [OK] Saved → D:\Clg\Major Project\CitySense\city_sense\data/top_driver_map.png
2026-08-11 01:43:21,527 - CitySense.processing.train_explainability - INFO - === Week 6 Explainability Layer complete! ===
2026-08-11 01:43:21,528 - CitySense - INFO - Completed stage: Train explainability model (2.43s)
2026-08-11 01:43:21,529 - CitySense - INFO - Running stage: Create dashboard explanations
2026-08-11 01:43:21,529 - CitySense.processing.generate_explanations_json - INFO - === City Sense -- Generate Explanations JSON ===
2026-08-11 01:43:21,538 - CitySense.processing.generate_explanations_json - INFO - Loading master dataset from D:\Clg\Major Project\CitySense\city_sense\data/cells_master.geojson
2026-08-11 01:43:21,594 - CitySense.processing.generate_explanations_json - INFO - Extracting explanation data...
2026-08-11 01:43:21,705 - CitySense.processing.generate_explanations_json - INFO - Saved explanations for 836 cells to D:\Clg\Major Project\CitySense\city_sense\data/cell_explanations.json
2026-08-11 01:43:21,705 - CitySense.processing.generate_explanations_json - INFO - === Generation complete! ===
2026-08-11 01:43:21,706 - CitySense - INFO - Completed stage: Create dashboard explanations (0.18s)
2026-08-11 01:43:21,706 - CitySense - INFO - Skipping stage 'Generate environmental intelligence'; output already exists: D:\Clg\Major Project\CitySense\city_sense\data\environmental_intelligence.json
2026-08-11 01:43:21,707 - CitySense - INFO - Skipping stage 'Generate planning profiles'; output already exists: D:\Clg\Major Project\CitySense\city_sense\data\planning_profiles.json
2026-08-11 01:43:21,707 - CitySense - INFO - Running stage: Enrich geographic metadata
2026-08-11 01:43:21,708 - CitySense.metadata.geo_enrichment - INFO - === City Sense -- Phase 1: Geographic Enrichment ===
2026-08-11 01:43:21,719 - CitySense.metadata.geo_enrichment - INFO - Loading master dataset from D:\Clg\Major Project\CitySense\city_sense\data\cells_master.geojson
2026-08-11 01:43:21,767 - CitySense.metadata.geo_enrichment - INFO - Computing area and centroid statistics...
2026-08-11 01:43:21,902 - CitySense.metadata.geo_enrichment - INFO - Enriching 836 grid cells. This may take a while due to API rate limits...
2026-08-11 01:43:31,972 - CitySense.geo_utils - ERROR - Overpass API request failed after 1 attempts: HTTPConnectionPool(host='overpass-api.de', port=80): Max retries exceeded with url: /api/interpreter?data=%5Bout%3Ajson%5D%5Btimeout%3A25%5D%3B%28node%5B%22amenity%22%3D%22hospital%22%5D%28around%3A1500%2C18.975%2C72.795%29%3Bway%5B%22amenity%22%3D%22hospital%22%5D%28around%3A1500%2C18.975%2C72.795%29%3Bnode%5B%22amenity%22%3D%22school%22%5D%28around%3A1500%2C18.975%2C72.795%29%3Bway%5B%22amenity%22%3D%22school%22%5D%28around%3A1500%2C18.975%2C72.795%29%3Bnode%5B%22railway%22%3D%22station%22%5D%28around%3A1500%2C18.975%2C72.795%29%3Bway%5B%22railway%22%3D%22station%22%5D%28around%3A1500%2C18.975%2C72.795%29%3Bnode%5B%22station%22%3D%22subway%22%5D%28around%3A1500%2C18.975%2C72.795%29%3Bway%5B%22station%22%3D%22subway%22%5D%28around%3A1500%2C18.975%2C72.795%29%3Bnode%5B%22amenity%22%3D%22university%22%5D%28around%3A1500%2C18.975%2C72.795%29%3Bway%5B%22amenity%22%3D%22university%22%5D%28around%3A1500%2C18.975%2C72.795%29%3Bnode%5B%22leisure%22%3D%22park%22%5D%28around%3A1500%2C18.975%2C72.795%29%3Bway%5B%22leisure%22%3D%22park%22%5D%28around%3A1500%2C18.975%2C72.795%29%3Bnode%5B%22natural%22%3D%22water%22%5D%28around%3A1500%2C18.975%2C72.795%29%3Bway%5B%22natural%22%3D%22water%22%5D%28around%3A1500%2C18.975%2C72.795%29%3Bnode%5B%22amenity%22%3D%22place_of_worship%22%5D%28around%3A1500%2C18.975%2C72.795%29%3Bway%5B%22amenity%22%3D%22place_of_worship%22%5D%28around%3A1500%2C18.975%2C72.795%29%3Bnode%5B%22highway%22%3D%22primary%22%5D%28around%3A1500%2C18.975%2C72.795%29%3Bway%5B%22highway%22%3D%22primary%22%5D%28around%3A1500%2C18.975%2C72.795%29%3B%29%3Bout+center%3B (Caused by ConnectTimeoutError(<HTTPConnection(host='overpass-api.de', port=80) at 0x14b165401a0>, 'Connection to overpass-api.de timed out. (connect timeout=5)'))
2026-08-11 01:43:43,638 - CitySense.geo_utils - ERROR - Overpass API request failed after 1 attempts: HTTPConnectionPool(host='overpass-api.de', port=80): Max retries exceeded with url: /api/interpreter?data=%5Bout%3Ajson%5D%5Btimeout%3A25%5D%3B%28node%5B%22amenity%22%3D%22hospital%22%5D%28around%3A1500%2C18.974999999999998%2C72.805%29%3Bway%5B%22amenity%22%3D%22hospital%22%5D%28around%3A1500%2C18.974999999999998%2C72.805%29%3Bnode%5B%22amenity%22%3D%22school%22%5D%28around%3A1500%2C18.974999999999998%2C72.805%29%3Bway%5B%22amenity%22%3D%22school%22%5D%28around%3A1500%2C18.974999999999998%2C72.805%29%3Bnode%5B%22railway%22%3D%22station%22%5D%28around%3A1500%2C18.974999999999998%2C72.805%29%3Bway%5B%22railway%22%3D%22station%22%5D%28around%3A1500%2C18.974999999999998%2C72.805%29%3Bnode%5B%22station%22%3D%22subway%22%5D%28around%3A1500%2C18.974999999999998%2C72.805%29%3Bway%5B%22station%22%3D%22subway%22%5D%28around%3A1500%2C18.974999999999998%2C72.805%29%3Bnode%5B%22amenity%22%3D%22university%22%5D%28around%3A1500%2C18.974999999999998%2C72.805%29%3Bway%5B%22amenity%22%3D%22university%22%5D%28around%3A1500%2C18.974999999999998%2C72.805%29%3Bnode%5B%22leisure%22%3D%22park%22%5D%28around%3A1500%2C18.974999999999998%2C72.805%29%3Bway%5B%22leisure%22%3D%22park%22%5D%28around%3A1500%2C18.974999999999998%2C72.805%29%3Bnode%5B%22natural%22%3D%22water%22%5D%28around%3A1500%2C18.974999999999998%2C72.805%29%3Bway%5B%22natural%22%3D%22water%22%5D%28around%3A1500%2C18.974999999999998%2C72.805%29%3Bnode%5B%22amenity%22%3D%22place_of_worship%22%5D%28around%3A1500%2C18.974999999999998%2C72.805%29%3Bway%5B%22amenity%22%3D%22place_of_worship%22%5D%28around%3A1500%2C18.974999999999998%2C72.805%29%3Bnode%5B%22highway%22%3D%22primary%22%5D%28around%3A1500%2C18.974999999999998%2C72.805%29%3Bway%5B%22highway%22%3D%22primary%22%5D%28around%3A1500%2C18.974999999999998%2C72.805%29%3B%29%3Bout+center%3B (Caused by ConnectTimeoutError(<HTTPConnection(host='overpass-api.de', port=80) at 0x14b16aed810>, 'Connection to overpass-api.de timed out. (connect timeout=5)'))
2026-08-11 01:43:55,711 - CitySense.geo_utils - ERROR - Overpass API request failed after 1 attempts: HTTPConnectionPool(host='overpass-api.de', port=80): Max retries exceeded with url: /api/interpreter?data=%5Bout%3Ajson%5D%5Btimeout%3A25%5D%3B%28node%5B%22amenity%22%3D%22hospital%22%5D%28around%3A1500%2C18.975%2C72.81499999999998%29%3Bway%5B%22amenity%22%3D%22hospital%22%5D%28around%3A1500%2C18.975%2C72.81499999999998%29%3Bnode%5B%22amenity%22%3D%22school%22%5D%28around%3A1500%2C18.975%2C72.81499999999998%29%3Bway%5B%22amenity%22%3D%22school%22%5D%28around%3A1500%2C18.975%2C72.81499999999998%29%3Bnode%5B%22railway%22%3D%22station%22%5D%28around%3A1500%2C18.975%2C72.81499999999998%29%3Bway%5B%22railway%22%3D%22station%22%5D%28around%3A1500%2C18.975%2C72.81499999999998%29%3Bnode%5B%22station%22%3D%22subway%22%5D%28around%3A1500%2C18.975%2C72.81499999999998%29%3Bway%5B%22station%22%3D%22subway%22%5D%28around%3A1500%2C18.975%2C72.81499999999998%29%3Bnode%5B%22amenity%22%3D%22university%22%5D%28around%3A1500%2C18.975%2C72.81499999999998%29%3Bway%5B%22amenity%22%3D%22university%22%5D%28around%3A1500%2C18.975%2C72.81499999999998%29%3Bnode%5B%22leisure%22%3D%22park%22%5D%28around%3A1500%2C18.975%2C72.81499999999998%29%3Bway%5B%22leisure%22%3D%22park%22%5D%28around%3A1500%2C18.975%2C72.81499999999998%29%3Bnode%5B%22natural%22%3D%22water%22%5D%28around%3A1500%2C18.975%2C72.81499999999998%29%3Bway%5B%22natural%22%3D%22water%22%5D%28around%3A1500%2C18.975%2C72.81499999999998%29%3Bnode%5B%22amenity%22%3D%22place_of_worship%22%5D%28around%3A1500%2C18.975%2C72.81499999999998%29%3Bway%5B%22amenity%22%3D%22place_of_worship%22%5D%28around%3A1500%2C18.975%2C72.81499999999998%29%3Bnode%5B%22highway%22%3D%22primary%22%5D%28around%3A1500%2C18.975%2C72.81499999999998%29%3Bway%5B%22highway%22%3D%22primary%22%5D%28around%3A1500%2C18.975%2C72.81499999999998%29%3B%29%3Bout+center%3B (Caused by ConnectTimeoutError(<HTTPConnection(host='overpass-api.de', port=80) at 0x14b16aedbd0>, 'Connection to overpass-api.de timed out. (connect timeout=5)'))
2026-08-11 01:44:07,381 - CitySense.geo_utils - ERROR - Overpass API request failed after 1 attempts: HTTPConnectionPool(host='overpass-api.de', port=80): Max retries exceeded with url: /api/interpreter?data=%5Bout%3Ajson%5D%5Btimeout%3A25%5D%3B%28node%5B%22amenity%22%3D%22hospital%22%5D%28around%3A1500%2C18.974999999999998%2C72.825%29%3Bway%5B%22amenity%22%3D%22hospital%22%5D%28around%3A1500%2C18.974999999999998%2C72.825%29%3Bnode%5B%22amenity%22%3D%22school%22%5D%28around%3A1500%2C18.974999999999998%2C72.825%29%3Bway%5B%22amenity%22%3D%22school%22%5D%28around%3A1500%2C18.974999999999998%2C72.825%29%3Bnode%5B%22railway%22%3D%22station%22%5D%28around%3A1500%2C18.974999999999998%2C72.825%29%3Bway%5B%22railway%22%3D%22station%22%5D%28around%3A1500%2C18.974999999999998%2C72.825%29%3Bnode%5B%22station%22%3D%22subway%22%5D%28around%3A1500%2C18.974999999999998%2C72.825%29%3Bway%5B%22station%22%3D%22subway%22%5D%28around%3A1500%2C18.974999999999998%2C72.825%29%3Bnode%5B%22amenity%22%3D%22university%22%5D%28around%3A1500%2C18.974999999999998%2C72.825%29%3Bway%5B%22amenity%22%3D%22university%22%5D%28around%3A1500%2C18.974999999999998%2C72.825%29%3Bnode%5B%22leisure%22%3D%22park%22%5D%28around%3A1500%2C18.974999999999998%2C72.825%29%3Bway%5B%22leisure%22%3D%22park%22%5D%28around%3A1500%2C18.974999999999998%2C72.825%29%3Bnode%5B%22natural%22%3D%22water%22%5D%28around%3A1500%2C18.974999999999998%2C72.825%29%3Bway%5B%22natural%22%3D%22water%22%5D%28around%3A1500%2C18.974999999999998%2C72.825%29%3Bnode%5B%22amenity%22%3D%22place_of_worship%22%5D%28around%3A1500%2C18.974999999999998%2C72.825%29%3Bway%5B%22amenity%22%3D%22place_of_worship%22%5D%28around%3A1500%2C18.974999999999998%2C72.825%29%3Bnode%5B%22highway%22%3D%22primary%22%5D%28around%3A1500%2C18.974999999999998%2C72.825%29%3Bway%5B%22highway%22%3D%22primary%22%5D%28around%3A1500%2C18.974999999999998%2C72.825%29%3B%29%3Bout+center%3B (Caused by ConnectTimeoutError(<HTTPConnection(host='overpass-api.de', port=80) at 0x14b16661a70>, 'Connection to overpass-api.de timed out. (connect timeout=5)'))
2026-08-11 01:44:18,787 - CitySense.geo_utils - WARNING - Circuit breaker OPEN after 5 consecutive failures. Skipping remaining Overpass API calls.
2026-08-11 02:02:42,297 - CitySense.metadata.geo_enrichment - INFO - Successfully generated geographic metadata for 836 cells in 1160.4 seconds.
2026-08-11 02:02:42,297 - CitySense.metadata.geo_enrichment - INFO - Saved to D:\Clg\Major Project\CitySense\city_sense\data\geo\geographic_metadata.json
2026-08-11 02:02:42,297 - CitySense.metadata.geo_enrichment - INFO - === Enrichment Complete ===
2026-08-11 02:02:42,300 - CitySense - INFO - Completed stage: Enrich geographic metadata (1160.59s)
2026-08-11 02:02:42,300 - CitySense - INFO - Running stage: Generate validation plots
2026-08-11 02:02:42,300 - CitySense.processing.validate_scores - INFO - === City Sense -- Score & Cluster Validation ===
2026-08-11 02:02:42,356 - CitySense.processing.validate_scores - INFO - Loaded 836 cells from D:\Clg\Major Project\CitySense\city_sense\data/cells_master.geojson
2026-08-11 02:02:42,357 - CitySense.processing.validate_scores - INFO - Generating Risk Score distribution plot...
2026-08-11 02:02:42,691 - CitySense.processing.validate_scores - INFO -   -> Saved D:\Clg\Major Project\CitySense\city_sense\data\val_risk_distribution.png
2026-08-11 02:02:42,691 - CitySense.processing.validate_scores - INFO - Generating Risk vs LST scatter plot...
2026-08-11 02:02:42,995 - CitySense.processing.validate_scores - INFO -   -> Saved D:\Clg\Major Project\CitySense\city_sense\data\val_risk_vs_lst.png
2026-08-11 02:02:42,995 - CitySense.processing.validate_scores - INFO - Generating Risk by Cluster boxplot...
2026-08-11 02:02:43,294 - CitySense.processing.validate_scores - INFO -   -> Saved D:\Clg\Major Project\CitySense\city_sense\data\val_risk_by_cluster.png
2026-08-11 02:02:43,294 - CitySense.processing.validate_scores - INFO - Generating Indicator Profiles by Cluster...
2026-08-11 02:02:43,659 - CitySense.processing.validate_scores - INFO -   -> Saved D:\Clg\Major Project\CitySense\city_sense\data\val_cluster_profiles.png
2026-08-11 02:02:43,660 - CitySense.processing.validate_scores - INFO - === Validation plots complete! ===
2026-08-11 02:02:43,660 - CitySense - INFO - Completed stage: Generate validation plots (1.36s)
2026-08-11 02:02:43,660 - CitySense - INFO - === City Sense Pipeline Finished ===
2026-08-11 15:09:03,843 - CitySense - INFO - === City Sense Pipeline Started ===
2026-08-11 15:09:03,858 - CitySense - INFO - Validating configuration...
2026-08-11 15:09:03,865 - CitySense - INFO - Configuration is valid.
2026-08-11 15:09:20,128 - CitySense - INFO - Skipping stage 'Generate grid'; output already exists: D:\Clg\Major Project\CitySense\city_sense\data\grid.geojson
2026-08-11 15:09:20,129 - CitySense - INFO - Skipping stage 'Fetch NDVI'; output already exists: D:\Clg\Major Project\CitySense\city_sense\data\ndvi_grid.geojson
2026-08-11 15:09:20,129 - CitySense - INFO - Skipping stage 'Fetch land-surface temperature'; output already exists: D:\Clg\Major Project\CitySense\city_sense\data\lst_grid.geojson
2026-08-11 15:09:20,129 - CitySense - INFO - Skipping stage 'Fetch NDBI'; output already exists: D:\Clg\Major Project\CitySense\city_sense\data\ndbi_grid.geojson
2026-08-11 15:09:20,129 - CitySense - INFO - Skipping stage 'Fetch DEM'; output already exists: D:\Clg\Major Project\CitySense\city_sense\data\dem_grid.geojson
2026-08-11 15:09:20,129 - CitySense - INFO - Running stage: Merge indicators
2026-08-11 15:09:20,129 - CitySense.processing.merge_indicators - INFO - === City Sense -- Week 4: Merge Indicators ===
2026-08-11 15:09:20,135 - CitySense.processing.merge_indicators - INFO - Loading indicator layers...
2026-08-11 15:09:20,743 - CitySense.processing.merge_indicators - INFO - [NDVI] 836 cells, column: mean_ndvi
2026-08-11 15:09:20,769 - CitySense.processing.merge_indicators - INFO - [LST] 836 cells, column: mean_lst
2026-08-11 15:09:20,804 - CitySense.processing.merge_indicators - INFO - [NDBI] 836 cells, column: mean_ndbi
2026-08-11 15:09:20,833 - CitySense.processing.merge_indicators - INFO - [DEM] 836 cells, column: mean_dem
2026-08-11 15:09:20,838 - CitySense.processing.merge_indicators - INFO - Merged dataset: 836 rows x 6 columns
2026-08-11 15:09:20,839 - CitySense.processing.merge_indicators - INFO - Columns: ['cell_id', 'mean_ndvi', 'mean_lst', 'mean_ndbi', 'mean_dem', 'geometry']
2026-08-11 15:09:20,844 - CitySense.processing.merge_indicators - DEBUG - First 5 rows:
cell_id  mean_ndvi  mean_lst  mean_ndbi  mean_dem
  r0_c0  -0.143165 30.243749  -0.052936  0.000000
  r0_c1  -0.151584 30.268030  -0.054288  0.000000
  r0_c2  -0.161391 30.272786  -0.067398  0.000000
  r0_c3  -0.013260 33.068555  -0.049276  1.899245
  r0_c4  -0.006067 33.255702  -0.075647  3.256442
2026-08-11 15:09:20,854 - CitySense.processing.merge_indicators - DEBUG - Basic statistics:
        mean_ndvi    mean_lst   mean_ndbi    mean_dem
count  836.000000  836.000000  836.000000  836.000000
mean     0.095393   37.205626   -0.067646   22.427618
std      0.182677    5.150374    0.076193   49.434387
min     -0.202734   30.017884   -0.335785   -0.505823
25%     -0.118259   31.395320   -0.103111    0.000000
50%      0.152285   37.768269   -0.056164    3.802165
75%      0.224524   41.910599   -0.016208   15.012170
max      0.523807   48.929549    0.124413  363.190029
2026-08-11 15:09:20,855 - CitySense.processing.merge_indicators - INFO - No missing values in any column.
2026-08-11 15:09:20,894 - CitySense.processing.merge_indicators - INFO - Saved master dataset to: D:\Clg\Major Project\CitySense\city_sense\data/cells_master.geojson
2026-08-11 15:09:20,895 - CitySense.processing.merge_indicators - INFO - === Merge complete! ===
2026-08-11 15:09:20,895 - CitySense - INFO - Completed stage: Merge indicators (0.77s)
2026-08-11 15:09:20,895 - CitySense - INFO - Running stage: Compute UHI
2026-08-11 15:09:20,895 - CitySense.processing.compute_uhi - INFO - === City Sense -- Week 5: Compute UHI Intensity ===
2026-08-11 15:09:20,929 - CitySense.processing.compute_uhi - INFO - Loaded 836 cells from D:\Clg\Major Project\CitySense\city_sense\data/cells_master.geojson
2026-08-11 15:09:20,929 - CitySense.processing.compute_uhi - INFO - Baseline zone defined as: lon [72.87, 72.93], lat [19.18, 19.25]
2026-08-11 15:09:21,325 - CitySense.processing.compute_uhi - INFO - Selected 42 cells as the baseline reference.
2026-08-11 15:09:21,326 - CitySense.processing.compute_uhi - INFO - Rural/Green reference temperature (mean): 39.01 C
2026-08-11 15:09:21,331 - CitySense.processing.compute_uhi - INFO - UHI Intensity stats:
2026-08-11 15:09:21,331 - CitySense.processing.compute_uhi - INFO -   Min : -8.99 C
2026-08-11 15:09:21,331 - CitySense.processing.compute_uhi - INFO -   Max : 9.92 C
2026-08-11 15:09:21,331 - CitySense.processing.compute_uhi - INFO -   Mean: -1.80 C
2026-08-11 15:09:21,332 - CitySense.processing.compute_uhi - INFO - Number of cells with UHI > +5 C: 70
2026-08-11 15:09:21,332 - CitySense.processing.compute_uhi - INFO - Mean NDBI of these hot cells: 0.028 (expect positive/high)
2026-08-11 15:09:21,355 - CitySense.processing.compute_uhi - INFO - Updated master dataset with 'uhi_intensity' column.
2026-08-11 15:09:21,355 - CitySense.processing.compute_uhi - INFO - Generating UHI map...
2026-08-11 15:09:21,993 - CitySense.processing.compute_uhi - INFO - Saved UHI map to: D:\Clg\Major Project\CitySense\city_sense\data\uhi_map.png
2026-08-11 15:09:21,993 - CitySense.processing.compute_uhi - INFO - === UHI computation complete! ===
2026-08-11 15:09:21,994 - CitySense - INFO - Completed stage: Compute UHI (1.10s)
2026-08-11 15:09:21,994 - CitySense - INFO - Running stage: Analyze LST and NDVI
2026-08-11 15:09:21,994 - CitySense.processing.lst_ndvi_analysis - INFO - === City Sense -- Week 5: LST-NDVI Correlation Analysis ===
2026-08-11 15:09:22,030 - CitySense.processing.lst_ndvi_analysis - INFO - Loaded 836 cells from D:\Clg\Major Project\CitySense\city_sense\data/cells_master.geojson
2026-08-11 15:09:22,032 - CitySense.processing.lst_ndvi_analysis - INFO - Cells with both valid NDVI and LST: 836
2026-08-11 15:09:22,036 - CitySense.processing.lst_ndvi_analysis - INFO - --- Pearson Correlation ---
2026-08-11 15:09:22,036 - CitySense.processing.lst_ndvi_analysis - INFO - r       = 0.6386
2026-08-11 15:09:22,036 - CitySense.processing.lst_ndvi_analysis - INFO - p-value = 5.68e-97
2026-08-11 15:09:22,036 - CitySense.processing.lst_ndvi_analysis - INFO - Result: Statistically significant correlation.
2026-08-11 15:09:22,038 - CitySense.processing.lst_ndvi_analysis - INFO - --- Linear Regression (LST ~ NDVI) ---
2026-08-11 15:09:22,038 - CitySense.processing.lst_ndvi_analysis - INFO - Equation: LST = 18.00 * NDVI + 35.49
2026-08-11 15:09:22,039 - CitySense.processing.lst_ndvi_analysis - INFO - R-squared: 0.4078
2026-08-11 15:09:22,039 - CitySense.processing.lst_ndvi_analysis - INFO - --- Interpretation ---
2026-08-11 15:09:22,039 - CitySense.processing.lst_ndvi_analysis - WARNING - Unexpected positive slope. Vegetation does not appear to have a cooling effect here.
2026-08-11 15:09:22,039 - CitySense.processing.lst_ndvi_analysis - INFO - Generating scatter plot...
2026-08-11 15:09:22,553 - CitySense.processing.lst_ndvi_analysis - INFO - Saved scatter plot to: D:\Clg\Major Project\CitySense\city_sense\data\lst_ndvi_scatter.png
2026-08-11 15:09:22,554 - CitySense.processing.lst_ndvi_analysis - INFO - === LST-NDVI analysis complete! ===
2026-08-11 15:09:22,554 - CitySense - INFO - Completed stage: Analyze LST and NDVI (0.56s)
2026-08-11 15:09:22,554 - CitySense - INFO - Running stage: Score cells with PCA
2026-08-11 15:09:22,554 - CitySense.processing.pca_scoring - INFO - === City Sense -- Week 6: PCA Scoring ===
2026-08-11 15:09:22,587 - CitySense.processing.pca_scoring - INFO - Loaded 836 cells from D:\Clg\Major Project\CitySense\city_sense\data/cells_master.geojson
2026-08-11 15:09:22,589 - CitySense.processing.pca_scoring - INFO - Normalising features to [0, 1] range...
2026-08-11 15:09:22,594 - CitySense.processing.pca_scoring - INFO - Saved MinMaxScaler to D:\Clg\Major Project\CitySense\city_sense\models\scaler.pkl
2026-08-11 15:09:22,594 - CitySense.processing.pca_scoring - INFO - Scaled data ranges:
2026-08-11 15:09:22,595 - CitySense.processing.pca_scoring - INFO -   mean_lst: min=0.00, max=1.00
2026-08-11 15:09:22,595 - CitySense.processing.pca_scoring - INFO -   mean_ndvi: min=0.00, max=1.00
2026-08-11 15:09:22,595 - CitySense.processing.pca_scoring - INFO -   mean_ndbi: min=0.00, max=1.00
2026-08-11 15:09:22,595 - CitySense.processing.pca_scoring - INFO -   mean_dem: min=0.00, max=1.00
2026-08-11 15:09:22,596 - CitySense.processing.pca_scoring - INFO - Aligning feature directions towards RISK...
2026-08-11 15:09:22,596 - CitySense.processing.pca_scoring - INFO -   - Inverting mean_ndvi (less greenery = higher risk)
2026-08-11 15:09:22,596 - CitySense.processing.pca_scoring - INFO -   - Inverting mean_dem (lower elevation = higher flood risk)
2026-08-11 15:09:22,596 - CitySense.processing.pca_scoring - INFO - Fitting PCA (n_components=1)...
2026-08-11 15:09:22,603 - CitySense.processing.pca_scoring - INFO - PCA Explained Variance Ratio: 0.6537 (65.4%)
2026-08-11 15:09:22,603 - CitySense.processing.pca_scoring - INFO - Feature Loadings for PC1:
2026-08-11 15:09:22,603 - CitySense.processing.pca_scoring - INFO -   mean_lst: 0.7418
2026-08-11 15:09:22,603 - CitySense.processing.pca_scoring - INFO -   mean_ndvi: -0.6151
2026-08-11 15:09:22,603 - CitySense.processing.pca_scoring - INFO -   mean_ndbi: 0.2146
2026-08-11 15:09:22,603 - CitySense.processing.pca_scoring - INFO -   mean_dem: -0.1593
2026-08-11 15:09:22,604 - CitySense.processing.pca_scoring - INFO - --- Risk Score Stats ---
2026-08-11 15:09:22,604 - CitySense.processing.pca_scoring - INFO -   Min: 0.00
2026-08-11 15:09:22,605 - CitySense.processing.pca_scoring - INFO -   Max: 100.00
2026-08-11 15:09:22,605 - CitySense.processing.pca_scoring - INFO -   Mean: 51.78
2026-08-11 15:09:22,605 - CitySense.processing.pca_scoring - INFO -   Median: 63.97
2026-08-11 15:09:22,605 - CitySense.processing.pca_scoring - INFO - --- Sustainability Score Stats ---
2026-08-11 15:09:22,605 - CitySense.processing.pca_scoring - INFO -   Min: 0.00
2026-08-11 15:09:22,606 - CitySense.processing.pca_scoring - INFO -   Max: 100.00
2026-08-11 15:09:22,606 - CitySense.processing.pca_scoring - INFO -   Mean: 48.22
2026-08-11 15:09:22,606 - CitySense.processing.pca_scoring - INFO -   Median: 36.03
2026-08-11 15:09:22,645 - CitySense.processing.pca_scoring - INFO - Updated master dataset with 'risk_score' and 'sustainability_score'.
2026-08-11 15:09:22,647 - CitySense.processing.pca_scoring - INFO - Saved PCA model to D:\Clg\Major Project\CitySense\city_sense\models\pca_model.pkl
2026-08-11 15:09:22,647 - CitySense.processing.pca_scoring - INFO - === PCA Scoring complete! ===
2026-08-11 15:09:22,648 - CitySense - INFO - Completed stage: Score cells with PCA (0.09s)
2026-08-11 15:09:22,648 - CitySense - INFO - Running stage: Cluster urban typologies
2026-08-11 15:09:22,648 - CitySense.processing.kmeans_clustering - INFO - === City Sense -- Week 6: K-Means Clustering ===
2026-08-11 15:09:22,696 - CitySense.processing.kmeans_clustering - INFO - Loaded 836 cells from D:\Clg\Major Project\CitySense\city_sense\data/cells_master.geojson
2026-08-11 15:09:22,699 - CitySense.processing.kmeans_clustering - INFO - Normalising features for clustering...
2026-08-11 15:09:22,702 - CitySense.processing.kmeans_clustering - INFO - Running silhouette analysis to evaluate k (2 to 6)...
2026-08-11 15:09:27,303 - CitySense.processing.kmeans_clustering - INFO -   k=2 | Silhouette Score = 0.5666
2026-08-11 15:09:27,324 - CitySense.processing.kmeans_clustering - INFO -   k=3 | Silhouette Score = 0.5607
2026-08-11 15:09:27,359 - CitySense.processing.kmeans_clustering - INFO -   k=4 | Silhouette Score = 0.5911
2026-08-11 15:09:27,396 - CitySense.processing.kmeans_clustering - INFO -   k=5 | Silhouette Score = 0.4924
2026-08-11 15:09:27,416 - CitySense.processing.kmeans_clustering - INFO -   k=6 | Silhouette Score = 0.4513
2026-08-11 15:09:27,416 - CitySense.processing.kmeans_clustering - INFO - Best k by silhouette score: 4
2026-08-11 15:09:27,518 - CitySense.processing.kmeans_clustering - INFO - Saved silhouette plot to D:\Clg\Major Project\CitySense\city_sense\data\kmeans_silhouette.png
2026-08-11 15:09:27,519 - CitySense.processing.kmeans_clustering - INFO - Fitting final K-Means model with k=4...
2026-08-11 15:09:27,525 - CitySense.processing.kmeans_clustering - INFO - Cluster Centroids (Scaled 0-1):
2026-08-11 15:09:27,530 - CitySense.processing.kmeans_clustering - INFO -    mean_lst  mean_ndvi  mean_ndbi  mean_dem
2026-08-11 15:09:27,530 - CitySense.processing.kmeans_clustering - INFO - 0  0.072943   0.107249   0.532396  0.004021
2026-08-11 15:09:27,530 - CitySense.processing.kmeans_clustering - INFO - 1  0.442968   0.740041   0.622675  0.456473
2026-08-11 15:09:27,530 - CitySense.processing.kmeans_clustering - INFO - 2  0.644395   0.516023   0.702010  0.050269
2026-08-11 15:09:27,530 - CitySense.processing.kmeans_clustering - INFO - 3  0.303690   0.664508   0.310278  0.017573
2026-08-11 15:09:27,530 - CitySense.processing.kmeans_clustering - INFO - Assigned typologies:
2026-08-11 15:09:27,530 - CitySense.processing.kmeans_clustering - INFO -   Cluster 0: Coastal/Lowland Urban
2026-08-11 15:09:27,530 - CitySense.processing.kmeans_clustering - INFO -   Cluster 1: Green/Forested
2026-08-11 15:09:27,530 - CitySense.processing.kmeans_clustering - INFO -   Cluster 2: Dense Urban Heat
2026-08-11 15:09:27,530 - CitySense.processing.kmeans_clustering - INFO -   Cluster 3: Green/Forested
2026-08-11 15:09:27,568 - CitySense.processing.kmeans_clustering - INFO - Updated master dataset with 'cluster' assignments.
2026-08-11 15:09:27,569 - CitySense.processing.kmeans_clustering - INFO - Cluster distribution:
2026-08-11 15:09:27,571 - CitySense.processing.kmeans_clustering - INFO -   Cluster 2: Dense Urban Heat: 359 cells
2026-08-11 15:09:27,571 - CitySense.processing.kmeans_clustering - INFO -   Cluster 0: Coastal/Lowland Urban: 295 cells
2026-08-11 15:09:27,571 - CitySense.processing.kmeans_clustering - INFO -   Cluster 3: Green/Forested: 113 cells
2026-08-11 15:09:27,571 - CitySense.processing.kmeans_clustering - INFO -   Cluster 1: Green/Forested: 69 cells
2026-08-11 15:09:27,571 - CitySense.processing.kmeans_clustering - INFO - === K-Means Clustering complete! ===
2026-08-11 15:09:27,571 - CitySense - INFO - Completed stage: Cluster urban typologies (4.92s)
2026-08-11 15:09:27,571 - CitySense - INFO - Running stage: Train explainability model
2026-08-11 15:09:27,571 - CitySense.processing.train_explainability - INFO - === City Sense – Week 6: Explainability Layer ===
2026-08-11 15:09:27,579 - CitySense.processing.train_explainability - INFO - Loading master dataset …
2026-08-11 15:09:27,621 - CitySense.processing.train_explainability - INFO - Loaded 836 cells  |  columns: ['cell_id', 'mean_ndvi', 'mean_lst', 'mean_ndbi', 'mean_dem', 'uhi_intensity', 'risk_score', 'sustainability_score', 'cluster_id', 'cluster', 'geometry']
2026-08-11 15:09:27,622 - CitySense.processing.train_explainability - INFO - Features shape: (836, 4)  |  Target range: [0.00, 100.00]
2026-08-11 15:09:27,622 - CitySense.processing.train_explainability - INFO - Splitting data (test_size=0.2, random_seed=42) …
2026-08-11 15:09:27,623 - CitySense.processing.train_explainability - INFO - Train: 668  |  Test: 168
2026-08-11 15:09:27,624 - CitySense.processing.train_explainability - INFO - Fitting StandardScaler on training set …
2026-08-11 15:09:27,625 - CitySense.processing.train_explainability - INFO - [OK] Scaler saved → D:\Clg\Major Project\CitySense\city_sense\models/explain_scaler.pkl
2026-08-11 15:09:27,625 - CitySense.processing.train_explainability - INFO - Training RandomForestRegressor (n_estimators=200, max_depth=5) …
2026-08-11 15:09:27,900 - CitySense.processing.train_explainability - INFO - [OK] Model saved → D:\Clg\Major Project\CitySense\city_sense\models/risk_model.pkl
2026-08-11 15:09:27,959 - CitySense.processing.train_explainability - INFO - Test-set evaluation:
2026-08-11 15:09:27,959 - CitySense.processing.train_explainability - INFO -   R² Score             : 0.9934
2026-08-11 15:09:27,959 - CitySense.processing.train_explainability - INFO -   Mean Absolute Error  : 1.8507
2026-08-11 15:09:27,959 - CitySense.processing.train_explainability - INFO -   Root Mean Sq Error   : 2.5785
2026-08-11 15:09:27,959 - CitySense.processing.train_explainability - INFO - Generating feature importance chart …
2026-08-11 15:09:28,110 - CitySense.processing.train_explainability - INFO - [OK] Saved → D:\Clg\Major Project\CitySense\city_sense\data/feature_importance.png
2026-08-11 15:09:28,110 - CitySense.processing.train_explainability - INFO - Computing SHAP values (TreeExplainer, full dataset) …
2026-08-11 15:09:28,384 - CitySense.processing.train_explainability - INFO - SHAP values shape: (836, 4)
2026-08-11 15:09:28,384 - CitySense.processing.train_explainability - INFO - Generating SHAP summary plot …
2026-08-11 15:09:28,596 - CitySense.processing.train_explainability - INFO - [OK] Saved → D:\Clg\Major Project\CitySense\city_sense\data/shap_summary.png
2026-08-11 15:09:28,597 - CitySense.processing.train_explainability - INFO - Extracting per-cell top positive / negative drivers …
2026-08-11 15:09:28,655 - CitySense.processing.train_explainability - INFO - [OK] Master GeoJSON updated → D:\Clg\Major Project\CitySense\city_sense\data/cells_master.geojson
2026-08-11 15:09:28,655 - CitySense.processing.train_explainability - INFO - New columns: top_positive_driver, top_positive_shap, top_negative_driver, top_negative_shap, explanation_text
2026-08-11 15:09:28,655 - CitySense.processing.train_explainability - INFO - Sample cell explanations:
2026-08-11 15:09:28,657 - CitySense.processing.train_explainability - INFO -   r10_c19  risk= 13.3  cluster=Cluster 0: Coastal/Lowland Urban
2026-08-11 15:09:28,657 - CitySense.processing.train_explainability - INFO -            ➜ Low risk driven by low LST (temperature) (-33.05)
2026-08-11 15:09:28,657 - CitySense.processing.train_explainability - INFO -   r35_c19  risk= 83.2  cluster=Cluster 1: Green/Forested
2026-08-11 15:09:28,657 - CitySense.processing.train_explainability - INFO -            ➜ High risk driven by high LST (temperature) (+16.21) and low NDBI (built-up) (-0.33)
2026-08-11 15:09:28,658 - CitySense.processing.train_explainability - INFO -   r2_c17  risk= 16.1  cluster=Cluster 0: Coastal/Lowland Urban
2026-08-11 15:09:28,658 - CitySense.processing.train_explainability - INFO -            ➜ Low risk driven by low LST (temperature) (-30.88)
2026-08-11 15:09:28,658 - CitySense.processing.train_explainability - INFO -   r17_c1  risk=  8.4  cluster=Cluster 0: Coastal/Lowland Urban
2026-08-11 15:09:28,658 - CitySense.processing.train_explainability - INFO -            ➜ Low risk driven by high NDBI (built-up) (+0.41) and low LST (temperature) (-35.01)
2026-08-11 15:09:28,658 - CitySense.processing.train_explainability - INFO -   r37_c13  risk= 76.4  cluster=Cluster 1: Green/Forested
2026-08-11 15:09:28,658 - CitySense.processing.train_explainability - INFO -            ➜ High risk driven by high LST (temperature) (+10.39)
2026-08-11 15:09:28,658 - CitySense.processing.train_explainability - INFO -   r8_c12  risk=  1.5  cluster=Cluster 0: Coastal/Lowland Urban
2026-08-11 15:09:28,658 - CitySense.processing.train_explainability - INFO -            ➜ Low risk driven by low LST (temperature) (-36.05)
2026-08-11 15:09:28,658 - CitySense.processing.train_explainability - INFO - Sanity checks:
2026-08-11 15:09:28,658 - CitySense.processing.train_explainability - INFO - ✔ LST and NDVI are the top-2 predictors – matches domain knowledge
2026-08-11 15:09:28,661 - CitySense.processing.train_explainability - INFO - ✔ 100% of the 20 hottest cells have positive LST SHAP (expected ~100%)
2026-08-11 15:09:28,661 - CitySense.processing.train_explainability - INFO - Generating top-driver map …
2026-08-11 15:09:28,924 - CitySense.processing.train_explainability - INFO - [OK] Saved → D:\Clg\Major Project\CitySense\city_sense\data/top_driver_map.png
2026-08-11 15:09:28,925 - CitySense.processing.train_explainability - INFO - === Week 6 Explainability Layer complete! ===
2026-08-11 15:09:28,926 - CitySense - INFO - Completed stage: Train explainability model (1.35s)
2026-08-11 15:09:28,927 - CitySense - INFO - Running stage: Create dashboard explanations
2026-08-11 15:09:28,927 - CitySense.processing.generate_explanations_json - INFO - === City Sense -- Generate Explanations JSON ===
2026-08-11 15:09:28,933 - CitySense.processing.generate_explanations_json - INFO - Loading master dataset from D:\Clg\Major Project\CitySense\city_sense\data/cells_master.geojson
2026-08-11 15:09:28,970 - CitySense.processing.generate_explanations_json - INFO - Extracting explanation data...
2026-08-11 15:09:29,022 - CitySense.processing.generate_explanations_json - INFO - Saved explanations for 836 cells to D:\Clg\Major Project\CitySense\city_sense\data/cell_explanations.json
2026-08-11 15:09:29,022 - CitySense.processing.generate_explanations_json - INFO - === Generation complete! ===
2026-08-11 15:09:29,023 - CitySense - INFO - Completed stage: Create dashboard explanations (0.10s)
2026-08-11 15:09:29,023 - CitySense - INFO - Skipping stage 'Generate environmental intelligence'; output already exists: D:\Clg\Major Project\CitySense\city_sense\data\environmental_intelligence.json
2026-08-11 15:09:29,023 - CitySense - INFO - Skipping stage 'Generate planning profiles'; output already exists: D:\Clg\Major Project\CitySense\city_sense\data\planning_profiles.json
2026-08-11 15:09:29,023 - CitySense - INFO - Skipping stage 'Enrich geographic metadata'; output already exists: D:\Clg\Major Project\CitySense\city_sense\data\geo\geographic_metadata.json
2026-08-11 15:09:29,023 - CitySense - INFO - Running stage: Generate validation plots
2026-08-11 15:09:29,023 - CitySense.processing.validate_scores - INFO - === City Sense -- Score & Cluster Validation ===
2026-08-11 15:09:29,059 - CitySense.processing.validate_scores - INFO - Loaded 836 cells from D:\Clg\Major Project\CitySense\city_sense\data/cells_master.geojson
2026-08-11 15:09:29,060 - CitySense.processing.validate_scores - INFO - Generating Risk Score distribution plot...
2026-08-11 15:09:29,238 - CitySense.processing.validate_scores - INFO -   -> Saved D:\Clg\Major Project\CitySense\city_sense\data\val_risk_distribution.png
2026-08-11 15:09:29,238 - CitySense.processing.validate_scores - INFO - Generating Risk vs LST scatter plot...
2026-08-11 15:09:29,405 - CitySense.processing.validate_scores - INFO -   -> Saved D:\Clg\Major Project\CitySense\city_sense\data\val_risk_vs_lst.png
2026-08-11 15:09:29,405 - CitySense.processing.validate_scores - INFO - Generating Risk by Cluster boxplot...
2026-08-11 15:09:29,567 - CitySense.processing.validate_scores - INFO -   -> Saved D:\Clg\Major Project\CitySense\city_sense\data\val_risk_by_cluster.png
2026-08-11 15:09:29,567 - CitySense.processing.validate_scores - INFO - Generating Indicator Profiles by Cluster...
2026-08-11 15:09:29,776 - CitySense.processing.validate_scores - INFO -   -> Saved D:\Clg\Major Project\CitySense\city_sense\data\val_cluster_profiles.png
2026-08-11 15:09:29,776 - CitySense.processing.validate_scores - INFO - === Validation plots complete! ===
2026-08-11 15:09:29,777 - CitySense - INFO - Completed stage: Generate validation plots (0.75s)
2026-08-11 15:09:29,777 - CitySense - INFO - === City Sense Pipeline Finished ===
2026-08-12 00:44:32,148 - CitySense.processing.generate_explanations_json - INFO - === City Sense -- Generate Indicator Attribution JSON ===
2026-08-12 00:44:32,153 - CitySense.processing.generate_explanations_json - INFO - Loading master dataset from D:\Clg\Major Project\CitySense\city_sense\data/cells_master.geojson
2026-08-12 00:44:32,253 - CitySense.processing.generate_explanations_json - INFO - Extracting indicator attribution data …
2026-08-12 00:44:32,288 - CitySense.processing.generate_explanations_json - INFO - Saved attribution data for 836 cells → D:\Clg\Major Project\CitySense\city_sense\data/cell_explanations.json
2026-08-12 00:44:32,289 - CitySense.processing.generate_explanations_json - INFO - === Indicator attribution JSON complete! ===
2026-08-13 17:07:49,812 - CitySense.planning.generate_planning_profiles - INFO - === City Sense – Phase 3: Generate Planning Profiles ===
2026-08-13 17:07:49,818 - CitySense.planning.generate_planning_profiles - INFO - Master dataset            : D:\Clg\Major Project\CitySense\city_sense\data\cells_master.geojson
2026-08-13 17:07:49,818 - CitySense.planning.generate_planning_profiles - INFO - Environmental intelligence: D:\Clg\Major Project\CitySense\city_sense\data\environmental_intelligence.json
2026-08-13 17:07:49,818 - CitySense.planning.generate_planning_profiles - INFO - Output path               : D:\Clg\Major Project\CitySense\city_sense\data\planning_profiles.json
2026-08-13 17:07:49,819 - CitySense.planning.generate_planning_profiles - INFO - Loading master dataset …
2026-08-13 17:07:49,924 - CitySense.planning.generate_planning_profiles - INFO - Loaded 836 cells.
2026-08-13 17:07:49,956 - CitySense.planning.generate_planning_profiles - INFO - Inputs: env_intel=836  geo_meta=836  explanations=836  fsi=836
2026-08-13 17:07:49,956 - CitySense.planning.decision_engine - INFO - Decision engine: processing 836 cells …
2026-08-13 17:07:49,956 - CitySense.planning.decision_engine - INFO - FSI data available: 836 cells. Flood conditions will be injected for High/Severe FSI cells.
2026-08-13 17:07:49,957 - CitySense.planning.decision_engine - DEBUG - City-wide max |SHAP| = 36.3469
2026-08-13 17:07:49,957 - CitySense.planning.priority_engine - DEBUG - Priority batch: 836 cells | max_population=50523
2026-08-13 17:07:50,028 - CitySense.planning.priority_engine - DEBUG - Priority distribution: {'Low': 306, 'High': 264, 'Medium': 249, 'Very Low': 12, 'Critical': 5}
2026-08-13 17:07:50,046 - CitySense.planning.decision_engine - DEBUG - FSI injection: r0_c0 → Flood Susceptibility added (FSI=Severe)
2026-08-13 17:07:50,058 - CitySense.planning.knowledge_base - DEBUG - Intervention catalog loaded from D:\Clg\Major Project\CitySense\city_sense\planning\intervention_catalog.yaml
2026-08-13 17:07:50,058 - CitySense.planning.knowledge_base - DEBUG - Single-condition match: 'Flood Susceptibility'
2026-08-13 17:07:50,058 - CitySense.planning.decision_engine - DEBUG - FSI injection: r0_c1 → Flood Susceptibility added (FSI=Severe)
2026-08-13 17:07:50,058 - CitySense.planning.knowledge_base - DEBUG - Single-condition match: 'Flood Susceptibility'
2026-08-13 17:07:50,058 - CitySense.planning.decision_engine - DEBUG - FSI injection: r0_c2 → Flood Susceptibility added (FSI=Severe)
2026-08-13 17:07:50,059 - CitySense.planning.knowledge_base - DEBUG - Single-condition match: 'Flood Susceptibility'
2026-08-13 17:07:50,059 - CitySense.planning.decision_engine - DEBUG - FSI injection: r0_c3 → Flood Susceptibility added (FSI=Severe)
2026-08-13 17:07:50,059 - CitySense.planning.knowledge_base - DEBUG - Single-condition match: 'Flood Susceptibility'
2026-08-13 17:07:50,059 - CitySense.planning.decision_engine - DEBUG - FSI injection: r0_c4 → Flood Susceptibility added (FSI=Severe)
2026-08-13 17:07:50,059 - CitySense.planning.knowledge_base - DEBUG - Single-condition match: 'Flood Susceptibility'
2026-08-13 17:07:50,059 - CitySense.planning.decision_engine - DEBUG - FSI injection: r0_c5 → Flood Susceptibility added (FSI=Severe)
2026-08-13 17:07:50,059 - CitySense.planning.knowledge_base - DEBUG - Single-condition match: 'Flood Susceptibility'
2026-08-13 17:07:50,059 - CitySense.planning.decision_engine - DEBUG - FSI injection: r0_c6 → Flood Susceptibility added (FSI=Severe)
2026-08-13 17:07:50,059 - CitySense.planning.knowledge_base - DEBUG - Single-condition match: 'Flood Susceptibility'
2026-08-13 17:07:50,059 - CitySense.planning.decision_engine - DEBUG - FSI injection: r0_c7 → Flood Susceptibility added (FSI=Severe)
2026-08-13 17:07:50,059 - CitySense.planning.knowledge_base - DEBUG - Single-condition match: 'Flood Susceptibility'
2026-08-13 17:07:50,059 - CitySense.planning.decision_engine - DEBUG - FSI injection: r0_c8 → Flood Susceptibility added (FSI=Severe)
2026-08-13 17:07:50,059 - CitySense.planning.knowledge_base - DEBUG - Single-condition match: 'Flood Susceptibility'
2026-08-13 17:07:50,059 - CitySense.planning.decision_engine - DEBUG - FSI injection: r0_c9 → Flood Susceptibility added (FSI=Severe)
2026-08-13 17:07:50,060 - CitySense.planning.knowledge_base - DEBUG - Single-condition match: 'Flood Susceptibility'
2026-08-13 17:07:50,060 - CitySense.planning.decision_engine - DEBUG - FSI injection: r0_c10 → Flood Susceptibility added (FSI=Severe)
2026-08-13 17:07:50,060 - CitySense.planning.knowledge_base - DEBUG - Single-condition match: 'Flood Susceptibility'
2026-08-13 17:07:50,060 - CitySense.planning.decision_engine - DEBUG - FSI injection: r0_c11 → Flood Susceptibility added (FSI=Severe)
2026-08-13 17:07:50,060 - CitySense.planning.knowledge_base - DEBUG - Single-condition match: 'Flood Susceptibility'
2026-08-13 17:07:50,060 - CitySense.planning.decision_engine - DEBUG - FSI injection: r0_c12 → Flood Susceptibility added (FSI=Severe)
2026-08-13 17:07:50,060 - CitySense.planning.knowledge_base - DEBUG - Single-condition match: 'Flood Susceptibility'
2026-08-13 17:07:50,060 - CitySense.planning.decision_engine - DEBUG - FSI injection: r0_c13 → Flood Susceptibility added (FSI=Severe)
2026-08-13 17:07:50,060 - CitySense.planning.knowledge_base - DEBUG - Single-condition match: 'Flood Susceptibility'
2026-08-13 17:07:50,060 - CitySense.planning.knowledge_base - DEBUG - Single-condition match: 'Low Vegetation'
2026-08-13 17:07:50,060 - CitySense.planning.knowledge_base - DEBUG - Multi-condition override matched (2 conditions): Integrated Drainage and Green Infrastructure
2026-08-13 17:07:50,061 - CitySense.planning.decision_engine - DEBUG - FSI injection: r0_c16 → Flood Susceptibility added (FSI=Severe)
2026-08-13 17:07:50,061 - CitySense.planning.knowledge_base - DEBUG - Single-condition match: 'Flood Susceptibility'
2026-08-13 17:07:50,061 - CitySense.planning.decision_engine - DEBUG - FSI injection: r0_c17 → Flood Susceptibility added (FSI=Severe)
2026-08-13 17:07:50,061 - CitySense.planning.knowledge_base - DEBUG - Single-condition match: 'Flood Susceptibility'
2026-08-13 17:07:50,061 - CitySense.planning.decision_engine - DEBUG - FSI injection: r0_c18 → Flood Susceptibility added (FSI=Severe)
2026-08-13 17:07:50,061 - CitySense.planning.knowledge_base - DEBUG - Multi-condition override matched (2 conditions): Integrated Drainage and Green Infrastructure
2026-08-13 17:07:50,061 - CitySense.planning.decision_engine - DEBUG - FSI injection: r0_c19 → Flood Susceptibility added (FSI=Severe)
2026-08-13 17:07:50,061 - CitySense.planning.knowledge_base - DEBUG - Multi-condition override matched (2 conditions): Cool Roof Program
2026-08-13 17:07:50,061 - CitySense.planning.decision_engine - DEBUG - FSI injection: r0_c20 → Flood Susceptibility added (FSI=Severe)
2026-08-13 17:07:50,061 - CitySense.planning.knowledge_base - DEBUG - Multi-condition override matched (2 conditions): Cool Roof Program
2026-08-13 17:07:50,061 - CitySense.planning.decision_engine - DEBUG - FSI injection: r0_c21 → Flood Susceptibility added (FSI=Severe)
2026-08-13 17:07:50,061 - CitySense.planning.knowledge_base - DEBUG - Multi-condition override matched (2 conditions): Cool Roof Program
2026-08-13 17:07:50,061 - CitySense.planning.decision_engine - DEBUG - FSI injection: r1_c0 → Flood Susceptibility added (FSI=Severe)
2026-08-13 17:07:50,061 - CitySense.planning.knowledge_base - DEBUG - Single-condition match: 'Flood Susceptibility'
2026-08-13 17:07:50,062 - CitySense.planning.decision_engine - DEBUG - FSI injection: r1_c1 → Flood Susceptibility added (FSI=Severe)
2026-08-13 17:07:50,062 - CitySense.planning.knowledge_base - DEBUG - Single-condition match: 'Flood Susceptibility'
2026-08-13 17:07:50,062 - CitySense.planning.decision_engine - DEBUG - FSI injection: r1_c2 → Flood Susceptibility added (FSI=Severe)
2026-08-13 17:07:50,062 - CitySense.planning.knowledge_base - DEBUG - Single-condition match: 'Flood Susceptibility'
2026-08-13 17:07:50,062 - CitySense.planning.decision_engine - DEBUG - FSI injection: r1_c3 → Flood Susceptibility added (FSI=Severe)
2026-08-13 17:07:50,062 - CitySense.planning.knowledge_base - DEBUG - Single-condition match: 'Flood Susceptibility'
2026-08-13 17:07:50,062 - CitySense.planning.decision_engine - DEBUG - FSI injection: r1_c4 → Flood Susceptibility added (FSI=Severe)
2026-08-13 17:07:50,062 - CitySense.planning.knowledge_base - DEBUG - Single-condition match: 'Flood Susceptibility'
2026-08-13 17:07:50,062 - CitySense.planning.decision_engine - DEBUG - FSI injection: r1_c5 → Flood Susceptibility added (FSI=Severe)
2026-08-13 17:07:50,062 - CitySense.planning.knowledge_base - DEBUG - Single-condition match: 'Flood Susceptibility'
2026-08-13 17:07:50,062 - CitySense.planning.decision_engine - DEBUG - FSI injection: r1_c6 → Flood Susceptibility added (FSI=Severe)
2026-08-13 17:07:50,062 - CitySense.planning.knowledge_base - DEBUG - Single-condition match: 'Flood Susceptibility'
2026-08-13 17:07:50,062 - CitySense.planning.decision_engine - DEBUG - FSI injection: r1_c7 → Flood Susceptibility added (FSI=Severe)
2026-08-13 17:07:50,063 - CitySense.planning.knowledge_base - DEBUG - Single-condition match: 'Flood Susceptibility'
2026-08-13 17:07:50,063 - CitySense.planning.decision_engine - DEBUG - FSI injection: r1_c8 → Flood Susceptibility added (FSI=Severe)
2026-08-13 17:07:50,063 - CitySense.planning.knowledge_base - DEBUG - Single-condition match: 'Flood Susceptibility'
2026-08-13 17:07:50,063 - CitySense.planning.decision_engine - DEBUG - FSI injection: r1_c9 → Flood Susceptibility added (FSI=Severe)
2026-08-13 17:07:50,063 - CitySense.planning.knowledge_base - DEBUG - Single-condition match: 'Flood Susceptibility'
2026-08-13 17:07:50,063 - CitySense.planning.decision_engine - DEBUG - FSI injection: r1_c10 → Flood Susceptibility added (FSI=Severe)
2026-08-13 17:07:50,063 - CitySense.planning.knowledge_base - DEBUG - Single-condition match: 'Flood Susceptibility'
2026-08-13 17:07:50,063 - CitySense.planning.decision_engine - DEBUG - FSI injection: r1_c11 → Flood Susceptibility added (FSI=Severe)
2026-08-13 17:07:50,063 - CitySense.planning.knowledge_base - DEBUG - Single-condition match: 'Flood Susceptibility'
2026-08-13 17:07:50,063 - CitySense.planning.decision_engine - DEBUG - FSI injection: r1_c12 → Flood Susceptibility added (FSI=Severe)
2026-08-13 17:07:50,063 - CitySense.planning.knowledge_base - DEBUG - Single-condition match: 'Flood Susceptibility'
2026-08-13 17:07:50,063 - CitySense.planning.decision_engine - DEBUG - FSI injection: r1_c13 → Flood Susceptibility added (FSI=Severe)
2026-08-13 17:07:50,063 - CitySense.planning.knowledge_base - DEBUG - Single-condition match: 'Flood Susceptibility'
2026-08-13 17:07:50,063 - CitySense.planning.decision_engine - DEBUG - FSI injection: r1_c14 → Flood Susceptibility added (FSI=Severe)
2026-08-13 17:07:50,064 - CitySense.planning.knowledge_base - DEBUG - Single-condition match: 'Flood Susceptibility'
2026-08-13 17:07:50,064 - CitySense.planning.knowledge_base - DEBUG - Multi-condition override matched (2 conditions): Integrated Drainage and Green Infrastructure
2026-08-13 17:07:50,064 - CitySense.planning.decision_engine - DEBUG - FSI injection: r1_c16 → Flood Susceptibility added (FSI=Severe)
2026-08-13 17:07:50,064 - CitySense.planning.knowledge_base - DEBUG - Single-condition match: 'Flood Susceptibility'
2026-08-13 17:07:50,064 - CitySense.planning.decision_engine - DEBUG - FSI injection: r1_c17 → Flood Susceptibility added (FSI=Severe)
2026-08-13 17:07:50,064 - CitySense.planning.knowledge_base - DEBUG - Single-condition match: 'Flood Susceptibility'
2026-08-13 17:07:50,064 - CitySense.planning.decision_engine - DEBUG - FSI injection: r1_c18 → Flood Susceptibility added (FSI=Severe)
2026-08-13 17:07:50,064 - CitySense.planning.knowledge_base - DEBUG - Single-condition match: 'Flood Susceptibility'
2026-08-13 17:07:50,064 - CitySense.planning.decision_engine - DEBUG - FSI injection: r1_c19 → Flood Susceptibility added (FSI=Severe)
2026-08-13 17:07:50,064 - CitySense.planning.knowledge_base - DEBUG - Single-condition match: 'Flood Susceptibility'
2026-08-13 17:07:50,064 - CitySense.planning.decision_engine - DEBUG - FSI injection: r1_c20 → Flood Susceptibility added (FSI=Severe)
2026-08-13 17:07:50,064 - CitySense.planning.knowledge_base - DEBUG - Multi-condition override matched (2 conditions): Cool Roof Program
2026-08-13 17:07:50,064 - CitySense.planning.decision_engine - DEBUG - FSI injection: r1_c21 → Flood Susceptibility added (FSI=Severe)
2026-08-13 17:07:50,065 - CitySense.planning.knowledge_base - DEBUG - Multi-condition override matched (2 conditions): Cool Roof Program
2026-08-13 17:07:50,065 - CitySense.planning.decision_engine - DEBUG - FSI injection: r2_c0 → Flood Susceptibility added (FSI=Severe)
2026-08-13 17:07:50,065 - CitySense.planning.knowledge_base - DEBUG - Single-condition match: 'Flood Susceptibility'
2026-08-13 17:07:50,065 - CitySense.planning.decision_engine - DEBUG - FSI injection: r2_c1 → Flood Susceptibility added (FSI=Severe)
2026-08-13 17:07:50,065 - CitySense.planning.knowledge_base - DEBUG - Single-condition match: 'Flood Susceptibility'
2026-08-13 17:07:50,065 - CitySense.planning.decision_engine - DEBUG - FSI injection: r2_c2 → Flood Susceptibility added (FSI=Severe)
2026-08-13 17:07:50,065 - CitySense.planning.knowledge_base - DEBUG - Single-condition match: 'Flood Susceptibility'
2026-08-13 17:07:50,065 - CitySense.planning.decision_engine - DEBUG - FSI injection: r2_c3 → Flood Susceptibility added (FSI=Severe)
2026-08-13 17:07:50,065 - CitySense.planning.knowledge_base - DEBUG - Single-condition match: 'Flood Susceptibility'
2026-08-13 17:07:50,065 - CitySense.planning.decision_engine - DEBUG - FSI injection: r2_c4 → Flood Susceptibility added (FSI=Severe)
2026-08-13 17:07:50,065 - CitySense.planning.knowledge_base - DEBUG - Single-condition match: 'Flood Susceptibility'
2026-08-13 17:07:50,065 - CitySense.planning.decision_engine - DEBUG - FSI injection: r2_c5 → Flood Susceptibility added (FSI=Severe)
2026-08-13 17:07:50,065 - CitySense.planning.knowledge_base - DEBUG - Multi-condition override matched (2 conditions): Integrated Drainage and Green Infrastructure
2026-08-13 17:07:50,065 - CitySense.planning.decision_engine - DEBUG - FSI injection: r2_c6 → Flood Susceptibility added (FSI=Severe)
2026-08-13 17:07:50,065 - CitySense.planning.knowledge_base - DEBUG - Single-condition match: 'Flood Susceptibility'
2026-08-13 17:07:50,065 - CitySense.planning.decision_engine - DEBUG - FSI injection: r2_c7 → Flood Susceptibility added (FSI=Severe)
2026-08-13 17:07:50,066 - CitySense.planning.knowledge_base - DEBUG - Single-condition match: 'Flood Susceptibility'
2026-08-13 17:07:50,066 - CitySense.planning.decision_engine - DEBUG - FSI injection: r2_c8 → Flood Susceptibility added (FSI=Severe)
2026-08-13 17:07:50,066 - CitySense.planning.knowledge_base - DEBUG - Single-condition match: 'Flood Susceptibility'
2026-08-13 17:07:50,066 - CitySense.planning.decision_engine - DEBUG - FSI injection: r2_c9 → Flood Susceptibility added (FSI=Severe)
2026-08-13 17:07:50,066 - CitySense.planning.knowledge_base - DEBUG - Single-condition match: 'Flood Susceptibility'
2026-08-13 17:07:50,066 - CitySense.planning.decision_engine - DEBUG - FSI injection: r2_c10 → Flood Susceptibility added (FSI=Severe)
2026-08-13 17:07:50,066 - CitySense.planning.knowledge_base - DEBUG - Single-condition match: 'Flood Susceptibility'
2026-08-13 17:07:50,066 - CitySense.planning.decision_engine - DEBUG - FSI injection: r2_c11 → Flood Susceptibility added (FSI=Severe)
2026-08-13 17:07:50,066 - CitySense.planning.knowledge_base - DEBUG - Single-condition match: 'Flood Susceptibility'
2026-08-13 17:07:50,066 - CitySense.planning.decision_engine - DEBUG - FSI injection: r2_c12 → Flood Susceptibility added (FSI=Severe)
2026-08-13 17:07:50,066 - CitySense.planning.knowledge_base - DEBUG - Single-condition match: 'Flood Susceptibility'
2026-08-13 17:07:50,066 - CitySense.planning.decision_engine - DEBUG - FSI injection: r2_c13 → Flood Susceptibility added (FSI=Severe)
2026-08-13 17:07:50,066 - CitySense.planning.knowledge_base - DEBUG - Single-condition match: 'Flood Susceptibility'
2026-08-13 17:07:50,066 - CitySense.planning.decision_engine - DEBUG - FSI injection: r2_c14 → Flood Susceptibility added (FSI=Severe)
2026-08-13 17:07:50,066 - CitySense.planning.knowledge_base - DEBUG - Single-condition match: 'Flood Susceptibility'
2026-08-13 17:07:50,066 - CitySense.planning.decision_engine - DEBUG - FSI injection: r2_c15 → Flood Susceptibility added (FSI=Severe)
2026-08-13 17:07:50,066 - CitySense.planning.knowledge_base - DEBUG - Single-condition match: 'Flood Susceptibility'
2026-08-13 17:07:50,067 - CitySense.planning.decision_engine - DEBUG - FSI injection: r2_c16 → Flood Susceptibility added (FSI=Severe)
2026-08-13 17:07:50,067 - CitySense.planning.knowledge_base - DEBUG - Single-condition match: 'Flood Susceptibility'
2026-08-13 17:07:50,067 - CitySense.planning.decision_engine - DEBUG - FSI injection: r2_c17 → Flood Susceptibility added (FSI=Severe)
2026-08-13 17:07:50,067 - CitySense.planning.knowledge_base - DEBUG - Single-condition match: 'Flood Susceptibility'
2026-08-13 17:07:50,067 - CitySense.planning.decision_engine - DEBUG - FSI injection: r2_c18 → Flood Susceptibility added (FSI=Severe)
2026-08-13 17:07:50,067 - CitySense.planning.knowledge_base - DEBUG - Single-condition match: 'Flood Susceptibility'
2026-08-13 17:07:50,067 - CitySense.planning.decision_engine - DEBUG - FSI injection: r2_c19 → Flood Susceptibility added (FSI=Severe)
2026-08-13 17:07:50,067 - CitySense.planning.knowledge_base - DEBUG - Single-condition match: 'Flood Susceptibility'
2026-08-13 17:07:50,067 - CitySense.planning.decision_engine - DEBUG - FSI injection: r2_c20 → Flood Susceptibility added (FSI=Severe)
2026-08-13 17:07:50,067 - CitySense.planning.knowledge_base - DEBUG - Multi-condition override matched (2 conditions): Cool Roof Program
2026-08-13 17:07:50,068 - CitySense.planning.decision_engine - DEBUG - FSI injection: r2_c21 → Flood Susceptibility added (FSI=Severe)
2026-08-13 17:07:50,068 - CitySense.planning.knowledge_base - DEBUG - Multi-condition override matched (2 conditions): Cool Roof Program
2026-08-13 17:07:50,068 - CitySense.planning.decision_engine - DEBUG - FSI injection: r3_c0 → Flood Susceptibility added (FSI=Severe)
2026-08-13 17:07:50,068 - CitySense.planning.knowledge_base - DEBUG - Single-condition match: 'Flood Susceptibility'
2026-08-13 17:07:50,068 - CitySense.planning.decision_engine - DEBUG - FSI injection: r3_c1 → Flood Susceptibility added (FSI=Severe)
2026-08-13 17:07:50,068 - CitySense.planning.knowledge_base - DEBUG - Single-condition match: 'Flood Susceptibility'
2026-08-13 17:07:50,069 - CitySense.planning.decision_engine - DEBUG - FSI injection: r3_c2 → Flood Susceptibility added (FSI=Severe)
2026-08-13 17:07:50,069 - CitySense.planning.knowledge_base - DEBUG - Single-condition match: 'Flood Susceptibility'
2026-08-13 17:07:50,069 - CitySense.planning.decision_engine - DEBUG - FSI injection: r3_c3 → Flood Susceptibility added (FSI=Severe)
2026-08-13 17:07:50,069 - CitySense.planning.knowledge_base - DEBUG - Single-condition match: 'Flood Susceptibility'
2026-08-13 17:07:50,069 - CitySense.planning.decision_engine - DEBUG - FSI injection: r3_c4 → Flood Susceptibility added (FSI=Severe)
2026-08-13 17:07:50,069 - CitySense.planning.knowledge_base - DEBUG - Single-condition match: 'Flood Susceptibility'
2026-08-13 17:07:50,069 - CitySense.planning.decision_engine - DEBUG - FSI injection: r3_c5 → Flood Susceptibility added (FSI=Severe)
2026-08-13 17:07:50,069 - CitySense.planning.knowledge_base - DEBUG - Single-condition match: 'Flood Susceptibility'
2026-08-13 17:07:50,069 - CitySense.planning.decision_engine - DEBUG - FSI injection: r3_c6 → Flood Susceptibility added (FSI=Severe)
2026-08-13 17:07:50,069 - CitySense.planning.knowledge_base - DEBUG - Multi-condition override matched (2 conditions): Integrated Drainage and Green Infrastructure
2026-08-13 17:07:50,069 - CitySense.planning.decision_engine - DEBUG - FSI injection: r3_c7 → Flood Susceptibility added (FSI=Severe)
2026-08-13 17:07:50,069 - CitySense.planning.knowledge_base - DEBUG - Single-condition match: 'Flood Susceptibility'
2026-08-13 17:07:50,069 - CitySense.planning.decision_engine - DEBUG - FSI injection: r3_c8 → Flood Susceptibility added (FSI=Severe)
2026-08-13 17:07:50,069 - CitySense.planning.knowledge_base - DEBUG - Single-condition match: 'Flood Susceptibility'
2026-08-13 17:07:50,070 - CitySense.planning.decision_engine - DEBUG - FSI injection: r3_c9 → Flood Susceptibility added (FSI=Severe)
2026-08-13 17:07:50,070 - CitySense.planning.knowledge_base - DEBUG - Single-condition match: 'Flood Susceptibility'
2026-08-13 17:07:50,070 - CitySense.planning.decision_engine - DEBUG - FSI injection: r3_c10 → Flood Susceptibility added (FSI=Severe)
2026-08-13 17:07:50,070 - CitySense.planning.knowledge_base - DEBUG - Single-condition match: 'Flood Susceptibility'
2026-08-13 17:07:50,070 - CitySense.planning.decision_engine - DEBUG - FSI injection: r3_c11 → Flood Susceptibility added (FSI=Severe)
2026-08-13 17:07:50,070 - CitySense.planning.knowledge_base - DEBUG - Single-condition match: 'Flood Susceptibility'
2026-08-13 17:07:50,070 - CitySense.planning.decision_engine - DEBUG - FSI injection: r3_c12 → Flood Susceptibility added (FSI=Severe)
2026-08-13 17:07:50,070 - CitySense.planning.knowledge_base - DEBUG - Single-condition match: 'Flood Susceptibility'
2026-08-13 17:07:50,070 - CitySense.planning.decision_engine - DEBUG - FSI injection: r3_c13 → Flood Susceptibility added (FSI=Severe)
2026-08-13 17:07:50,070 - CitySense.planning.knowledge_base - DEBUG - Single-condition match: 'Flood Susceptibility'
2026-08-13 17:07:50,070 - CitySense.planning.decision_engine - DEBUG - FSI injection: r3_c14 → Flood Susceptibility added (FSI=Severe)
2026-08-13 17:07:50,071 - CitySense.planning.knowledge_base - DEBUG - Single-condition match: 'Flood Susceptibility'
2026-08-13 17:07:50,071 - CitySense.planning.decision_engine - DEBUG - FSI injection: r3_c15 → Flood Susceptibility added (FSI=Severe)
2026-08-13 17:07:50,071 - CitySense.planning.knowledge_base - DEBUG - Single-condition match: 'Flood Susceptibility'
2026-08-13 17:07:50,071 - CitySense.planning.decision_engine - DEBUG - FSI injection: r3_c16 → Flood Susceptibility added (FSI=Severe)
2026-08-13 17:07:50,071 - CitySense.planning.knowledge_base - DEBUG - Single-condition match: 'Flood Susceptibility'
2026-08-13 17:07:50,071 - CitySense.planning.decision_engine - DEBUG - FSI injection: r3_c17 → Flood Susceptibility added (FSI=Severe)
2026-08-13 17:07:50,071 - CitySense.planning.knowledge_base - DEBUG - Single-condition match: 'Flood Susceptibility'
2026-08-13 17:07:50,071 - CitySense.planning.decision_engine - DEBUG - FSI injection: r3_c18 → Flood Susceptibility added (FSI=Severe)
2026-08-13 17:07:50,071 - CitySense.planning.knowledge_base - DEBUG - Single-condition match: 'Flood Susceptibility'
2026-08-13 17:07:50,071 - CitySense.planning.decision_engine - DEBUG - FSI injection: r3_c19 → Flood Susceptibility added (FSI=Severe)
2026-08-13 17:07:50,071 - CitySense.planning.knowledge_base - DEBUG - Multi-condition override matched (2 conditions): Cool Roof Program
2026-08-13 17:07:50,071 - CitySense.planning.decision_engine - DEBUG - FSI injection: r3_c20 → Flood Susceptibility added (FSI=Severe)
2026-08-13 17:07:50,071 - CitySense.planning.knowledge_base - DEBUG - Multi-condition override matched (2 conditions): Cool Roof Program
2026-08-13 17:07:50,071 - CitySense.planning.decision_engine - DEBUG - FSI injection: r3_c21 → Flood Susceptibility added (FSI=Severe)
2026-08-13 17:07:50,071 - CitySense.planning.knowledge_base - DEBUG - Single-condition match: 'Flood Susceptibility'
2026-08-13 17:07:50,072 - CitySense.planning.decision_engine - DEBUG - FSI injection: r4_c0 → Flood Susceptibility added (FSI=Severe)
2026-08-13 17:07:50,072 - CitySense.planning.knowledge_base - DEBUG - Single-condition match: 'Flood Susceptibility'
2026-08-13 17:07:50,072 - CitySense.planning.decision_engine - DEBUG - FSI injection: r4_c1 → Flood Susceptibility added (FSI=Severe)
2026-08-13 17:07:50,072 - CitySense.planning.knowledge_base - DEBUG - Single-condition match: 'Flood Susceptibility'
2026-08-13 17:07:50,072 - CitySense.planning.decision_engine - DEBUG - FSI injection: r4_c2 → Flood Susceptibility added (FSI=Severe)
2026-08-13 17:07:50,072 - CitySense.planning.knowledge_base - DEBUG - Single-condition match: 'Flood Susceptibility'
2026-08-13 17:07:50,072 - CitySense.planning.decision_engine - DEBUG - FSI injection: r4_c3 → Flood Susceptibility added (FSI=Severe)
2026-08-13 17:07:50,072 - CitySense.planning.knowledge_base - DEBUG - Single-condition match: 'Flood Susceptibility'
2026-08-13 17:07:50,072 - CitySense.planning.decision_engine - DEBUG - FSI injection: r4_c4 → Flood Susceptibility added (FSI=Severe)
2026-08-13 17:07:50,072 - CitySense.planning.knowledge_base - DEBUG - Single-condition match: 'Flood Susceptibility'
2026-08-13 17:07:50,072 - CitySense.planning.decision_engine - DEBUG - FSI injection: r4_c5 → Flood Susceptibility added (FSI=Severe)
2026-08-13 17:07:50,072 - CitySense.planning.knowledge_base - DEBUG - Multi-condition override matched (2 conditions): Integrated Drainage and Green Infrastructure
2026-08-13 17:07:50,072 - CitySense.planning.decision_engine - DEBUG - FSI injection: r4_c6 → Flood Susceptibility added (FSI=Severe)
2026-08-13 17:07:50,072 - CitySense.planning.knowledge_base - DEBUG - Multi-condition override matched (2 conditions): Cool Roof Program
2026-08-13 17:07:50,072 - CitySense.planning.decision_engine - DEBUG - FSI injection: r4_c7 → Flood Susceptibility added (FSI=Severe)
2026-08-13 17:07:50,073 - CitySense.planning.knowledge_base - DEBUG - Single-condition match: 'Flood Susceptibility'
2026-08-13 17:07:50,073 - CitySense.planning.decision_engine - DEBUG - FSI injection: r4_c8 → Flood Susceptibility added (FSI=Severe)
2026-08-13 17:07:50,073 - CitySense.planning.knowledge_base - DEBUG - Single-condition match: 'Flood Susceptibility'
2026-08-13 17:07:50,073 - CitySense.planning.decision_engine - DEBUG - FSI injection: r4_c9 → Flood Susceptibility added (FSI=Severe)
2026-08-13 17:07:50,073 - CitySense.planning.knowledge_base - DEBUG - Single-condition match: 'Flood Susceptibility'
2026-08-13 17:07:50,073 - CitySense.planning.decision_engine - DEBUG - FSI injection: r4_c10 → Flood Susceptibility added (FSI=Severe)
2026-08-13 17:07:50,073 - CitySense.planning.knowledge_base - DEBUG - Single-condition match: 'Flood Susceptibility'
2026-08-13 17:07:50,073 - CitySense.planning.decision_engine - DEBUG - FSI injection: r4_c11 → Flood Susceptibility added (FSI=Severe)
2026-08-13 17:07:50,073 - CitySense.planning.knowledge_base - DEBUG - Single-condition match: 'Flood Susceptibility'
2026-08-13 17:07:50,073 - CitySense.planning.decision_engine - DEBUG - FSI injection: r4_c12 → Flood Susceptibility added (FSI=Severe)
2026-08-13 17:07:50,073 - CitySense.planning.knowledge_base - DEBUG - Single-condition match: 'Flood Susceptibility'
2026-08-13 17:07:50,073 - CitySense.planning.decision_engine - DEBUG - FSI injection: r4_c13 → Flood Susceptibility added (FSI=Severe)
2026-08-13 17:07:50,073 - CitySense.planning.knowledge_base - DEBUG - Single-condition match: 'Flood Susceptibility'
2026-08-13 17:07:50,073 - CitySense.planning.decision_engine - DEBUG - FSI injection: r4_c14 → Flood Susceptibility added (FSI=Severe)
2026-08-13 17:07:50,073 - CitySense.planning.knowledge_base - DEBUG - Single-condition match: 'Flood Susceptibility'
2026-08-13 17:07:50,073 - CitySense.planning.decision_engine - DEBUG - FSI injection: r4_c15 → Flood Susceptibility added (FSI=Severe)
2026-08-13 17:07:50,073 - CitySense.planning.knowledge_base - DEBUG - Single-condition match: 'Flood Susceptibility'
2026-08-13 17:07:50,074 - CitySense.planning.decision_engine - DEBUG - FSI injection: r4_c16 → Flood Susceptibility added (FSI=Severe)
2026-08-13 17:07:50,074 - CitySense.planning.knowledge_base - DEBUG - Multi-condition override matched (2 conditions): Integrated Drainage and Green Infrastructure
2026-08-13 17:07:50,074 - CitySense.planning.decision_engine - DEBUG - FSI injection: r4_c17 → Flood Susceptibility added (FSI=Severe)
2026-08-13 17:07:50,074 - CitySense.planning.knowledge_base - DEBUG - Single-condition match: 'Flood Susceptibility'
2026-08-13 17:07:50,074 - CitySense.planning.decision_engine - DEBUG - FSI injection: r4_c18 → Flood Susceptibility added (FSI=Severe)
2026-08-13 17:07:50,074 - CitySense.planning.knowledge_base - DEBUG - Multi-condition override matched (2 conditions): Integrated Drainage and Green Infrastructure
2026-08-13 17:07:50,074 - CitySense.planning.decision_engine - DEBUG - FSI injection: r4_c19 → Flood Susceptibility added (FSI=Severe)
2026-08-13 17:07:50,074 - CitySense.planning.knowledge_base - DEBUG - Single-condition match: 'Flood Susceptibility'
2026-08-13 17:07:50,074 - CitySense.planning.decision_engine - DEBUG - FSI injection: r4_c20 → Flood Susceptibility added (FSI=Severe)
2026-08-13 17:07:50,074 - CitySense.planning.knowledge_base - DEBUG - Single-condition match: 'Flood Susceptibility'
2026-08-13 17:07:50,074 - CitySense.planning.decision_engine - DEBUG - FSI injection: r4_c21 → Flood Susceptibility added (FSI=Severe)
2026-08-13 17:07:50,074 - CitySense.planning.knowledge_base - DEBUG - Single-condition match: 'Flood Susceptibility'
2026-08-13 17:07:50,074 - CitySense.planning.decision_engine - DEBUG - FSI injection: r5_c0 → Flood Susceptibility added (FSI=Severe)
2026-08-13 17:07:50,074 - CitySense.planning.knowledge_base - DEBUG - Single-condition match: 'Flood Susceptibility'
2026-08-13 17:07:50,075 - CitySense.planning.decision_engine - DEBUG - FSI injection: r5_c1 → Flood Susceptibility added (FSI=Severe)
2026-08-13 17:07:50,075 - CitySense.planning.knowledge_base - DEBUG - Single-condition match: 'Flood Susceptibility'
2026-08-13 17:07:50,075 - CitySense.planning.decision_engine - DEBUG - FSI injection: r5_c2 → Flood Susceptibility added (FSI=Severe)
2026-08-13 17:07:50,075 - CitySense.planning.knowledge_base - DEBUG - Single-condition match: 'Flood Susceptibility'
2026-08-13 17:07:50,076 - CitySense.planning.decision_engine - DEBUG - FSI injection: r5_c3 → Flood Susceptibility added (FSI=Severe)
2026-08-13 17:07:50,076 - CitySense.planning.knowledge_base - DEBUG - Single-condition match: 'Flood Susceptibility'
2026-08-13 17:07:50,076 - CitySense.planning.decision_engine - DEBUG - FSI injection: r5_c4 → Flood Susceptibility added (FSI=Severe)
2026-08-13 17:07:50,076 - CitySense.planning.knowledge_base - DEBUG - Single-condition match: 'Flood Susceptibility'
2026-08-13 17:07:50,076 - CitySense.planning.decision_engine - DEBUG - FSI injection: r5_c5 → Flood Susceptibility added (FSI=Severe)
2026-08-13 17:07:50,076 - CitySense.planning.knowledge_base - DEBUG - Multi-condition override matched (2 conditions): Integrated Drainage and Green Infrastructure
2026-08-13 17:07:50,076 - CitySense.planning.decision_engine - DEBUG - FSI injection: r5_c6 → Flood Susceptibility added (FSI=Severe)
2026-08-13 17:07:50,076 - CitySense.planning.knowledge_base - DEBUG - Multi-condition override matched (2 conditions): Cool Roof Program
2026-08-13 17:07:50,076 - CitySense.planning.decision_engine - DEBUG - FSI injection: r5_c7 → Flood Susceptibility added (FSI=Severe)
2026-08-13 17:07:50,076 - CitySense.planning.knowledge_base - DEBUG - Single-condition match: 'Flood Susceptibility'
2026-08-13 17:07:50,077 - CitySense.planning.decision_engine - DEBUG - FSI injection: r5_c8 → Flood Susceptibility added (FSI=Severe)
2026-08-13 17:07:50,077 - CitySense.planning.knowledge_base - DEBUG - Single-condition match: 'Flood Susceptibility'
2026-08-13 17:07:50,077 - CitySense.planning.decision_engine - DEBUG - FSI injection: r5_c9 → Flood Susceptibility added (FSI=Severe)
2026-08-13 17:07:50,077 - CitySense.planning.knowledge_base - DEBUG - Single-condition match: 'Flood Susceptibility'
2026-08-13 17:07:50,077 - CitySense.planning.decision_engine - DEBUG - FSI injection: r5_c10 → Flood Susceptibility added (FSI=Severe)
2026-08-13 17:07:50,077 - CitySense.planning.knowledge_base - DEBUG - Single-condition match: 'Flood Susceptibility'
2026-08-13 17:07:50,077 - CitySense.planning.decision_engine - DEBUG - FSI injection: r5_c11 → Flood Susceptibility added (FSI=Severe)
2026-08-13 17:07:50,077 - CitySense.planning.knowledge_base - DEBUG - Single-condition match: 'Flood Susceptibility'
2026-08-13 17:07:50,077 - CitySense.planning.decision_engine - DEBUG - FSI injection: r5_c12 → Flood Susceptibility added (FSI=Severe)
2026-08-13 17:07:50,077 - CitySense.planning.knowledge_base - DEBUG - Single-condition match: 'Flood Susceptibility'
2026-08-13 17:07:50,077 - CitySense.planning.decision_engine - DEBUG - FSI injection: r5_c13 → Flood Susceptibility added (FSI=Severe)
2026-08-13 17:07:50,077 - CitySense.planning.knowledge_base - DEBUG - Single-condition match: 'Flood Susceptibility'
2026-08-13 17:07:50,077 - CitySense.planning.decision_engine - DEBUG - FSI injection: r5_c14 → Flood Susceptibility added (FSI=Severe)
2026-08-13 17:07:50,077 - CitySense.planning.knowledge_base - DEBUG - Single-condition match: 'Flood Susceptibility'
2026-08-13 17:07:50,078 - CitySense.planning.decision_engine - DEBUG - FSI injection: r5_c15 → Flood Susceptibility added (FSI=Severe)
2026-08-13 17:07:50,078 - CitySense.planning.knowledge_base - DEBUG - Single-condition match: 'Flood Susceptibility'
2026-08-13 17:07:50,078 - CitySense.planning.decision_engine - DEBUG - FSI injection: r5_c16 → Flood Susceptibility added (FSI=Severe)
2026-08-13 17:07:50,078 - CitySense.planning.knowledge_base - DEBUG - Single-condition match: 'Flood Susceptibility'
2026-08-13 17:07:50,078 - CitySense.planning.decision_engine - DEBUG - FSI injection: r5_c17 → Flood Susceptibility added (FSI=Severe)
2026-08-13 17:07:50,078 - CitySense.planning.knowledge_base - DEBUG - Multi-condition override matched (2 conditions): Cool Roof Program
2026-08-13 17:07:50,078 - CitySense.planning.decision_engine - DEBUG - FSI injection: r5_c18 → Flood Susceptibility added (FSI=Severe)
2026-08-13 17:07:50,078 - CitySense.planning.knowledge_base - DEBUG - Multi-condition override matched (2 conditions): Cool Roof Program
2026-08-13 17:07:50,078 - CitySense.planning.decision_engine - DEBUG - FSI injection: r5_c19 → Flood Susceptibility added (FSI=Severe)
2026-08-13 17:07:50,078 - CitySense.planning.knowledge_base - DEBUG - Single-condition match: 'Flood Susceptibility'
2026-08-13 17:07:50,078 - CitySense.planning.decision_engine - DEBUG - FSI injection: r5_c20 → Flood Susceptibility added (FSI=Severe)
2026-08-13 17:07:50,078 - CitySense.planning.knowledge_base - DEBUG - Single-condition match: 'Flood Susceptibility'
2026-08-13 17:07:50,078 - CitySense.planning.decision_engine - DEBUG - FSI injection: r5_c21 → Flood Susceptibility added (FSI=Severe)
2026-08-13 17:07:50,078 - CitySense.planning.knowledge_base - DEBUG - Single-condition match: 'Flood Susceptibility'
2026-08-13 17:07:50,079 - CitySense.planning.decision_engine - DEBUG - FSI injection: r6_c0 → Flood Susceptibility added (FSI=Severe)
2026-08-13 17:07:50,079 - CitySense.planning.knowledge_base - DEBUG - Single-condition match: 'Flood Susceptibility'
2026-08-13 17:07:50,079 - CitySense.planning.decision_engine - DEBUG - FSI injection: r6_c1 → Flood Susceptibility added (FSI=Severe)
2026-08-13 17:07:50,079 - CitySense.planning.knowledge_base - DEBUG - Single-condition match: 'Flood Susceptibility'
2026-08-13 17:07:50,079 - CitySense.planning.decision_engine - DEBUG - FSI injection: r6_c2 → Flood Susceptibility added (FSI=Severe)
2026-08-13 17:07:50,079 - CitySense.planning.knowledge_base - DEBUG - Single-condition match: 'Flood Susceptibility'
2026-08-13 17:07:50,079 - CitySense.planning.knowledge_base - DEBUG - Single-condition match: 'Flood Susceptibility'
2026-08-13 17:07:50,079 - CitySense.planning.decision_engine - DEBUG - FSI injection: r6_c4 → Flood Susceptibility added (FSI=Severe)
2026-08-13 17:07:50,079 - CitySense.planning.knowledge_base - DEBUG - Multi-condition override matched (2 conditions): Integrated Drainage and Green Infrastructure
2026-08-13 17:07:50,079 - CitySense.planning.decision_engine - DEBUG - FSI injection: r6_c5 → Flood Susceptibility added (FSI=Severe)
2026-08-13 17:07:50,079 - CitySense.planning.knowledge_base - DEBUG - Multi-condition override matched (2 conditions): Cool Roof Program
2026-08-13 17:07:50,079 - CitySense.planning.decision_engine - DEBUG - FSI injection: r6_c6 → Flood Susceptibility added (FSI=Severe)
2026-08-13 17:07:50,079 - CitySense.planning.knowledge_base - DEBUG - Multi-condition override matched (2 conditions): Cool Roof Program
2026-08-13 17:07:50,079 - CitySense.planning.decision_engine - DEBUG - FSI injection: r6_c7 → Flood Susceptibility added (FSI=Severe)
2026-08-13 17:07:50,079 - CitySense.planning.knowledge_base - DEBUG - Multi-condition override matched (2 conditions): Cool Roof Program
2026-08-13 17:07:50,080 - CitySense.planning.decision_engine - DEBUG - FSI injection: r6_c8 → Flood Susceptibility added (FSI=Severe)
2026-08-13 17:07:50,080 - CitySense.planning.knowledge_base - DEBUG - Single-condition match: 'Flood Susceptibility'
2026-08-13 17:07:50,080 - CitySense.planning.decision_engine - DEBUG - FSI injection: r6_c9 → Flood Susceptibility added (FSI=Severe)
2026-08-13 17:07:50,080 - CitySense.planning.knowledge_base - DEBUG - Single-condition match: 'Flood Susceptibility'
2026-08-13 17:07:50,080 - CitySense.planning.decision_engine - DEBUG - FSI injection: r6_c10 → Flood Susceptibility added (FSI=Severe)
2026-08-13 17:07:50,080 - CitySense.planning.knowledge_base - DEBUG - Single-condition match: 'Flood Susceptibility'
2026-08-13 17:07:50,080 - CitySense.planning.decision_engine - DEBUG - FSI injection: r6_c11 → Flood Susceptibility added (FSI=Severe)
2026-08-13 17:07:50,080 - CitySense.planning.knowledge_base - DEBUG - Single-condition match: 'Flood Susceptibility'
2026-08-13 17:07:50,080 - CitySense.planning.decision_engine - DEBUG - FSI injection: r6_c12 → Flood Susceptibility added (FSI=Severe)
2026-08-13 17:07:50,080 - CitySense.planning.knowledge_base - DEBUG - Single-condition match: 'Flood Susceptibility'
2026-08-13 17:07:50,080 - CitySense.planning.decision_engine - DEBUG - FSI injection: r6_c13 → Flood Susceptibility added (FSI=Severe)
2026-08-13 17:07:50,080 - CitySense.planning.knowledge_base - DEBUG - Single-condition match: 'Flood Susceptibility'
2026-08-13 17:07:50,080 - CitySense.planning.decision_engine - DEBUG - FSI injection: r6_c14 → Flood Susceptibility added (FSI=Severe)
2026-08-13 17:07:50,080 - CitySense.planning.knowledge_base - DEBUG - Single-condition match: 'Flood Susceptibility'
2026-08-13 17:07:50,080 - CitySense.planning.decision_engine - DEBUG - FSI injection: r6_c15 → Flood Susceptibility added (FSI=Severe)
2026-08-13 17:07:50,080 - CitySense.planning.knowledge_base - DEBUG - Single-condition match: 'Flood Susceptibility'
2026-08-13 17:07:50,081 - CitySense.planning.decision_engine - DEBUG - FSI injection: r6_c16 → Flood Susceptibility added (FSI=Severe)
2026-08-13 17:07:50,081 - CitySense.planning.knowledge_base - DEBUG - Single-condition match: 'Flood Susceptibility'
2026-08-13 17:07:50,081 - CitySense.planning.decision_engine - DEBUG - FSI injection: r6_c17 → Flood Susceptibility added (FSI=Severe)
2026-08-13 17:07:50,081 - CitySense.planning.knowledge_base - DEBUG - Single-condition match: 'Flood Susceptibility'
2026-08-13 17:07:50,081 - CitySense.planning.decision_engine - DEBUG - FSI injection: r6_c18 → Flood Susceptibility added (FSI=Severe)
2026-08-13 17:07:50,081 - CitySense.planning.knowledge_base - DEBUG - Multi-condition override matched (2 conditions): Cool Roof Program
2026-08-13 17:07:50,081 - CitySense.planning.decision_engine - DEBUG - FSI injection: r6_c19 → Flood Susceptibility added (FSI=Severe)
2026-08-13 17:07:50,081 - CitySense.planning.knowledge_base - DEBUG - Single-condition match: 'Flood Susceptibility'
2026-08-13 17:07:50,081 - CitySense.planning.decision_engine - DEBUG - FSI injection: r6_c20 → Flood Susceptibility added (FSI=Severe)
2026-08-13 17:07:50,081 - CitySense.planning.knowledge_base - DEBUG - Single-condition match: 'Flood Susceptibility'
2026-08-13 17:07:50,081 - CitySense.planning.decision_engine - DEBUG - FSI injection: r6_c21 → Flood Susceptibility added (FSI=Severe)
2026-08-13 17:07:50,081 - CitySense.planning.knowledge_base - DEBUG - Single-condition match: 'Flood Susceptibility'
2026-08-13 17:07:50,081 - CitySense.planning.decision_engine - DEBUG - FSI injection: r7_c0 → Flood Susceptibility added (FSI=Severe)
2026-08-13 17:07:50,081 - CitySense.planning.knowledge_base - DEBUG - Single-condition match: 'Flood Susceptibility'
2026-08-13 17:07:50,082 - CitySense.planning.decision_engine - DEBUG - FSI injection: r7_c1 → Flood Susceptibility added (FSI=Severe)
2026-08-13 17:07:50,082 - CitySense.planning.knowledge_base - DEBUG - Single-condition match: 'Flood Susceptibility'
2026-08-13 17:07:50,082 - CitySense.planning.decision_engine - DEBUG - FSI injection: r7_c2 → Flood Susceptibility added (FSI=Severe)
2026-08-13 17:07:50,082 - CitySense.planning.knowledge_base - DEBUG - Single-condition match: 'Flood Susceptibility'
2026-08-13 17:07:50,082 - CitySense.planning.knowledge_base - DEBUG - Multi-condition override matched (2 conditions): Integrated Drainage and Green Infrastructure
2026-08-13 17:07:50,083 - CitySense.planning.decision_engine - DEBUG - FSI injection: r7_c4 → Flood Susceptibility added (FSI=Severe)
2026-08-13 17:07:50,083 - CitySense.planning.knowledge_base - DEBUG - Multi-condition override matched (2 conditions): Integrated Drainage and Green Infrastructure
2026-08-13 17:07:50,083 - CitySense.planning.decision_engine - DEBUG - FSI injection: r7_c5 → Flood Susceptibility added (FSI=Severe)
2026-08-13 17:07:50,083 - CitySense.planning.knowledge_base - DEBUG - Multi-condition override matched (2 conditions): Cool Roof Program
2026-08-13 17:07:50,083 - CitySense.planning.decision_engine - DEBUG - FSI injection: r7_c6 → Flood Susceptibility added (FSI=Severe)
2026-08-13 17:07:50,083 - CitySense.planning.knowledge_base - DEBUG - Multi-condition override matched (2 conditions): Cool Roof Program
2026-08-13 17:07:50,083 - CitySense.planning.decision_engine - DEBUG - FSI injection: r7_c7 → Flood Susceptibility added (FSI=Severe)
2026-08-13 17:07:50,083 - CitySense.planning.knowledge_base - DEBUG - Multi-condition override matched (2 conditions): Cool Roof Program
2026-08-13 17:07:50,083 - CitySense.planning.decision_engine - DEBUG - FSI injection: r7_c8 → Flood Susceptibility added (FSI=Severe)
2026-08-13 17:07:50,083 - CitySense.planning.knowledge_base - DEBUG - Single-condition match: 'Flood Susceptibility'
2026-08-13 17:07:50,083 - CitySense.planning.decision_engine - DEBUG - FSI injection: r7_c9 → Flood Susceptibility added (FSI=Severe)
2026-08-13 17:07:50,083 - CitySense.planning.knowledge_base - DEBUG - Single-condition match: 'Flood Susceptibility'
2026-08-13 17:07:50,083 - CitySense.planning.decision_engine - DEBUG - FSI injection: r7_c10 → Flood Susceptibility added (FSI=Severe)
2026-08-13 17:07:50,083 - CitySense.planning.knowledge_base - DEBUG - Single-condition match: 'Flood Susceptibility'
2026-08-13 17:07:50,084 - CitySense.planning.decision_engine - DEBUG - FSI injection: r7_c11 → Flood Susceptibility added (FSI=Severe)
2026-08-13 17:07:50,084 - CitySense.planning.knowledge_base - DEBUG - Single-condition match: 'Flood Susceptibility'
2026-08-13 17:07:50,084 - CitySense.planning.decision_engine - DEBUG - FSI injection: r7_c12 → Flood Susceptibility added (FSI=Severe)
2026-08-13 17:07:50,084 - CitySense.planning.knowledge_base - DEBUG - Single-condition match: 'Flood Susceptibility'
2026-08-13 17:07:50,084 - CitySense.planning.decision_engine - DEBUG - FSI injection: r7_c13 → Flood Susceptibility added (FSI=Severe)
2026-08-13 17:07:50,084 - CitySense.planning.knowledge_base - DEBUG - Single-condition match: 'Flood Susceptibility'
2026-08-13 17:07:50,084 - CitySense.planning.decision_engine - DEBUG - FSI injection: r7_c14 → Flood Susceptibility added (FSI=Severe)
2026-08-13 17:07:50,084 - CitySense.planning.knowledge_base - DEBUG - Single-condition match: 'Flood Susceptibility'
2026-08-13 17:07:50,084 - CitySense.planning.decision_engine - DEBUG - FSI injection: r7_c15 → Flood Susceptibility added (FSI=Severe)
2026-08-13 17:07:50,084 - CitySense.planning.knowledge_base - DEBUG - Single-condition match: 'Flood Susceptibility'
2026-08-13 17:07:50,084 - CitySense.planning.knowledge_base - DEBUG - Single-condition match: 'Low Vegetation'
2026-08-13 17:07:50,085 - CitySense.planning.decision_engine - DEBUG - FSI injection: r7_c17 → Flood Susceptibility added (FSI=Severe)
2026-08-13 17:07:50,085 - CitySense.planning.knowledge_base - DEBUG - Single-condition match: 'Flood Susceptibility'
2026-08-13 17:07:50,085 - CitySense.planning.decision_engine - DEBUG - FSI injection: r7_c18 → Flood Susceptibility added (FSI=Severe)
2026-08-13 17:07:50,085 - CitySense.planning.knowledge_base - DEBUG - Single-condition match: 'Flood Susceptibility'
2026-08-13 17:07:50,085 - CitySense.planning.decision_engine - DEBUG - FSI injection: r7_c19 → Flood Susceptibility added (FSI=Severe)
2026-08-13 17:07:50,085 - CitySense.planning.knowledge_base - DEBUG - Single-condition match: 'Flood Susceptibility'
2026-08-13 17:07:50,085 - CitySense.planning.decision_engine - DEBUG - FSI injection: r7_c20 → Flood Susceptibility added (FSI=Severe)
2026-08-13 17:07:50,085 - CitySense.planning.knowledge_base - DEBUG - Single-condition match: 'Flood Susceptibility'
2026-08-13 17:07:50,085 - CitySense.planning.decision_engine - DEBUG - FSI injection: r7_c21 → Flood Susceptibility added (FSI=Severe)
2026-08-13 17:07:50,085 - CitySense.planning.knowledge_base - DEBUG - Single-condition match: 'Flood Susceptibility'
2026-08-13 17:07:50,085 - CitySense.planning.decision_engine - DEBUG - FSI injection: r8_c0 → Flood Susceptibility added (FSI=Severe)
2026-08-13 17:07:50,085 - CitySense.planning.knowledge_base - DEBUG - Single-condition match: 'Flood Susceptibility'
2026-08-13 17:07:50,085 - CitySense.planning.decision_engine - DEBUG - FSI injection: r8_c1 → Flood Susceptibility added (FSI=Severe)
2026-08-13 17:07:50,085 - CitySense.planning.knowledge_base - DEBUG - Single-condition match: 'Flood Susceptibility'
2026-08-13 17:07:50,086 - CitySense.planning.decision_engine - DEBUG - FSI injection: r8_c2 → Flood Susceptibility added (FSI=Severe)
2026-08-13 17:07:50,086 - CitySense.planning.knowledge_base - DEBUG - Single-condition match: 'Flood Susceptibility'
2026-08-13 17:07:50,086 - CitySense.planning.decision_engine - DEBUG - FSI injection: r8_c3 → Flood Susceptibility added (FSI=Severe)
2026-08-13 17:07:50,086 - CitySense.planning.knowledge_base - DEBUG - Single-condition match: 'Flood Susceptibility'
2026-08-13 17:07:50,086 - CitySense.planning.decision_engine - DEBUG - FSI injection: r8_c4 → Flood Susceptibility added (FSI=Severe)
2026-08-13 17:07:50,086 - CitySense.planning.knowledge_base - DEBUG - Single-condition match: 'Flood Susceptibility'
2026-08-13 17:07:50,086 - CitySense.planning.decision_engine - DEBUG - FSI injection: r8_c5 → Flood Susceptibility added (FSI=Severe)
2026-08-13 17:07:50,086 - CitySense.planning.knowledge_base - DEBUG - Multi-condition override matched (2 conditions): Cool Roof Program
2026-08-13 17:07:50,086 - CitySense.planning.decision_engine - DEBUG - FSI injection: r8_c6 → Flood Susceptibility added (FSI=Severe)
2026-08-13 17:07:50,086 - CitySense.planning.knowledge_base - DEBUG - Multi-condition override matched (2 conditions): Cool Roof Program
2026-08-13 17:07:50,086 - CitySense.planning.decision_engine - DEBUG - FSI injection: r8_c7 → Flood Susceptibility added (FSI=Severe)
2026-08-13 17:07:50,086 - CitySense.planning.knowledge_base - DEBUG - Multi-condition override matched (2 conditions): Cool Roof Program
2026-08-13 17:07:50,086 - CitySense.planning.decision_engine - DEBUG - FSI injection: r8_c8 → Flood Susceptibility added (FSI=Severe)
2026-08-13 17:07:50,086 - CitySense.planning.knowledge_base - DEBUG - Single-condition match: 'Flood Susceptibility'
2026-08-13 17:07:50,087 - CitySense.planning.decision_engine - DEBUG - FSI injection: r8_c9 → Flood Susceptibility added (FSI=Severe)
2026-08-13 17:07:50,087 - CitySense.planning.knowledge_base - DEBUG - Single-condition match: 'Flood Susceptibility'
2026-08-13 17:07:50,087 - CitySense.planning.decision_engine - DEBUG - FSI injection: r8_c10 → Flood Susceptibility added (FSI=Severe)
2026-08-13 17:07:50,087 - CitySense.planning.knowledge_base - DEBUG - Single-condition match: 'Flood Susceptibility'
2026-08-13 17:07:50,087 - CitySense.planning.decision_engine - DEBUG - FSI injection: r8_c11 → Flood Susceptibility added (FSI=Severe)
2026-08-13 17:07:50,087 - CitySense.planning.knowledge_base - DEBUG - Single-condition match: 'Flood Susceptibility'
2026-08-13 17:07:50,087 - CitySense.planning.decision_engine - DEBUG - FSI injection: r8_c12 → Flood Susceptibility added (FSI=Severe)
2026-08-13 17:07:50,087 - CitySense.planning.knowledge_base - DEBUG - Single-condition match: 'Flood Susceptibility'
2026-08-13 17:07:50,087 - CitySense.planning.decision_engine - DEBUG - FSI injection: r8_c13 → Flood Susceptibility added (FSI=Severe)
2026-08-13 17:07:50,087 - CitySense.planning.knowledge_base - DEBUG - Single-condition match: 'Flood Susceptibility'
2026-08-13 17:07:50,087 - CitySense.planning.decision_engine - DEBUG - FSI injection: r8_c14 → Flood Susceptibility added (FSI=Severe)
2026-08-13 17:07:50,087 - CitySense.planning.knowledge_base - DEBUG - Single-condition match: 'Flood Susceptibility'
2026-08-13 17:07:50,087 - CitySense.planning.decision_engine - DEBUG - FSI injection: r8_c15 → Flood Susceptibility added (FSI=Severe)
2026-08-13 17:07:50,087 - CitySense.planning.knowledge_base - DEBUG - Single-condition match: 'Flood Susceptibility'
2026-08-13 17:07:50,087 - CitySense.planning.decision_engine - DEBUG - FSI injection: r8_c16 → Flood Susceptibility added (FSI=Severe)
2026-08-13 17:07:50,087 - CitySense.planning.knowledge_base - DEBUG - Single-condition match: 'Flood Susceptibility'
2026-08-13 17:07:50,087 - CitySense.planning.decision_engine - DEBUG - FSI injection: r8_c17 → Flood Susceptibility added (FSI=Severe)
2026-08-13 17:07:50,088 - CitySense.planning.knowledge_base - DEBUG - Single-condition match: 'Flood Susceptibility'
2026-08-13 17:07:50,088 - CitySense.planning.decision_engine - DEBUG - FSI injection: r8_c18 → Flood Susceptibility added (FSI=Severe)
2026-08-13 17:07:50,088 - CitySense.planning.knowledge_base - DEBUG - Single-condition match: 'Flood Susceptibility'
2026-08-13 17:07:50,088 - CitySense.planning.decision_engine - DEBUG - FSI injection: r8_c19 → Flood Susceptibility added (FSI=Severe)
2026-08-13 17:07:50,088 - CitySense.planning.knowledge_base - DEBUG - Single-condition match: 'Flood Susceptibility'
2026-08-13 17:07:50,088 - CitySense.planning.decision_engine - DEBUG - FSI injection: r8_c20 → Flood Susceptibility added (FSI=Severe)
2026-08-13 17:07:50,088 - CitySense.planning.knowledge_base - DEBUG - Single-condition match: 'Flood Susceptibility'
2026-08-13 17:07:50,088 - CitySense.planning.decision_engine - DEBUG - FSI injection: r8_c21 → Flood Susceptibility added (FSI=Severe)
2026-08-13 17:07:50,088 - CitySense.planning.knowledge_base - DEBUG - Single-condition match: 'Flood Susceptibility'
2026-08-13 17:07:50,088 - CitySense.planning.decision_engine - DEBUG - FSI injection: r9_c0 → Flood Susceptibility added (FSI=Severe)
2026-08-13 17:07:50,088 - CitySense.planning.knowledge_base - DEBUG - Single-condition match: 'Flood Susceptibility'
2026-08-13 17:07:50,089 - CitySense.planning.decision_engine - DEBUG - FSI injection: r9_c1 → Flood Susceptibility added (FSI=Severe)
2026-08-13 17:07:50,089 - CitySense.planning.knowledge_base - DEBUG - Single-condition match: 'Flood Susceptibility'
2026-08-13 17:07:50,089 - CitySense.planning.decision_engine - DEBUG - FSI injection: r9_c2 → Flood Susceptibility added (FSI=Severe)
2026-08-13 17:07:50,089 - CitySense.planning.knowledge_base - DEBUG - Single-condition match: 'Flood Susceptibility'
2026-08-13 17:07:50,089 - CitySense.planning.decision_engine - DEBUG - FSI injection: r9_c3 → Flood Susceptibility added (FSI=Severe)
2026-08-13 17:07:50,090 - CitySense.planning.knowledge_base - DEBUG - Single-condition match: 'Flood Susceptibility'
2026-08-13 17:07:50,090 - CitySense.planning.decision_engine - DEBUG - FSI injection: r9_c4 → Flood Susceptibility added (FSI=Severe)
2026-08-13 17:07:50,090 - CitySense.planning.knowledge_base - DEBUG - Multi-condition override matched (2 conditions): Integrated Drainage and Green Infrastructure
2026-08-13 17:07:50,090 - CitySense.planning.decision_engine - DEBUG - FSI injection: r9_c5 → Flood Susceptibility added (FSI=Severe)
2026-08-13 17:07:50,090 - CitySense.planning.knowledge_base - DEBUG - Multi-condition override matched (2 conditions): Cool Roof Program
2026-08-13 17:07:50,090 - CitySense.planning.decision_engine - DEBUG - FSI injection: r9_c6 → Flood Susceptibility added (FSI=Severe)
2026-08-13 17:07:50,090 - CitySense.planning.knowledge_base - DEBUG - Multi-condition override matched (2 conditions): Cool Roof Program
2026-08-13 17:07:50,090 - CitySense.planning.decision_engine - DEBUG - FSI injection: r9_c7 → Flood Susceptibility added (FSI=Severe)
2026-08-13 17:07:50,090 - CitySense.planning.knowledge_base - DEBUG - Multi-condition override matched (2 conditions): Cool Roof Program
2026-08-13 17:07:50,090 - CitySense.planning.decision_engine - DEBUG - FSI injection: r9_c8 → Flood Susceptibility added (FSI=Severe)
2026-08-13 17:07:50,090 - CitySense.planning.knowledge_base - DEBUG - Multi-condition override matched (2 conditions): Cool Roof Program
2026-08-13 17:07:50,091 - CitySense.planning.decision_engine - DEBUG - FSI injection: r9_c9 → Flood Susceptibility added (FSI=Severe)
2026-08-13 17:07:50,091 - CitySense.planning.knowledge_base - DEBUG - Single-condition match: 'Flood Susceptibility'
2026-08-13 17:07:50,091 - CitySense.planning.decision_engine - DEBUG - FSI injection: r9_c10 → Flood Susceptibility added (FSI=Severe)
2026-08-13 17:07:50,091 - CitySense.planning.knowledge_base - DEBUG - Single-condition match: 'Flood Susceptibility'
2026-08-13 17:07:50,091 - CitySense.planning.decision_engine - DEBUG - FSI injection: r9_c11 → Flood Susceptibility added (FSI=Severe)
2026-08-13 17:07:50,091 - CitySense.planning.knowledge_base - DEBUG - Single-condition match: 'Flood Susceptibility'
2026-08-13 17:07:50,091 - CitySense.planning.decision_engine - DEBUG - FSI injection: r9_c12 → Flood Susceptibility added (FSI=Severe)
2026-08-13 17:07:50,091 - CitySense.planning.knowledge_base - DEBUG - Single-condition match: 'Flood Susceptibility'
2026-08-13 17:07:50,091 - CitySense.planning.decision_engine - DEBUG - FSI injection: r9_c13 → Flood Susceptibility added (FSI=Severe)
2026-08-13 17:07:50,091 - CitySense.planning.knowledge_base - DEBUG - Single-condition match: 'Flood Susceptibility'
2026-08-13 17:07:50,092 - CitySense.planning.decision_engine - DEBUG - FSI injection: r9_c14 → Flood Susceptibility added (FSI=Severe)
2026-08-13 17:07:50,092 - CitySense.planning.knowledge_base - DEBUG - Single-condition match: 'Flood Susceptibility'
2026-08-13 17:07:50,092 - CitySense.planning.decision_engine - DEBUG - FSI injection: r9_c15 → Flood Susceptibility added (FSI=Severe)
2026-08-13 17:07:50,092 - CitySense.planning.knowledge_base - DEBUG - Single-condition match: 'Flood Susceptibility'
2026-08-13 17:07:50,092 - CitySense.planning.decision_engine - DEBUG - FSI injection: r9_c16 → Flood Susceptibility added (FSI=Severe)
2026-08-13 17:07:50,092 - CitySense.planning.knowledge_base - DEBUG - Single-condition match: 'Flood Susceptibility'
2026-08-13 17:07:50,092 - CitySense.planning.decision_engine - DEBUG - FSI injection: r9_c17 → Flood Susceptibility added (FSI=Severe)
2026-08-13 17:07:50,092 - CitySense.planning.knowledge_base - DEBUG - Single-condition match: 'Flood Susceptibility'
2026-08-13 17:07:50,092 - CitySense.planning.decision_engine - DEBUG - FSI injection: r9_c18 → Flood Susceptibility added (FSI=Severe)
2026-08-13 17:07:50,092 - CitySense.planning.knowledge_base - DEBUG - Single-condition match: 'Flood Susceptibility'
2026-08-13 17:07:50,092 - CitySense.planning.decision_engine - DEBUG - FSI injection: r9_c19 → Flood Susceptibility added (FSI=Severe)
2026-08-13 17:07:50,092 - CitySense.planning.knowledge_base - DEBUG - Single-condition match: 'Flood Susceptibility'
2026-08-13 17:07:50,092 - CitySense.planning.decision_engine - DEBUG - FSI injection: r9_c20 → Flood Susceptibility added (FSI=Severe)
2026-08-13 17:07:50,092 - CitySense.planning.knowledge_base - DEBUG - Single-condition match: 'Flood Susceptibility'
2026-08-13 17:07:50,092 - CitySense.planning.decision_engine - DEBUG - FSI injection: r9_c21 → Flood Susceptibility added (FSI=Severe)
2026-08-13 17:07:50,093 - CitySense.planning.knowledge_base - DEBUG - Single-condition match: 'Flood Susceptibility'
2026-08-13 17:07:50,093 - CitySense.planning.decision_engine - DEBUG - FSI injection: r10_c0 → Flood Susceptibility added (FSI=Severe)
2026-08-13 17:07:50,093 - CitySense.planning.knowledge_base - DEBUG - Single-condition match: 'Flood Susceptibility'
2026-08-13 17:07:50,093 - CitySense.planning.decision_engine - DEBUG - FSI injection: r10_c1 → Flood Susceptibility added (FSI=Severe)
2026-08-13 17:07:50,093 - CitySense.planning.knowledge_base - DEBUG - Single-condition match: 'Flood Susceptibility'
2026-08-13 17:07:50,093 - CitySense.planning.decision_engine - DEBUG - FSI injection: r10_c2 → Flood Susceptibility added (FSI=Severe)
2026-08-13 17:07:50,093 - CitySense.planning.knowledge_base - DEBUG - Single-condition match: 'Flood Susceptibility'
2026-08-13 17:07:50,093 - CitySense.planning.decision_engine - DEBUG - FSI injection: r10_c3 → Flood Susceptibility added (FSI=Severe)
2026-08-13 17:07:50,093 - CitySense.planning.knowledge_base - DEBUG - Single-condition match: 'Flood Susceptibility'
2026-08-13 17:07:50,093 - CitySense.planning.decision_engine - DEBUG - FSI injection: r10_c4 → Flood Susceptibility added (FSI=Severe)
2026-08-13 17:07:50,093 - CitySense.planning.knowledge_base - DEBUG - Multi-condition override matched (2 conditions): Integrated Drainage and Green Infrastructure
2026-08-13 17:07:50,093 - CitySense.planning.decision_engine - DEBUG - FSI injection: r10_c5 → Flood Susceptibility added (FSI=Severe)
2026-08-13 17:07:50,093 - CitySense.planning.knowledge_base - DEBUG - Multi-condition override matched (2 conditions): Cool Roof Program
2026-08-13 17:07:50,094 - CitySense.planning.decision_engine - DEBUG - FSI injection: r10_c6 → Flood Susceptibility added (FSI=Severe)
2026-08-13 17:07:50,094 - CitySense.planning.knowledge_base - DEBUG - Multi-condition override matched (2 conditions): Cool Roof Program
2026-08-13 17:07:50,094 - CitySense.planning.decision_engine - DEBUG - FSI injection: r10_c7 → Flood Susceptibility added (FSI=Severe)
2026-08-13 17:07:50,094 - CitySense.planning.knowledge_base - DEBUG - Multi-condition override matched (2 conditions): Cool Roof Program
2026-08-13 17:07:50,094 - CitySense.planning.decision_engine - DEBUG - FSI injection: r10_c8 → Flood Susceptibility added (FSI=Severe)
2026-08-13 17:07:50,094 - CitySense.planning.knowledge_base - DEBUG - Multi-condition override matched (2 conditions): Cool Roof Program
2026-08-13 17:07:50,094 - CitySense.planning.decision_engine - DEBUG - FSI injection: r10_c9 → Flood Susceptibility added (FSI=Severe)
2026-08-13 17:07:50,094 - CitySense.planning.knowledge_base - DEBUG - Single-condition match: 'Flood Susceptibility'
2026-08-13 17:07:50,094 - CitySense.planning.decision_engine - DEBUG - FSI injection: r10_c10 → Flood Susceptibility added (FSI=Severe)
2026-08-13 17:07:50,094 - CitySense.planning.knowledge_base - DEBUG - Single-condition match: 'Flood Susceptibility'
2026-08-13 17:07:50,094 - CitySense.planning.decision_engine - DEBUG - FSI injection: r10_c11 → Flood Susceptibility added (FSI=Severe)
2026-08-13 17:07:50,094 - CitySense.planning.knowledge_base - DEBUG - Single-condition match: 'Flood Susceptibility'
2026-08-13 17:07:50,095 - CitySense.planning.decision_engine - DEBUG - FSI injection: r10_c12 → Flood Susceptibility added (FSI=Severe)
2026-08-13 17:07:50,095 - CitySense.planning.knowledge_base - DEBUG - Single-condition match: 'Flood Susceptibility'
2026-08-13 17:07:50,095 - CitySense.planning.decision_engine - DEBUG - FSI injection: r10_c13 → Flood Susceptibility added (FSI=Severe)
2026-08-13 17:07:50,095 - CitySense.planning.knowledge_base - DEBUG - Single-condition match: 'Flood Susceptibility'
2026-08-13 17:07:50,095 - CitySense.planning.decision_engine - DEBUG - FSI injection: r10_c14 → Flood Susceptibility added (FSI=Severe)
2026-08-13 17:07:50,095 - CitySense.planning.knowledge_base - DEBUG - Single-condition match: 'Flood Susceptibility'
2026-08-13 17:07:50,095 - CitySense.planning.decision_engine - DEBUG - FSI injection: r10_c15 → Flood Susceptibility added (FSI=Severe)
2026-08-13 17:07:50,095 - CitySense.planning.knowledge_base - DEBUG - Single-condition match: 'Flood Susceptibility'
2026-08-13 17:07:50,095 - CitySense.planning.decision_engine - DEBUG - FSI injection: r10_c16 → Flood Susceptibility added (FSI=Severe)
2026-08-13 17:07:50,095 - CitySense.planning.knowledge_base - DEBUG - Single-condition match: 'Flood Susceptibility'
2026-08-13 17:07:50,095 - CitySense.planning.decision_engine - DEBUG - FSI injection: r10_c17 → Flood Susceptibility added (FSI=Severe)
2026-08-13 17:07:50,095 - CitySense.planning.knowledge_base - DEBUG - Single-condition match: 'Flood Susceptibility'
2026-08-13 17:07:50,095 - CitySense.planning.decision_engine - DEBUG - FSI injection: r10_c18 → Flood Susceptibility added (FSI=Severe)
2026-08-13 17:07:50,096 - CitySense.planning.knowledge_base - DEBUG - Single-condition match: 'Flood Susceptibility'
2026-08-13 17:07:50,096 - CitySense.planning.decision_engine - DEBUG - FSI injection: r10_c19 → Flood Susceptibility added (FSI=Severe)
2026-08-13 17:07:50,096 - CitySense.planning.knowledge_base - DEBUG - Single-condition match: 'Flood Susceptibility'
2026-08-13 17:07:50,096 - CitySense.planning.decision_engine - DEBUG - FSI injection: r10_c20 → Flood Susceptibility added (FSI=Severe)
2026-08-13 17:07:50,096 - CitySense.planning.knowledge_base - DEBUG - Single-condition match: 'Flood Susceptibility'
2026-08-13 17:07:50,096 - CitySense.planning.decision_engine - DEBUG - FSI injection: r10_c21 → Flood Susceptibility added (FSI=Severe)
2026-08-13 17:07:50,096 - CitySense.planning.knowledge_base - DEBUG - Single-condition match: 'Flood Susceptibility'
2026-08-13 17:07:50,097 - CitySense.planning.decision_engine - DEBUG - FSI injection: r11_c0 → Flood Susceptibility added (FSI=Severe)
2026-08-13 17:07:50,097 - CitySense.planning.knowledge_base - DEBUG - Single-condition match: 'Flood Susceptibility'
2026-08-13 17:07:50,097 - CitySense.planning.decision_engine - DEBUG - FSI injection: r11_c1 → Flood Susceptibility added (FSI=Severe)
2026-08-13 17:07:50,097 - CitySense.planning.knowledge_base - DEBUG - Single-condition match: 'Flood Susceptibility'
2026-08-13 17:07:50,097 - CitySense.planning.decision_engine - DEBUG - FSI injection: r11_c2 → Flood Susceptibility added (FSI=Severe)
2026-08-13 17:07:50,097 - CitySense.planning.knowledge_base - DEBUG - Single-condition match: 'Flood Susceptibility'
2026-08-13 17:07:50,097 - CitySense.planning.decision_engine - DEBUG - FSI injection: r11_c3 → Flood Susceptibility added (FSI=Severe)
2026-08-13 17:07:50,097 - CitySense.planning.knowledge_base - DEBUG - Single-condition match: 'Flood Susceptibility'
2026-08-13 17:07:50,097 - CitySense.planning.decision_engine - DEBUG - FSI injection: r11_c4 → Flood Susceptibility added (FSI=Severe)
2026-08-13 17:07:50,097 - CitySense.planning.knowledge_base - DEBUG - Single-condition match: 'Flood Susceptibility'
2026-08-13 17:07:50,097 - CitySense.planning.decision_engine - DEBUG - FSI injection: r11_c5 → Flood Susceptibility added (FSI=Severe)
2026-08-13 17:07:50,097 - CitySense.planning.knowledge_base - DEBUG - Multi-condition override matched (2 conditions): Cool Roof Program
2026-08-13 17:07:50,097 - CitySense.planning.decision_engine - DEBUG - FSI injection: r11_c6 → Flood Susceptibility added (FSI=Severe)
2026-08-13 17:07:50,098 - CitySense.planning.knowledge_base - DEBUG - Multi-condition override matched (2 conditions): Cool Roof Program
2026-08-13 17:07:50,098 - CitySense.planning.decision_engine - DEBUG - FSI injection: r11_c7 → Flood Susceptibility added (FSI=Severe)
2026-08-13 17:07:50,098 - CitySense.planning.knowledge_base - DEBUG - Multi-condition override matched (2 conditions): Integrated Drainage and Green Infrastructure
2026-08-13 17:07:50,098 - CitySense.planning.decision_engine - DEBUG - FSI injection: r11_c8 → Flood Susceptibility added (FSI=Severe)
2026-08-13 17:07:50,098 - CitySense.planning.knowledge_base - DEBUG - Multi-condition override matched (2 conditions): Cool Roof Program
2026-08-13 17:07:50,098 - CitySense.planning.decision_engine - DEBUG - FSI injection: r11_c9 → Flood Susceptibility added (FSI=Severe)
2026-08-13 17:07:50,098 - CitySense.planning.knowledge_base - DEBUG - Single-condition match: 'Flood Susceptibility'
2026-08-13 17:07:50,098 - CitySense.planning.decision_engine - DEBUG - FSI injection: r11_c10 → Flood Susceptibility added (FSI=High)
2026-08-13 17:07:50,098 - CitySense.planning.knowledge_base - DEBUG - Single-condition match: 'Flood Susceptibility'
2026-08-13 17:07:50,098 - CitySense.planning.decision_engine - DEBUG - FSI injection: r11_c11 → Flood Susceptibility added (FSI=High)
2026-08-13 17:07:50,098 - CitySense.planning.knowledge_base - DEBUG - Single-condition match: 'Flood Susceptibility'
2026-08-13 17:07:50,098 - CitySense.planning.decision_engine - DEBUG - FSI injection: r11_c12 → Flood Susceptibility added (FSI=Severe)
2026-08-13 17:07:50,098 - CitySense.planning.knowledge_base - DEBUG - Multi-condition override matched (2 conditions): Cool Roof Program
2026-08-13 17:07:50,098 - CitySense.planning.decision_engine - DEBUG - FSI injection: r11_c13 → Flood Susceptibility added (FSI=Severe)
2026-08-13 17:07:50,099 - CitySense.planning.knowledge_base - DEBUG - Multi-condition override matched (2 conditions): Cool Roof Program
2026-08-13 17:07:50,099 - CitySense.planning.knowledge_base - DEBUG - Single-condition match: 'Flood Susceptibility'
2026-08-13 17:07:50,099 - CitySense.planning.decision_engine - DEBUG - FSI injection: r11_c15 → Flood Susceptibility added (FSI=Severe)
2026-08-13 17:07:50,099 - CitySense.planning.knowledge_base - DEBUG - Single-condition match: 'Flood Susceptibility'
2026-08-13 17:07:50,099 - CitySense.planning.decision_engine - DEBUG - FSI injection: r11_c16 → Flood Susceptibility added (FSI=Severe)
2026-08-13 17:07:50,099 - CitySense.planning.knowledge_base - DEBUG - Single-condition match: 'Flood Susceptibility'
2026-08-13 17:07:50,099 - CitySense.planning.decision_engine - DEBUG - FSI injection: r11_c17 → Flood Susceptibility added (FSI=Severe)
2026-08-13 17:07:50,099 - CitySense.planning.knowledge_base - DEBUG - Single-condition match: 'Flood Susceptibility'
2026-08-13 17:07:50,099 - CitySense.planning.decision_engine - DEBUG - FSI injection: r11_c18 → Flood Susceptibility added (FSI=Severe)
2026-08-13 17:07:50,099 - CitySense.planning.knowledge_base - DEBUG - Single-condition match: 'Flood Susceptibility'
2026-08-13 17:07:50,099 - CitySense.planning.decision_engine - DEBUG - FSI injection: r11_c19 → Flood Susceptibility added (FSI=Severe)
2026-08-13 17:07:50,099 - CitySense.planning.knowledge_base - DEBUG - Single-condition match: 'Flood Susceptibility'
2026-08-13 17:07:50,099 - CitySense.planning.decision_engine - DEBUG - FSI injection: r11_c20 → Flood Susceptibility added (FSI=Severe)
2026-08-13 17:07:50,099 - CitySense.planning.knowledge_base - DEBUG - Single-condition match: 'Flood Susceptibility'
2026-08-13 17:07:50,099 - CitySense.planning.decision_engine - DEBUG - FSI injection: r11_c21 → Flood Susceptibility added (FSI=Severe)
2026-08-13 17:07:50,100 - CitySense.planning.knowledge_base - DEBUG - Single-condition match: 'Flood Susceptibility'
2026-08-13 17:07:50,100 - CitySense.planning.decision_engine - DEBUG - FSI injection: r12_c0 → Flood Susceptibility added (FSI=Severe)
2026-08-13 17:07:50,100 - CitySense.planning.knowledge_base - DEBUG - Single-condition match: 'Flood Susceptibility'
2026-08-13 17:07:50,100 - CitySense.planning.decision_engine - DEBUG - FSI injection: r12_c1 → Flood Susceptibility added (FSI=Severe)
2026-08-13 17:07:50,100 - CitySense.planning.knowledge_base - DEBUG - Single-condition match: 'Flood Susceptibility'
2026-08-13 17:07:50,100 - CitySense.planning.decision_engine - DEBUG - FSI injection: r12_c2 → Flood Susceptibility added (FSI=Severe)
2026-08-13 17:07:50,100 - CitySense.planning.knowledge_base - DEBUG - Single-condition match: 'Flood Susceptibility'
2026-08-13 17:07:50,100 - CitySense.planning.decision_engine - DEBUG - FSI injection: r12_c3 → Flood Susceptibility added (FSI=Severe)
2026-08-13 17:07:50,100 - CitySense.planning.knowledge_base - DEBUG - Single-condition match: 'Flood Susceptibility'
2026-08-13 17:07:50,100 - CitySense.planning.decision_engine - DEBUG - FSI injection: r12_c4 → Flood Susceptibility added (FSI=Severe)
2026-08-13 17:07:50,100 - CitySense.planning.knowledge_base - DEBUG - Single-condition match: 'Flood Susceptibility'
2026-08-13 17:07:50,100 - CitySense.planning.decision_engine - DEBUG - FSI injection: r12_c5 → Flood Susceptibility added (FSI=Severe)
2026-08-13 17:07:50,100 - CitySense.planning.knowledge_base - DEBUG - Single-condition match: 'Flood Susceptibility'
2026-08-13 17:07:50,100 - CitySense.planning.decision_engine - DEBUG - FSI injection: r12_c6 → Flood Susceptibility added (FSI=Severe)
2026-08-13 17:07:50,100 - CitySense.planning.knowledge_base - DEBUG - Multi-condition override matched (2 conditions): Integrated Drainage and Green Infrastructure
2026-08-13 17:07:50,100 - CitySense.planning.decision_engine - DEBUG - FSI injection: r12_c7 → Flood Susceptibility added (FSI=Severe)
2026-08-13 17:07:50,101 - CitySense.planning.knowledge_base - DEBUG - Multi-condition override matched (2 conditions): Cool Roof Program
2026-08-13 17:07:50,101 - CitySense.planning.decision_engine - DEBUG - FSI injection: r12_c8 → Flood Susceptibility added (FSI=Severe)
2026-08-13 17:07:50,101 - CitySense.planning.knowledge_base - DEBUG - Single-condition match: 'Flood Susceptibility'
2026-08-13 17:07:50,101 - CitySense.planning.decision_engine - DEBUG - FSI injection: r12_c9 → Flood Susceptibility added (FSI=Severe)
2026-08-13 17:07:50,101 - CitySense.planning.knowledge_base - DEBUG - Single-condition match: 'Flood Susceptibility'
2026-08-13 17:07:50,101 - CitySense.planning.decision_engine - DEBUG - FSI injection: r12_c10 → Flood Susceptibility added (FSI=Severe)
2026-08-13 17:07:50,101 - CitySense.planning.knowledge_base - DEBUG - Single-condition match: 'Flood Susceptibility'
2026-08-13 17:07:50,101 - CitySense.planning.decision_engine - DEBUG - FSI injection: r12_c11 → Flood Susceptibility added (FSI=Severe)
2026-08-13 17:07:50,101 - CitySense.planning.knowledge_base - DEBUG - Single-condition match: 'Flood Susceptibility'
2026-08-13 17:07:50,101 - CitySense.planning.decision_engine - DEBUG - FSI injection: r12_c12 → Flood Susceptibility added (FSI=Severe)
2026-08-13 17:07:50,101 - CitySense.planning.knowledge_base - DEBUG - Multi-condition override matched (2 conditions): Cool Roof Program
2026-08-13 17:07:50,101 - CitySense.planning.knowledge_base - DEBUG - Multi-condition override matched (2 conditions): Cool Roof Program
2026-08-13 17:07:50,102 - CitySense.planning.knowledge_base - DEBUG - Single-condition match: 'Flood Susceptibility'
2026-08-13 17:07:50,102 - CitySense.planning.decision_engine - DEBUG - FSI injection: r12_c15 → Flood Susceptibility added (FSI=Severe)
2026-08-13 17:07:50,102 - CitySense.planning.knowledge_base - DEBUG - Single-condition match: 'Flood Susceptibility'
2026-08-13 17:07:50,102 - CitySense.planning.decision_engine - DEBUG - FSI injection: r12_c16 → Flood Susceptibility added (FSI=High)
2026-08-13 17:07:50,102 - CitySense.planning.knowledge_base - DEBUG - Single-condition match: 'Flood Susceptibility'
2026-08-13 17:07:50,102 - CitySense.planning.decision_engine - DEBUG - FSI injection: r12_c17 → Flood Susceptibility added (FSI=Severe)
2026-08-13 17:07:50,103 - CitySense.planning.knowledge_base - DEBUG - Single-condition match: 'Flood Susceptibility'
2026-08-13 17:07:50,103 - CitySense.planning.decision_engine - DEBUG - FSI injection: r12_c18 → Flood Susceptibility added (FSI=Severe)
2026-08-13 17:07:50,103 - CitySense.planning.knowledge_base - DEBUG - Single-condition match: 'Flood Susceptibility'
2026-08-13 17:07:50,103 - CitySense.planning.decision_engine - DEBUG - FSI injection: r12_c19 → Flood Susceptibility added (FSI=Severe)
2026-08-13 17:07:50,103 - CitySense.planning.knowledge_base - DEBUG - Single-condition match: 'Flood Susceptibility'
2026-08-13 17:07:50,103 - CitySense.planning.decision_engine - DEBUG - FSI injection: r12_c20 → Flood Susceptibility added (FSI=Severe)
2026-08-13 17:07:50,103 - CitySense.planning.knowledge_base - DEBUG - Single-condition match: 'Flood Susceptibility'
2026-08-13 17:07:50,103 - CitySense.planning.decision_engine - DEBUG - FSI injection: r12_c21 → Flood Susceptibility added (FSI=Severe)
2026-08-13 17:07:50,103 - CitySense.planning.knowledge_base - DEBUG - Single-condition match: 'Flood Susceptibility'
2026-08-13 17:07:50,104 - CitySense.planning.decision_engine - DEBUG - FSI injection: r13_c0 → Flood Susceptibility added (FSI=Severe)
2026-08-13 17:07:50,104 - CitySense.planning.knowledge_base - DEBUG - Single-condition match: 'Flood Susceptibility'
2026-08-13 17:07:50,104 - CitySense.planning.decision_engine - DEBUG - FSI injection: r13_c1 → Flood Susceptibility added (FSI=Severe)
2026-08-13 17:07:50,104 - CitySense.planning.knowledge_base - DEBUG - Single-condition match: 'Flood Susceptibility'
2026-08-13 17:07:50,104 - CitySense.planning.decision_engine - DEBUG - FSI injection: r13_c2 → Flood Susceptibility added (FSI=Severe)
2026-08-13 17:07:50,104 - CitySense.planning.knowledge_base - DEBUG - Single-condition match: 'Flood Susceptibility'
2026-08-13 17:07:50,104 - CitySense.planning.decision_engine - DEBUG - FSI injection: r13_c3 → Flood Susceptibility added (FSI=Severe)
2026-08-13 17:07:50,104 - CitySense.planning.knowledge_base - DEBUG - Single-condition match: 'Flood Susceptibility'
2026-08-13 17:07:50,104 - CitySense.planning.decision_engine - DEBUG - FSI injection: r13_c4 → Flood Susceptibility added (FSI=Severe)
2026-08-13 17:07:50,104 - CitySense.planning.knowledge_base - DEBUG - Single-condition match: 'Flood Susceptibility'
2026-08-13 17:07:50,104 - CitySense.planning.decision_engine - DEBUG - FSI injection: r13_c5 → Flood Susceptibility added (FSI=Severe)
2026-08-13 17:07:50,104 - CitySense.planning.knowledge_base - DEBUG - Single-condition match: 'Flood Susceptibility'
2026-08-13 17:07:50,104 - CitySense.planning.decision_engine - DEBUG - FSI injection: r13_c6 → Flood Susceptibility added (FSI=Severe)
2026-08-13 17:07:50,105 - CitySense.planning.knowledge_base - DEBUG - Single-condition match: 'Flood Susceptibility'
2026-08-13 17:07:50,105 - CitySense.planning.decision_engine - DEBUG - FSI injection: r13_c7 → Flood Susceptibility added (FSI=Severe)
2026-08-13 17:07:50,105 - CitySense.planning.knowledge_base - DEBUG - Multi-condition override matched (2 conditions): Integrated Drainage and Green Infrastructure
2026-08-13 17:07:50,105 - CitySense.planning.decision_engine - DEBUG - FSI injection: r13_c8 → Flood Susceptibility added (FSI=Severe)
2026-08-13 17:07:50,105 - CitySense.planning.knowledge_base - DEBUG - Single-condition match: 'Flood Susceptibility'
2026-08-13 17:07:50,105 - CitySense.planning.decision_engine - DEBUG - FSI injection: r13_c9 → Flood Susceptibility added (FSI=Severe)
2026-08-13 17:07:50,105 - CitySense.planning.knowledge_base - DEBUG - Single-condition match: 'Flood Susceptibility'
2026-08-13 17:07:50,105 - CitySense.planning.decision_engine - DEBUG - FSI injection: r13_c10 → Flood Susceptibility added (FSI=Severe)
2026-08-13 17:07:50,105 - CitySense.planning.knowledge_base - DEBUG - Single-condition match: 'Flood Susceptibility'
2026-08-13 17:07:50,105 - CitySense.planning.decision_engine - DEBUG - FSI injection: r13_c11 → Flood Susceptibility added (FSI=Severe)
2026-08-13 17:07:50,105 - CitySense.planning.knowledge_base - DEBUG - Multi-condition override matched (2 conditions): Urban Forest
2026-08-13 17:07:50,105 - CitySense.planning.decision_engine - DEBUG - FSI injection: r13_c12 → Flood Susceptibility added (FSI=Severe)
2026-08-13 17:07:50,105 - CitySense.planning.knowledge_base - DEBUG - Multi-condition override matched (2 conditions): Cool Roof Program
2026-08-13 17:07:50,106 - CitySense.planning.knowledge_base - DEBUG - Multi-condition override matched (2 conditions): Cool Roof Program
2026-08-13 17:07:50,106 - CitySense.planning.knowledge_base - DEBUG - Single-condition match: 'Flood Susceptibility'
2026-08-13 17:07:50,106 - CitySense.planning.knowledge_base - DEBUG - Single-condition match: 'Low Vegetation'
2026-08-13 17:07:50,106 - CitySense.planning.decision_engine - DEBUG - FSI injection: r13_c16 → Flood Susceptibility added (FSI=Severe)
2026-08-13 17:07:50,106 - CitySense.planning.knowledge_base - DEBUG - Single-condition match: 'Flood Susceptibility'
2026-08-13 17:07:50,106 - CitySense.planning.decision_engine - DEBUG - FSI injection: r13_c17 → Flood Susceptibility added (FSI=Severe)
2026-08-13 17:07:50,106 - CitySense.planning.knowledge_base - DEBUG - Single-condition match: 'Flood Susceptibility'
2026-08-13 17:07:50,106 - CitySense.planning.decision_engine - DEBUG - FSI injection: r13_c18 → Flood Susceptibility added (FSI=Severe)
2026-08-13 17:07:50,106 - CitySense.planning.knowledge_base - DEBUG - Single-condition match: 'Flood Susceptibility'
2026-08-13 17:07:50,106 - CitySense.planning.decision_engine - DEBUG - FSI injection: r13_c19 → Flood Susceptibility added (FSI=Severe)
2026-08-13 17:07:50,106 - CitySense.planning.knowledge_base - DEBUG - Single-condition match: 'Flood Susceptibility'
2026-08-13 17:07:50,106 - CitySense.planning.decision_engine - DEBUG - FSI injection: r13_c20 → Flood Susceptibility added (FSI=Severe)
2026-08-13 17:07:50,106 - CitySense.planning.knowledge_base - DEBUG - Single-condition match: 'Flood Susceptibility'
2026-08-13 17:07:50,107 - CitySense.planning.decision_engine - DEBUG - FSI injection: r13_c21 → Flood Susceptibility added (FSI=Severe)
2026-08-13 17:07:50,107 - CitySense.planning.knowledge_base - DEBUG - Single-condition match: 'Flood Susceptibility'
2026-08-13 17:07:50,107 - CitySense.planning.decision_engine - DEBUG - FSI injection: r14_c0 → Flood Susceptibility added (FSI=Severe)
2026-08-13 17:07:50,107 - CitySense.planning.knowledge_base - DEBUG - Single-condition match: 'Flood Susceptibility'
2026-08-13 17:07:50,107 - CitySense.planning.decision_engine - DEBUG - FSI injection: r14_c1 → Flood Susceptibility added (FSI=Severe)
2026-08-13 17:07:50,107 - CitySense.planning.knowledge_base - DEBUG - Single-condition match: 'Flood Susceptibility'
2026-08-13 17:07:50,107 - CitySense.planning.decision_engine - DEBUG - FSI injection: r14_c2 → Flood Susceptibility added (FSI=Severe)
2026-08-13 17:07:50,107 - CitySense.planning.knowledge_base - DEBUG - Single-condition match: 'Flood Susceptibility'
2026-08-13 17:07:50,107 - CitySense.planning.decision_engine - DEBUG - FSI injection: r14_c3 → Flood Susceptibility added (FSI=Severe)
2026-08-13 17:07:50,107 - CitySense.planning.knowledge_base - DEBUG - Single-condition match: 'Flood Susceptibility'
2026-08-13 17:07:50,107 - CitySense.planning.decision_engine - DEBUG - FSI injection: r14_c4 → Flood Susceptibility added (FSI=Severe)
2026-08-13 17:07:50,107 - CitySense.planning.knowledge_base - DEBUG - Single-condition match: 'Flood Susceptibility'
2026-08-13 17:07:50,107 - CitySense.planning.decision_engine - DEBUG - FSI injection: r14_c5 → Flood Susceptibility added (FSI=Severe)
2026-08-13 17:07:50,107 - CitySense.planning.knowledge_base - DEBUG - Single-condition match: 'Flood Susceptibility'
2026-08-13 17:07:50,107 - CitySense.planning.decision_engine - DEBUG - FSI injection: r14_c6 → Flood Susceptibility added (FSI=Severe)
2026-08-13 17:07:50,107 - CitySense.planning.knowledge_base - DEBUG - Single-condition match: 'Flood Susceptibility'
2026-08-13 17:07:50,107 - CitySense.planning.decision_engine - DEBUG - FSI injection: r14_c7 → Flood Susceptibility added (FSI=Severe)
2026-08-13 17:07:50,108 - CitySense.planning.knowledge_base - DEBUG - Multi-condition override matched (2 conditions): Integrated Drainage and Green Infrastructure
2026-08-13 17:07:50,108 - CitySense.planning.decision_engine - DEBUG - FSI injection: r14_c8 → Flood Susceptibility added (FSI=Severe)
2026-08-13 17:07:50,108 - CitySense.planning.knowledge_base - DEBUG - Multi-condition override matched (2 conditions): Cool Roof Program
2026-08-13 17:07:50,108 - CitySense.planning.decision_engine - DEBUG - FSI injection: r14_c9 → Flood Susceptibility added (FSI=Severe)
2026-08-13 17:07:50,108 - CitySense.planning.knowledge_base - DEBUG - Single-condition match: 'Flood Susceptibility'
2026-08-13 17:07:50,108 - CitySense.planning.decision_engine - DEBUG - FSI injection: r14_c10 → Flood Susceptibility added (FSI=Severe)
2026-08-13 17:07:50,108 - CitySense.planning.knowledge_base - DEBUG - Multi-condition override matched (2 conditions): Cool Roof Program
2026-08-13 17:07:50,108 - CitySense.planning.decision_engine - DEBUG - FSI injection: r14_c11 → Flood Susceptibility added (FSI=Severe)
2026-08-13 17:07:50,108 - CitySense.planning.knowledge_base - DEBUG - Single-condition match: 'Flood Susceptibility'
2026-08-13 17:07:50,108 - CitySense.planning.decision_engine - DEBUG - FSI injection: r14_c12 → Flood Susceptibility added (FSI=Severe)
2026-08-13 17:07:50,108 - CitySense.planning.knowledge_base - DEBUG - Multi-condition override matched (2 conditions): Urban Forest
2026-08-13 17:07:50,108 - CitySense.planning.knowledge_base - DEBUG - Multi-condition override matched (2 conditions): Urban Forest
2026-08-13 17:07:50,108 - CitySense.planning.knowledge_base - DEBUG - Single-condition match: 'Low Vegetation'
2026-08-13 17:07:50,108 - CitySense.planning.knowledge_base - DEBUG - Single-condition match: 'Low Vegetation'
2026-08-13 17:07:50,109 - CitySense.planning.knowledge_base - DEBUG - Single-condition match: 'Flood Susceptibility'
2026-08-13 17:07:50,109 - CitySense.planning.knowledge_base - DEBUG - Single-condition match: 'Flood Susceptibility'
2026-08-13 17:07:50,109 - CitySense.planning.decision_engine - DEBUG - FSI injection: r14_c18 → Flood Susceptibility added (FSI=Severe)
2026-08-13 17:07:50,109 - CitySense.planning.knowledge_base - DEBUG - Single-condition match: 'Flood Susceptibility'
2026-08-13 17:07:50,109 - CitySense.planning.decision_engine - DEBUG - FSI injection: r14_c19 → Flood Susceptibility added (FSI=Severe)
2026-08-13 17:07:50,109 - CitySense.planning.knowledge_base - DEBUG - Single-condition match: 'Flood Susceptibility'
2026-08-13 17:07:50,109 - CitySense.planning.decision_engine - DEBUG - FSI injection: r14_c20 → Flood Susceptibility added (FSI=Severe)
2026-08-13 17:07:50,109 - CitySense.planning.knowledge_base - DEBUG - Single-condition match: 'Flood Susceptibility'
2026-08-13 17:07:50,110 - CitySense.planning.decision_engine - DEBUG - FSI injection: r14_c21 → Flood Susceptibility added (FSI=Severe)
2026-08-13 17:07:50,110 - CitySense.planning.knowledge_base - DEBUG - Single-condition match: 'Flood Susceptibility'
2026-08-13 17:07:50,110 - CitySense.planning.decision_engine - DEBUG - FSI injection: r15_c0 → Flood Susceptibility added (FSI=Severe)
2026-08-13 17:07:50,111 - CitySense.planning.knowledge_base - DEBUG - Single-condition match: 'Flood Susceptibility'
2026-08-13 17:07:50,111 - CitySense.planning.decision_engine - DEBUG - FSI injection: r15_c1 → Flood Susceptibility added (FSI=Severe)
2026-08-13 17:07:50,111 - CitySense.planning.knowledge_base - DEBUG - Single-condition match: 'Flood Susceptibility'
2026-08-13 17:07:50,111 - CitySense.planning.decision_engine - DEBUG - FSI injection: r15_c2 → Flood Susceptibility added (FSI=Severe)
2026-08-13 17:07:50,111 - CitySense.planning.knowledge_base - DEBUG - Single-condition match: 'Flood Susceptibility'
2026-08-13 17:07:50,111 - CitySense.planning.decision_engine - DEBUG - FSI injection: r15_c3 → Flood Susceptibility added (FSI=Severe)
2026-08-13 17:07:50,111 - CitySense.planning.knowledge_base - DEBUG - Single-condition match: 'Flood Susceptibility'
2026-08-13 17:07:50,111 - CitySense.planning.decision_engine - DEBUG - FSI injection: r15_c4 → Flood Susceptibility added (FSI=Severe)
2026-08-13 17:07:50,111 - CitySense.planning.knowledge_base - DEBUG - Single-condition match: 'Flood Susceptibility'
2026-08-13 17:07:50,112 - CitySense.planning.decision_engine - DEBUG - FSI injection: r15_c5 → Flood Susceptibility added (FSI=Severe)
2026-08-13 17:07:50,112 - CitySense.planning.knowledge_base - DEBUG - Single-condition match: 'Flood Susceptibility'
2026-08-13 17:07:50,112 - CitySense.planning.decision_engine - DEBUG - FSI injection: r15_c6 → Flood Susceptibility added (FSI=Severe)
2026-08-13 17:07:50,112 - CitySense.planning.knowledge_base - DEBUG - Single-condition match: 'Flood Susceptibility'
2026-08-13 17:07:50,112 - CitySense.planning.decision_engine - DEBUG - FSI injection: r15_c7 → Flood Susceptibility added (FSI=Severe)
2026-08-13 17:07:50,112 - CitySense.planning.knowledge_base - DEBUG - Single-condition match: 'Flood Susceptibility'
2026-08-13 17:07:50,112 - CitySense.planning.decision_engine - DEBUG - FSI injection: r15_c8 → Flood Susceptibility added (FSI=Severe)
2026-08-13 17:07:50,112 - CitySense.planning.knowledge_base - DEBUG - Multi-condition override matched (2 conditions): Cool Roof Program
2026-08-13 17:07:50,112 - CitySense.planning.decision_engine - DEBUG - FSI injection: r15_c9 → Flood Susceptibility added (FSI=Severe)
2026-08-13 17:07:50,113 - CitySense.planning.knowledge_base - DEBUG - Single-condition match: 'Flood Susceptibility'
2026-08-13 17:07:50,113 - CitySense.planning.decision_engine - DEBUG - FSI injection: r15_c10 → Flood Susceptibility added (FSI=Severe)
2026-08-13 17:07:50,113 - CitySense.planning.knowledge_base - DEBUG - Multi-condition override matched (2 conditions): Cool Roof Program
2026-08-13 17:07:50,113 - CitySense.planning.decision_engine - DEBUG - FSI injection: r15_c11 → Flood Susceptibility added (FSI=Severe)
2026-08-13 17:07:50,113 - CitySense.planning.knowledge_base - DEBUG - Single-condition match: 'Flood Susceptibility'
2026-08-13 17:07:50,113 - CitySense.planning.decision_engine - DEBUG - FSI injection: r15_c12 → Flood Susceptibility added (FSI=Severe)
2026-08-13 17:07:50,113 - CitySense.planning.knowledge_base - DEBUG - Single-condition match: 'Flood Susceptibility'
2026-08-13 17:07:50,113 - CitySense.planning.knowledge_base - DEBUG - Single-condition match: 'Low Vegetation'
2026-08-13 17:07:50,113 - CitySense.planning.decision_engine - DEBUG - FSI injection: r15_c14 → Flood Susceptibility added (FSI=Severe)
2026-08-13 17:07:50,113 - CitySense.planning.knowledge_base - DEBUG - Single-condition match: 'Flood Susceptibility'
2026-08-13 17:07:50,113 - CitySense.planning.decision_engine - DEBUG - FSI injection: r15_c15 → Flood Susceptibility added (FSI=Severe)
2026-08-13 17:07:50,113 - CitySense.planning.knowledge_base - DEBUG - Single-condition match: 'Flood Susceptibility'
2026-08-13 17:07:50,113 - CitySense.planning.decision_engine - DEBUG - FSI injection: r15_c16 → Flood Susceptibility added (FSI=Severe)
2026-08-13 17:07:50,113 - CitySense.planning.knowledge_base - DEBUG - Single-condition match: 'Flood Susceptibility'
2026-08-13 17:07:50,114 - CitySense.planning.decision_engine - DEBUG - FSI injection: r15_c17 → Flood Susceptibility added (FSI=Severe)
2026-08-13 17:07:50,114 - CitySense.planning.knowledge_base - DEBUG - Single-condition match: 'Flood Susceptibility'
2026-08-13 17:07:50,114 - CitySense.planning.decision_engine - DEBUG - FSI injection: r15_c18 → Flood Susceptibility added (FSI=Severe)
2026-08-13 17:07:50,114 - CitySense.planning.knowledge_base - DEBUG - Single-condition match: 'Flood Susceptibility'
2026-08-13 17:07:50,114 - CitySense.planning.decision_engine - DEBUG - FSI injection: r15_c19 → Flood Susceptibility added (FSI=Severe)
2026-08-13 17:07:50,114 - CitySense.planning.knowledge_base - DEBUG - Single-condition match: 'Flood Susceptibility'
2026-08-13 17:07:50,114 - CitySense.planning.decision_engine - DEBUG - FSI injection: r15_c20 → Flood Susceptibility added (FSI=Severe)
2026-08-13 17:07:50,114 - CitySense.planning.knowledge_base - DEBUG - Single-condition match: 'Flood Susceptibility'
2026-08-13 17:07:50,114 - CitySense.planning.decision_engine - DEBUG - FSI injection: r15_c21 → Flood Susceptibility added (FSI=Severe)
2026-08-13 17:07:50,114 - CitySense.planning.knowledge_base - DEBUG - Single-condition match: 'Flood Susceptibility'
2026-08-13 17:07:50,114 - CitySense.planning.decision_engine - DEBUG - FSI injection: r16_c0 → Flood Susceptibility added (FSI=Severe)
2026-08-13 17:07:50,114 - CitySense.planning.knowledge_base - DEBUG - Single-condition match: 'Flood Susceptibility'
2026-08-13 17:07:50,114 - CitySense.planning.decision_engine - DEBUG - FSI injection: r16_c1 → Flood Susceptibility added (FSI=Severe)
2026-08-13 17:07:50,114 - CitySense.planning.knowledge_base - DEBUG - Single-condition match: 'Flood Susceptibility'
2026-08-13 17:07:50,114 - CitySense.planning.decision_engine - DEBUG - FSI injection: r16_c2 → Flood Susceptibility added (FSI=Severe)
2026-08-13 17:07:50,114 - CitySense.planning.knowledge_base - DEBUG - Single-condition match: 'Flood Susceptibility'
2026-08-13 17:07:50,115 - CitySense.planning.decision_engine - DEBUG - FSI injection: r16_c3 → Flood Susceptibility added (FSI=Severe)
2026-08-13 17:07:50,115 - CitySense.planning.knowledge_base - DEBUG - Single-condition match: 'Flood Susceptibility'
2026-08-13 17:07:50,115 - CitySense.planning.decision_engine - DEBUG - FSI injection: r16_c4 → Flood Susceptibility added (FSI=Severe)
2026-08-13 17:07:50,115 - CitySense.planning.knowledge_base - DEBUG - Single-condition match: 'Flood Susceptibility'
2026-08-13 17:07:50,115 - CitySense.planning.decision_engine - DEBUG - FSI injection: r16_c5 → Flood Susceptibility added (FSI=Severe)
2026-08-13 17:07:50,115 - CitySense.planning.knowledge_base - DEBUG - Single-condition match: 'Flood Susceptibility'
2026-08-13 17:07:50,115 - CitySense.planning.decision_engine - DEBUG - FSI injection: r16_c6 → Flood Susceptibility added (FSI=Severe)
2026-08-13 17:07:50,115 - CitySense.planning.knowledge_base - DEBUG - Multi-condition override matched (2 conditions): Cool Roof Program
2026-08-13 17:07:50,115 - CitySense.planning.decision_engine - DEBUG - FSI injection: r16_c7 → Flood Susceptibility added (FSI=Severe)
2026-08-13 17:07:50,115 - CitySense.planning.knowledge_base - DEBUG - Single-condition match: 'Flood Susceptibility'
2026-08-13 17:07:50,115 - CitySense.planning.decision_engine - DEBUG - FSI injection: r16_c8 → Flood Susceptibility added (FSI=Severe)
2026-08-13 17:07:50,115 - CitySense.planning.knowledge_base - DEBUG - Single-condition match: 'Flood Susceptibility'
2026-08-13 17:07:50,115 - CitySense.planning.decision_engine - DEBUG - FSI injection: r16_c9 → Flood Susceptibility added (FSI=Severe)
2026-08-13 17:07:50,115 - CitySense.planning.knowledge_base - DEBUG - Single-condition match: 'Flood Susceptibility'
2026-08-13 17:07:50,115 - CitySense.planning.decision_engine - DEBUG - FSI injection: r16_c10 → Flood Susceptibility added (FSI=Severe)
2026-08-13 17:07:50,115 - CitySense.planning.knowledge_base - DEBUG - Single-condition match: 'Flood Susceptibility'
2026-08-13 17:07:50,116 - CitySense.planning.decision_engine - DEBUG - FSI injection: r16_c11 → Flood Susceptibility added (FSI=Severe)
2026-08-13 17:07:50,116 - CitySense.planning.knowledge_base - DEBUG - Single-condition match: 'Flood Susceptibility'
2026-08-13 17:07:50,116 - CitySense.planning.decision_engine - DEBUG - FSI injection: r16_c12 → Flood Susceptibility added (FSI=Severe)
2026-08-13 17:07:50,116 - CitySense.planning.knowledge_base - DEBUG - Single-condition match: 'Flood Susceptibility'
2026-08-13 17:07:50,116 - CitySense.planning.decision_engine - DEBUG - FSI injection: r16_c13 → Flood Susceptibility added (FSI=Severe)
2026-08-13 17:07:50,116 - CitySense.planning.knowledge_base - DEBUG - Single-condition match: 'Flood Susceptibility'
2026-08-13 17:07:50,116 - CitySense.planning.decision_engine - DEBUG - FSI injection: r16_c14 → Flood Susceptibility added (FSI=Severe)
2026-08-13 17:07:50,116 - CitySense.planning.knowledge_base - DEBUG - Multi-condition override matched (2 conditions): Cool Roof Program
2026-08-13 17:07:50,116 - CitySense.planning.decision_engine - DEBUG - FSI injection: r16_c15 → Flood Susceptibility added (FSI=Severe)
2026-08-13 17:07:50,116 - CitySense.planning.knowledge_base - DEBUG - Multi-condition override matched (2 conditions): Cool Roof Program
2026-08-13 17:07:50,116 - CitySense.planning.decision_engine - DEBUG - FSI injection: r16_c16 → Flood Susceptibility added (FSI=Severe)
2026-08-13 17:07:50,116 - CitySense.planning.knowledge_base - DEBUG - Multi-condition override matched (2 conditions): Cool Roof Program
2026-08-13 17:07:50,117 - CitySense.planning.decision_engine - DEBUG - FSI injection: r16_c17 → Flood Susceptibility added (FSI=Severe)
2026-08-13 17:07:50,117 - CitySense.planning.knowledge_base - DEBUG - Single-condition match: 'Flood Susceptibility'
2026-08-13 17:07:50,117 - CitySense.planning.decision_engine - DEBUG - FSI injection: r16_c18 → Flood Susceptibility added (FSI=Severe)
2026-08-13 17:07:50,117 - CitySense.planning.knowledge_base - DEBUG - Single-condition match: 'Flood Susceptibility'
2026-08-13 17:07:50,117 - CitySense.planning.decision_engine - DEBUG - FSI injection: r16_c19 → Flood Susceptibility added (FSI=Severe)
2026-08-13 17:07:50,117 - CitySense.planning.knowledge_base - DEBUG - Single-condition match: 'Flood Susceptibility'
2026-08-13 17:07:50,117 - CitySense.planning.decision_engine - DEBUG - FSI injection: r16_c20 → Flood Susceptibility added (FSI=Severe)
2026-08-13 17:07:50,117 - CitySense.planning.knowledge_base - DEBUG - Single-condition match: 'Flood Susceptibility'
2026-08-13 17:07:50,118 - CitySense.planning.decision_engine - DEBUG - FSI injection: r16_c21 → Flood Susceptibility added (FSI=Severe)
2026-08-13 17:07:50,118 - CitySense.planning.knowledge_base - DEBUG - Single-condition match: 'Flood Susceptibility'
2026-08-13 17:07:50,118 - CitySense.planning.decision_engine - DEBUG - FSI injection: r17_c0 → Flood Susceptibility added (FSI=Severe)
2026-08-13 17:07:50,118 - CitySense.planning.knowledge_base - DEBUG - Single-condition match: 'Flood Susceptibility'
2026-08-13 17:07:50,118 - CitySense.planning.decision_engine - DEBUG - FSI injection: r17_c1 → Flood Susceptibility added (FSI=Severe)
2026-08-13 17:07:50,118 - CitySense.planning.knowledge_base - DEBUG - Single-condition match: 'Flood Susceptibility'
2026-08-13 17:07:50,118 - CitySense.planning.decision_engine - DEBUG - FSI injection: r17_c2 → Flood Susceptibility added (FSI=Severe)
2026-08-13 17:07:50,118 - CitySense.planning.knowledge_base - DEBUG - Single-condition match: 'Flood Susceptibility'
2026-08-13 17:07:50,118 - CitySense.planning.decision_engine - DEBUG - FSI injection: r17_c3 → Flood Susceptibility added (FSI=Severe)
2026-08-13 17:07:50,118 - CitySense.planning.knowledge_base - DEBUG - Single-condition match: 'Flood Susceptibility'
2026-08-13 17:07:50,119 - CitySense.planning.decision_engine - DEBUG - FSI injection: r17_c4 → Flood Susceptibility added (FSI=Severe)
2026-08-13 17:07:50,119 - CitySense.planning.knowledge_base - DEBUG - Single-condition match: 'Flood Susceptibility'
2026-08-13 17:07:50,119 - CitySense.planning.decision_engine - DEBUG - FSI injection: r17_c5 → Flood Susceptibility added (FSI=Severe)
2026-08-13 17:07:50,119 - CitySense.planning.knowledge_base - DEBUG - Single-condition match: 'Flood Susceptibility'
2026-08-13 17:07:50,119 - CitySense.planning.decision_engine - DEBUG - FSI injection: r17_c6 → Flood Susceptibility added (FSI=Severe)
2026-08-13 17:07:50,119 - CitySense.planning.knowledge_base - DEBUG - Multi-condition override matched (2 conditions): Integrated Drainage and Green Infrastructure
2026-08-13 17:07:50,119 - CitySense.planning.decision_engine - DEBUG - FSI injection: r17_c7 → Flood Susceptibility added (FSI=Severe)
2026-08-13 17:07:50,119 - CitySense.planning.knowledge_base - DEBUG - Multi-condition override matched (2 conditions): Cool Roof Program
2026-08-13 17:07:50,119 - CitySense.planning.decision_engine - DEBUG - FSI injection: r17_c8 → Flood Susceptibility added (FSI=Severe)
2026-08-13 17:07:50,119 - CitySense.planning.knowledge_base - DEBUG - Multi-condition override matched (2 conditions): Cool Roof Program
2026-08-13 17:07:50,119 - CitySense.planning.decision_engine - DEBUG - FSI injection: r17_c9 → Flood Susceptibility added (FSI=Severe)
2026-08-13 17:07:50,120 - CitySense.planning.knowledge_base - DEBUG - Multi-condition override matched (2 conditions): Cool Roof Program
2026-08-13 17:07:50,120 - CitySense.planning.decision_engine - DEBUG - FSI injection: r17_c10 → Flood Susceptibility added (FSI=Severe)
2026-08-13 17:07:50,120 - CitySense.planning.knowledge_base - DEBUG - Multi-condition override matched (2 conditions): Cool Roof Program
2026-08-13 17:07:50,120 - CitySense.planning.decision_engine - DEBUG - FSI injection: r17_c11 → Flood Susceptibility added (FSI=Severe)
2026-08-13 17:07:50,120 - CitySense.planning.knowledge_base - DEBUG - Multi-condition override matched (2 conditions): Cool Roof Program
2026-08-13 17:07:50,120 - CitySense.planning.decision_engine - DEBUG - FSI injection: r17_c12 → Flood Susceptibility added (FSI=Severe)
2026-08-13 17:07:50,120 - CitySense.planning.knowledge_base - DEBUG - Single-condition match: 'Flood Susceptibility'
2026-08-13 17:07:50,120 - CitySense.planning.decision_engine - DEBUG - FSI injection: r17_c13 → Flood Susceptibility added (FSI=Severe)
2026-08-13 17:07:50,120 - CitySense.planning.knowledge_base - DEBUG - Single-condition match: 'Flood Susceptibility'
2026-08-13 17:07:50,120 - CitySense.planning.decision_engine - DEBUG - FSI injection: r17_c14 → Flood Susceptibility added (FSI=Severe)
2026-08-13 17:07:50,120 - CitySense.planning.knowledge_base - DEBUG - Multi-condition override matched (2 conditions): Cool Roof Program
2026-08-13 17:07:50,120 - CitySense.planning.decision_engine - DEBUG - FSI injection: r17_c15 → Flood Susceptibility added (FSI=Severe)
2026-08-13 17:07:50,120 - CitySense.planning.knowledge_base - DEBUG - Multi-condition override matched (2 conditions): Cool Roof Program
2026-08-13 17:07:50,120 - CitySense.planning.decision_engine - DEBUG - FSI injection: r17_c16 → Flood Susceptibility added (FSI=Severe)
2026-08-13 17:07:50,120 - CitySense.planning.knowledge_base - DEBUG - Single-condition match: 'Flood Susceptibility'
2026-08-13 17:07:50,121 - CitySense.planning.decision_engine - DEBUG - FSI injection: r17_c17 → Flood Susceptibility added (FSI=Severe)
2026-08-13 17:07:50,121 - CitySense.planning.knowledge_base - DEBUG - Single-condition match: 'Flood Susceptibility'
2026-08-13 17:07:50,121 - CitySense.planning.decision_engine - DEBUG - FSI injection: r17_c18 → Flood Susceptibility added (FSI=Severe)
2026-08-13 17:07:50,121 - CitySense.planning.knowledge_base - DEBUG - Single-condition match: 'Flood Susceptibility'
2026-08-13 17:07:50,121 - CitySense.planning.decision_engine - DEBUG - FSI injection: r17_c19 → Flood Susceptibility added (FSI=Severe)
2026-08-13 17:07:50,121 - CitySense.planning.knowledge_base - DEBUG - Single-condition match: 'Flood Susceptibility'
2026-08-13 17:07:50,121 - CitySense.planning.decision_engine - DEBUG - FSI injection: r17_c20 → Flood Susceptibility added (FSI=Severe)
2026-08-13 17:07:50,121 - CitySense.planning.knowledge_base - DEBUG - Single-condition match: 'Flood Susceptibility'
2026-08-13 17:07:50,121 - CitySense.planning.decision_engine - DEBUG - FSI injection: r17_c21 → Flood Susceptibility added (FSI=Severe)
2026-08-13 17:07:50,121 - CitySense.planning.knowledge_base - DEBUG - Single-condition match: 'Flood Susceptibility'
2026-08-13 17:07:50,121 - CitySense.planning.decision_engine - DEBUG - FSI injection: r18_c0 → Flood Susceptibility added (FSI=Severe)
2026-08-13 17:07:50,121 - CitySense.planning.knowledge_base - DEBUG - Single-condition match: 'Flood Susceptibility'
2026-08-13 17:07:50,121 - CitySense.planning.decision_engine - DEBUG - FSI injection: r18_c1 → Flood Susceptibility added (FSI=Severe)
2026-08-13 17:07:50,121 - CitySense.planning.knowledge_base - DEBUG - Single-condition match: 'Flood Susceptibility'
2026-08-13 17:07:50,121 - CitySense.planning.decision_engine - DEBUG - FSI injection: r18_c2 → Flood Susceptibility added (FSI=Severe)
2026-08-13 17:07:50,121 - CitySense.planning.knowledge_base - DEBUG - Single-condition match: 'Flood Susceptibility'
2026-08-13 17:07:50,122 - CitySense.planning.decision_engine - DEBUG - FSI injection: r18_c3 → Flood Susceptibility added (FSI=Severe)
2026-08-13 17:07:50,122 - CitySense.planning.knowledge_base - DEBUG - Single-condition match: 'Flood Susceptibility'
2026-08-13 17:07:50,122 - CitySense.planning.decision_engine - DEBUG - FSI injection: r18_c4 → Flood Susceptibility added (FSI=Severe)
2026-08-13 17:07:50,122 - CitySense.planning.knowledge_base - DEBUG - Single-condition match: 'Flood Susceptibility'
2026-08-13 17:07:50,122 - CitySense.planning.decision_engine - DEBUG - FSI injection: r18_c5 → Flood Susceptibility added (FSI=Severe)
2026-08-13 17:07:50,122 - CitySense.planning.knowledge_base - DEBUG - Multi-condition override matched (2 conditions): Integrated Drainage and Green Infrastructure
2026-08-13 17:07:50,122 - CitySense.planning.decision_engine - DEBUG - FSI injection: r18_c6 → Flood Susceptibility added (FSI=Severe)
2026-08-13 17:07:50,122 - CitySense.planning.knowledge_base - DEBUG - Single-condition match: 'Flood Susceptibility'
2026-08-13 17:07:50,122 - CitySense.planning.decision_engine - DEBUG - FSI injection: r18_c7 → Flood Susceptibility added (FSI=Severe)
2026-08-13 17:07:50,122 - CitySense.planning.knowledge_base - DEBUG - Multi-condition override matched (2 conditions): Cool Roof Program
2026-08-13 17:07:50,122 - CitySense.planning.decision_engine - DEBUG - FSI injection: r18_c8 → Flood Susceptibility added (FSI=Severe)
2026-08-13 17:07:50,122 - CitySense.planning.knowledge_base - DEBUG - Single-condition match: 'Flood Susceptibility'
2026-08-13 17:07:50,123 - CitySense.planning.decision_engine - DEBUG - FSI injection: r18_c9 → Flood Susceptibility added (FSI=Severe)
2026-08-13 17:07:50,123 - CitySense.planning.knowledge_base - DEBUG - Multi-condition override matched (2 conditions): Cool Roof Program
2026-08-13 17:07:50,123 - CitySense.planning.decision_engine - DEBUG - FSI injection: r18_c10 → Flood Susceptibility added (FSI=Severe)
2026-08-13 17:07:50,123 - CitySense.planning.knowledge_base - DEBUG - Multi-condition override matched (2 conditions): Cool Roof Program
2026-08-13 17:07:50,123 - CitySense.planning.decision_engine - DEBUG - FSI injection: r18_c11 → Flood Susceptibility added (FSI=Severe)
2026-08-13 17:07:50,123 - CitySense.planning.knowledge_base - DEBUG - Multi-condition override matched (2 conditions): Cool Roof Program
2026-08-13 17:07:50,124 - CitySense.planning.decision_engine - DEBUG - FSI injection: r18_c12 → Flood Susceptibility added (FSI=Severe)
2026-08-13 17:07:50,124 - CitySense.planning.knowledge_base - DEBUG - Single-condition match: 'Flood Susceptibility'
2026-08-13 17:07:50,124 - CitySense.planning.decision_engine - DEBUG - FSI injection: r18_c13 → Flood Susceptibility added (FSI=Severe)
2026-08-13 17:07:50,124 - CitySense.planning.knowledge_base - DEBUG - Single-condition match: 'Flood Susceptibility'
2026-08-13 17:07:50,124 - CitySense.planning.decision_engine - DEBUG - FSI injection: r18_c14 → Flood Susceptibility added (FSI=Severe)
2026-08-13 17:07:50,124 - CitySense.planning.knowledge_base - DEBUG - Multi-condition override matched (2 conditions): Cool Roof Program
2026-08-13 17:07:50,124 - CitySense.planning.decision_engine - DEBUG - FSI injection: r18_c15 → Flood Susceptibility added (FSI=Severe)
2026-08-13 17:07:50,124 - CitySense.planning.knowledge_base - DEBUG - Single-condition match: 'Flood Susceptibility'
2026-08-13 17:07:50,124 - CitySense.planning.decision_engine - DEBUG - FSI injection: r18_c16 → Flood Susceptibility added (FSI=Severe)
2026-08-13 17:07:50,124 - CitySense.planning.knowledge_base - DEBUG - Single-condition match: 'Flood Susceptibility'
2026-08-13 17:07:50,125 - CitySense.planning.decision_engine - DEBUG - FSI injection: r18_c17 → Flood Susceptibility added (FSI=Severe)
2026-08-13 17:07:50,125 - CitySense.planning.knowledge_base - DEBUG - Single-condition match: 'Flood Susceptibility'
2026-08-13 17:07:50,125 - CitySense.planning.decision_engine - DEBUG - FSI injection: r18_c18 → Flood Susceptibility added (FSI=High)
2026-08-13 17:07:50,125 - CitySense.planning.knowledge_base - DEBUG - Single-condition match: 'Flood Susceptibility'
2026-08-13 17:07:50,125 - CitySense.planning.decision_engine - DEBUG - FSI injection: r18_c19 → Flood Susceptibility added (FSI=Severe)
2026-08-13 17:07:50,125 - CitySense.planning.knowledge_base - DEBUG - Single-condition match: 'Flood Susceptibility'
2026-08-13 17:07:50,125 - CitySense.planning.decision_engine - DEBUG - FSI injection: r18_c20 → Flood Susceptibility added (FSI=Severe)
2026-08-13 17:07:50,125 - CitySense.planning.knowledge_base - DEBUG - Single-condition match: 'Flood Susceptibility'
2026-08-13 17:07:50,125 - CitySense.planning.decision_engine - DEBUG - FSI injection: r18_c21 → Flood Susceptibility added (FSI=Severe)
2026-08-13 17:07:50,125 - CitySense.planning.knowledge_base - DEBUG - Single-condition match: 'Flood Susceptibility'
2026-08-13 17:07:50,125 - CitySense.planning.decision_engine - DEBUG - FSI injection: r19_c0 → Flood Susceptibility added (FSI=Severe)
2026-08-13 17:07:50,125 - CitySense.planning.knowledge_base - DEBUG - Single-condition match: 'Flood Susceptibility'
2026-08-13 17:07:50,125 - CitySense.planning.decision_engine - DEBUG - FSI injection: r19_c1 → Flood Susceptibility added (FSI=Severe)
2026-08-13 17:07:50,125 - CitySense.planning.knowledge_base - DEBUG - Single-condition match: 'Flood Susceptibility'
2026-08-13 17:07:50,126 - CitySense.planning.decision_engine - DEBUG - FSI injection: r19_c2 → Flood Susceptibility added (FSI=Severe)
2026-08-13 17:07:50,126 - CitySense.planning.knowledge_base - DEBUG - Single-condition match: 'Flood Susceptibility'
2026-08-13 17:07:50,126 - CitySense.planning.decision_engine - DEBUG - FSI injection: r19_c3 → Flood Susceptibility added (FSI=Severe)
2026-08-13 17:07:50,126 - CitySense.planning.knowledge_base - DEBUG - Single-condition match: 'Flood Susceptibility'
2026-08-13 17:07:50,126 - CitySense.planning.decision_engine - DEBUG - FSI injection: r19_c4 → Flood Susceptibility added (FSI=Severe)
2026-08-13 17:07:50,126 - CitySense.planning.knowledge_base - DEBUG - Single-condition match: 'Flood Susceptibility'
2026-08-13 17:07:50,126 - CitySense.planning.decision_engine - DEBUG - FSI injection: r19_c5 → Flood Susceptibility added (FSI=Severe)
2026-08-13 17:07:50,126 - CitySense.planning.knowledge_base - DEBUG - Single-condition match: 'Flood Susceptibility'
2026-08-13 17:07:50,126 - CitySense.planning.decision_engine - DEBUG - FSI injection: r19_c6 → Flood Susceptibility added (FSI=Severe)
2026-08-13 17:07:50,126 - CitySense.planning.knowledge_base - DEBUG - Single-condition match: 'Flood Susceptibility'
2026-08-13 17:07:50,126 - CitySense.planning.decision_engine - DEBUG - FSI injection: r19_c7 → Flood Susceptibility added (FSI=Severe)
2026-08-13 17:07:50,126 - CitySense.planning.knowledge_base - DEBUG - Multi-condition override matched (2 conditions): Cool Roof Program
2026-08-13 17:07:50,127 - CitySense.planning.decision_engine - DEBUG - FSI injection: r19_c8 → Flood Susceptibility added (FSI=Severe)
2026-08-13 17:07:50,127 - CitySense.planning.knowledge_base - DEBUG - Multi-condition override matched (2 conditions): Cool Roof Program
2026-08-13 17:07:50,127 - CitySense.planning.decision_engine - DEBUG - FSI injection: r19_c9 → Flood Susceptibility added (FSI=Severe)
2026-08-13 17:07:50,127 - CitySense.planning.knowledge_base - DEBUG - Multi-condition override matched (2 conditions): Cool Roof Program
2026-08-13 17:07:50,127 - CitySense.planning.decision_engine - DEBUG - FSI injection: r19_c10 → Flood Susceptibility added (FSI=Severe)
2026-08-13 17:07:50,127 - CitySense.planning.knowledge_base - DEBUG - Multi-condition override matched (2 conditions): Cool Roof Program
2026-08-13 17:07:50,127 - CitySense.planning.decision_engine - DEBUG - FSI injection: r19_c11 → Flood Susceptibility added (FSI=Severe)
2026-08-13 17:07:50,127 - CitySense.planning.knowledge_base - DEBUG - Multi-condition override matched (2 conditions): Cool Roof Program
2026-08-13 17:07:50,127 - CitySense.planning.decision_engine - DEBUG - FSI injection: r19_c12 → Flood Susceptibility added (FSI=Severe)
2026-08-13 17:07:50,127 - CitySense.planning.knowledge_base - DEBUG - Multi-condition override matched (2 conditions): Cool Roof Program
2026-08-13 17:07:50,127 - CitySense.planning.decision_engine - DEBUG - FSI injection: r19_c13 → Flood Susceptibility added (FSI=Severe)
2026-08-13 17:07:50,127 - CitySense.planning.knowledge_base - DEBUG - Single-condition match: 'Flood Susceptibility'
2026-08-13 17:07:50,128 - CitySense.planning.decision_engine - DEBUG - FSI injection: r19_c14 → Flood Susceptibility added (FSI=Severe)
2026-08-13 17:07:50,128 - CitySense.planning.knowledge_base - DEBUG - Single-condition match: 'Flood Susceptibility'
2026-08-13 17:07:50,128 - CitySense.planning.decision_engine - DEBUG - FSI injection: r19_c15 → Flood Susceptibility added (FSI=Severe)
2026-08-13 17:07:50,128 - CitySense.planning.knowledge_base - DEBUG - Single-condition match: 'Flood Susceptibility'
2026-08-13 17:07:50,128 - CitySense.planning.decision_engine - DEBUG - FSI injection: r19_c16 → Flood Susceptibility added (FSI=Severe)
2026-08-13 17:07:50,128 - CitySense.planning.knowledge_base - DEBUG - Single-condition match: 'Flood Susceptibility'
2026-08-13 17:07:50,128 - CitySense.planning.decision_engine - DEBUG - FSI injection: r19_c17 → Flood Susceptibility added (FSI=Severe)
2026-08-13 17:07:50,128 - CitySense.planning.knowledge_base - DEBUG - Single-condition match: 'Flood Susceptibility'
2026-08-13 17:07:50,128 - CitySense.planning.decision_engine - DEBUG - FSI injection: r19_c18 → Flood Susceptibility added (FSI=High)
2026-08-13 17:07:50,128 - CitySense.planning.knowledge_base - DEBUG - Single-condition match: 'Flood Susceptibility'
2026-08-13 17:07:50,128 - CitySense.planning.decision_engine - DEBUG - FSI injection: r19_c19 → Flood Susceptibility added (FSI=Severe)
2026-08-13 17:07:50,128 - CitySense.planning.knowledge_base - DEBUG - Single-condition match: 'Flood Susceptibility'
2026-08-13 17:07:50,128 - CitySense.planning.decision_engine - DEBUG - FSI injection: r19_c20 → Flood Susceptibility added (FSI=High)
2026-08-13 17:07:50,128 - CitySense.planning.knowledge_base - DEBUG - Single-condition match: 'Flood Susceptibility'
2026-08-13 17:07:50,128 - CitySense.planning.decision_engine - DEBUG - FSI injection: r19_c21 → Flood Susceptibility added (FSI=High)
2026-08-13 17:07:50,128 - CitySense.planning.knowledge_base - DEBUG - Single-condition match: 'Flood Susceptibility'
2026-08-13 17:07:50,129 - CitySense.planning.decision_engine - DEBUG - FSI injection: r20_c0 → Flood Susceptibility added (FSI=Severe)
2026-08-13 17:07:50,129 - CitySense.planning.knowledge_base - DEBUG - Single-condition match: 'Flood Susceptibility'
2026-08-13 17:07:50,129 - CitySense.planning.decision_engine - DEBUG - FSI injection: r20_c1 → Flood Susceptibility added (FSI=Severe)
2026-08-13 17:07:50,129 - CitySense.planning.knowledge_base - DEBUG - Single-condition match: 'Flood Susceptibility'
2026-08-13 17:07:50,129 - CitySense.planning.decision_engine - DEBUG - FSI injection: r20_c2 → Flood Susceptibility added (FSI=Severe)
2026-08-13 17:07:50,129 - CitySense.planning.knowledge_base - DEBUG - Single-condition match: 'Flood Susceptibility'
2026-08-13 17:07:50,129 - CitySense.planning.decision_engine - DEBUG - FSI injection: r20_c3 → Flood Susceptibility added (FSI=Severe)
2026-08-13 17:07:50,129 - CitySense.planning.knowledge_base - DEBUG - Single-condition match: 'Flood Susceptibility'
2026-08-13 17:07:50,129 - CitySense.planning.decision_engine - DEBUG - FSI injection: r20_c4 → Flood Susceptibility added (FSI=Severe)
2026-08-13 17:07:50,129 - CitySense.planning.knowledge_base - DEBUG - Single-condition match: 'Flood Susceptibility'
2026-08-13 17:07:50,129 - CitySense.planning.decision_engine - DEBUG - FSI injection: r20_c5 → Flood Susceptibility added (FSI=Severe)
2026-08-13 17:07:50,129 - CitySense.planning.knowledge_base - DEBUG - Single-condition match: 'Flood Susceptibility'
2026-08-13 17:07:50,129 - CitySense.planning.decision_engine - DEBUG - FSI injection: r20_c6 → Flood Susceptibility added (FSI=Severe)
2026-08-13 17:07:50,129 - CitySense.planning.knowledge_base - DEBUG - Multi-condition override matched (2 conditions): Cool Roof Program
2026-08-13 17:07:50,130 - CitySense.planning.decision_engine - DEBUG - FSI injection: r20_c7 → Flood Susceptibility added (FSI=Severe)
2026-08-13 17:07:50,130 - CitySense.planning.knowledge_base - DEBUG - Single-condition match: 'Flood Susceptibility'
2026-08-13 17:07:50,130 - CitySense.planning.decision_engine - DEBUG - FSI injection: r20_c8 → Flood Susceptibility added (FSI=Severe)
2026-08-13 17:07:50,130 - CitySense.planning.knowledge_base - DEBUG - Multi-condition override matched (2 conditions): Cool Roof Program
2026-08-13 17:07:50,130 - CitySense.planning.decision_engine - DEBUG - FSI injection: r20_c9 → Flood Susceptibility added (FSI=Severe)
2026-08-13 17:07:50,130 - CitySense.planning.knowledge_base - DEBUG - Multi-condition override matched (2 conditions): Cool Roof Program
2026-08-13 17:07:50,130 - CitySense.planning.decision_engine - DEBUG - FSI injection: r20_c10 → Flood Susceptibility added (FSI=Severe)
2026-08-13 17:07:50,130 - CitySense.planning.knowledge_base - DEBUG - Multi-condition override matched (2 conditions): Cool Roof Program
2026-08-13 17:07:50,130 - CitySense.planning.decision_engine - DEBUG - FSI injection: r20_c11 → Flood Susceptibility added (FSI=Severe)
2026-08-13 17:07:50,130 - CitySense.planning.knowledge_base - DEBUG - Multi-condition override matched (2 conditions): Cool Roof Program
2026-08-13 17:07:50,131 - CitySense.planning.knowledge_base - DEBUG - Multi-condition override matched (2 conditions): Cool Roof Program
2026-08-13 17:07:50,131 - CitySense.planning.knowledge_base - DEBUG - Multi-condition override matched (2 conditions): Cool Roof Program
2026-08-13 17:07:50,131 - CitySense.planning.decision_engine - DEBUG - FSI injection: r20_c14 → Flood Susceptibility added (FSI=Severe)
2026-08-13 17:07:50,131 - CitySense.planning.knowledge_base - DEBUG - Multi-condition override matched (2 conditions): Cool Roof Program
2026-08-13 17:07:50,131 - CitySense.planning.decision_engine - DEBUG - FSI injection: r20_c15 → Flood Susceptibility added (FSI=Severe)
2026-08-13 17:07:50,131 - CitySense.planning.knowledge_base - DEBUG - Multi-condition override matched (2 conditions): Cool Roof Program
2026-08-13 17:07:50,131 - CitySense.planning.decision_engine - DEBUG - FSI injection: r20_c16 → Flood Susceptibility added (FSI=Severe)
2026-08-13 17:07:50,131 - CitySense.planning.knowledge_base - DEBUG - Single-condition match: 'Flood Susceptibility'
2026-08-13 17:07:50,131 - CitySense.planning.decision_engine - DEBUG - FSI injection: r20_c17 → Flood Susceptibility added (FSI=High)
2026-08-13 17:07:50,131 - CitySense.planning.knowledge_base - DEBUG - Single-condition match: 'Flood Susceptibility'
2026-08-13 17:07:50,132 - CitySense.planning.decision_engine - DEBUG - FSI injection: r20_c18 → Flood Susceptibility added (FSI=High)
2026-08-13 17:07:50,132 - CitySense.planning.knowledge_base - DEBUG - Single-condition match: 'Flood Susceptibility'
2026-08-13 17:07:50,132 - CitySense.planning.decision_engine - DEBUG - FSI injection: r20_c19 → Flood Susceptibility added (FSI=Severe)
2026-08-13 17:07:50,132 - CitySense.planning.knowledge_base - DEBUG - Single-condition match: 'Flood Susceptibility'
2026-08-13 17:07:50,132 - CitySense.planning.decision_engine - DEBUG - FSI injection: r20_c20 → Flood Susceptibility added (FSI=High)
2026-08-13 17:07:50,132 - CitySense.planning.knowledge_base - DEBUG - Single-condition match: 'Flood Susceptibility'
2026-08-13 17:07:50,132 - CitySense.planning.decision_engine - DEBUG - FSI injection: r20_c21 → Flood Susceptibility added (FSI=High)
2026-08-13 17:07:50,132 - CitySense.planning.knowledge_base - DEBUG - Single-condition match: 'Flood Susceptibility'
2026-08-13 17:07:50,132 - CitySense.planning.decision_engine - DEBUG - FSI injection: r21_c0 → Flood Susceptibility added (FSI=Severe)
2026-08-13 17:07:50,132 - CitySense.planning.knowledge_base - DEBUG - Single-condition match: 'Flood Susceptibility'
2026-08-13 17:07:50,132 - CitySense.planning.decision_engine - DEBUG - FSI injection: r21_c1 → Flood Susceptibility added (FSI=Severe)
2026-08-13 17:07:50,132 - CitySense.planning.knowledge_base - DEBUG - Single-condition match: 'Flood Susceptibility'
2026-08-13 17:07:50,132 - CitySense.planning.decision_engine - DEBUG - FSI injection: r21_c2 → Flood Susceptibility added (FSI=Severe)
2026-08-13 17:07:50,132 - CitySense.planning.knowledge_base - DEBUG - Single-condition match: 'Flood Susceptibility'
2026-08-13 17:07:50,133 - CitySense.planning.decision_engine - DEBUG - FSI injection: r21_c3 → Flood Susceptibility added (FSI=Severe)
2026-08-13 17:07:50,133 - CitySense.planning.knowledge_base - DEBUG - Single-condition match: 'Flood Susceptibility'
2026-08-13 17:07:50,133 - CitySense.planning.decision_engine - DEBUG - FSI injection: r21_c4 → Flood Susceptibility added (FSI=Severe)
2026-08-13 17:07:50,133 - CitySense.planning.knowledge_base - DEBUG - Single-condition match: 'Flood Susceptibility'
2026-08-13 17:07:50,133 - CitySense.planning.decision_engine - DEBUG - FSI injection: r21_c5 → Flood Susceptibility added (FSI=Severe)
2026-08-13 17:07:50,133 - CitySense.planning.knowledge_base - DEBUG - Single-condition match: 'Flood Susceptibility'
2026-08-13 17:07:50,133 - CitySense.planning.decision_engine - DEBUG - FSI injection: r21_c6 → Flood Susceptibility added (FSI=Severe)
2026-08-13 17:07:50,133 - CitySense.planning.knowledge_base - DEBUG - Single-condition match: 'Flood Susceptibility'
2026-08-13 17:07:50,133 - CitySense.planning.decision_engine - DEBUG - FSI injection: r21_c7 → Flood Susceptibility added (FSI=Severe)
2026-08-13 17:07:50,133 - CitySense.planning.knowledge_base - DEBUG - Single-condition match: 'Flood Susceptibility'
2026-08-13 17:07:50,133 - CitySense.planning.decision_engine - DEBUG - FSI injection: r21_c8 → Flood Susceptibility added (FSI=Severe)
2026-08-13 17:07:50,133 - CitySense.planning.knowledge_base - DEBUG - Single-condition match: 'Flood Susceptibility'
2026-08-13 17:07:50,133 - CitySense.planning.decision_engine - DEBUG - FSI injection: r21_c9 → Flood Susceptibility added (FSI=Severe)
2026-08-13 17:07:50,133 - CitySense.planning.knowledge_base - DEBUG - Single-condition match: 'Flood Susceptibility'
2026-08-13 17:07:50,134 - CitySense.planning.decision_engine - DEBUG - FSI injection: r21_c10 → Flood Susceptibility added (FSI=Severe)
2026-08-13 17:07:50,134 - CitySense.planning.knowledge_base - DEBUG - Multi-condition override matched (2 conditions): Cool Roof Program
2026-08-13 17:07:50,134 - CitySense.planning.decision_engine - DEBUG - FSI injection: r21_c11 → Flood Susceptibility added (FSI=Severe)
2026-08-13 17:07:50,134 - CitySense.planning.knowledge_base - DEBUG - Multi-condition override matched (2 conditions): Cool Roof Program
2026-08-13 17:07:50,134 - CitySense.planning.decision_engine - DEBUG - FSI injection: r21_c12 → Flood Susceptibility added (FSI=Severe)
2026-08-13 17:07:50,134 - CitySense.planning.knowledge_base - DEBUG - Multi-condition override matched (2 conditions): Cool Roof Program
2026-08-13 17:07:50,134 - CitySense.planning.knowledge_base - DEBUG - Multi-condition override matched (2 conditions): Cool Roof Program
2026-08-13 17:07:50,134 - CitySense.planning.knowledge_base - DEBUG - Multi-condition override matched (2 conditions): Cool Roof Program
2026-08-13 17:07:50,134 - CitySense.planning.decision_engine - DEBUG - FSI injection: r21_c15 → Flood Susceptibility added (FSI=Severe)
2026-08-13 17:07:50,134 - CitySense.planning.knowledge_base - DEBUG - Single-condition match: 'Flood Susceptibility'
2026-08-13 17:07:50,134 - CitySense.planning.decision_engine - DEBUG - FSI injection: r21_c16 → Flood Susceptibility added (FSI=Severe)
2026-08-13 17:07:50,134 - CitySense.planning.knowledge_base - DEBUG - Multi-condition override matched (2 conditions): Urban Forest
2026-08-13 17:07:50,134 - CitySense.planning.decision_engine - DEBUG - FSI injection: r21_c17 → Flood Susceptibility added (FSI=Severe)
2026-08-13 17:07:50,134 - CitySense.planning.knowledge_base - DEBUG - Single-condition match: 'Flood Susceptibility'
2026-08-13 17:07:50,135 - CitySense.planning.decision_engine - DEBUG - FSI injection: r21_c18 → Flood Susceptibility added (FSI=High)
2026-08-13 17:07:50,135 - CitySense.planning.knowledge_base - DEBUG - Single-condition match: 'Flood Susceptibility'
2026-08-13 17:07:50,135 - CitySense.planning.decision_engine - DEBUG - FSI injection: r21_c19 → Flood Susceptibility added (FSI=Severe)
2026-08-13 17:07:50,135 - CitySense.planning.knowledge_base - DEBUG - Single-condition match: 'Flood Susceptibility'
2026-08-13 17:07:50,135 - CitySense.planning.decision_engine - DEBUG - FSI injection: r21_c20 → Flood Susceptibility added (FSI=High)
2026-08-13 17:07:50,135 - CitySense.planning.knowledge_base - DEBUG - Single-condition match: 'Flood Susceptibility'
2026-08-13 17:07:50,135 - CitySense.planning.decision_engine - DEBUG - FSI injection: r21_c21 → Flood Susceptibility added (FSI=High)
2026-08-13 17:07:50,135 - CitySense.planning.knowledge_base - DEBUG - Single-condition match: 'Flood Susceptibility'
2026-08-13 17:07:50,135 - CitySense.planning.decision_engine - DEBUG - FSI injection: r22_c0 → Flood Susceptibility added (FSI=Severe)
2026-08-13 17:07:50,135 - CitySense.planning.knowledge_base - DEBUG - Single-condition match: 'Flood Susceptibility'
2026-08-13 17:07:50,135 - CitySense.planning.decision_engine - DEBUG - FSI injection: r22_c1 → Flood Susceptibility added (FSI=Severe)
2026-08-13 17:07:50,135 - CitySense.planning.knowledge_base - DEBUG - Single-condition match: 'Flood Susceptibility'
2026-08-13 17:07:50,135 - CitySense.planning.decision_engine - DEBUG - FSI injection: r22_c2 → Flood Susceptibility added (FSI=Severe)
2026-08-13 17:07:50,135 - CitySense.planning.knowledge_base - DEBUG - Single-condition match: 'Flood Susceptibility'
2026-08-13 17:07:50,135 - CitySense.planning.decision_engine - DEBUG - FSI injection: r22_c3 → Flood Susceptibility added (FSI=Severe)
2026-08-13 17:07:50,136 - CitySense.planning.knowledge_base - DEBUG - Single-condition match: 'Flood Susceptibility'
2026-08-13 17:07:50,136 - CitySense.planning.decision_engine - DEBUG - FSI injection: r22_c4 → Flood Susceptibility added (FSI=Severe)
2026-08-13 17:07:50,136 - CitySense.planning.knowledge_base - DEBUG - Single-condition match: 'Flood Susceptibility'
2026-08-13 17:07:50,136 - CitySense.planning.decision_engine - DEBUG - FSI injection: r22_c5 → Flood Susceptibility added (FSI=Severe)
2026-08-13 17:07:50,136 - CitySense.planning.knowledge_base - DEBUG - Single-condition match: 'Flood Susceptibility'
2026-08-13 17:07:50,136 - CitySense.planning.decision_engine - DEBUG - FSI injection: r22_c6 → Flood Susceptibility added (FSI=Severe)
2026-08-13 17:07:50,136 - CitySense.planning.knowledge_base - DEBUG - Multi-condition override matched (2 conditions): Integrated Drainage and Green Infrastructure
2026-08-13 17:07:50,136 - CitySense.planning.decision_engine - DEBUG - FSI injection: r22_c7 → Flood Susceptibility added (FSI=Severe)
2026-08-13 17:07:50,136 - CitySense.planning.knowledge_base - DEBUG - Single-condition match: 'Flood Susceptibility'
2026-08-13 17:07:50,136 - CitySense.planning.knowledge_base - DEBUG - Single-condition match: 'Flood Susceptibility'
2026-08-13 17:07:50,136 - CitySense.planning.knowledge_base - DEBUG - Multi-condition override matched (2 conditions): Integrated Drainage and Green Infrastructure
2026-08-13 17:07:50,136 - CitySense.planning.decision_engine - DEBUG - FSI injection: r22_c10 → Flood Susceptibility added (FSI=Severe)
2026-08-13 17:07:50,136 - CitySense.planning.knowledge_base - DEBUG - Multi-condition override matched (2 conditions): Cool Roof Program
2026-08-13 17:07:50,136 - CitySense.planning.decision_engine - DEBUG - FSI injection: r22_c11 → Flood Susceptibility added (FSI=Severe)
2026-08-13 17:07:50,136 - CitySense.planning.knowledge_base - DEBUG - Single-condition match: 'Flood Susceptibility'
2026-08-13 17:07:50,137 - CitySense.planning.knowledge_base - DEBUG - Single-condition match: 'Flood Susceptibility'
2026-08-13 17:07:50,137 - CitySense.planning.knowledge_base - DEBUG - Single-condition match: 'Flood Susceptibility'
2026-08-13 17:07:50,137 - CitySense.planning.knowledge_base - DEBUG - Multi-condition override matched (2 conditions): Cool Roof Program
2026-08-13 17:07:50,137 - CitySense.planning.knowledge_base - DEBUG - Multi-condition override matched (2 conditions): Cool Roof Program
2026-08-13 17:07:50,137 - CitySense.planning.decision_engine - DEBUG - FSI injection: r22_c16 → Flood Susceptibility added (FSI=Severe)
2026-08-13 17:07:50,137 - CitySense.planning.knowledge_base - DEBUG - Multi-condition override matched (2 conditions): Cool Roof Program
2026-08-13 17:07:50,138 - CitySense.planning.decision_engine - DEBUG - FSI injection: r22_c17 → Flood Susceptibility added (FSI=High)
2026-08-13 17:07:50,138 - CitySense.planning.knowledge_base - DEBUG - Single-condition match: 'Flood Susceptibility'
2026-08-13 17:07:50,138 - CitySense.planning.decision_engine - DEBUG - FSI injection: r22_c18 → Flood Susceptibility added (FSI=High)
2026-08-13 17:07:50,138 - CitySense.planning.knowledge_base - DEBUG - Single-condition match: 'Flood Susceptibility'
2026-08-13 17:07:50,138 - CitySense.planning.decision_engine - DEBUG - FSI injection: r22_c19 → Flood Susceptibility added (FSI=High)
2026-08-13 17:07:50,139 - CitySense.planning.knowledge_base - DEBUG - Single-condition match: 'Flood Susceptibility'
2026-08-13 17:07:50,139 - CitySense.planning.decision_engine - DEBUG - FSI injection: r22_c20 → Flood Susceptibility added (FSI=High)
2026-08-13 17:07:50,139 - CitySense.planning.knowledge_base - DEBUG - Single-condition match: 'Flood Susceptibility'
2026-08-13 17:07:50,139 - CitySense.planning.decision_engine - DEBUG - FSI injection: r22_c21 → Flood Susceptibility added (FSI=High)
2026-08-13 17:07:50,139 - CitySense.planning.knowledge_base - DEBUG - Single-condition match: 'Flood Susceptibility'
2026-08-13 17:07:50,139 - CitySense.planning.decision_engine - DEBUG - FSI injection: r23_c0 → Flood Susceptibility added (FSI=Severe)
2026-08-13 17:07:50,139 - CitySense.planning.knowledge_base - DEBUG - Single-condition match: 'Flood Susceptibility'
2026-08-13 17:07:50,140 - CitySense.planning.decision_engine - DEBUG - FSI injection: r23_c1 → Flood Susceptibility added (FSI=Severe)
2026-08-13 17:07:50,140 - CitySense.planning.knowledge_base - DEBUG - Single-condition match: 'Flood Susceptibility'
2026-08-13 17:07:50,140 - CitySense.planning.decision_engine - DEBUG - FSI injection: r23_c2 → Flood Susceptibility added (FSI=Severe)
2026-08-13 17:07:50,140 - CitySense.planning.knowledge_base - DEBUG - Single-condition match: 'Flood Susceptibility'
2026-08-13 17:07:50,140 - CitySense.planning.decision_engine - DEBUG - FSI injection: r23_c3 → Flood Susceptibility added (FSI=Severe)
2026-08-13 17:07:50,140 - CitySense.planning.knowledge_base - DEBUG - Single-condition match: 'Flood Susceptibility'
2026-08-13 17:07:50,140 - CitySense.planning.decision_engine - DEBUG - FSI injection: r23_c4 → Flood Susceptibility added (FSI=Severe)
2026-08-13 17:07:50,140 - CitySense.planning.knowledge_base - DEBUG - Single-condition match: 'Flood Susceptibility'
2026-08-13 17:07:50,140 - CitySense.planning.decision_engine - DEBUG - FSI injection: r23_c5 → Flood Susceptibility added (FSI=Severe)
2026-08-13 17:07:50,140 - CitySense.planning.knowledge_base - DEBUG - Single-condition match: 'Flood Susceptibility'
2026-08-13 17:07:50,141 - CitySense.planning.decision_engine - DEBUG - FSI injection: r23_c6 → Flood Susceptibility added (FSI=Severe)
2026-08-13 17:07:50,141 - CitySense.planning.knowledge_base - DEBUG - Multi-condition override matched (2 conditions): Cool Roof Program
2026-08-13 17:07:50,141 - CitySense.planning.decision_engine - DEBUG - FSI injection: r23_c7 → Flood Susceptibility added (FSI=Severe)
2026-08-13 17:07:50,141 - CitySense.planning.knowledge_base - DEBUG - Multi-condition override matched (2 conditions): Cool Roof Program
2026-08-13 17:07:50,141 - CitySense.planning.decision_engine - DEBUG - FSI injection: r23_c8 → Flood Susceptibility added (FSI=Severe)
2026-08-13 17:07:50,141 - CitySense.planning.knowledge_base - DEBUG - Multi-condition override matched (2 conditions): Cool Roof Program
2026-08-13 17:07:50,141 - CitySense.planning.knowledge_base - DEBUG - Multi-condition override matched (2 conditions): Integrated Drainage and Green Infrastructure
2026-08-13 17:07:50,141 - CitySense.planning.knowledge_base - DEBUG - Single-condition match: 'Flood Susceptibility'
2026-08-13 17:07:50,141 - CitySense.planning.knowledge_base - DEBUG - Single-condition match: 'Urban Heat Island'
2026-08-13 17:07:50,142 - CitySense.planning.knowledge_base - DEBUG - Single-condition match: 'Flood Susceptibility'
2026-08-13 17:07:50,142 - CitySense.planning.knowledge_base - DEBUG - Single-condition match: 'Flood Susceptibility'
2026-08-13 17:07:50,142 - CitySense.planning.knowledge_base - DEBUG - Single-condition match: 'Low Vegetation'
2026-08-13 17:07:50,142 - CitySense.planning.decision_engine - DEBUG - FSI injection: r23_c15 → Flood Susceptibility added (FSI=Severe)
2026-08-13 17:07:50,143 - CitySense.planning.knowledge_base - DEBUG - Multi-condition override matched (2 conditions): Cool Roof Program
2026-08-13 17:07:50,143 - CitySense.planning.decision_engine - DEBUG - FSI injection: r23_c16 → Flood Susceptibility added (FSI=Severe)
2026-08-13 17:07:50,143 - CitySense.planning.knowledge_base - DEBUG - Multi-condition override matched (2 conditions): Urban Forest
2026-08-13 17:07:50,143 - CitySense.planning.decision_engine - DEBUG - FSI injection: r23_c17 → Flood Susceptibility added (FSI=Severe)
2026-08-13 17:07:50,143 - CitySense.planning.knowledge_base - DEBUG - Multi-condition override matched (2 conditions): Urban Forest
2026-08-13 17:07:50,144 - CitySense.planning.decision_engine - DEBUG - FSI injection: r23_c18 → Flood Susceptibility added (FSI=Severe)
2026-08-13 17:07:50,144 - CitySense.planning.knowledge_base - DEBUG - Single-condition match: 'Flood Susceptibility'
2026-08-13 17:07:50,145 - CitySense.planning.decision_engine - DEBUG - FSI injection: r23_c19 → Flood Susceptibility added (FSI=High)
2026-08-13 17:07:50,145 - CitySense.planning.knowledge_base - DEBUG - Single-condition match: 'Flood Susceptibility'
2026-08-13 17:07:50,145 - CitySense.planning.decision_engine - DEBUG - FSI injection: r23_c20 → Flood Susceptibility added (FSI=High)
2026-08-13 17:07:50,145 - CitySense.planning.knowledge_base - DEBUG - Single-condition match: 'Flood Susceptibility'
2026-08-13 17:07:50,146 - CitySense.planning.decision_engine - DEBUG - FSI injection: r23_c21 → Flood Susceptibility added (FSI=High)
2026-08-13 17:07:50,146 - CitySense.planning.knowledge_base - DEBUG - Single-condition match: 'Flood Susceptibility'
2026-08-13 17:07:50,146 - CitySense.planning.decision_engine - DEBUG - FSI injection: r24_c0 → Flood Susceptibility added (FSI=Severe)
2026-08-13 17:07:50,146 - CitySense.planning.knowledge_base - DEBUG - Single-condition match: 'Flood Susceptibility'
2026-08-13 17:07:50,146 - CitySense.planning.decision_engine - DEBUG - FSI injection: r24_c1 → Flood Susceptibility added (FSI=Severe)
2026-08-13 17:07:50,146 - CitySense.planning.knowledge_base - DEBUG - Single-condition match: 'Flood Susceptibility'
2026-08-13 17:07:50,146 - CitySense.planning.decision_engine - DEBUG - FSI injection: r24_c2 → Flood Susceptibility added (FSI=Severe)
2026-08-13 17:07:50,146 - CitySense.planning.knowledge_base - DEBUG - Multi-condition override matched (2 conditions): Integrated Drainage and Green Infrastructure
2026-08-13 17:07:50,147 - CitySense.planning.decision_engine - DEBUG - FSI injection: r24_c3 → Flood Susceptibility added (FSI=Severe)
2026-08-13 17:07:50,147 - CitySense.planning.knowledge_base - DEBUG - Single-condition match: 'Flood Susceptibility'
2026-08-13 17:07:50,147 - CitySense.planning.decision_engine - DEBUG - FSI injection: r24_c4 → Flood Susceptibility added (FSI=Severe)
2026-08-13 17:07:50,147 - CitySense.planning.knowledge_base - DEBUG - Single-condition match: 'Flood Susceptibility'
2026-08-13 17:07:50,147 - CitySense.planning.decision_engine - DEBUG - FSI injection: r24_c5 → Flood Susceptibility added (FSI=Severe)
2026-08-13 17:07:50,147 - CitySense.planning.knowledge_base - DEBUG - Single-condition match: 'Flood Susceptibility'
2026-08-13 17:07:50,147 - CitySense.planning.decision_engine - DEBUG - FSI injection: r24_c6 → Flood Susceptibility added (FSI=Severe)
2026-08-13 17:07:50,147 - CitySense.planning.knowledge_base - DEBUG - Multi-condition override matched (2 conditions): Cool Roof Program
2026-08-13 17:07:50,147 - CitySense.planning.decision_engine - DEBUG - FSI injection: r24_c7 → Flood Susceptibility added (FSI=Severe)
2026-08-13 17:07:50,147 - CitySense.planning.knowledge_base - DEBUG - Multi-condition override matched (2 conditions): Cool Roof Program
2026-08-13 17:07:50,148 - CitySense.planning.knowledge_base - DEBUG - Multi-condition override matched (2 conditions): Cool Roof Program
2026-08-13 17:07:50,148 - CitySense.planning.knowledge_base - DEBUG - Multi-condition override matched (2 conditions): Cool Roof Program
2026-08-13 17:07:50,148 - CitySense.planning.knowledge_base - DEBUG - Multi-condition override matched (2 conditions): Urban Forest
2026-08-13 17:07:50,148 - CitySense.planning.knowledge_base - DEBUG - Single-condition match: 'Low Vegetation'
2026-08-13 17:07:50,148 - CitySense.planning.knowledge_base - DEBUG - Single-condition match: 'Low Vegetation'
2026-08-13 17:07:50,149 - CitySense.planning.knowledge_base - DEBUG - Single-condition match: 'Low Vegetation'
2026-08-13 17:07:50,149 - CitySense.planning.knowledge_base - DEBUG - Single-condition match: 'Low Vegetation'
2026-08-13 17:07:50,149 - CitySense.planning.knowledge_base - DEBUG - Single-condition match: 'Low Vegetation'
2026-08-13 17:07:50,149 - CitySense.planning.decision_engine - DEBUG - FSI injection: r24_c16 → Flood Susceptibility added (FSI=Severe)
2026-08-13 17:07:50,149 - CitySense.planning.knowledge_base - DEBUG - Multi-condition override matched (2 conditions): Cool Roof Program
2026-08-13 17:07:50,149 - CitySense.planning.decision_engine - DEBUG - FSI injection: r24_c17 → Flood Susceptibility added (FSI=Severe)
2026-08-13 17:07:50,149 - CitySense.planning.knowledge_base - DEBUG - Single-condition match: 'Flood Susceptibility'
2026-08-13 17:07:50,149 - CitySense.planning.decision_engine - DEBUG - FSI injection: r24_c18 → Flood Susceptibility added (FSI=High)
2026-08-13 17:07:50,149 - CitySense.planning.knowledge_base - DEBUG - Single-condition match: 'Flood Susceptibility'
2026-08-13 17:07:50,150 - CitySense.planning.decision_engine - DEBUG - FSI injection: r24_c19 → Flood Susceptibility added (FSI=High)
2026-08-13 17:07:50,150 - CitySense.planning.knowledge_base - DEBUG - Single-condition match: 'Flood Susceptibility'
2026-08-13 17:07:50,150 - CitySense.planning.decision_engine - DEBUG - FSI injection: r24_c20 → Flood Susceptibility added (FSI=High)
2026-08-13 17:07:50,150 - CitySense.planning.knowledge_base - DEBUG - Single-condition match: 'Flood Susceptibility'
2026-08-13 17:07:50,150 - CitySense.planning.decision_engine - DEBUG - FSI injection: r24_c21 → Flood Susceptibility added (FSI=High)
2026-08-13 17:07:50,150 - CitySense.planning.knowledge_base - DEBUG - Single-condition match: 'Flood Susceptibility'
2026-08-13 17:07:50,151 - CitySense.planning.decision_engine - DEBUG - FSI injection: r25_c0 → Flood Susceptibility added (FSI=Severe)
2026-08-13 17:07:50,151 - CitySense.planning.knowledge_base - DEBUG - Single-condition match: 'Flood Susceptibility'
2026-08-13 17:07:50,151 - CitySense.planning.decision_engine - DEBUG - FSI injection: r25_c1 → Flood Susceptibility added (FSI=Severe)
2026-08-13 17:07:50,151 - CitySense.planning.knowledge_base - DEBUG - Single-condition match: 'Flood Susceptibility'
2026-08-13 17:07:50,152 - CitySense.planning.decision_engine - DEBUG - FSI injection: r25_c2 → Flood Susceptibility added (FSI=Severe)
2026-08-13 17:07:50,152 - CitySense.planning.knowledge_base - DEBUG - Single-condition match: 'Flood Susceptibility'
2026-08-13 17:07:50,152 - CitySense.planning.decision_engine - DEBUG - FSI injection: r25_c3 → Flood Susceptibility added (FSI=Severe)
2026-08-13 17:07:50,152 - CitySense.planning.knowledge_base - DEBUG - Single-condition match: 'Flood Susceptibility'
2026-08-13 17:07:50,152 - CitySense.planning.decision_engine - DEBUG - FSI injection: r25_c4 → Flood Susceptibility added (FSI=Severe)
2026-08-13 17:07:50,152 - CitySense.planning.knowledge_base - DEBUG - Single-condition match: 'Flood Susceptibility'
2026-08-13 17:07:50,152 - CitySense.planning.decision_engine - DEBUG - FSI injection: r25_c5 → Flood Susceptibility added (FSI=Severe)
2026-08-13 17:07:50,153 - CitySense.planning.knowledge_base - DEBUG - Single-condition match: 'Flood Susceptibility'
2026-08-13 17:07:50,153 - CitySense.planning.decision_engine - DEBUG - FSI injection: r25_c6 → Flood Susceptibility added (FSI=Severe)
2026-08-13 17:07:50,153 - CitySense.planning.knowledge_base - DEBUG - Multi-condition override matched (2 conditions): Cool Roof Program
2026-08-13 17:07:50,153 - CitySense.planning.decision_engine - DEBUG - FSI injection: r25_c7 → Flood Susceptibility added (FSI=Severe)
2026-08-13 17:07:50,153 - CitySense.planning.knowledge_base - DEBUG - Multi-condition override matched (2 conditions): Cool Roof Program
2026-08-13 17:07:50,153 - CitySense.planning.decision_engine - DEBUG - FSI injection: r25_c8 → Flood Susceptibility added (FSI=Severe)
2026-08-13 17:07:50,153 - CitySense.planning.knowledge_base - DEBUG - Multi-condition override matched (2 conditions): Cool Roof Program
2026-08-13 17:07:50,153 - CitySense.planning.knowledge_base - DEBUG - Single-condition match: 'Low Vegetation'
2026-08-13 17:07:50,154 - CitySense.planning.knowledge_base - DEBUG - Single-condition match: 'Low Vegetation'
2026-08-13 17:07:50,154 - CitySense.planning.knowledge_base - DEBUG - Single-condition match: 'Low Vegetation'
2026-08-13 17:07:50,154 - CitySense.planning.knowledge_base - DEBUG - Multi-condition override matched (3 conditions): Urban Forest
2026-08-13 17:07:50,154 - CitySense.planning.knowledge_base - DEBUG - Single-condition match: 'Flood Susceptibility'
2026-08-13 17:07:50,155 - CitySense.planning.knowledge_base - DEBUG - Single-condition match: 'Flood Susceptibility'
2026-08-13 17:07:50,155 - CitySense.planning.knowledge_base - DEBUG - Multi-condition override matched (2 conditions): Cool Roof Program
2026-08-13 17:07:50,155 - CitySense.planning.decision_engine - DEBUG - FSI injection: r25_c16 → Flood Susceptibility added (FSI=Severe)
2026-08-13 17:07:50,155 - CitySense.planning.knowledge_base - DEBUG - Multi-condition override matched (2 conditions): Cool Roof Program
2026-08-13 17:07:50,155 - CitySense.planning.decision_engine - DEBUG - FSI injection: r25_c17 → Flood Susceptibility added (FSI=Severe)
2026-08-13 17:07:50,155 - CitySense.planning.knowledge_base - DEBUG - Single-condition match: 'Flood Susceptibility'
2026-08-13 17:07:50,155 - CitySense.planning.decision_engine - DEBUG - FSI injection: r25_c18 → Flood Susceptibility added (FSI=High)
2026-08-13 17:07:50,155 - CitySense.planning.knowledge_base - DEBUG - Single-condition match: 'Flood Susceptibility'
2026-08-13 17:07:50,156 - CitySense.planning.decision_engine - DEBUG - FSI injection: r25_c19 → Flood Susceptibility added (FSI=Severe)
2026-08-13 17:07:50,156 - CitySense.planning.knowledge_base - DEBUG - Single-condition match: 'Flood Susceptibility'
2026-08-13 17:07:50,156 - CitySense.planning.decision_engine - DEBUG - FSI injection: r25_c20 → Flood Susceptibility added (FSI=High)
2026-08-13 17:07:50,156 - CitySense.planning.knowledge_base - DEBUG - Single-condition match: 'Flood Susceptibility'
2026-08-13 17:07:50,156 - CitySense.planning.decision_engine - DEBUG - FSI injection: r25_c21 → Flood Susceptibility added (FSI=Severe)
2026-08-13 17:07:50,156 - CitySense.planning.knowledge_base - DEBUG - Single-condition match: 'Flood Susceptibility'
2026-08-13 17:07:50,156 - CitySense.planning.decision_engine - DEBUG - FSI injection: r26_c0 → Flood Susceptibility added (FSI=Severe)
2026-08-13 17:07:50,156 - CitySense.planning.knowledge_base - DEBUG - Single-condition match: 'Flood Susceptibility'
2026-08-13 17:07:50,157 - CitySense.planning.decision_engine - DEBUG - FSI injection: r26_c1 → Flood Susceptibility added (FSI=Severe)
2026-08-13 17:07:50,157 - CitySense.planning.knowledge_base - DEBUG - Single-condition match: 'Flood Susceptibility'
2026-08-13 17:07:50,157 - CitySense.planning.decision_engine - DEBUG - FSI injection: r26_c2 → Flood Susceptibility added (FSI=High)
2026-08-13 17:07:50,157 - CitySense.planning.knowledge_base - DEBUG - Single-condition match: 'Flood Susceptibility'
2026-08-13 17:07:50,157 - CitySense.planning.decision_engine - DEBUG - FSI injection: r26_c3 → Flood Susceptibility added (FSI=Severe)
2026-08-13 17:07:50,157 - CitySense.planning.knowledge_base - DEBUG - Single-condition match: 'Flood Susceptibility'
2026-08-13 17:07:50,158 - CitySense.planning.decision_engine - DEBUG - FSI injection: r26_c4 → Flood Susceptibility added (FSI=High)
2026-08-13 17:07:50,158 - CitySense.planning.knowledge_base - DEBUG - Single-condition match: 'Flood Susceptibility'
2026-08-13 17:07:50,158 - CitySense.planning.decision_engine - DEBUG - FSI injection: r26_c5 → Flood Susceptibility added (FSI=Severe)
2026-08-13 17:07:50,158 - CitySense.planning.knowledge_base - DEBUG - Multi-condition override matched (2 conditions): Integrated Drainage and Green Infrastructure
2026-08-13 17:07:50,159 - CitySense.planning.decision_engine - DEBUG - FSI injection: r26_c6 → Flood Susceptibility added (FSI=Severe)
2026-08-13 17:07:50,159 - CitySense.planning.knowledge_base - DEBUG - Multi-condition override matched (2 conditions): Cool Roof Program
2026-08-13 17:07:50,159 - CitySense.planning.decision_engine - DEBUG - FSI injection: r26_c7 → Flood Susceptibility added (FSI=Severe)
2026-08-13 17:07:50,159 - CitySense.planning.knowledge_base - DEBUG - Single-condition match: 'Flood Susceptibility'
2026-08-13 17:07:50,159 - CitySense.planning.decision_engine - DEBUG - FSI injection: r26_c8 → Flood Susceptibility added (FSI=Severe)
2026-08-13 17:07:50,160 - CitySense.planning.knowledge_base - DEBUG - Single-condition match: 'Flood Susceptibility'
2026-08-13 17:07:50,160 - CitySense.planning.knowledge_base - DEBUG - Single-condition match: 'Low Vegetation'
2026-08-13 17:07:50,160 - CitySense.planning.knowledge_base - DEBUG - Single-condition match: 'Low Vegetation'
2026-08-13 17:07:50,160 - CitySense.planning.knowledge_base - DEBUG - Single-condition match: 'Low Vegetation'
2026-08-13 17:07:50,160 - CitySense.planning.knowledge_base - DEBUG - Multi-condition override matched (2 conditions): Integrated Drainage and Green Infrastructure
2026-08-13 17:07:50,160 - CitySense.planning.knowledge_base - DEBUG - Single-condition match: 'Flood Susceptibility'
2026-08-13 17:07:50,160 - CitySense.planning.knowledge_base - DEBUG - Single-condition match: 'Flood Susceptibility'
2026-08-13 17:07:50,161 - CitySense.planning.knowledge_base - DEBUG - Multi-condition override matched (2 conditions): Integrated Drainage and Green Infrastructure
2026-08-13 17:07:50,161 - CitySense.planning.decision_engine - DEBUG - FSI injection: r26_c16 → Flood Susceptibility added (FSI=Severe)
2026-08-13 17:07:50,161 - CitySense.planning.knowledge_base - DEBUG - Multi-condition override matched (2 conditions): Cool Roof Program
2026-08-13 17:07:50,161 - CitySense.planning.decision_engine - DEBUG - FSI injection: r26_c17 → Flood Susceptibility added (FSI=Severe)
2026-08-13 17:07:50,161 - CitySense.planning.knowledge_base - DEBUG - Single-condition match: 'Flood Susceptibility'
2026-08-13 17:07:50,161 - CitySense.planning.decision_engine - DEBUG - FSI injection: r26_c18 → Flood Susceptibility added (FSI=Severe)
2026-08-13 17:07:50,161 - CitySense.planning.knowledge_base - DEBUG - Single-condition match: 'Flood Susceptibility'
2026-08-13 17:07:50,161 - CitySense.planning.decision_engine - DEBUG - FSI injection: r26_c19 → Flood Susceptibility added (FSI=Severe)
2026-08-13 17:07:50,161 - CitySense.planning.knowledge_base - DEBUG - Single-condition match: 'Flood Susceptibility'
2026-08-13 17:07:50,162 - CitySense.planning.decision_engine - DEBUG - FSI injection: r26_c20 → Flood Susceptibility added (FSI=Severe)
2026-08-13 17:07:50,162 - CitySense.planning.knowledge_base - DEBUG - Single-condition match: 'Flood Susceptibility'
2026-08-13 17:07:50,162 - CitySense.planning.decision_engine - DEBUG - FSI injection: r26_c21 → Flood Susceptibility added (FSI=High)
2026-08-13 17:07:50,162 - CitySense.planning.knowledge_base - DEBUG - Single-condition match: 'Flood Susceptibility'
2026-08-13 17:07:50,162 - CitySense.planning.decision_engine - DEBUG - FSI injection: r27_c0 → Flood Susceptibility added (FSI=Severe)
2026-08-13 17:07:50,162 - CitySense.planning.knowledge_base - DEBUG - Single-condition match: 'Flood Susceptibility'
2026-08-13 17:07:50,162 - CitySense.planning.decision_engine - DEBUG - FSI injection: r27_c1 → Flood Susceptibility added (FSI=Severe)
2026-08-13 17:07:50,162 - CitySense.planning.knowledge_base - DEBUG - Single-condition match: 'Flood Susceptibility'
2026-08-13 17:07:50,163 - CitySense.planning.decision_engine - DEBUG - FSI injection: r27_c2 → Flood Susceptibility added (FSI=Severe)
2026-08-13 17:07:50,163 - CitySense.planning.knowledge_base - DEBUG - Single-condition match: 'Flood Susceptibility'
2026-08-13 17:07:50,163 - CitySense.planning.decision_engine - DEBUG - FSI injection: r27_c3 → Flood Susceptibility added (FSI=Severe)
2026-08-13 17:07:50,163 - CitySense.planning.knowledge_base - DEBUG - Single-condition match: 'Flood Susceptibility'
2026-08-13 17:07:50,163 - CitySense.planning.decision_engine - DEBUG - FSI injection: r27_c4 → Flood Susceptibility added (FSI=High)
2026-08-13 17:07:50,163 - CitySense.planning.knowledge_base - DEBUG - Single-condition match: 'Flood Susceptibility'
2026-08-13 17:07:50,163 - CitySense.planning.decision_engine - DEBUG - FSI injection: r27_c5 → Flood Susceptibility added (FSI=Severe)
2026-08-13 17:07:50,163 - CitySense.planning.knowledge_base - DEBUG - Single-condition match: 'Flood Susceptibility'
2026-08-13 17:07:50,163 - CitySense.planning.decision_engine - DEBUG - FSI injection: r27_c6 → Flood Susceptibility added (FSI=Severe)
2026-08-13 17:07:50,163 - CitySense.planning.knowledge_base - DEBUG - Multi-condition override matched (2 conditions): Cool Roof Program
2026-08-13 17:07:50,163 - CitySense.planning.decision_engine - DEBUG - FSI injection: r27_c7 → Flood Susceptibility added (FSI=Severe)
2026-08-13 17:07:50,163 - CitySense.planning.knowledge_base - DEBUG - Single-condition match: 'Flood Susceptibility'
2026-08-13 17:07:50,164 - CitySense.planning.decision_engine - DEBUG - FSI injection: r27_c8 → Flood Susceptibility added (FSI=Severe)
2026-08-13 17:07:50,164 - CitySense.planning.knowledge_base - DEBUG - Single-condition match: 'Flood Susceptibility'
2026-08-13 17:07:50,164 - CitySense.planning.decision_engine - DEBUG - FSI injection: r27_c9 → Flood Susceptibility added (FSI=Severe)
2026-08-13 17:07:50,164 - CitySense.planning.knowledge_base - DEBUG - Single-condition match: 'Flood Susceptibility'
2026-08-13 17:07:50,164 - CitySense.planning.knowledge_base - DEBUG - Single-condition match: 'Low Vegetation'
2026-08-13 17:07:50,164 - CitySense.planning.knowledge_base - DEBUG - Single-condition match: 'Low Vegetation'
2026-08-13 17:07:50,164 - CitySense.planning.knowledge_base - DEBUG - Single-condition match: 'Low Vegetation'
2026-08-13 17:07:50,164 - CitySense.planning.knowledge_base - DEBUG - Single-condition match: 'Low Vegetation'
2026-08-13 17:07:50,164 - CitySense.planning.knowledge_base - DEBUG - Single-condition match: 'Flood Susceptibility'
2026-08-13 17:07:50,164 - CitySense.planning.knowledge_base - DEBUG - Multi-condition override matched (2 conditions): Integrated Drainage and Green Infrastructure
2026-08-13 17:07:50,165 - CitySense.planning.knowledge_base - DEBUG - Multi-condition override matched (2 conditions): Cool Roof Program
2026-08-13 17:07:50,165 - CitySense.planning.decision_engine - DEBUG - FSI injection: r27_c17 → Flood Susceptibility added (FSI=Severe)
2026-08-13 17:07:50,166 - CitySense.planning.knowledge_base - DEBUG - Single-condition match: 'Flood Susceptibility'
2026-08-13 17:07:50,166 - CitySense.planning.decision_engine - DEBUG - FSI injection: r27_c18 → Flood Susceptibility added (FSI=Severe)
2026-08-13 17:07:50,166 - CitySense.planning.knowledge_base - DEBUG - Single-condition match: 'Flood Susceptibility'
2026-08-13 17:07:50,166 - CitySense.planning.decision_engine - DEBUG - FSI injection: r27_c19 → Flood Susceptibility added (FSI=Severe)
2026-08-13 17:07:50,167 - CitySense.planning.knowledge_base - DEBUG - Single-condition match: 'Flood Susceptibility'
2026-08-13 17:07:50,167 - CitySense.planning.decision_engine - DEBUG - FSI injection: r27_c20 → Flood Susceptibility added (FSI=Severe)
2026-08-13 17:07:50,167 - CitySense.planning.knowledge_base - DEBUG - Single-condition match: 'Flood Susceptibility'
2026-08-13 17:07:50,167 - CitySense.planning.decision_engine - DEBUG - FSI injection: r27_c21 → Flood Susceptibility added (FSI=High)
2026-08-13 17:07:50,167 - CitySense.planning.knowledge_base - DEBUG - Single-condition match: 'Flood Susceptibility'
2026-08-13 17:07:50,167 - CitySense.planning.decision_engine - DEBUG - FSI injection: r28_c0 → Flood Susceptibility added (FSI=Severe)
2026-08-13 17:07:50,167 - CitySense.planning.knowledge_base - DEBUG - Single-condition match: 'Flood Susceptibility'
2026-08-13 17:07:50,167 - CitySense.planning.decision_engine - DEBUG - FSI injection: r28_c1 → Flood Susceptibility added (FSI=Severe)
2026-08-13 17:07:50,167 - CitySense.planning.knowledge_base - DEBUG - Single-condition match: 'Flood Susceptibility'
2026-08-13 17:07:50,167 - CitySense.planning.decision_engine - DEBUG - FSI injection: r28_c2 → Flood Susceptibility added (FSI=Severe)
2026-08-13 17:07:50,167 - CitySense.planning.knowledge_base - DEBUG - Single-condition match: 'Flood Susceptibility'
2026-08-13 17:07:50,168 - CitySense.planning.decision_engine - DEBUG - FSI injection: r28_c3 → Flood Susceptibility added (FSI=Severe)
2026-08-13 17:07:50,168 - CitySense.planning.knowledge_base - DEBUG - Multi-condition override matched (2 conditions): Cool Roof Program
2026-08-13 17:07:50,168 - CitySense.planning.decision_engine - DEBUG - FSI injection: r28_c4 → Flood Susceptibility added (FSI=Severe)
2026-08-13 17:07:50,168 - CitySense.planning.knowledge_base - DEBUG - Single-condition match: 'Flood Susceptibility'
2026-08-13 17:07:50,168 - CitySense.planning.decision_engine - DEBUG - FSI injection: r28_c5 → Flood Susceptibility added (FSI=High)
2026-08-13 17:07:50,168 - CitySense.planning.knowledge_base - DEBUG - Single-condition match: 'Flood Susceptibility'
2026-08-13 17:07:50,168 - CitySense.planning.decision_engine - DEBUG - FSI injection: r28_c6 → Flood Susceptibility added (FSI=Severe)
2026-08-13 17:07:50,168 - CitySense.planning.knowledge_base - DEBUG - Single-condition match: 'Flood Susceptibility'
2026-08-13 17:07:50,168 - CitySense.planning.decision_engine - DEBUG - FSI injection: r28_c7 → Flood Susceptibility added (FSI=Severe)
2026-08-13 17:07:50,168 - CitySense.planning.knowledge_base - DEBUG - Single-condition match: 'Flood Susceptibility'
2026-08-13 17:07:50,168 - CitySense.planning.knowledge_base - DEBUG - Single-condition match: 'Urban Heat Island'
2026-08-13 17:07:50,168 - CitySense.planning.knowledge_base - DEBUG - Multi-condition override matched (2 conditions): Integrated Drainage and Green Infrastructure
2026-08-13 17:07:50,169 - CitySense.planning.knowledge_base - DEBUG - Multi-condition override matched (2 conditions): Cool Roof Program
2026-08-13 17:07:50,169 - CitySense.planning.knowledge_base - DEBUG - Multi-condition override matched (2 conditions): Cool Roof Program
2026-08-13 17:07:50,169 - CitySense.planning.knowledge_base - DEBUG - Single-condition match: 'Low Vegetation'
2026-08-13 17:07:50,169 - CitySense.planning.knowledge_base - DEBUG - Single-condition match: 'Low Vegetation'
2026-08-13 17:07:50,169 - CitySense.planning.knowledge_base - DEBUG - Single-condition match: 'Low Vegetation'
2026-08-13 17:07:50,169 - CitySense.planning.knowledge_base - DEBUG - Single-condition match: 'Low Vegetation'
2026-08-13 17:07:50,170 - CitySense.planning.knowledge_base - DEBUG - Multi-condition override matched (2 conditions): Cool Roof Program
2026-08-13 17:07:50,170 - CitySense.planning.knowledge_base - DEBUG - Single-condition match: 'Low Vegetation'
2026-08-13 17:07:50,170 - CitySense.planning.decision_engine - DEBUG - FSI injection: r28_c18 → Flood Susceptibility added (FSI=Severe)
2026-08-13 17:07:50,170 - CitySense.planning.knowledge_base - DEBUG - Single-condition match: 'Flood Susceptibility'
2026-08-13 17:07:50,170 - CitySense.planning.decision_engine - DEBUG - FSI injection: r28_c19 → Flood Susceptibility added (FSI=Severe)
2026-08-13 17:07:50,170 - CitySense.planning.knowledge_base - DEBUG - Single-condition match: 'Flood Susceptibility'
2026-08-13 17:07:50,170 - CitySense.planning.decision_engine - DEBUG - FSI injection: r28_c20 → Flood Susceptibility added (FSI=Severe)
2026-08-13 17:07:50,170 - CitySense.planning.knowledge_base - DEBUG - Single-condition match: 'Flood Susceptibility'
2026-08-13 17:07:50,171 - CitySense.planning.decision_engine - DEBUG - FSI injection: r28_c21 → Flood Susceptibility added (FSI=Severe)
2026-08-13 17:07:50,171 - CitySense.planning.knowledge_base - DEBUG - Single-condition match: 'Flood Susceptibility'
2026-08-13 17:07:50,171 - CitySense.planning.decision_engine - DEBUG - FSI injection: r29_c0 → Flood Susceptibility added (FSI=Severe)
2026-08-13 17:07:50,171 - CitySense.planning.knowledge_base - DEBUG - Single-condition match: 'Flood Susceptibility'
2026-08-13 17:07:50,171 - CitySense.planning.decision_engine - DEBUG - FSI injection: r29_c1 → Flood Susceptibility added (FSI=Severe)
2026-08-13 17:07:50,171 - CitySense.planning.knowledge_base - DEBUG - Single-condition match: 'Flood Susceptibility'
2026-08-13 17:07:50,172 - CitySense.planning.decision_engine - DEBUG - FSI injection: r29_c2 → Flood Susceptibility added (FSI=Severe)
2026-08-13 17:07:50,172 - CitySense.planning.knowledge_base - DEBUG - Single-condition match: 'Flood Susceptibility'
2026-08-13 17:07:50,172 - CitySense.planning.decision_engine - DEBUG - FSI injection: r29_c3 → Flood Susceptibility added (FSI=Severe)
2026-08-13 17:07:50,173 - CitySense.planning.knowledge_base - DEBUG - Multi-condition override matched (3 conditions): Urban Forest
2026-08-13 17:07:50,173 - CitySense.planning.decision_engine - DEBUG - FSI injection: r29_c4 → Flood Susceptibility added (FSI=Severe)
2026-08-13 17:07:50,173 - CitySense.planning.knowledge_base - DEBUG - Multi-condition override matched (2 conditions): Cool Roof Program
2026-08-13 17:07:50,173 - CitySense.planning.decision_engine - DEBUG - FSI injection: r29_c5 → Flood Susceptibility added (FSI=Severe)
2026-08-13 17:07:50,173 - CitySense.planning.knowledge_base - DEBUG - Single-condition match: 'Flood Susceptibility'
2026-08-13 17:07:50,174 - CitySense.planning.decision_engine - DEBUG - FSI injection: r29_c6 → Flood Susceptibility added (FSI=Severe)
2026-08-13 17:07:50,174 - CitySense.planning.knowledge_base - DEBUG - Multi-condition override matched (2 conditions): Cool Roof Program
2026-08-13 17:07:50,174 - CitySense.planning.decision_engine - DEBUG - FSI injection: r29_c7 → Flood Susceptibility added (FSI=Severe)
2026-08-13 17:07:50,174 - CitySense.planning.knowledge_base - DEBUG - Multi-condition override matched (2 conditions): Integrated Drainage and Green Infrastructure
2026-08-13 17:07:50,175 - CitySense.planning.knowledge_base - DEBUG - Multi-condition override matched (2 conditions): Cool Roof Program
2026-08-13 17:07:50,175 - CitySense.planning.knowledge_base - DEBUG - Multi-condition override matched (2 conditions): Cool Roof Program
2026-08-13 17:07:50,175 - CitySense.planning.knowledge_base - DEBUG - Multi-condition override matched (3 conditions): Urban Forest
2026-08-13 17:07:50,175 - CitySense.planning.knowledge_base - DEBUG - Multi-condition override matched (2 conditions): Integrated Drainage and Green Infrastructure
2026-08-13 17:07:50,175 - CitySense.planning.knowledge_base - DEBUG - Single-condition match: 'Low Vegetation'
2026-08-13 17:07:50,176 - CitySense.planning.knowledge_base - DEBUG - Single-condition match: 'Low Vegetation'
2026-08-13 17:07:50,176 - CitySense.planning.knowledge_base - DEBUG - Single-condition match: 'Low Vegetation'
2026-08-13 17:07:50,176 - CitySense.planning.knowledge_base - DEBUG - Single-condition match: 'Low Vegetation'
2026-08-13 17:07:50,176 - CitySense.planning.knowledge_base - DEBUG - Single-condition match: 'Low Vegetation'
2026-08-13 17:07:50,176 - CitySense.planning.knowledge_base - DEBUG - Single-condition match: 'Low Vegetation'
2026-08-13 17:07:50,176 - CitySense.planning.decision_engine - DEBUG - FSI injection: r29_c18 → Flood Susceptibility added (FSI=Severe)
2026-08-13 17:07:50,176 - CitySense.planning.knowledge_base - DEBUG - Multi-condition override matched (2 conditions): Cool Roof Program
2026-08-13 17:07:50,177 - CitySense.planning.decision_engine - DEBUG - FSI injection: r29_c19 → Flood Susceptibility added (FSI=Severe)
2026-08-13 17:07:50,177 - CitySense.planning.knowledge_base - DEBUG - Single-condition match: 'Flood Susceptibility'
2026-08-13 17:07:50,177 - CitySense.planning.decision_engine - DEBUG - FSI injection: r29_c20 → Flood Susceptibility added (FSI=Severe)
2026-08-13 17:07:50,177 - CitySense.planning.knowledge_base - DEBUG - Multi-condition override matched (2 conditions): Cool Roof Program
2026-08-13 17:07:50,177 - CitySense.planning.decision_engine - DEBUG - FSI injection: r29_c21 → Flood Susceptibility added (FSI=Severe)
2026-08-13 17:07:50,177 - CitySense.planning.knowledge_base - DEBUG - Single-condition match: 'Flood Susceptibility'
2026-08-13 17:07:50,177 - CitySense.planning.decision_engine - DEBUG - FSI injection: r30_c0 → Flood Susceptibility added (FSI=Severe)
2026-08-13 17:07:50,177 - CitySense.planning.knowledge_base - DEBUG - Single-condition match: 'Flood Susceptibility'
2026-08-13 17:07:50,177 - CitySense.planning.decision_engine - DEBUG - FSI injection: r30_c1 → Flood Susceptibility added (FSI=Severe)
2026-08-13 17:07:50,177 - CitySense.planning.knowledge_base - DEBUG - Multi-condition override matched (2 conditions): Integrated Drainage and Green Infrastructure
2026-08-13 17:07:50,177 - CitySense.planning.decision_engine - DEBUG - FSI injection: r30_c2 → Flood Susceptibility added (FSI=Severe)
2026-08-13 17:07:50,177 - CitySense.planning.knowledge_base - DEBUG - Multi-condition override matched (2 conditions): Integrated Drainage and Green Infrastructure
2026-08-13 17:07:50,178 - CitySense.planning.decision_engine - DEBUG - FSI injection: r30_c3 → Flood Susceptibility added (FSI=Severe)
2026-08-13 17:07:50,178 - CitySense.planning.knowledge_base - DEBUG - Single-condition match: 'Flood Susceptibility'
2026-08-13 17:07:50,178 - CitySense.planning.decision_engine - DEBUG - FSI injection: r30_c4 → Flood Susceptibility added (FSI=Severe)
2026-08-13 17:07:50,178 - CitySense.planning.knowledge_base - DEBUG - Multi-condition override matched (2 conditions): Cool Roof Program
2026-08-13 17:07:50,178 - CitySense.planning.decision_engine - DEBUG - FSI injection: r30_c5 → Flood Susceptibility added (FSI=Severe)
2026-08-13 17:07:50,178 - CitySense.planning.knowledge_base - DEBUG - Multi-condition override matched (2 conditions): Cool Roof Program
2026-08-13 17:07:50,178 - CitySense.planning.decision_engine - DEBUG - FSI injection: r30_c6 → Flood Susceptibility added (FSI=Severe)
2026-08-13 17:07:50,178 - CitySense.planning.knowledge_base - DEBUG - Single-condition match: 'Flood Susceptibility'
2026-08-13 17:07:50,178 - CitySense.planning.decision_engine - DEBUG - FSI injection: r30_c7 → Flood Susceptibility added (FSI=Severe)
2026-08-13 17:07:50,178 - CitySense.planning.knowledge_base - DEBUG - Single-condition match: 'Flood Susceptibility'
2026-08-13 17:07:50,178 - CitySense.planning.decision_engine - DEBUG - FSI injection: r30_c8 → Flood Susceptibility added (FSI=Severe)
2026-08-13 17:07:50,178 - CitySense.planning.knowledge_base - DEBUG - Single-condition match: 'Flood Susceptibility'
2026-08-13 17:07:50,178 - CitySense.planning.knowledge_base - DEBUG - Multi-condition override matched (2 conditions): Cool Roof Program
2026-08-13 17:07:50,179 - CitySense.planning.knowledge_base - DEBUG - Multi-condition override matched (2 conditions): Cool Roof Program
2026-08-13 17:07:50,179 - CitySense.planning.knowledge_base - DEBUG - Multi-condition override matched (2 conditions): Integrated Drainage and Green Infrastructure
2026-08-13 17:07:50,179 - CitySense.planning.knowledge_base - DEBUG - Single-condition match: 'Low Vegetation'
2026-08-13 17:07:50,179 - CitySense.planning.knowledge_base - DEBUG - Multi-condition override matched (2 conditions): Integrated Drainage and Green Infrastructure
2026-08-13 17:07:50,180 - CitySense.planning.knowledge_base - DEBUG - Single-condition match: 'Flood Susceptibility'
2026-08-13 17:07:50,180 - CitySense.planning.knowledge_base - DEBUG - Single-condition match: 'Low Vegetation'
2026-08-13 17:07:50,180 - CitySense.planning.knowledge_base - DEBUG - Single-condition match: 'Low Vegetation'
2026-08-13 17:07:50,180 - CitySense.planning.knowledge_base - DEBUG - Multi-condition override matched (2 conditions): Cool Roof Program
2026-08-13 17:07:50,181 - CitySense.planning.knowledge_base - DEBUG - Multi-condition override matched (2 conditions): Cool Roof Program
2026-08-13 17:07:50,181 - CitySense.planning.decision_engine - DEBUG - FSI injection: r30_c19 → Flood Susceptibility added (FSI=Severe)
2026-08-13 17:07:50,181 - CitySense.planning.knowledge_base - DEBUG - Single-condition match: 'Flood Susceptibility'
2026-08-13 17:07:50,181 - CitySense.planning.decision_engine - DEBUG - FSI injection: r30_c20 → Flood Susceptibility added (FSI=Severe)
2026-08-13 17:07:50,181 - CitySense.planning.knowledge_base - DEBUG - Multi-condition override matched (2 conditions): Cool Roof Program
2026-08-13 17:07:50,181 - CitySense.planning.decision_engine - DEBUG - FSI injection: r30_c21 → Flood Susceptibility added (FSI=Severe)
2026-08-13 17:07:50,181 - CitySense.planning.knowledge_base - DEBUG - Single-condition match: 'Flood Susceptibility'
2026-08-13 17:07:50,182 - CitySense.planning.decision_engine - DEBUG - FSI injection: r31_c0 → Flood Susceptibility added (FSI=Severe)
2026-08-13 17:07:50,182 - CitySense.planning.knowledge_base - DEBUG - Single-condition match: 'Flood Susceptibility'
2026-08-13 17:07:50,182 - CitySense.planning.decision_engine - DEBUG - FSI injection: r31_c1 → Flood Susceptibility added (FSI=Severe)
2026-08-13 17:07:50,182 - CitySense.planning.knowledge_base - DEBUG - Single-condition match: 'Flood Susceptibility'
2026-08-13 17:07:50,182 - CitySense.planning.decision_engine - DEBUG - FSI injection: r31_c2 → Flood Susceptibility added (FSI=Severe)
2026-08-13 17:07:50,182 - CitySense.planning.knowledge_base - DEBUG - Single-condition match: 'Flood Susceptibility'
2026-08-13 17:07:50,182 - CitySense.planning.decision_engine - DEBUG - FSI injection: r31_c3 → Flood Susceptibility added (FSI=Severe)
2026-08-13 17:07:50,182 - CitySense.planning.knowledge_base - DEBUG - Single-condition match: 'Flood Susceptibility'
2026-08-13 17:07:50,183 - CitySense.planning.decision_engine - DEBUG - FSI injection: r31_c4 → Flood Susceptibility added (FSI=Severe)
2026-08-13 17:07:50,183 - CitySense.planning.knowledge_base - DEBUG - Single-condition match: 'Flood Susceptibility'
2026-08-13 17:07:50,183 - CitySense.planning.decision_engine - DEBUG - FSI injection: r31_c5 → Flood Susceptibility added (FSI=Severe)
2026-08-13 17:07:50,183 - CitySense.planning.knowledge_base - DEBUG - Multi-condition override matched (2 conditions): Cool Roof Program
2026-08-13 17:07:50,183 - CitySense.planning.decision_engine - DEBUG - FSI injection: r31_c6 → Flood Susceptibility added (FSI=Severe)
2026-08-13 17:07:50,183 - CitySense.planning.knowledge_base - DEBUG - Multi-condition override matched (2 conditions): Cool Roof Program
2026-08-13 17:07:50,183 - CitySense.planning.decision_engine - DEBUG - FSI injection: r31_c7 → Flood Susceptibility added (FSI=Severe)
2026-08-13 17:07:50,183 - CitySense.planning.knowledge_base - DEBUG - Single-condition match: 'Flood Susceptibility'
2026-08-13 17:07:50,184 - CitySense.planning.decision_engine - DEBUG - FSI injection: r31_c8 → Flood Susceptibility added (FSI=Severe)
2026-08-13 17:07:50,184 - CitySense.planning.knowledge_base - DEBUG - Multi-condition override matched (2 conditions): Cool Roof Program
2026-08-13 17:07:50,184 - CitySense.planning.decision_engine - DEBUG - FSI injection: r31_c9 → Flood Susceptibility added (FSI=Severe)
2026-08-13 17:07:50,184 - CitySense.planning.knowledge_base - DEBUG - Single-condition match: 'Flood Susceptibility'
2026-08-13 17:07:50,184 - CitySense.planning.knowledge_base - DEBUG - Multi-condition override matched (2 conditions): Cool Roof Program
2026-08-13 17:07:50,184 - CitySense.planning.knowledge_base - DEBUG - Multi-condition override matched (3 conditions): Urban Forest
2026-08-13 17:07:50,185 - CitySense.planning.knowledge_base - DEBUG - Single-condition match: 'Low Vegetation'
2026-08-13 17:07:50,185 - CitySense.planning.knowledge_base - DEBUG - Multi-condition override matched (2 conditions): Integrated Drainage and Green Infrastructure
2026-08-13 17:07:50,185 - CitySense.planning.knowledge_base - DEBUG - Single-condition match: 'Low Vegetation'
2026-08-13 17:07:50,185 - CitySense.planning.knowledge_base - DEBUG - Single-condition match: 'Low Vegetation'
2026-08-13 17:07:50,186 - CitySense.planning.knowledge_base - DEBUG - Single-condition match: 'Low Vegetation'
2026-08-13 17:07:50,186 - CitySense.planning.knowledge_base - DEBUG - Multi-condition override matched (3 conditions): Urban Forest
2026-08-13 17:07:50,186 - CitySense.planning.knowledge_base - DEBUG - Multi-condition override matched (2 conditions): Cool Roof Program
2026-08-13 17:07:50,186 - CitySense.planning.decision_engine - DEBUG - FSI injection: r31_c19 → Flood Susceptibility added (FSI=Severe)
2026-08-13 17:07:50,187 - CitySense.planning.knowledge_base - DEBUG - Single-condition match: 'Flood Susceptibility'
2026-08-13 17:07:50,187 - CitySense.planning.decision_engine - DEBUG - FSI injection: r31_c20 → Flood Susceptibility added (FSI=Severe)
2026-08-13 17:07:50,187 - CitySense.planning.knowledge_base - DEBUG - Multi-condition override matched (2 conditions): Cool Roof Program
2026-08-13 17:07:50,187 - CitySense.planning.decision_engine - DEBUG - FSI injection: r31_c21 → Flood Susceptibility added (FSI=Severe)
2026-08-13 17:07:50,187 - CitySense.planning.knowledge_base - DEBUG - Multi-condition override matched (2 conditions): Cool Roof Program
2026-08-13 17:07:50,188 - CitySense.planning.decision_engine - DEBUG - FSI injection: r32_c0 → Flood Susceptibility added (FSI=Severe)
2026-08-13 17:07:50,188 - CitySense.planning.knowledge_base - DEBUG - Single-condition match: 'Flood Susceptibility'
2026-08-13 17:07:50,188 - CitySense.planning.decision_engine - DEBUG - FSI injection: r32_c1 → Flood Susceptibility added (FSI=Severe)
2026-08-13 17:07:50,188 - CitySense.planning.knowledge_base - DEBUG - Multi-condition override matched (2 conditions): Integrated Drainage and Green Infrastructure
2026-08-13 17:07:50,188 - CitySense.planning.decision_engine - DEBUG - FSI injection: r32_c2 → Flood Susceptibility added (FSI=Severe)
2026-08-13 17:07:50,188 - CitySense.planning.knowledge_base - DEBUG - Multi-condition override matched (2 conditions): Integrated Drainage and Green Infrastructure
2026-08-13 17:07:50,188 - CitySense.planning.decision_engine - DEBUG - FSI injection: r32_c3 → Flood Susceptibility added (FSI=Severe)
2026-08-13 17:07:50,189 - CitySense.planning.knowledge_base - DEBUG - Single-condition match: 'Flood Susceptibility'
2026-08-13 17:07:50,189 - CitySense.planning.decision_engine - DEBUG - FSI injection: r32_c4 → Flood Susceptibility added (FSI=Severe)
2026-08-13 17:07:50,189 - CitySense.planning.knowledge_base - DEBUG - Single-condition match: 'Flood Susceptibility'
2026-08-13 17:07:50,189 - CitySense.planning.decision_engine - DEBUG - FSI injection: r32_c5 → Flood Susceptibility added (FSI=Severe)
2026-08-13 17:07:50,189 - CitySense.planning.knowledge_base - DEBUG - Multi-condition override matched (2 conditions): Integrated Drainage and Green Infrastructure
2026-08-13 17:07:50,189 - CitySense.planning.decision_engine - DEBUG - FSI injection: r32_c6 → Flood Susceptibility added (FSI=Severe)
2026-08-13 17:07:50,189 - CitySense.planning.knowledge_base - DEBUG - Multi-condition override matched (2 conditions): Cool Roof Program
2026-08-13 17:07:50,189 - CitySense.planning.decision_engine - DEBUG - FSI injection: r32_c7 → Flood Susceptibility added (FSI=Severe)
2026-08-13 17:07:50,189 - CitySense.planning.knowledge_base - DEBUG - Single-condition match: 'Flood Susceptibility'
2026-08-13 17:07:50,190 - CitySense.planning.decision_engine - DEBUG - FSI injection: r32_c8 → Flood Susceptibility added (FSI=Severe)
2026-08-13 17:07:50,190 - CitySense.planning.knowledge_base - DEBUG - Multi-condition override matched (2 conditions): Cool Roof Program
2026-08-13 17:07:50,190 - CitySense.planning.decision_engine - DEBUG - FSI injection: r32_c9 → Flood Susceptibility added (FSI=Severe)
2026-08-13 17:07:50,190 - CitySense.planning.knowledge_base - DEBUG - Multi-condition override matched (2 conditions): Cool Roof Program
2026-08-13 17:07:50,190 - CitySense.planning.knowledge_base - DEBUG - Multi-condition override matched (2 conditions): Cool Roof Program
2026-08-13 17:07:50,190 - CitySense.planning.knowledge_base - DEBUG - Multi-condition override matched (2 conditions): Integrated Drainage and Green Infrastructure
2026-08-13 17:07:50,190 - CitySense.planning.knowledge_base - DEBUG - Single-condition match: 'Low Vegetation'
2026-08-13 17:07:50,190 - CitySense.planning.knowledge_base - DEBUG - Single-condition match: 'Low Vegetation'
2026-08-13 17:07:50,190 - CitySense.planning.knowledge_base - DEBUG - Single-condition match: 'Low Vegetation'
2026-08-13 17:07:50,191 - CitySense.planning.knowledge_base - DEBUG - Single-condition match: 'Low Vegetation'
2026-08-13 17:07:50,191 - CitySense.planning.knowledge_base - DEBUG - Multi-condition override matched (2 conditions): Integrated Drainage and Green Infrastructure
2026-08-13 17:07:50,191 - CitySense.planning.knowledge_base - DEBUG - Multi-condition override matched (2 conditions): Urban Forest
2026-08-13 17:07:50,191 - CitySense.planning.knowledge_base - DEBUG - Multi-condition override matched (2 conditions): Cool Roof Program
2026-08-13 17:07:50,191 - CitySense.planning.knowledge_base - DEBUG - Single-condition match: 'Urban Heat Island'
2026-08-13 17:07:50,191 - CitySense.planning.decision_engine - DEBUG - FSI injection: r32_c20 → Flood Susceptibility added (FSI=Severe)
2026-08-13 17:07:50,191 - CitySense.planning.knowledge_base - DEBUG - Multi-condition override matched (2 conditions): Cool Roof Program
2026-08-13 17:07:50,191 - CitySense.planning.decision_engine - DEBUG - FSI injection: r32_c21 → Flood Susceptibility added (FSI=Severe)
2026-08-13 17:07:50,192 - CitySense.planning.knowledge_base - DEBUG - Single-condition match: 'Flood Susceptibility'
2026-08-13 17:07:50,192 - CitySense.planning.decision_engine - DEBUG - FSI injection: r33_c0 → Flood Susceptibility added (FSI=Severe)
2026-08-13 17:07:50,192 - CitySense.planning.knowledge_base - DEBUG - Single-condition match: 'Flood Susceptibility'
2026-08-13 17:07:50,192 - CitySense.planning.decision_engine - DEBUG - FSI injection: r33_c1 → Flood Susceptibility added (FSI=Severe)
2026-08-13 17:07:50,192 - CitySense.planning.knowledge_base - DEBUG - Single-condition match: 'Flood Susceptibility'
2026-08-13 17:07:50,192 - CitySense.planning.decision_engine - DEBUG - FSI injection: r33_c2 → Flood Susceptibility added (FSI=High)
2026-08-13 17:07:50,192 - CitySense.planning.knowledge_base - DEBUG - Single-condition match: 'Flood Susceptibility'
2026-08-13 17:07:50,192 - CitySense.planning.decision_engine - DEBUG - FSI injection: r33_c3 → Flood Susceptibility added (FSI=Severe)
2026-08-13 17:07:50,192 - CitySense.planning.knowledge_base - DEBUG - Single-condition match: 'Flood Susceptibility'
2026-08-13 17:07:50,192 - CitySense.planning.decision_engine - DEBUG - FSI injection: r33_c4 → Flood Susceptibility added (FSI=Severe)
2026-08-13 17:07:50,192 - CitySense.planning.knowledge_base - DEBUG - Single-condition match: 'Flood Susceptibility'
2026-08-13 17:07:50,192 - CitySense.planning.decision_engine - DEBUG - FSI injection: r33_c5 → Flood Susceptibility added (FSI=Severe)
2026-08-13 17:07:50,193 - CitySense.planning.knowledge_base - DEBUG - Single-condition match: 'Flood Susceptibility'
2026-08-13 17:07:50,193 - CitySense.planning.decision_engine - DEBUG - FSI injection: r33_c6 → Flood Susceptibility added (FSI=Severe)
2026-08-13 17:07:50,193 - CitySense.planning.knowledge_base - DEBUG - Multi-condition override matched (2 conditions): Integrated Drainage and Green Infrastructure
2026-08-13 17:07:50,194 - CitySense.planning.decision_engine - DEBUG - FSI injection: r33_c7 → Flood Susceptibility added (FSI=Severe)
2026-08-13 17:07:50,194 - CitySense.planning.knowledge_base - DEBUG - Single-condition match: 'Flood Susceptibility'
2026-08-13 17:07:50,194 - CitySense.planning.decision_engine - DEBUG - FSI injection: r33_c8 → Flood Susceptibility added (FSI=Severe)
2026-08-13 17:07:50,195 - CitySense.planning.knowledge_base - DEBUG - Single-condition match: 'Flood Susceptibility'
2026-08-13 17:07:50,195 - CitySense.planning.knowledge_base - DEBUG - Single-condition match: 'Urban Heat Island'
2026-08-13 17:07:50,195 - CitySense.planning.knowledge_base - DEBUG - Multi-condition override matched (3 conditions): Urban Forest
2026-08-13 17:07:50,195 - CitySense.planning.knowledge_base - DEBUG - Multi-condition override matched (2 conditions): Integrated Drainage and Green Infrastructure
2026-08-13 17:07:50,196 - CitySense.planning.knowledge_base - DEBUG - Single-condition match: 'Low Vegetation'
2026-08-13 17:07:50,196 - CitySense.planning.knowledge_base - DEBUG - Multi-condition override matched (2 conditions): Integrated Drainage and Green Infrastructure
2026-08-13 17:07:50,196 - CitySense.planning.knowledge_base - DEBUG - Single-condition match: 'Low Vegetation'
2026-08-13 17:07:50,196 - CitySense.planning.knowledge_base - DEBUG - Multi-condition override matched (2 conditions): Integrated Drainage and Green Infrastructure
2026-08-13 17:07:50,196 - CitySense.planning.knowledge_base - DEBUG - Multi-condition override matched (2 conditions): Integrated Drainage and Green Infrastructure
2026-08-13 17:07:50,197 - CitySense.planning.knowledge_base - DEBUG - Multi-condition override matched (2 conditions): Integrated Drainage and Green Infrastructure
2026-08-13 17:07:50,197 - CitySense.planning.knowledge_base - DEBUG - Single-condition match: 'Low Vegetation'
2026-08-13 17:07:50,197 - CitySense.planning.knowledge_base - DEBUG - Multi-condition override matched (2 conditions): Cool Roof Program
2026-08-13 17:07:50,197 - CitySense.planning.knowledge_base - DEBUG - Single-condition match: 'Urban Heat Island'
2026-08-13 17:07:50,197 - CitySense.planning.decision_engine - DEBUG - FSI injection: r33_c21 → Flood Susceptibility added (FSI=Severe)
2026-08-13 17:07:50,197 - CitySense.planning.knowledge_base - DEBUG - Multi-condition override matched (2 conditions): Cool Roof Program
2026-08-13 17:07:50,197 - CitySense.planning.decision_engine - DEBUG - FSI injection: r34_c0 → Flood Susceptibility added (FSI=Severe)
2026-08-13 17:07:50,197 - CitySense.planning.knowledge_base - DEBUG - Single-condition match: 'Flood Susceptibility'
2026-08-13 17:07:50,197 - CitySense.planning.decision_engine - DEBUG - FSI injection: r34_c1 → Flood Susceptibility added (FSI=Severe)
2026-08-13 17:07:50,197 - CitySense.planning.knowledge_base - DEBUG - Multi-condition override matched (2 conditions): Integrated Drainage and Green Infrastructure
2026-08-13 17:07:50,198 - CitySense.planning.decision_engine - DEBUG - FSI injection: r34_c2 → Flood Susceptibility added (FSI=Severe)
2026-08-13 17:07:50,198 - CitySense.planning.knowledge_base - DEBUG - Single-condition match: 'Flood Susceptibility'
2026-08-13 17:07:50,198 - CitySense.planning.decision_engine - DEBUG - FSI injection: r34_c3 → Flood Susceptibility added (FSI=Severe)
2026-08-13 17:07:50,198 - CitySense.planning.knowledge_base - DEBUG - Single-condition match: 'Flood Susceptibility'
2026-08-13 17:07:50,198 - CitySense.planning.decision_engine - DEBUG - FSI injection: r34_c4 → Flood Susceptibility added (FSI=Severe)
2026-08-13 17:07:50,198 - CitySense.planning.knowledge_base - DEBUG - Single-condition match: 'Flood Susceptibility'
2026-08-13 17:07:50,198 - CitySense.planning.decision_engine - DEBUG - FSI injection: r34_c5 → Flood Susceptibility added (FSI=Severe)
2026-08-13 17:07:50,198 - CitySense.planning.knowledge_base - DEBUG - Single-condition match: 'Flood Susceptibility'
2026-08-13 17:07:50,198 - CitySense.planning.decision_engine - DEBUG - FSI injection: r34_c6 → Flood Susceptibility added (FSI=Severe)
2026-08-13 17:07:50,198 - CitySense.planning.knowledge_base - DEBUG - Single-condition match: 'Flood Susceptibility'
2026-08-13 17:07:50,198 - CitySense.planning.decision_engine - DEBUG - FSI injection: r34_c7 → Flood Susceptibility added (FSI=Severe)
2026-08-13 17:07:50,199 - CitySense.planning.knowledge_base - DEBUG - Single-condition match: 'Flood Susceptibility'
2026-08-13 17:07:50,199 - CitySense.planning.decision_engine - DEBUG - FSI injection: r34_c8 → Flood Susceptibility added (FSI=Severe)
2026-08-13 17:07:50,199 - CitySense.planning.knowledge_base - DEBUG - Single-condition match: 'Flood Susceptibility'
2026-08-13 17:07:50,199 - CitySense.planning.knowledge_base - DEBUG - Single-condition match: 'Flood Susceptibility'
2026-08-13 17:07:50,199 - CitySense.planning.knowledge_base - DEBUG - Multi-condition override matched (2 conditions): Integrated Drainage and Green Infrastructure
2026-08-13 17:07:50,199 - CitySense.planning.knowledge_base - DEBUG - Single-condition match: 'Low Vegetation'
2026-08-13 17:07:50,199 - CitySense.planning.knowledge_base - DEBUG - Single-condition match: 'Low Vegetation'
2026-08-13 17:07:50,200 - CitySense.planning.knowledge_base - DEBUG - Single-condition match: 'Low Vegetation'
2026-08-13 17:07:50,200 - CitySense.planning.knowledge_base - DEBUG - Multi-condition override matched (2 conditions): Integrated Drainage and Green Infrastructure
2026-08-13 17:07:50,201 - CitySense.planning.knowledge_base - DEBUG - Multi-condition override matched (2 conditions): Integrated Drainage and Green Infrastructure
2026-08-13 17:07:50,201 - CitySense.planning.knowledge_base - DEBUG - Multi-condition override matched (2 conditions): Integrated Drainage and Green Infrastructure
2026-08-13 17:07:50,201 - CitySense.planning.knowledge_base - DEBUG - Multi-condition override matched (2 conditions): Urban Forest
2026-08-13 17:07:50,201 - CitySense.planning.knowledge_base - DEBUG - Multi-condition override matched (2 conditions): Integrated Drainage and Green Infrastructure
2026-08-13 17:07:50,201 - CitySense.planning.knowledge_base - DEBUG - Multi-condition override matched (2 conditions): Urban Forest
2026-08-13 17:07:50,201 - CitySense.planning.knowledge_base - DEBUG - Multi-condition override matched (2 conditions): Cool Roof Program
2026-08-13 17:07:50,202 - CitySense.planning.decision_engine - DEBUG - FSI injection: r34_c21 → Flood Susceptibility added (FSI=Severe)
2026-08-13 17:07:50,202 - CitySense.planning.knowledge_base - DEBUG - Multi-condition override matched (2 conditions): Cool Roof Program
2026-08-13 17:07:50,202 - CitySense.planning.decision_engine - DEBUG - FSI injection: r35_c0 → Flood Susceptibility added (FSI=Severe)
2026-08-13 17:07:50,202 - CitySense.planning.knowledge_base - DEBUG - Single-condition match: 'Flood Susceptibility'
2026-08-13 17:07:50,202 - CitySense.planning.decision_engine - DEBUG - FSI injection: r35_c1 → Flood Susceptibility added (FSI=Severe)
2026-08-13 17:07:50,202 - CitySense.planning.knowledge_base - DEBUG - Single-condition match: 'Flood Susceptibility'
2026-08-13 17:07:50,202 - CitySense.planning.decision_engine - DEBUG - FSI injection: r35_c2 → Flood Susceptibility added (FSI=Severe)
2026-08-13 17:07:50,202 - CitySense.planning.knowledge_base - DEBUG - Single-condition match: 'Flood Susceptibility'
2026-08-13 17:07:50,202 - CitySense.planning.decision_engine - DEBUG - FSI injection: r35_c3 → Flood Susceptibility added (FSI=Severe)
2026-08-13 17:07:50,202 - CitySense.planning.knowledge_base - DEBUG - Single-condition match: 'Flood Susceptibility'
2026-08-13 17:07:50,202 - CitySense.planning.decision_engine - DEBUG - FSI injection: r35_c4 → Flood Susceptibility added (FSI=High)
2026-08-13 17:07:50,203 - CitySense.planning.knowledge_base - DEBUG - Single-condition match: 'Flood Susceptibility'
2026-08-13 17:07:50,203 - CitySense.planning.decision_engine - DEBUG - FSI injection: r35_c5 → Flood Susceptibility added (FSI=High)
2026-08-13 17:07:50,203 - CitySense.planning.knowledge_base - DEBUG - Single-condition match: 'Flood Susceptibility'
2026-08-13 17:07:50,203 - CitySense.planning.decision_engine - DEBUG - FSI injection: r35_c6 → Flood Susceptibility added (FSI=Severe)
2026-08-13 17:07:50,203 - CitySense.planning.knowledge_base - DEBUG - Single-condition match: 'Flood Susceptibility'
2026-08-13 17:07:50,203 - CitySense.planning.decision_engine - DEBUG - FSI injection: r35_c7 → Flood Susceptibility added (FSI=Severe)
2026-08-13 17:07:50,203 - CitySense.planning.knowledge_base - DEBUG - Single-condition match: 'Flood Susceptibility'
2026-08-13 17:07:50,203 - CitySense.planning.decision_engine - DEBUG - FSI injection: r35_c8 → Flood Susceptibility added (FSI=Severe)
2026-08-13 17:07:50,203 - CitySense.planning.knowledge_base - DEBUG - Single-condition match: 'Flood Susceptibility'
2026-08-13 17:07:50,203 - CitySense.planning.decision_engine - DEBUG - FSI injection: r35_c9 → Flood Susceptibility added (FSI=Severe)
2026-08-13 17:07:50,203 - CitySense.planning.knowledge_base - DEBUG - Multi-condition override matched (2 conditions): Cool Roof Program
2026-08-13 17:07:50,203 - CitySense.planning.knowledge_base - DEBUG - Multi-condition override matched (2 conditions): Cool Roof Program
2026-08-13 17:07:50,204 - CitySense.planning.knowledge_base - DEBUG - Single-condition match: 'Low Vegetation'
2026-08-13 17:07:50,204 - CitySense.planning.knowledge_base - DEBUG - Single-condition match: 'Low Vegetation'
2026-08-13 17:07:50,204 - CitySense.planning.knowledge_base - DEBUG - Single-condition match: 'Low Vegetation'
2026-08-13 17:07:50,204 - CitySense.planning.knowledge_base - DEBUG - Single-condition match: 'Low Vegetation'
2026-08-13 17:07:50,204 - CitySense.planning.knowledge_base - DEBUG - Multi-condition override matched (2 conditions): Integrated Drainage and Green Infrastructure
2026-08-13 17:07:50,204 - CitySense.planning.knowledge_base - DEBUG - Single-condition match: 'Low Vegetation'
2026-08-13 17:07:50,204 - CitySense.planning.knowledge_base - DEBUG - Single-condition match: 'Low Vegetation'
2026-08-13 17:07:50,204 - CitySense.planning.knowledge_base - DEBUG - Multi-condition override matched (2 conditions): Integrated Drainage and Green Infrastructure
2026-08-13 17:07:50,205 - CitySense.planning.knowledge_base - DEBUG - Single-condition match: 'Low Vegetation'
2026-08-13 17:07:50,205 - CitySense.planning.knowledge_base - DEBUG - Multi-condition override matched (2 conditions): Urban Forest
2026-08-13 17:07:50,205 - CitySense.planning.decision_engine - DEBUG - FSI injection: r35_c21 → Flood Susceptibility added (FSI=Severe)
2026-08-13 17:07:50,205 - CitySense.planning.knowledge_base - DEBUG - Single-condition match: 'Flood Susceptibility'
2026-08-13 17:07:50,205 - CitySense.planning.decision_engine - DEBUG - FSI injection: r36_c0 → Flood Susceptibility added (FSI=Severe)
2026-08-13 17:07:50,205 - CitySense.planning.knowledge_base - DEBUG - Single-condition match: 'Flood Susceptibility'
2026-08-13 17:07:50,205 - CitySense.planning.decision_engine - DEBUG - FSI injection: r36_c1 → Flood Susceptibility added (FSI=Severe)
2026-08-13 17:07:50,205 - CitySense.planning.knowledge_base - DEBUG - Single-condition match: 'Flood Susceptibility'
2026-08-13 17:07:50,205 - CitySense.planning.knowledge_base - DEBUG - Single-condition match: 'Low Vegetation'
2026-08-13 17:07:50,205 - CitySense.planning.decision_engine - DEBUG - FSI injection: r36_c3 → Flood Susceptibility added (FSI=Severe)
2026-08-13 17:07:50,205 - CitySense.planning.knowledge_base - DEBUG - Single-condition match: 'Flood Susceptibility'
2026-08-13 17:07:50,206 - CitySense.planning.decision_engine - DEBUG - FSI injection: r36_c4 → Flood Susceptibility added (FSI=High)
2026-08-13 17:07:50,206 - CitySense.planning.knowledge_base - DEBUG - Single-condition match: 'Flood Susceptibility'
2026-08-13 17:07:50,206 - CitySense.planning.decision_engine - DEBUG - FSI injection: r36_c5 → Flood Susceptibility added (FSI=High)
2026-08-13 17:07:50,206 - CitySense.planning.knowledge_base - DEBUG - Single-condition match: 'Flood Susceptibility'
2026-08-13 17:07:50,206 - CitySense.planning.decision_engine - DEBUG - FSI injection: r36_c6 → Flood Susceptibility added (FSI=High)
2026-08-13 17:07:50,206 - CitySense.planning.knowledge_base - DEBUG - Single-condition match: 'Flood Susceptibility'
2026-08-13 17:07:50,206 - CitySense.planning.decision_engine - DEBUG - FSI injection: r36_c7 → Flood Susceptibility added (FSI=Severe)
2026-08-13 17:07:50,206 - CitySense.planning.knowledge_base - DEBUG - Single-condition match: 'Flood Susceptibility'
2026-08-13 17:07:50,206 - CitySense.planning.decision_engine - DEBUG - FSI injection: r36_c8 → Flood Susceptibility added (FSI=Severe)
2026-08-13 17:07:50,207 - CitySense.planning.knowledge_base - DEBUG - Single-condition match: 'Flood Susceptibility'
2026-08-13 17:07:50,207 - CitySense.planning.decision_engine - DEBUG - FSI injection: r36_c9 → Flood Susceptibility added (FSI=Severe)
2026-08-13 17:07:50,207 - CitySense.planning.knowledge_base - DEBUG - Single-condition match: 'Flood Susceptibility'
2026-08-13 17:07:50,207 - CitySense.planning.knowledge_base - DEBUG - Multi-condition override matched (2 conditions): Cool Roof Program
2026-08-13 17:07:50,207 - CitySense.planning.knowledge_base - DEBUG - Multi-condition override matched (2 conditions): Integrated Drainage and Green Infrastructure
2026-08-13 17:07:50,208 - CitySense.planning.knowledge_base - DEBUG - Single-condition match: 'Low Vegetation'
2026-08-13 17:07:50,208 - CitySense.planning.knowledge_base - DEBUG - Single-condition match: 'Low Vegetation'
2026-08-13 17:07:50,208 - CitySense.planning.knowledge_base - DEBUG - Single-condition match: 'Low Vegetation'
2026-08-13 17:07:50,208 - CitySense.planning.knowledge_base - DEBUG - Single-condition match: 'Low Vegetation'
2026-08-13 17:07:50,208 - CitySense.planning.knowledge_base - DEBUG - Single-condition match: 'Low Vegetation'
2026-08-13 17:07:50,208 - CitySense.planning.knowledge_base - DEBUG - Single-condition match: 'Low Vegetation'
2026-08-13 17:07:50,208 - CitySense.planning.knowledge_base - DEBUG - Multi-condition override matched (3 conditions): Urban Forest
2026-08-13 17:07:50,209 - CitySense.planning.knowledge_base - DEBUG - Multi-condition override matched (2 conditions): Urban Forest
2026-08-13 17:07:50,209 - CitySense.planning.decision_engine - DEBUG - FSI injection: r36_c20 → Flood Susceptibility added (FSI=Severe)
2026-08-13 17:07:50,209 - CitySense.planning.knowledge_base - DEBUG - Single-condition match: 'Flood Susceptibility'
2026-08-13 17:07:50,209 - CitySense.planning.decision_engine - DEBUG - FSI injection: r36_c21 → Flood Susceptibility added (FSI=Severe)
2026-08-13 17:07:50,209 - CitySense.planning.knowledge_base - DEBUG - Single-condition match: 'Flood Susceptibility'
2026-08-13 17:07:50,209 - CitySense.planning.decision_engine - DEBUG - FSI injection: r37_c0 → Flood Susceptibility added (FSI=Severe)
2026-08-13 17:07:50,209 - CitySense.planning.knowledge_base - DEBUG - Single-condition match: 'Flood Susceptibility'
2026-08-13 17:07:50,209 - CitySense.planning.decision_engine - DEBUG - FSI injection: r37_c1 → Flood Susceptibility added (FSI=Severe)
2026-08-13 17:07:50,209 - CitySense.planning.knowledge_base - DEBUG - Single-condition match: 'Flood Susceptibility'
2026-08-13 17:07:50,209 - CitySense.planning.knowledge_base - DEBUG - Single-condition match: 'Low Vegetation'
2026-08-13 17:07:50,209 - CitySense.planning.knowledge_base - DEBUG - Multi-condition override matched (2 conditions): Integrated Drainage and Green Infrastructure
2026-08-13 17:07:50,209 - CitySense.planning.decision_engine - DEBUG - FSI injection: r37_c4 → Flood Susceptibility added (FSI=High)
2026-08-13 17:07:50,210 - CitySense.planning.knowledge_base - DEBUG - Single-condition match: 'Flood Susceptibility'
2026-08-13 17:07:50,210 - CitySense.planning.decision_engine - DEBUG - FSI injection: r37_c5 → Flood Susceptibility added (FSI=High)
2026-08-13 17:07:50,210 - CitySense.planning.knowledge_base - DEBUG - Single-condition match: 'Flood Susceptibility'
2026-08-13 17:07:50,210 - CitySense.planning.decision_engine - DEBUG - FSI injection: r37_c6 → Flood Susceptibility added (FSI=High)
2026-08-13 17:07:50,210 - CitySense.planning.knowledge_base - DEBUG - Single-condition match: 'Flood Susceptibility'
2026-08-13 17:07:50,210 - CitySense.planning.decision_engine - DEBUG - FSI injection: r37_c7 → Flood Susceptibility added (FSI=High)
2026-08-13 17:07:50,210 - CitySense.planning.knowledge_base - DEBUG - Single-condition match: 'Flood Susceptibility'
2026-08-13 17:07:50,210 - CitySense.planning.decision_engine - DEBUG - FSI injection: r37_c8 → Flood Susceptibility added (FSI=Severe)
2026-08-13 17:07:50,210 - CitySense.planning.knowledge_base - DEBUG - Single-condition match: 'Flood Susceptibility'
2026-08-13 17:07:50,210 - CitySense.planning.decision_engine - DEBUG - FSI injection: r37_c9 → Flood Susceptibility added (FSI=Severe)
2026-08-13 17:07:50,210 - CitySense.planning.knowledge_base - DEBUG - Single-condition match: 'Flood Susceptibility'
2026-08-13 17:07:50,210 - CitySense.planning.decision_engine - DEBUG - FSI injection: r37_c10 → Flood Susceptibility added (FSI=Severe)
2026-08-13 17:07:50,210 - CitySense.planning.knowledge_base - DEBUG - Multi-condition override matched (2 conditions): Cool Roof Program
2026-08-13 17:07:50,211 - CitySense.planning.knowledge_base - DEBUG - Multi-condition override matched (3 conditions): Urban Forest
2026-08-13 17:07:50,211 - CitySense.planning.knowledge_base - DEBUG - Multi-condition override matched (2 conditions): Cool Roof Program
2026-08-13 17:07:50,211 - CitySense.planning.knowledge_base - DEBUG - Single-condition match: 'Low Vegetation'
2026-08-13 17:07:50,211 - CitySense.planning.knowledge_base - DEBUG - Single-condition match: 'Low Vegetation'
2026-08-13 17:07:50,211 - CitySense.planning.knowledge_base - DEBUG - Single-condition match: 'Low Vegetation'
2026-08-13 17:07:50,211 - CitySense.planning.knowledge_base - DEBUG - Single-condition match: 'Low Vegetation'
2026-08-13 17:07:50,211 - CitySense.planning.knowledge_base - DEBUG - Single-condition match: 'Low Vegetation'
2026-08-13 17:07:50,211 - CitySense.planning.knowledge_base - DEBUG - Multi-condition override matched (3 conditions): Urban Forest
2026-08-13 17:07:50,212 - CitySense.planning.decision_engine - DEBUG - FSI injection: r37_c19 → Flood Susceptibility added (FSI=Severe)
2026-08-13 17:07:50,212 - CitySense.planning.knowledge_base - DEBUG - Multi-condition override matched (2 conditions): Cool Roof Program
2026-08-13 17:07:50,212 - CitySense.planning.decision_engine - DEBUG - FSI injection: r37_c20 → Flood Susceptibility added (FSI=Severe)
2026-08-13 17:07:50,212 - CitySense.planning.knowledge_base - DEBUG - Single-condition match: 'Flood Susceptibility'
2026-08-13 17:07:50,212 - CitySense.planning.decision_engine - DEBUG - FSI injection: r37_c21 → Flood Susceptibility added (FSI=Severe)
2026-08-13 17:07:50,212 - CitySense.planning.knowledge_base - DEBUG - Multi-condition override matched (2 conditions): Urban Forest
2026-08-13 17:07:50,212 - CitySense.planning.decision_engine - INFO - Decision engine complete: 836 profiles generated.
2026-08-13 17:07:50,239 - CitySense.planning.generate_planning_profiles - INFO - Wrote planning profiles for 836 cells → D:\Clg\Major Project\CitySense\city_sense\data\planning_profiles.json (0.43s)
2026-08-13 17:07:50,239 - CitySense.planning.generate_planning_profiles - INFO - Planning Priority distribution:
2026-08-13 17:07:50,240 - CitySense.planning.generate_planning_profiles - INFO -   Critical   :    5 cells  (0.6%)
2026-08-13 17:07:50,240 - CitySense.planning.generate_planning_profiles - INFO -   High       :  264 cells  (31.6%)
2026-08-13 17:07:50,240 - CitySense.planning.generate_planning_profiles - INFO -   Medium     :  249 cells  (29.8%)
2026-08-13 17:07:50,240 - CitySense.planning.generate_planning_profiles - INFO -   Low        :  306 cells  (36.6%)
2026-08-13 17:07:50,240 - CitySense.planning.generate_planning_profiles - INFO -   Very Low   :   12 cells  (1.4%)
2026-08-13 17:07:50,240 - CitySense.planning.generate_planning_profiles - INFO - Top 5 recommended interventions:
2026-08-13 17:07:50,240 - CitySense.planning.generate_planning_profiles - INFO -   Drainage Infrastructure Upgrade               : 539 cells
2026-08-13 17:07:50,241 - CitySense.planning.generate_planning_profiles - INFO -   Cool Roof Program                             : 143 cells
2026-08-13 17:07:50,241 - CitySense.planning.generate_planning_profiles - INFO -   Afforestation Program                         : 70 cells
2026-08-13 17:07:50,241 - CitySense.planning.generate_planning_profiles - INFO -   Integrated Drainage and Green Infrastructure  : 57 cells
2026-08-13 17:07:50,241 - CitySense.planning.generate_planning_profiles - INFO -   Urban Forest                                  : 27 cells
2026-08-13 17:07:50,241 - CitySense.planning.generate_planning_profiles - INFO - === Planning Profiles generation complete! ===
2026-08-13 17:24:04,286 - CitySense - INFO - === City Sense Pipeline Started ===
2026-08-13 17:24:04,293 - CitySense - INFO - Validating configuration...
2026-08-13 17:24:04,301 - CitySense - INFO - Configuration is valid.
2026-08-13 17:24:15,646 - CitySense - INFO - Skipping stage 'Generate grid'; output already exists: D:\Clg\Major Project\CitySense\city_sense\data\grid.geojson
2026-08-13 17:24:15,646 - CitySense - INFO - Skipping stage 'Fetch NDVI'; output already exists: D:\Clg\Major Project\CitySense\city_sense\data\ndvi_grid.geojson
2026-08-13 17:24:15,646 - CitySense - INFO - Skipping stage 'Fetch land-surface temperature'; output already exists: D:\Clg\Major Project\CitySense\city_sense\data\lst_grid.geojson
2026-08-13 17:24:15,647 - CitySense - INFO - Skipping stage 'Fetch NDBI'; output already exists: D:\Clg\Major Project\CitySense\city_sense\data\ndbi_grid.geojson
2026-08-13 17:24:15,647 - CitySense - INFO - Skipping stage 'Fetch DEM'; output already exists: D:\Clg\Major Project\CitySense\city_sense\data\dem_grid.geojson
2026-08-13 17:24:15,647 - CitySense - INFO - Running stage: Merge indicators
2026-08-13 17:24:15,647 - CitySense.processing.merge_indicators - INFO - === City Sense -- Week 4: Merge Indicators ===
2026-08-13 17:24:15,653 - CitySense.processing.merge_indicators - INFO - Loading indicator layers...
2026-08-13 17:24:15,718 - CitySense.processing.merge_indicators - INFO - [NDVI] 836 cells, column: mean_ndvi
2026-08-13 17:24:15,749 - CitySense.processing.merge_indicators - INFO - [LST] 836 cells, column: mean_lst
2026-08-13 17:24:15,786 - CitySense.processing.merge_indicators - INFO - [NDBI] 836 cells, column: mean_ndbi
2026-08-13 17:24:15,821 - CitySense.processing.merge_indicators - INFO - [DEM] 836 cells, column: mean_dem
2026-08-13 17:24:15,826 - CitySense.processing.merge_indicators - INFO - Merged dataset: 836 rows x 6 columns
2026-08-13 17:24:15,826 - CitySense.processing.merge_indicators - INFO - Columns: ['cell_id', 'mean_ndvi', 'mean_lst', 'mean_ndbi', 'mean_dem', 'geometry']
2026-08-13 17:24:15,831 - CitySense.processing.merge_indicators - DEBUG - First 5 rows:
cell_id  mean_ndvi  mean_lst  mean_ndbi  mean_dem
  r0_c0  -0.143165 30.243749  -0.052936  0.000000
  r0_c1  -0.151584 30.268030  -0.054288  0.000000
  r0_c2  -0.161391 30.272786  -0.067398  0.000000
  r0_c3  -0.013260 33.068555  -0.049276  1.899245
  r0_c4  -0.006067 33.255702  -0.075647  3.256442
2026-08-13 17:24:15,842 - CitySense.processing.merge_indicators - DEBUG - Basic statistics:
        mean_ndvi    mean_lst   mean_ndbi    mean_dem
count  836.000000  836.000000  836.000000  836.000000
mean     0.095393   37.205626   -0.067646   22.427618
std      0.182677    5.150374    0.076193   49.434387
min     -0.202734   30.017884   -0.335785   -0.505823
25%     -0.118259   31.395320   -0.103111    0.000000
50%      0.152285   37.768269   -0.056164    3.802165
75%      0.224524   41.910599   -0.016208   15.012170
max      0.523807   48.929549    0.124413  363.190029
2026-08-13 17:24:15,844 - CitySense.processing.merge_indicators - INFO - No missing values in any column.
2026-08-13 17:24:15,895 - CitySense.processing.merge_indicators - INFO - Saved master dataset to: D:\Clg\Major Project\CitySense\city_sense\data/cells_master.geojson
2026-08-13 17:24:15,896 - CitySense.processing.merge_indicators - INFO - === Merge complete! ===
2026-08-13 17:24:15,896 - CitySense - INFO - Completed stage: Merge indicators (0.25s)
2026-08-13 17:24:15,896 - CitySense - INFO - Running stage: Compute UHI
2026-08-13 17:24:15,896 - CitySense.processing.compute_uhi - INFO - === City Sense -- Week 5: Compute UHI Intensity ===
2026-08-13 17:24:15,934 - CitySense.processing.compute_uhi - INFO - Loaded 836 cells from D:\Clg\Major Project\CitySense\city_sense\data/cells_master.geojson
2026-08-13 17:24:15,934 - CitySense.processing.compute_uhi - INFO - Baseline zone defined as: lon [72.87, 72.93], lat [19.18, 19.25]
2026-08-13 17:24:16,326 - CitySense.processing.compute_uhi - INFO - Selected 42 cells as the baseline reference.
2026-08-13 17:24:16,326 - CitySense.processing.compute_uhi - INFO - Rural/Green reference temperature (mean): 39.01 C
2026-08-13 17:24:16,327 - CitySense.processing.compute_uhi - INFO - UHI Intensity stats:
2026-08-13 17:24:16,328 - CitySense.processing.compute_uhi - INFO -   Min : -8.99 C
2026-08-13 17:24:16,328 - CitySense.processing.compute_uhi - INFO -   Max : 9.92 C
2026-08-13 17:24:16,328 - CitySense.processing.compute_uhi - INFO -   Mean: -1.80 C
2026-08-13 17:24:16,329 - CitySense.processing.compute_uhi - INFO - Number of cells with UHI > +5 C: 70
2026-08-13 17:24:16,329 - CitySense.processing.compute_uhi - INFO - Mean NDBI of these hot cells: 0.028 (expect positive/high)
2026-08-13 17:24:16,355 - CitySense.processing.compute_uhi - INFO - Updated master dataset with 'uhi_intensity' column.
2026-08-13 17:24:16,355 - CitySense.processing.compute_uhi - INFO - Generating UHI map...
2026-08-13 17:24:16,753 - CitySense.processing.compute_uhi - INFO - Saved UHI map to: D:\Clg\Major Project\CitySense\city_sense\data\uhi_map.png
2026-08-13 17:24:16,754 - CitySense.processing.compute_uhi - INFO - === UHI computation complete! ===
2026-08-13 17:24:16,754 - CitySense - INFO - Completed stage: Compute UHI (0.86s)
2026-08-13 17:24:16,754 - CitySense - INFO - Running stage: Analyze LST and NDVI
2026-08-13 17:24:16,754 - CitySense.processing.lst_ndvi_analysis - INFO - === City Sense -- Week 5: LST-NDVI Correlation Analysis ===
2026-08-13 17:24:16,786 - CitySense.processing.lst_ndvi_analysis - INFO - Loaded 836 cells from D:\Clg\Major Project\CitySense\city_sense\data/cells_master.geojson
2026-08-13 17:24:16,788 - CitySense.processing.lst_ndvi_analysis - INFO - Cells with both valid NDVI and LST: 836
2026-08-13 17:24:16,791 - CitySense.processing.lst_ndvi_analysis - INFO - --- Pearson Correlation ---
2026-08-13 17:24:16,792 - CitySense.processing.lst_ndvi_analysis - INFO - r       = 0.6386
2026-08-13 17:24:16,792 - CitySense.processing.lst_ndvi_analysis - INFO - p-value = 5.68e-97
2026-08-13 17:24:16,792 - CitySense.processing.lst_ndvi_analysis - INFO - Result: Statistically significant correlation.
2026-08-13 17:24:16,794 - CitySense.processing.lst_ndvi_analysis - INFO - --- Linear Regression (LST ~ NDVI) ---
2026-08-13 17:24:16,794 - CitySense.processing.lst_ndvi_analysis - INFO - Equation: LST = 18.00 * NDVI + 35.49
2026-08-13 17:24:16,794 - CitySense.processing.lst_ndvi_analysis - INFO - R-squared: 0.4078
2026-08-13 17:24:16,794 - CitySense.processing.lst_ndvi_analysis - INFO - --- Interpretation ---
2026-08-13 17:24:16,794 - CitySense.processing.lst_ndvi_analysis - WARNING - Unexpected positive slope. Vegetation does not appear to have a cooling effect here.
2026-08-13 17:24:16,794 - CitySense.processing.lst_ndvi_analysis - INFO - Generating scatter plot...
2026-08-13 17:24:17,257 - CitySense.processing.lst_ndvi_analysis - INFO - Saved scatter plot to: D:\Clg\Major Project\CitySense\city_sense\data\lst_ndvi_scatter.png
2026-08-13 17:24:17,257 - CitySense.processing.lst_ndvi_analysis - INFO - === LST-NDVI analysis complete! ===
2026-08-13 17:24:17,257 - CitySense - INFO - Completed stage: Analyze LST and NDVI (0.50s)
2026-08-13 17:24:17,258 - CitySense - INFO - Running stage: Score cells with PCA
2026-08-13 17:24:17,258 - CitySense.processing.pca_scoring - INFO - === City Sense -- Week 6: PCA Scoring ===
2026-08-13 17:24:17,278 - CitySense.processing.pca_scoring - INFO - Loaded 836 cells from D:\Clg\Major Project\CitySense\city_sense\data/cells_master.geojson
2026-08-13 17:24:17,280 - CitySense.processing.pca_scoring - INFO - Normalising features to [0, 1] range...
2026-08-13 17:24:17,286 - CitySense.processing.pca_scoring - INFO - Saved MinMaxScaler to D:\Clg\Major Project\CitySense\city_sense\models\scaler.pkl
2026-08-13 17:24:17,287 - CitySense.processing.pca_scoring - INFO - Scaled data ranges:
2026-08-13 17:24:17,287 - CitySense.processing.pca_scoring - INFO -   mean_lst: min=0.00, max=1.00
2026-08-13 17:24:17,287 - CitySense.processing.pca_scoring - INFO -   mean_ndvi: min=0.00, max=1.00
2026-08-13 17:24:17,288 - CitySense.processing.pca_scoring - INFO -   mean_ndbi: min=0.00, max=1.00
2026-08-13 17:24:17,288 - CitySense.processing.pca_scoring - INFO -   mean_dem: min=0.00, max=1.00
2026-08-13 17:24:17,288 - CitySense.processing.pca_scoring - INFO - Aligning feature directions towards RISK...
2026-08-13 17:24:17,288 - CitySense.processing.pca_scoring - INFO -   - Inverting mean_ndvi (less greenery = higher risk)
2026-08-13 17:24:17,288 - CitySense.processing.pca_scoring - INFO -   - Inverting mean_dem (lower elevation = higher flood risk)
2026-08-13 17:24:17,290 - CitySense.processing.pca_scoring - INFO - Fitting PCA (n_components=1)...
2026-08-13 17:24:17,299 - CitySense.processing.pca_scoring - INFO - PCA Explained Variance Ratio: 0.6537 (65.4%)
2026-08-13 17:24:17,299 - CitySense.processing.pca_scoring - INFO - Feature Loadings for PC1:
2026-08-13 17:24:17,299 - CitySense.processing.pca_scoring - INFO -   mean_lst: 0.7418
2026-08-13 17:24:17,299 - CitySense.processing.pca_scoring - INFO -   mean_ndvi: -0.6151
2026-08-13 17:24:17,299 - CitySense.processing.pca_scoring - INFO -   mean_ndbi: 0.2146
2026-08-13 17:24:17,299 - CitySense.processing.pca_scoring - INFO -   mean_dem: -0.1593
2026-08-13 17:24:17,300 - CitySense.processing.pca_scoring - INFO - --- Risk Score Stats ---
2026-08-13 17:24:17,301 - CitySense.processing.pca_scoring - INFO -   Min: 0.00
2026-08-13 17:24:17,301 - CitySense.processing.pca_scoring - INFO -   Max: 100.00
2026-08-13 17:24:17,301 - CitySense.processing.pca_scoring - INFO -   Mean: 51.78
2026-08-13 17:24:17,301 - CitySense.processing.pca_scoring - INFO -   Median: 63.97
2026-08-13 17:24:17,301 - CitySense.processing.pca_scoring - INFO - --- Sustainability Score Stats ---
2026-08-13 17:24:17,302 - CitySense.processing.pca_scoring - INFO -   Min: 0.00
2026-08-13 17:24:17,302 - CitySense.processing.pca_scoring - INFO -   Max: 100.00
2026-08-13 17:24:17,302 - CitySense.processing.pca_scoring - INFO -   Mean: 48.22
2026-08-13 17:24:17,302 - CitySense.processing.pca_scoring - INFO -   Median: 36.03
2026-08-13 17:24:17,327 - CitySense.processing.pca_scoring - INFO - Updated master dataset with 'risk_score' and 'sustainability_score'.
2026-08-13 17:24:17,329 - CitySense.processing.pca_scoring - INFO - Saved PCA model to D:\Clg\Major Project\CitySense\city_sense\models\pca_model.pkl
2026-08-13 17:24:17,329 - CitySense.processing.pca_scoring - INFO - === PCA Scoring complete! ===
2026-08-13 17:24:17,329 - CitySense - INFO - Completed stage: Score cells with PCA (0.07s)
2026-08-13 17:24:17,329 - CitySense - INFO - Running stage: Cluster urban typologies
2026-08-13 17:24:17,330 - CitySense.processing.kmeans_clustering - INFO - === City Sense -- Week 6: K-Means Clustering ===
2026-08-13 17:24:17,370 - CitySense.processing.kmeans_clustering - INFO - Loaded 836 cells from D:\Clg\Major Project\CitySense\city_sense\data/cells_master.geojson
2026-08-13 17:24:17,372 - CitySense.processing.kmeans_clustering - INFO - Normalising features for clustering...
2026-08-13 17:24:17,373 - CitySense.processing.kmeans_clustering - INFO - Running silhouette analysis to evaluate k (2 to 6)...
2026-08-13 17:24:21,406 - CitySense.processing.kmeans_clustering - INFO -   k=2 | Silhouette Score = 0.5666
2026-08-13 17:24:21,454 - CitySense.processing.kmeans_clustering - INFO -   k=3 | Silhouette Score = 0.5607
2026-08-13 17:24:21,473 - CitySense.processing.kmeans_clustering - INFO -   k=4 | Silhouette Score = 0.5911
2026-08-13 17:24:21,493 - CitySense.processing.kmeans_clustering - INFO -   k=5 | Silhouette Score = 0.4924
2026-08-13 17:24:21,516 - CitySense.processing.kmeans_clustering - INFO -   k=6 | Silhouette Score = 0.4513
2026-08-13 17:24:21,516 - CitySense.processing.kmeans_clustering - INFO - Best k by silhouette score: 4
2026-08-13 17:24:21,622 - CitySense.processing.kmeans_clustering - INFO - Saved silhouette plot to D:\Clg\Major Project\CitySense\city_sense\data\kmeans_silhouette.png
2026-08-13 17:24:21,622 - CitySense.processing.kmeans_clustering - INFO - Fitting final K-Means model with k=4...
2026-08-13 17:24:21,628 - CitySense.processing.kmeans_clustering - INFO - Cluster Centroids (Scaled 0-1):
2026-08-13 17:24:21,633 - CitySense.processing.kmeans_clustering - INFO -    mean_lst  mean_ndvi  mean_ndbi  mean_dem
2026-08-13 17:24:21,633 - CitySense.processing.kmeans_clustering - INFO - 0  0.072943   0.107249   0.532396  0.004021
2026-08-13 17:24:21,633 - CitySense.processing.kmeans_clustering - INFO - 1  0.442968   0.740041   0.622675  0.456473
2026-08-13 17:24:21,633 - CitySense.processing.kmeans_clustering - INFO - 2  0.644395   0.516023   0.702010  0.050269
2026-08-13 17:24:21,634 - CitySense.processing.kmeans_clustering - INFO - 3  0.303690   0.664508   0.310278  0.017573
2026-08-13 17:24:21,634 - CitySense.processing.kmeans_clustering - INFO - Assigned typologies:
2026-08-13 17:24:21,634 - CitySense.processing.kmeans_clustering - INFO -   Cluster 0: Coastal/Lowland Urban
2026-08-13 17:24:21,634 - CitySense.processing.kmeans_clustering - INFO -   Cluster 1: Green/Forested
2026-08-13 17:24:21,634 - CitySense.processing.kmeans_clustering - INFO -   Cluster 2: Dense Urban Heat
2026-08-13 17:24:21,635 - CitySense.processing.kmeans_clustering - INFO -   Cluster 3: Green/Forested
2026-08-13 17:24:21,681 - CitySense.processing.kmeans_clustering - INFO - Updated master dataset with 'cluster' assignments.
2026-08-13 17:24:21,682 - CitySense.processing.kmeans_clustering - INFO - Cluster distribution:
2026-08-13 17:24:21,683 - CitySense.processing.kmeans_clustering - INFO -   Cluster 2: Dense Urban Heat: 359 cells
2026-08-13 17:24:21,683 - CitySense.processing.kmeans_clustering - INFO -   Cluster 0: Coastal/Lowland Urban: 295 cells
2026-08-13 17:24:21,683 - CitySense.processing.kmeans_clustering - INFO -   Cluster 3: Green/Forested: 113 cells
2026-08-13 17:24:21,684 - CitySense.processing.kmeans_clustering - INFO -   Cluster 1: Green/Forested: 69 cells
2026-08-13 17:24:21,684 - CitySense.processing.kmeans_clustering - INFO - === K-Means Clustering complete! ===
2026-08-13 17:24:21,684 - CitySense - INFO - Completed stage: Cluster urban typologies (4.35s)
2026-08-13 17:24:21,684 - CitySense - INFO - Running stage: Train explainability model
2026-08-13 17:24:21,684 - CitySense.processing.train_explainability - INFO - === City Sense – Indicator Attribution (Sensitivity Analysis) ===
2026-08-13 17:24:21,685 - CitySense.processing.train_explainability - INFO - NOTE: RF trained to reconstruct PCA risk index from same features.
2026-08-13 17:24:21,686 - CitySense.processing.train_explainability - INFO -       R²~1 is expected by construction. SHAP = index decomposition.
2026-08-13 17:24:21,693 - CitySense.processing.train_explainability - INFO - Loading master dataset …
2026-08-13 17:24:21,733 - CitySense.processing.train_explainability - INFO - Loaded 836 cells  |  columns: ['cell_id', 'mean_ndvi', 'mean_lst', 'mean_ndbi', 'mean_dem', 'uhi_intensity', 'risk_score', 'sustainability_score', 'cluster_id', 'cluster', 'geometry']
2026-08-13 17:24:21,735 - CitySense.processing.train_explainability - INFO - Features shape: (836, 4)  |  Target range: [0.00, 100.00]
2026-08-13 17:24:21,735 - CitySense.processing.train_explainability - INFO - Splitting data (test_size=0.2, random_seed=42) …
2026-08-13 17:24:21,736 - CitySense.processing.train_explainability - INFO - Train: 668  |  Test: 168
2026-08-13 17:24:21,736 - CitySense.processing.train_explainability - INFO - Fitting StandardScaler on training set …
2026-08-13 17:24:21,738 - CitySense.processing.train_explainability - INFO - [OK] Scaler saved → D:\Clg\Major Project\CitySense\city_sense\models/explain_scaler.pkl
2026-08-13 17:24:21,738 - CitySense.processing.train_explainability - INFO - Training RandomForestRegressor (n_estimators=200, max_depth=5) …
2026-08-13 17:24:21,954 - CitySense.processing.train_explainability - INFO - [OK] Model saved → D:\Clg\Major Project\CitySense\city_sense\models/risk_model.pkl
2026-08-13 17:24:21,994 - CitySense.processing.train_explainability - INFO - Surrogate fit (RF reconstructing PCA index — R²~1 expected by construction):
2026-08-13 17:24:21,994 - CitySense.processing.train_explainability - INFO -   R² Score             : 0.9934  (confirms RF≈PCA formula, not independent validation)
2026-08-13 17:24:21,994 - CitySense.processing.train_explainability - INFO -   Mean Absolute Error  : 1.8507  (index score points, 0-100 scale)
2026-08-13 17:24:21,994 - CitySense.processing.train_explainability - INFO -   Root Mean Sq Error   : 2.5785
2026-08-13 17:24:21,994 - CitySense.processing.train_explainability - INFO - Generating feature importance chart …
2026-08-13 17:24:22,102 - CitySense.processing.train_explainability - INFO - [OK] Saved → D:\Clg\Major Project\CitySense\city_sense\data/feature_importance.png
2026-08-13 17:24:22,102 - CitySense.processing.train_explainability - INFO - Computing SHAP attribution values (TreeExplainer, full dataset) …
2026-08-13 17:24:22,343 - CitySense.processing.train_explainability - INFO - SHAP values shape: (836, 4)
2026-08-13 17:24:22,343 - CitySense.processing.train_explainability - INFO - Generating SHAP attribution summary plot …
2026-08-13 17:24:22,516 - CitySense.processing.train_explainability - INFO - [OK] Saved → D:\Clg\Major Project\CitySense\city_sense\data/shap_summary.png
2026-08-13 17:24:22,517 - CitySense.processing.train_explainability - INFO - Extracting per-cell indicator attribution …
2026-08-13 17:24:22,565 - CitySense.processing.train_explainability - INFO - [OK] Master GeoJSON updated → D:\Clg\Major Project\CitySense\city_sense\data/cells_master.geojson
2026-08-13 17:24:22,566 - CitySense.processing.train_explainability - INFO - Attribution columns added: top_positive_driver, top_positive_shap, top_negative_driver, top_negative_shap, explanation_text
2026-08-13 17:24:22,566 - CitySense.processing.train_explainability - INFO - Sample indicator attribution outputs:
2026-08-13 17:24:22,567 - CitySense.processing.train_explainability - INFO -   r10_c19  risk= 13.3  cluster=Cluster 0: Coastal/Lowland Urban
2026-08-13 17:24:22,567 - CitySense.processing.train_explainability - INFO -            ➜ Low composite risk index — dominated by low LST (temperature) (-33.05)
2026-08-13 17:24:22,567 - CitySense.processing.train_explainability - INFO -   r35_c19  risk= 83.2  cluster=Cluster 1: Green/Forested
2026-08-13 17:24:22,567 - CitySense.processing.train_explainability - INFO -            ➜ High composite risk index — dominated by high LST (temperature) (+16.21) and attenuated by low NDBI (built-up) (-0.33)
2026-08-13 17:24:22,567 - CitySense.processing.train_explainability - INFO -   r2_c17  risk= 16.1  cluster=Cluster 0: Coastal/Lowland Urban
2026-08-13 17:24:22,568 - CitySense.processing.train_explainability - INFO -            ➜ Low composite risk index — dominated by low LST (temperature) (-30.88)
2026-08-13 17:24:22,568 - CitySense.processing.train_explainability - INFO -   r17_c1  risk=  8.4  cluster=Cluster 0: Coastal/Lowland Urban
2026-08-13 17:24:22,568 - CitySense.processing.train_explainability - INFO -            ➜ Low composite risk index — dominated by high NDBI (built-up) (+0.41) and attenuated by low LST (temperature) (-35.01)
2026-08-13 17:24:22,568 - CitySense.processing.train_explainability - INFO -   r37_c13  risk= 76.4  cluster=Cluster 1: Green/Forested
2026-08-13 17:24:22,568 - CitySense.processing.train_explainability - INFO -            ➜ High composite risk index — dominated by high LST (temperature) (+10.39)
2026-08-13 17:24:22,568 - CitySense.processing.train_explainability - INFO -   r8_c12  risk=  1.5  cluster=Cluster 0: Coastal/Lowland Urban
2026-08-13 17:24:22,569 - CitySense.processing.train_explainability - INFO -            ➜ Low composite risk index — dominated by low LST (temperature) (-36.05)
2026-08-13 17:24:22,569 - CitySense.processing.train_explainability - INFO - Internal consistency checks:
2026-08-13 17:24:22,569 - CitySense.processing.train_explainability - INFO - ✔ LST and NDVI are the top-2 index contributors — consistent with PCA loadings
2026-08-13 17:24:22,571 - CitySense.processing.train_explainability - INFO - ✔ 100% of the 20 hottest cells have positive LST attribution (consistent with PCA loading direction)
2026-08-13 17:24:22,572 - CitySense.processing.train_explainability - INFO - Generating top-driver map …
2026-08-13 17:24:22,785 - CitySense.processing.train_explainability - INFO - [OK] Saved → D:\Clg\Major Project\CitySense\city_sense\data/top_driver_map.png
2026-08-13 17:24:22,788 - CitySense.processing.train_explainability - INFO - === Indicator Attribution (Sensitivity Analysis) complete! ===
2026-08-13 17:24:22,788 - CitySense - INFO - Completed stage: Train explainability model (1.10s)
2026-08-13 17:24:22,788 - CitySense - INFO - Running stage: Create dashboard explanations
2026-08-13 17:24:22,788 - CitySense.processing.generate_explanations_json - INFO - === City Sense -- Generate Indicator Attribution JSON ===
2026-08-13 17:24:22,794 - CitySense.processing.generate_explanations_json - INFO - Loading master dataset from D:\Clg\Major Project\CitySense\city_sense\data/cells_master.geojson
2026-08-13 17:24:22,830 - CitySense.processing.generate_explanations_json - INFO - Extracting indicator attribution data …
2026-08-13 17:24:22,867 - CitySense.processing.generate_explanations_json - INFO - Saved attribution data for 836 cells → D:\Clg\Major Project\CitySense\city_sense\data/cell_explanations.json
2026-08-13 17:24:22,867 - CitySense.processing.generate_explanations_json - INFO - === Indicator attribution JSON complete! ===
2026-08-13 17:24:22,867 - CitySense - INFO - Completed stage: Create dashboard explanations (0.08s)
2026-08-13 17:24:22,868 - CitySense - INFO - Skipping stage 'Generate environmental intelligence'; output already exists: D:\Clg\Major Project\CitySense\city_sense\data\environmental_intelligence.json
2026-08-13 17:24:22,868 - CitySense - INFO - Running stage: Fetch monsoon precipitation (CHIRPS)
2026-08-13 17:24:22,868 - CitySense.ingestion.fetch_precipitation - INFO - === CitySense — Fetch Precipitation (CHIRPS monsoon 2023-06-01–2023-09-30) ===
2026-08-13 17:24:22,868 - CitySense.ingestion.fetch_precipitation - INFO - NOTE: monsoon window is independent of config.yaml time_window (dry-season). This is intentional — see module docstring.
2026-08-13 17:24:22,873 - CitySense.ingestion.fetch_precipitation - INFO - GEE project : citysense-501917
2026-08-13 17:24:22,874 - CitySense.ingestion.fetch_precipitation - INFO - Grid input  : D:\Clg\Major Project\CitySense\city_sense\data/grid.geojson
2026-08-13 17:24:22,874 - CitySense.ingestion.fetch_precipitation - INFO - Output      : D:\Clg\Major Project\CitySense\city_sense\data/precipitation_grid.geojson
2026-08-13 17:24:26,309 - CitySense.ingestion.fetch_precipitation - INFO - Earth Engine initialized (project=citysense-501917)
2026-08-13 17:24:26,309 - CitySense.ingestion.fetch_precipitation - INFO - Building CHIRPS precipitation composite …
2026-08-13 17:24:28,008 - CitySense.ingestion.fetch_precipitation - INFO - CHIRPS images found: 121 days in [2023-06-01, 2023-09-30]
2026-08-13 17:24:28,008 - CitySense.ingestion.fetch_precipitation - INFO - Monsoon window: 121 days of CHIRPS data.
2026-08-13 17:24:28,008 - CitySense.ingestion.fetch_precipitation - INFO - Loading grid and reducing to cell means …
2026-08-13 17:24:28,030 - CitySense.ingestion.fetch_precipitation - INFO - Loaded grid: 836 cells from D:\Clg\Major Project\CitySense\city_sense\data/grid.geojson
2026-08-13 17:24:28,124 - CitySense.ingestion.fetch_precipitation - INFO - Reducing (scale=5566m — CHIRPS native resolution) …
2026-08-13 17:24:28,125 - CitySense.ingestion.fetch_precipitation - INFO - Fetching precipitation results from Earth Engine …
2026-08-13 17:24:32,293 - CitySense.ingestion.fetch_precipitation - INFO - Received 836 features in 4.2s
2026-08-13 17:24:32,295 - CitySense.ingestion.fetch_precipitation - INFO - Cells with valid mean_precip:  708/836
2026-08-13 17:24:32,296 - CitySense.ingestion.fetch_precipitation - INFO - Cells with valid cumul_precip: 708/836
2026-08-13 17:24:32,296 - CitySense.ingestion.fetch_precipitation - INFO - mean_precip  range: 20.98 – 23.45 mm/day  (mean 22.20)
2026-08-13 17:24:32,296 - CitySense.ingestion.fetch_precipitation - INFO - cumul_precip range: 2539.0 – 2838.0 mm  (mean 2685.8)
2026-08-13 17:24:32,320 - CitySense.ingestion.fetch_precipitation - INFO - Saved precipitation grid → D:\Clg\Major Project\CitySense\city_sense\data/precipitation_grid.geojson
2026-08-13 17:24:32,320 - CitySense.ingestion.fetch_precipitation - INFO - === Precipitation fetch complete! ===
2026-08-13 17:24:32,321 - CitySense - INFO - Completed stage: Fetch monsoon precipitation (CHIRPS) (9.45s)
2026-08-13 17:24:32,322 - CitySense - INFO - Running stage: Compute drainage proxy (OSM)
2026-08-13 17:24:32,322 - CitySense.metadata.drainage_proxy - INFO - === CitySense — Drainage Proxy Computation ===
2026-08-13 17:24:32,327 - CitySense.metadata.drainage_proxy - INFO - Loading master dataset …
2026-08-13 17:24:32,374 - CitySense.metadata.drainage_proxy - INFO - Total cells: 836 | Already cached: 0 | To query: 836
2026-08-13 17:24:32,759 - CitySense.geo_utils - WARNING - Overpass API attempt 1/2 failed: 406 Client Error: Not Acceptable for url: http://overpass-api.de/api/interpreter?data=%5Bout%3Ajson%5D%5Btimeout%3A30%5D%3B%28node%5B%22waterway%22%3D%22drain%22%5D%28around%3A1500%2C18.895000019027716%2C72.77499999570412%29%3Bway%5B%22waterway%22%3D%22drain%22%5D%28around%3A1500%2C18.895000019027716%2C72.77499999570412%29%3Bnode%5B%22waterway%22%3D%22canal%22%5D%28around%3A1500%2C18.895000019027716%2C72.77499999570412%29%3Bway%5B%22waterway%22%3D%22canal%22%5D%28around%3A1500%2C18.895000019027716%2C72.77499999570412%29%3Bnode%5B%22waterway%22%3D%22stream%22%5D%28around%3A1500%2C18.895000019027716%2C72.77499999570412%29%3Bway%5B%22waterway%22%3D%22stream%22%5D%28around%3A1500%2C18.895000019027716%2C72.77499999570412%29%3Bnode%5B%22waterway%22%3D%22river%22%5D%28around%3A1500%2C18.895000019027716%2C72.77499999570412%29%3Bway%5B%22waterway%22%3D%22river%22%5D%28around%3A1500%2C18.895000019027716%2C72.77499999570412%29%3Bnode%5B%22natural%22%3D%22water%22%5D%28around%3A1500%2C18.895000019027716%2C72.77499999570412%29%3Bway%5B%22natural%22%3D%22water%22%5D%28around%3A1500%2C18.895000019027716%2C72.77499999570412%29%3B%29%3Bout+center%3B. Retrying in 2s...
2026-08-13 17:24:35,117 - CitySense.geo_utils - ERROR - Overpass API request failed after 2 attempts: 406 Client Error: Not Acceptable for url: http://overpass-api.de/api/interpreter?data=%5Bout%3Ajson%5D%5Btimeout%3A30%5D%3B%28node%5B%22waterway%22%3D%22drain%22%5D%28around%3A1500%2C18.895000019027716%2C72.77499999570412%29%3Bway%5B%22waterway%22%3D%22drain%22%5D%28around%3A1500%2C18.895000019027716%2C72.77499999570412%29%3Bnode%5B%22waterway%22%3D%22canal%22%5D%28around%3A1500%2C18.895000019027716%2C72.77499999570412%29%3Bway%5B%22waterway%22%3D%22canal%22%5D%28around%3A1500%2C18.895000019027716%2C72.77499999570412%29%3Bnode%5B%22waterway%22%3D%22stream%22%5D%28around%3A1500%2C18.895000019027716%2C72.77499999570412%29%3Bway%5B%22waterway%22%3D%22stream%22%5D%28around%3A1500%2C18.895000019027716%2C72.77499999570412%29%3Bnode%5B%22waterway%22%3D%22river%22%5D%28around%3A1500%2C18.895000019027716%2C72.77499999570412%29%3Bway%5B%22waterway%22%3D%22river%22%5D%28around%3A1500%2C18.895000019027716%2C72.77499999570412%29%3Bnode%5B%22natural%22%3D%22water%22%5D%28around%3A1500%2C18.895000019027716%2C72.77499999570412%29%3Bway%5B%22natural%22%3D%22water%22%5D%28around%3A1500%2C18.895000019027716%2C72.77499999570412%29%3B%29%3Bout+center%3B
2026-08-13 17:24:36,156 - CitySense.geo_utils - WARNING - Overpass API attempt 1/2 failed: 406 Client Error: Not Acceptable for url: http://overpass-api.de/api/interpreter?data=%5Bout%3Ajson%5D%5Btimeout%3A30%5D%3B%28node%5B%22waterway%22%3D%22drain%22%5D%28around%3A1500%2C18.89500001902842%2C72.78499999572344%29%3Bway%5B%22waterway%22%3D%22drain%22%5D%28around%3A1500%2C18.89500001902842%2C72.78499999572344%29%3Bnode%5B%22waterway%22%3D%22canal%22%5D%28around%3A1500%2C18.89500001902842%2C72.78499999572344%29%3Bway%5B%22waterway%22%3D%22canal%22%5D%28around%3A1500%2C18.89500001902842%2C72.78499999572344%29%3Bnode%5B%22waterway%22%3D%22stream%22%5D%28around%3A1500%2C18.89500001902842%2C72.78499999572344%29%3Bway%5B%22waterway%22%3D%22stream%22%5D%28around%3A1500%2C18.89500001902842%2C72.78499999572344%29%3Bnode%5B%22waterway%22%3D%22river%22%5D%28around%3A1500%2C18.89500001902842%2C72.78499999572344%29%3Bway%5B%22waterway%22%3D%22river%22%5D%28around%3A1500%2C18.89500001902842%2C72.78499999572344%29%3Bnode%5B%22natural%22%3D%22water%22%5D%28around%3A1500%2C18.89500001902842%2C72.78499999572344%29%3Bway%5B%22natural%22%3D%22water%22%5D%28around%3A1500%2C18.89500001902842%2C72.78499999572344%29%3B%29%3Bout+center%3B. Retrying in 2s...
2026-08-13 17:24:43,530 - CitySense.geo_utils - ERROR - Overpass API request failed after 2 attempts: 406 Client Error: Not Acceptable for url: http://overpass-api.de/api/interpreter?data=%5Bout%3Ajson%5D%5Btimeout%3A30%5D%3B%28node%5B%22waterway%22%3D%22drain%22%5D%28around%3A1500%2C18.89500001902842%2C72.78499999572344%29%3Bway%5B%22waterway%22%3D%22drain%22%5D%28around%3A1500%2C18.89500001902842%2C72.78499999572344%29%3Bnode%5B%22waterway%22%3D%22canal%22%5D%28around%3A1500%2C18.89500001902842%2C72.78499999572344%29%3Bway%5B%22waterway%22%3D%22canal%22%5D%28around%3A1500%2C18.89500001902842%2C72.78499999572344%29%3Bnode%5B%22waterway%22%3D%22stream%22%5D%28around%3A1500%2C18.89500001902842%2C72.78499999572344%29%3Bway%5B%22waterway%22%3D%22stream%22%5D%28around%3A1500%2C18.89500001902842%2C72.78499999572344%29%3Bnode%5B%22waterway%22%3D%22river%22%5D%28around%3A1500%2C18.89500001902842%2C72.78499999572344%29%3Bway%5B%22waterway%22%3D%22river%22%5D%28around%3A1500%2C18.89500001902842%2C72.78499999572344%29%3Bnode%5B%22natural%22%3D%22water%22%5D%28around%3A1500%2C18.89500001902842%2C72.78499999572344%29%3Bway%5B%22natural%22%3D%22water%22%5D%28around%3A1500%2C18.89500001902842%2C72.78499999572344%29%3B%29%3Bout+center%3B
2026-08-13 17:24:48,917 - CitySense.geo_utils - WARNING - Circuit breaker OPEN after 5 consecutive failures. Skipping remaining Overpass API calls.
2026-08-13 17:24:48,918 - CitySense.metadata.drainage_proxy - INFO -   Progress: 50/836 cells queried …
2026-08-13 17:24:48,920 - CitySense.metadata.drainage_proxy - INFO -   Progress: 100/836 cells queried …
2026-08-13 17:24:48,922 - CitySense.metadata.drainage_proxy - INFO -   Progress: 150/836 cells queried …
2026-08-13 17:24:48,923 - CitySense.metadata.drainage_proxy - INFO -   Progress: 200/836 cells queried …
2026-08-13 17:24:48,926 - CitySense.metadata.drainage_proxy - INFO -   Progress: 250/836 cells queried …
2026-08-13 17:24:48,928 - CitySense.metadata.drainage_proxy - INFO -   Progress: 300/836 cells queried …
2026-08-13 17:24:48,931 - CitySense.metadata.drainage_proxy - INFO -   Progress: 350/836 cells queried …
2026-08-13 17:24:48,934 - CitySense.metadata.drainage_proxy - INFO -   Progress: 400/836 cells queried …
2026-08-13 17:24:48,937 - CitySense.metadata.drainage_proxy - INFO -   Progress: 450/836 cells queried …
2026-08-13 17:24:48,940 - CitySense.metadata.drainage_proxy - INFO -   Progress: 500/836 cells queried …
2026-08-13 17:24:48,944 - CitySense.metadata.drainage_proxy - INFO -   Progress: 550/836 cells queried …
2026-08-13 17:24:48,948 - CitySense.metadata.drainage_proxy - INFO -   Progress: 600/836 cells queried …
2026-08-13 17:24:48,951 - CitySense.metadata.drainage_proxy - INFO -   Progress: 650/836 cells queried …
2026-08-13 17:24:48,956 - CitySense.metadata.drainage_proxy - INFO -   Progress: 700/836 cells queried …
2026-08-13 17:24:48,960 - CitySense.metadata.drainage_proxy - INFO -   Progress: 750/836 cells queried …
2026-08-13 17:24:48,965 - CitySense.metadata.drainage_proxy - INFO -   Progress: 800/836 cells queried …
2026-08-13 17:24:48,977 - CitySense.metadata.drainage_proxy - INFO - Drainage cache saved → D:\Clg\Major Project\CitySense\city_sense\data\geo\drainage_cache.json
2026-08-13 17:24:49,012 - CitySense.metadata.drainage_proxy - INFO - Wrote drainage proxy for 836 cells → D:\Clg\Major Project\CitySense\city_sense\data\drainage_proxy.json
2026-08-13 17:24:49,012 - CitySense.metadata.drainage_proxy - INFO - Drain distance: min=5.00 km  max=5.00 km  mean=5.00 km
2026-08-13 17:24:49,012 - CitySense.metadata.drainage_proxy - INFO - Cells with mapped drain within 1.5 km: 0 / 836 (0%)
2026-08-13 17:24:49,012 - CitySense.metadata.drainage_proxy - INFO - Avg drain feature count: 0.0
2026-08-13 17:24:49,013 - CitySense.metadata.drainage_proxy - INFO - === Drainage proxy complete! ===
2026-08-13 17:24:49,014 - CitySense - INFO - Completed stage: Compute drainage proxy (OSM) (16.69s)
2026-08-13 17:24:49,014 - CitySense - INFO - Skipping stage 'Generate flood susceptibility index'; output already exists: D:\Clg\Major Project\CitySense\city_sense\data\flood_susceptibility.json
2026-08-13 17:24:49,015 - CitySense - INFO - Running stage: Compute infrastructure access (OSM)
2026-08-13 17:24:49,015 - CitySense.metadata.infrastructure_access - INFO - === CitySense — Infrastructure Access Queries ===
2026-08-13 17:24:49,065 - CitySense.metadata.infrastructure_access - INFO - Total: 836 | Cached: 0 | To query: 836
2026-08-13 17:24:49,068 - CitySense.metadata.infrastructure_access - INFO -   Progress: 50/836 …
2026-08-13 17:24:49,072 - CitySense.metadata.infrastructure_access - INFO -   Progress: 100/836 …
2026-08-13 17:24:49,076 - CitySense.metadata.infrastructure_access - INFO -   Progress: 150/836 …
2026-08-13 17:24:49,080 - CitySense.metadata.infrastructure_access - INFO -   Progress: 200/836 …
2026-08-13 17:24:49,085 - CitySense.metadata.infrastructure_access - INFO -   Progress: 250/836 …
2026-08-13 17:24:49,089 - CitySense.metadata.infrastructure_access - INFO -   Progress: 300/836 …
2026-08-13 17:24:49,094 - CitySense.metadata.infrastructure_access - INFO -   Progress: 350/836 …
2026-08-13 17:24:49,099 - CitySense.metadata.infrastructure_access - INFO -   Progress: 400/836 …
2026-08-13 17:24:49,104 - CitySense.metadata.infrastructure_access - INFO -   Progress: 450/836 …
2026-08-13 17:24:49,110 - CitySense.metadata.infrastructure_access - INFO -   Progress: 500/836 …
2026-08-13 17:24:49,116 - CitySense.metadata.infrastructure_access - INFO -   Progress: 550/836 …
2026-08-13 17:24:49,123 - CitySense.metadata.infrastructure_access - INFO -   Progress: 600/836 …
2026-08-13 17:24:49,129 - CitySense.metadata.infrastructure_access - INFO -   Progress: 650/836 …
2026-08-13 17:24:49,136 - CitySense.metadata.infrastructure_access - INFO -   Progress: 700/836 …
2026-08-13 17:24:49,144 - CitySense.metadata.infrastructure_access - INFO -   Progress: 750/836 …
2026-08-13 17:24:49,152 - CitySense.metadata.infrastructure_access - INFO -   Progress: 800/836 …
2026-08-13 17:24:49,187 - CitySense.metadata.infrastructure_access - INFO -   hospital_dist_km        mean=6.00 km  within 2.0 km: 0/836
2026-08-13 17:24:49,188 - CitySense.metadata.infrastructure_access - INFO -   school_dist_km          mean=6.00 km  within 2.0 km: 0/836
2026-08-13 17:24:49,188 - CitySense.metadata.infrastructure_access - INFO -   park_dist_km            mean=6.00 km  within 2.0 km: 0/836
2026-08-13 17:24:49,188 - CitySense.metadata.infrastructure_access - INFO -   transit_dist_km         mean=6.00 km  within 2.0 km: 0/836
2026-08-13 17:24:49,188 - CitySense.metadata.infrastructure_access - INFO - Wrote → D:\Clg\Major Project\CitySense\city_sense\data\infrastructure_access.json
2026-08-13 17:24:49,188 - CitySense.metadata.infrastructure_access - INFO - === Infrastructure access complete! ===
2026-08-13 17:24:49,190 - CitySense - INFO - Completed stage: Compute infrastructure access (OSM) (0.17s)
2026-08-13 17:24:49,190 - CitySense - INFO - Skipping stage 'Generate infrastructure access index'; output already exists: D:\Clg\Major Project\CitySense\city_sense\data\infrastructure_access_index.json
2026-08-13 17:24:49,190 - CitySense - INFO - Skipping stage 'Generate composite burden score'; output already exists: D:\Clg\Major Project\CitySense\city_sense\data\composite_burden.json
2026-08-13 17:24:49,190 - CitySense - INFO - Skipping stage 'Generate planning profiles'; output already exists: D:\Clg\Major Project\CitySense\city_sense\data\planning_profiles.json
2026-08-13 17:24:49,191 - CitySense - INFO - Skipping stage 'Enrich geographic metadata'; output already exists: D:\Clg\Major Project\CitySense\city_sense\data\geo\geographic_metadata.json
2026-08-13 17:24:49,191 - CitySense - INFO - Running stage: Generate validation plots
2026-08-13 17:24:49,191 - CitySense.processing.validate_scores - INFO - === City Sense -- Score & Cluster Validation ===
2026-08-13 17:24:49,221 - CitySense.processing.validate_scores - INFO - Loaded 836 cells from D:\Clg\Major Project\CitySense\city_sense\data/cells_master.geojson
2026-08-13 17:24:49,222 - CitySense.processing.validate_scores - INFO - Generating Risk Score distribution plot...
2026-08-13 17:24:49,358 - CitySense.processing.validate_scores - INFO -   -> Saved D:\Clg\Major Project\CitySense\city_sense\data\val_risk_distribution.png
2026-08-13 17:24:49,359 - CitySense.processing.validate_scores - INFO - Generating Risk vs LST scatter plot...
2026-08-13 17:24:49,486 - CitySense.processing.validate_scores - INFO -   -> Saved D:\Clg\Major Project\CitySense\city_sense\data\val_risk_vs_lst.png
2026-08-13 17:24:49,487 - CitySense.processing.validate_scores - INFO - Generating Risk by Cluster boxplot...
2026-08-13 17:24:49,620 - CitySense.processing.validate_scores - INFO -   -> Saved D:\Clg\Major Project\CitySense\city_sense\data\val_risk_by_cluster.png
2026-08-13 17:24:49,621 - CitySense.processing.validate_scores - INFO - Generating Indicator Profiles by Cluster...
2026-08-13 17:24:49,779 - CitySense.processing.validate_scores - INFO -   -> Saved D:\Clg\Major Project\CitySense\city_sense\data\val_cluster_profiles.png
2026-08-13 17:24:49,780 - CitySense.processing.validate_scores - INFO - === Validation plots complete! ===
2026-08-13 17:24:49,780 - CitySense - INFO - Completed stage: Generate validation plots (0.59s)
2026-08-13 17:24:49,780 - CitySense - INFO - === City Sense Pipeline Finished ===
2026-08-14 01:34:46,664 - CitySense - INFO - === City Sense Pipeline Started ===
2026-08-14 01:34:46,672 - CitySense - INFO - Validating configuration...
2026-08-14 01:34:46,681 - CitySense - INFO - Configuration is valid.
2026-08-14 01:34:52,480 - CitySense - INFO - Skipping stage 'Generate grid'; output already exists: D:\Clg\Major Project\CitySense\city_sense\data\grid.geojson
2026-08-14 01:34:52,480 - CitySense - INFO - Skipping stage 'Fetch NDVI'; output already exists: D:\Clg\Major Project\CitySense\city_sense\data\ndvi_grid.geojson
2026-08-14 01:34:52,480 - CitySense - INFO - Skipping stage 'Fetch land-surface temperature'; output already exists: D:\Clg\Major Project\CitySense\city_sense\data\lst_grid.geojson
2026-08-14 01:34:52,481 - CitySense - INFO - Skipping stage 'Fetch NDBI'; output already exists: D:\Clg\Major Project\CitySense\city_sense\data\ndbi_grid.geojson
2026-08-14 01:34:52,481 - CitySense - INFO - Skipping stage 'Fetch DEM'; output already exists: D:\Clg\Major Project\CitySense\city_sense\data\dem_grid.geojson
2026-08-14 01:34:52,481 - CitySense - INFO - Running stage: Merge indicators
2026-08-14 01:34:52,481 - CitySense.processing.merge_indicators - INFO - === City Sense -- Week 4: Merge Indicators ===
2026-08-14 01:34:52,486 - CitySense.processing.merge_indicators - INFO - Loading indicator layers...
2026-08-14 01:34:52,653 - CitySense.processing.merge_indicators - INFO - [NDVI] 836 cells, column: mean_ndvi
2026-08-14 01:34:52,667 - CitySense.processing.merge_indicators - INFO - [LST] 836 cells, column: mean_lst
2026-08-14 01:34:52,690 - CitySense.processing.merge_indicators - INFO - [NDBI] 836 cells, column: mean_ndbi
2026-08-14 01:34:52,708 - CitySense.processing.merge_indicators - INFO - [DEM] 836 cells, column: mean_dem
2026-08-14 01:34:52,711 - CitySense.processing.merge_indicators - INFO - Merged dataset: 836 rows x 6 columns
2026-08-14 01:34:52,711 - CitySense.processing.merge_indicators - INFO - Columns: ['cell_id', 'mean_ndvi', 'mean_lst', 'mean_ndbi', 'mean_dem', 'geometry']
2026-08-14 01:34:52,715 - CitySense.processing.merge_indicators - DEBUG - First 5 rows:
cell_id  mean_ndvi  mean_lst  mean_ndbi  mean_dem
  r0_c0  -0.143165 30.243749  -0.052936  0.000000
  r0_c1  -0.151584 30.268030  -0.054288  0.000000
  r0_c2  -0.161391 30.272786  -0.067398  0.000000
  r0_c3  -0.013260 33.068555  -0.049276  1.899245
  r0_c4  -0.006067 33.255702  -0.075647  3.256442
2026-08-14 01:34:52,723 - CitySense.processing.merge_indicators - DEBUG - Basic statistics:
        mean_ndvi    mean_lst   mean_ndbi    mean_dem
count  836.000000  836.000000  836.000000  836.000000
mean     0.095393   37.205626   -0.067646   22.427618
std      0.182677    5.150374    0.076193   49.434387
min     -0.202734   30.017884   -0.335785   -0.505823
25%     -0.118259   31.395320   -0.103111    0.000000
50%      0.152285   37.768269   -0.056164    3.802165
75%      0.224524   41.910599   -0.016208   15.012170
max      0.523807   48.929549    0.124413  363.190029
2026-08-14 01:34:52,724 - CitySense.processing.merge_indicators - INFO - No missing values in any column.
2026-08-14 01:34:52,757 - CitySense.processing.merge_indicators - INFO - Saved master dataset to: D:\Clg\Major Project\CitySense\city_sense\data/cells_master.geojson
2026-08-14 01:34:52,757 - CitySense.processing.merge_indicators - INFO - === Merge complete! ===
2026-08-14 01:34:52,757 - CitySense - INFO - Completed stage: Merge indicators (0.28s)
2026-08-14 01:34:52,758 - CitySense - INFO - Running stage: Compute UHI
2026-08-14 01:34:52,758 - CitySense.processing.compute_uhi - INFO - === City Sense -- Week 5: Compute UHI Intensity ===
2026-08-14 01:34:52,795 - CitySense.processing.compute_uhi - INFO - Loaded 836 cells from D:\Clg\Major Project\CitySense\city_sense\data/cells_master.geojson
2026-08-14 01:34:52,796 - CitySense.processing.compute_uhi - INFO - Baseline zone defined as: lon [72.87, 72.93], lat [19.18, 19.25]
2026-08-14 01:34:53,174 - CitySense.processing.compute_uhi - INFO - Selected 42 cells as the baseline reference.
2026-08-14 01:34:53,174 - CitySense.processing.compute_uhi - INFO - Rural/Green reference temperature (mean): 39.01 C
2026-08-14 01:34:53,178 - CitySense.processing.compute_uhi - INFO - UHI Intensity stats:
2026-08-14 01:34:53,179 - CitySense.processing.compute_uhi - INFO -   Min : -8.99 C
2026-08-14 01:34:53,179 - CitySense.processing.compute_uhi - INFO -   Max : 9.92 C
2026-08-14 01:34:53,180 - CitySense.processing.compute_uhi - INFO -   Mean: -1.80 C
2026-08-14 01:34:53,181 - CitySense.processing.compute_uhi - INFO - Number of cells with UHI > +5 C: 70
2026-08-14 01:34:53,181 - CitySense.processing.compute_uhi - INFO - Mean NDBI of these hot cells: 0.028 (expect positive/high)
2026-08-14 01:34:53,210 - CitySense.processing.compute_uhi - INFO - Updated master dataset with 'uhi_intensity' column.
2026-08-14 01:34:53,210 - CitySense.processing.compute_uhi - INFO - Generating UHI map...
2026-08-14 01:34:53,552 - CitySense.processing.compute_uhi - INFO - Saved UHI map to: D:\Clg\Major Project\CitySense\city_sense\data\uhi_map.png
2026-08-14 01:34:53,552 - CitySense.processing.compute_uhi - INFO - === UHI computation complete! ===
2026-08-14 01:34:53,552 - CitySense - INFO - Completed stage: Compute UHI (0.79s)
2026-08-14 01:34:53,552 - CitySense - INFO - Running stage: Analyze LST and NDVI
2026-08-14 01:34:53,552 - CitySense.processing.lst_ndvi_analysis - INFO - === City Sense -- Week 5: LST-NDVI Correlation Analysis ===
2026-08-14 01:34:53,583 - CitySense.processing.lst_ndvi_analysis - INFO - Loaded 836 cells from D:\Clg\Major Project\CitySense\city_sense\data/cells_master.geojson
2026-08-14 01:34:53,585 - CitySense.processing.lst_ndvi_analysis - INFO - Cells with both valid NDVI and LST: 836
2026-08-14 01:34:53,587 - CitySense.processing.lst_ndvi_analysis - INFO - --- Pearson Correlation ---
2026-08-14 01:34:53,587 - CitySense.processing.lst_ndvi_analysis - INFO - r       = 0.6386
2026-08-14 01:34:53,587 - CitySense.processing.lst_ndvi_analysis - INFO - p-value = 5.68e-97
2026-08-14 01:34:53,587 - CitySense.processing.lst_ndvi_analysis - INFO - Result: Statistically significant correlation.
2026-08-14 01:34:53,589 - CitySense.processing.lst_ndvi_analysis - INFO - --- Linear Regression (LST ~ NDVI) ---
2026-08-14 01:34:53,589 - CitySense.processing.lst_ndvi_analysis - INFO - Equation: LST = 18.00 * NDVI + 35.49
2026-08-14 01:34:53,589 - CitySense.processing.lst_ndvi_analysis - INFO - R-squared: 0.4078
2026-08-14 01:34:53,589 - CitySense.processing.lst_ndvi_analysis - INFO - --- Interpretation ---
2026-08-14 01:34:53,590 - CitySense.processing.lst_ndvi_analysis - WARNING - Unexpected positive slope. Vegetation does not appear to have a cooling effect here.
2026-08-14 01:34:53,590 - CitySense.processing.lst_ndvi_analysis - INFO - Generating scatter plot...
2026-08-14 01:34:53,965 - CitySense.processing.lst_ndvi_analysis - INFO - Saved scatter plot to: D:\Clg\Major Project\CitySense\city_sense\data\lst_ndvi_scatter.png
2026-08-14 01:34:53,966 - CitySense.processing.lst_ndvi_analysis - INFO - === LST-NDVI analysis complete! ===
2026-08-14 01:34:53,966 - CitySense - INFO - Completed stage: Analyze LST and NDVI (0.41s)
2026-08-14 01:34:53,966 - CitySense - INFO - Running stage: Score cells with PCA
2026-08-14 01:34:53,966 - CitySense.processing.pca_scoring - INFO - === City Sense -- Week 6: PCA Scoring ===
2026-08-14 01:34:53,989 - CitySense.processing.pca_scoring - INFO - Loaded 836 cells from D:\Clg\Major Project\CitySense\city_sense\data/cells_master.geojson
2026-08-14 01:34:53,991 - CitySense.processing.pca_scoring - INFO - Normalising features to [0, 1] range...
2026-08-14 01:34:53,994 - CitySense.processing.pca_scoring - INFO - Saved MinMaxScaler to D:\Clg\Major Project\CitySense\city_sense\models\scaler.pkl
2026-08-14 01:34:53,994 - CitySense.processing.pca_scoring - INFO - Scaled data ranges:
2026-08-14 01:34:53,994 - CitySense.processing.pca_scoring - INFO -   mean_lst: min=0.00, max=1.00
2026-08-14 01:34:53,995 - CitySense.processing.pca_scoring - INFO -   mean_ndvi: min=0.00, max=1.00
2026-08-14 01:34:53,995 - CitySense.processing.pca_scoring - INFO -   mean_ndbi: min=0.00, max=1.00
2026-08-14 01:34:53,995 - CitySense.processing.pca_scoring - INFO -   mean_dem: min=0.00, max=1.00
2026-08-14 01:34:53,995 - CitySense.processing.pca_scoring - INFO - Aligning feature directions towards RISK...
2026-08-14 01:34:53,995 - CitySense.processing.pca_scoring - INFO -   - Inverting mean_ndvi (less greenery = higher risk)
2026-08-14 01:34:53,995 - CitySense.processing.pca_scoring - INFO -   - Inverting mean_dem (lower elevation = higher flood risk)
2026-08-14 01:34:53,996 - CitySense.processing.pca_scoring - INFO - Fitting PCA (n_components=1)...
2026-08-14 01:34:54,002 - CitySense.processing.pca_scoring - INFO - PCA Explained Variance Ratio: 0.6537 (65.4%)
2026-08-14 01:34:54,002 - CitySense.processing.pca_scoring - INFO - Feature Loadings for PC1:
2026-08-14 01:34:54,002 - CitySense.processing.pca_scoring - INFO -   mean_lst: 0.7418
2026-08-14 01:34:54,002 - CitySense.processing.pca_scoring - INFO -   mean_ndvi: -0.6151
2026-08-14 01:34:54,002 - CitySense.processing.pca_scoring - INFO -   mean_ndbi: 0.2146
2026-08-14 01:34:54,002 - CitySense.processing.pca_scoring - INFO -   mean_dem: -0.1593
2026-08-14 01:34:54,004 - CitySense.processing.pca_scoring - INFO - --- Risk Score Stats ---
2026-08-14 01:34:54,005 - CitySense.processing.pca_scoring - INFO -   Min: 0.00
2026-08-14 01:34:54,005 - CitySense.processing.pca_scoring - INFO -   Max: 100.00
2026-08-14 01:34:54,005 - CitySense.processing.pca_scoring - INFO -   Mean: 51.78
2026-08-14 01:34:54,005 - CitySense.processing.pca_scoring - INFO -   Median: 63.97
2026-08-14 01:34:54,006 - CitySense.processing.pca_scoring - INFO - --- Sustainability Score Stats ---
2026-08-14 01:34:54,006 - CitySense.processing.pca_scoring - INFO -   Min: 0.00
2026-08-14 01:34:54,006 - CitySense.processing.pca_scoring - INFO -   Max: 100.00
2026-08-14 01:34:54,006 - CitySense.processing.pca_scoring - INFO -   Mean: 48.22
2026-08-14 01:34:54,006 - CitySense.processing.pca_scoring - INFO -   Median: 36.03
2026-08-14 01:34:54,040 - CitySense.processing.pca_scoring - INFO - Updated master dataset with 'risk_score' and 'sustainability_score'.
2026-08-14 01:34:54,041 - CitySense.processing.pca_scoring - INFO - Saved PCA model to D:\Clg\Major Project\CitySense\city_sense\models\pca_model.pkl
2026-08-14 01:34:54,041 - CitySense.processing.pca_scoring - INFO - === PCA Scoring complete! ===
2026-08-14 01:34:54,041 - CitySense - INFO - Completed stage: Score cells with PCA (0.08s)
2026-08-14 01:34:54,041 - CitySense - INFO - Running stage: Cluster urban typologies
2026-08-14 01:34:54,041 - CitySense.processing.kmeans_clustering - INFO - === City Sense -- Week 6: K-Means Clustering ===
2026-08-14 01:34:54,076 - CitySense.processing.kmeans_clustering - INFO - Loaded 836 cells from D:\Clg\Major Project\CitySense\city_sense\data/cells_master.geojson
2026-08-14 01:34:54,078 - CitySense.processing.kmeans_clustering - INFO - Normalising features for clustering...
2026-08-14 01:34:54,079 - CitySense.processing.kmeans_clustering - INFO - Running silhouette analysis to evaluate k (2 to 6)...
2026-08-14 01:34:57,681 - CitySense.processing.kmeans_clustering - INFO -   k=2 | Silhouette Score = 0.5666
2026-08-14 01:34:57,697 - CitySense.processing.kmeans_clustering - INFO -   k=3 | Silhouette Score = 0.5607
2026-08-14 01:34:57,745 - CitySense.processing.kmeans_clustering - INFO -   k=4 | Silhouette Score = 0.5911
2026-08-14 01:34:57,778 - CitySense.processing.kmeans_clustering - INFO -   k=5 | Silhouette Score = 0.4924
2026-08-14 01:34:57,805 - CitySense.processing.kmeans_clustering - INFO -   k=6 | Silhouette Score = 0.4513
2026-08-14 01:34:57,805 - CitySense.processing.kmeans_clustering - INFO - Best k by silhouette score: 4
2026-08-14 01:34:57,901 - CitySense.processing.kmeans_clustering - INFO - Saved silhouette plot to D:\Clg\Major Project\CitySense\city_sense\data\kmeans_silhouette.png
2026-08-14 01:34:57,901 - CitySense.processing.kmeans_clustering - INFO - Fitting final K-Means model with k=4...
2026-08-14 01:34:57,908 - CitySense.processing.kmeans_clustering - INFO - Cluster Centroids (Scaled 0-1):
2026-08-14 01:34:57,913 - CitySense.processing.kmeans_clustering - INFO -    mean_lst  mean_ndvi  mean_ndbi  mean_dem
2026-08-14 01:34:57,913 - CitySense.processing.kmeans_clustering - INFO - 0  0.072943   0.107249   0.532396  0.004021
2026-08-14 01:34:57,913 - CitySense.processing.kmeans_clustering - INFO - 1  0.442968   0.740041   0.622675  0.456473
2026-08-14 01:34:57,913 - CitySense.processing.kmeans_clustering - INFO - 2  0.644395   0.516023   0.702010  0.050269
2026-08-14 01:34:57,914 - CitySense.processing.kmeans_clustering - INFO - 3  0.303690   0.664508   0.310278  0.017573
2026-08-14 01:34:57,914 - CitySense.processing.kmeans_clustering - INFO - Assigned typologies:
2026-08-14 01:34:57,914 - CitySense.processing.kmeans_clustering - INFO -   Cluster 0: Coastal/Lowland Urban
2026-08-14 01:34:57,915 - CitySense.processing.kmeans_clustering - INFO -   Cluster 1: Green/Forested
2026-08-14 01:34:57,915 - CitySense.processing.kmeans_clustering - INFO -   Cluster 2: Dense Urban Heat
2026-08-14 01:34:57,915 - CitySense.processing.kmeans_clustering - INFO -   Cluster 3: Green/Forested
2026-08-14 01:34:57,954 - CitySense.processing.kmeans_clustering - INFO - Updated master dataset with 'cluster' assignments.
2026-08-14 01:34:57,955 - CitySense.processing.kmeans_clustering - INFO - Cluster distribution:
2026-08-14 01:34:57,957 - CitySense.processing.kmeans_clustering - INFO -   Cluster 2: Dense Urban Heat: 359 cells
2026-08-14 01:34:57,957 - CitySense.processing.kmeans_clustering - INFO -   Cluster 0: Coastal/Lowland Urban: 295 cells
2026-08-14 01:34:57,957 - CitySense.processing.kmeans_clustering - INFO -   Cluster 3: Green/Forested: 113 cells
2026-08-14 01:34:57,958 - CitySense.processing.kmeans_clustering - INFO -   Cluster 1: Green/Forested: 69 cells
2026-08-14 01:34:57,958 - CitySense.processing.kmeans_clustering - INFO - === K-Means Clustering complete! ===
2026-08-14 01:34:57,958 - CitySense - INFO - Completed stage: Cluster urban typologies (3.92s)
2026-08-14 01:34:57,958 - CitySense - INFO - Running stage: Train explainability model
2026-08-14 01:34:57,959 - CitySense.processing.train_explainability - INFO - === City Sense – Indicator Attribution (Sensitivity Analysis) ===
2026-08-14 01:34:57,959 - CitySense.processing.train_explainability - INFO - NOTE: RF trained to reconstruct PCA risk index from same features.
2026-08-14 01:34:57,959 - CitySense.processing.train_explainability - INFO -       R²~1 is expected by construction. SHAP = index decomposition.
2026-08-14 01:34:57,965 - CitySense.processing.train_explainability - INFO - Loading master dataset …
2026-08-14 01:34:58,003 - CitySense.processing.train_explainability - INFO - Loaded 836 cells  |  columns: ['cell_id', 'mean_ndvi', 'mean_lst', 'mean_ndbi', 'mean_dem', 'uhi_intensity', 'risk_score', 'sustainability_score', 'cluster_id', 'cluster', 'geometry']
2026-08-14 01:34:58,004 - CitySense.processing.train_explainability - INFO - Features shape: (836, 4)  |  Target range: [0.00, 100.00]
2026-08-14 01:34:58,005 - CitySense.processing.train_explainability - INFO - Splitting data (test_size=0.2, random_seed=42) …
2026-08-14 01:34:58,006 - CitySense.processing.train_explainability - INFO - Train: 668  |  Test: 168
2026-08-14 01:34:58,006 - CitySense.processing.train_explainability - INFO - Fitting StandardScaler on training set …
2026-08-14 01:34:58,008 - CitySense.processing.train_explainability - INFO - [OK] Scaler saved → D:\Clg\Major Project\CitySense\city_sense\models/explain_scaler.pkl
2026-08-14 01:34:58,008 - CitySense.processing.train_explainability - INFO - Training RandomForestRegressor (n_estimators=200, max_depth=5) …
2026-08-14 01:34:58,202 - CitySense.processing.train_explainability - INFO - [OK] Model saved → D:\Clg\Major Project\CitySense\city_sense\models/risk_model.pkl
2026-08-14 01:34:58,250 - CitySense.processing.train_explainability - INFO - Surrogate fit (RF reconstructing PCA index — R²~1 expected by construction):
2026-08-14 01:34:58,251 - CitySense.processing.train_explainability - INFO -   R² Score             : 0.9934  (confirms RF≈PCA formula, not independent validation)
2026-08-14 01:34:58,251 - CitySense.processing.train_explainability - INFO -   Mean Absolute Error  : 1.8507  (index score points, 0-100 scale)
2026-08-14 01:34:58,251 - CitySense.processing.train_explainability - INFO -   Root Mean Sq Error   : 2.5785
2026-08-14 01:34:58,251 - CitySense.processing.train_explainability - INFO - Generating feature importance chart …
2026-08-14 01:34:58,372 - CitySense.processing.train_explainability - INFO - [OK] Saved → D:\Clg\Major Project\CitySense\city_sense\data/feature_importance.png
2026-08-14 01:34:58,373 - CitySense.processing.train_explainability - INFO - Computing SHAP attribution values (TreeExplainer, full dataset) …
2026-08-14 01:34:58,621 - CitySense.processing.train_explainability - INFO - SHAP values shape: (836, 4)
2026-08-14 01:34:58,622 - CitySense.processing.train_explainability - INFO - Generating SHAP attribution summary plot …
2026-08-14 01:34:58,809 - CitySense.processing.train_explainability - INFO - [OK] Saved → D:\Clg\Major Project\CitySense\city_sense\data/shap_summary.png
2026-08-14 01:34:58,809 - CitySense.processing.train_explainability - INFO - Extracting per-cell indicator attribution …
2026-08-14 01:34:58,859 - CitySense.processing.train_explainability - INFO - [OK] Master GeoJSON updated → D:\Clg\Major Project\CitySense\city_sense\data/cells_master.geojson
2026-08-14 01:34:58,859 - CitySense.processing.train_explainability - INFO - Attribution columns added: top_positive_driver, top_positive_shap, top_negative_driver, top_negative_shap, explanation_text
2026-08-14 01:34:58,859 - CitySense.processing.train_explainability - INFO - Sample indicator attribution outputs:
2026-08-14 01:34:58,861 - CitySense.processing.train_explainability - INFO -   r10_c19  risk= 13.3  cluster=Cluster 0: Coastal/Lowland Urban
2026-08-14 01:34:58,861 - CitySense.processing.train_explainability - INFO -            ➜ Low composite risk index — dominated by low LST (temperature) (-33.05)
2026-08-14 01:34:58,861 - CitySense.processing.train_explainability - INFO -   r35_c19  risk= 83.2  cluster=Cluster 1: Green/Forested
2026-08-14 01:34:58,861 - CitySense.processing.train_explainability - INFO -            ➜ High composite risk index — dominated by high LST (temperature) (+16.21) and attenuated by low NDBI (built-up) (-0.33)
2026-08-14 01:34:58,862 - CitySense.processing.train_explainability - INFO -   r2_c17  risk= 16.1  cluster=Cluster 0: Coastal/Lowland Urban
2026-08-14 01:34:58,862 - CitySense.processing.train_explainability - INFO -            ➜ Low composite risk index — dominated by low LST (temperature) (-30.88)
2026-08-14 01:34:58,862 - CitySense.processing.train_explainability - INFO -   r17_c1  risk=  8.4  cluster=Cluster 0: Coastal/Lowland Urban
2026-08-14 01:34:58,862 - CitySense.processing.train_explainability - INFO -            ➜ Low composite risk index — dominated by high NDBI (built-up) (+0.41) and attenuated by low LST (temperature) (-35.01)
2026-08-14 01:34:58,862 - CitySense.processing.train_explainability - INFO -   r37_c13  risk= 76.4  cluster=Cluster 1: Green/Forested
2026-08-14 01:34:58,862 - CitySense.processing.train_explainability - INFO -            ➜ High composite risk index — dominated by high LST (temperature) (+10.39)
2026-08-14 01:34:58,862 - CitySense.processing.train_explainability - INFO -   r8_c12  risk=  1.5  cluster=Cluster 0: Coastal/Lowland Urban
2026-08-14 01:34:58,863 - CitySense.processing.train_explainability - INFO -            ➜ Low composite risk index — dominated by low LST (temperature) (-36.05)
2026-08-14 01:34:58,863 - CitySense.processing.train_explainability - INFO - Internal consistency checks:
2026-08-14 01:34:58,863 - CitySense.processing.train_explainability - INFO - ✔ LST and NDVI are the top-2 index contributors — consistent with PCA loadings
2026-08-14 01:34:58,865 - CitySense.processing.train_explainability - INFO - ✔ 100% of the 20 hottest cells have positive LST attribution (consistent with PCA loading direction)
2026-08-14 01:34:58,865 - CitySense.processing.train_explainability - INFO - Generating top-driver map …
2026-08-14 01:34:59,074 - CitySense.processing.train_explainability - INFO - [OK] Saved → D:\Clg\Major Project\CitySense\city_sense\data/top_driver_map.png
2026-08-14 01:34:59,075 - CitySense.processing.train_explainability - INFO - === Indicator Attribution (Sensitivity Analysis) complete! ===
2026-08-14 01:34:59,075 - CitySense - INFO - Completed stage: Train explainability model (1.12s)
2026-08-14 01:34:59,076 - CitySense - INFO - Running stage: Create dashboard explanations
2026-08-14 01:34:59,076 - CitySense.processing.generate_explanations_json - INFO - === City Sense -- Generate Indicator Attribution JSON ===
2026-08-14 01:34:59,081 - CitySense.processing.generate_explanations_json - INFO - Loading master dataset from D:\Clg\Major Project\CitySense\city_sense\data/cells_master.geojson
2026-08-14 01:34:59,125 - CitySense.processing.generate_explanations_json - INFO - Extracting indicator attribution data …
2026-08-14 01:34:59,191 - CitySense.processing.generate_explanations_json - INFO - Saved attribution data for 836 cells → D:\Clg\Major Project\CitySense\city_sense\data/cell_explanations.json
2026-08-14 01:34:59,191 - CitySense.processing.generate_explanations_json - INFO - === Indicator attribution JSON complete! ===
2026-08-14 01:34:59,192 - CitySense - INFO - Completed stage: Create dashboard explanations (0.12s)
2026-08-14 01:34:59,192 - CitySense - INFO - Skipping stage 'Generate environmental intelligence'; output already exists: D:\Clg\Major Project\CitySense\city_sense\data\environmental_intelligence.json
2026-08-14 01:34:59,192 - CitySense - INFO - Skipping stage 'Fetch monsoon precipitation (CHIRPS)'; output already exists: D:\Clg\Major Project\CitySense\city_sense\data\precipitation_grid.geojson
2026-08-14 01:34:59,192 - CitySense - INFO - Skipping stage 'Compute drainage proxy (OSM)'; output already exists: D:\Clg\Major Project\CitySense\city_sense\data\drainage_proxy.json
2026-08-14 01:34:59,193 - CitySense - INFO - Skipping stage 'Generate flood susceptibility index'; output already exists: D:\Clg\Major Project\CitySense\city_sense\data\flood_susceptibility.json
2026-08-14 01:34:59,193 - CitySense - INFO - Skipping stage 'Compute infrastructure access (OSM)'; output already exists: D:\Clg\Major Project\CitySense\city_sense\data\infrastructure_access.json
2026-08-14 01:34:59,193 - CitySense - INFO - Skipping stage 'Generate infrastructure access index'; output already exists: D:\Clg\Major Project\CitySense\city_sense\data\infrastructure_access_index.json
2026-08-14 01:34:59,193 - CitySense - INFO - Skipping stage 'Generate composite burden score'; output already exists: D:\Clg\Major Project\CitySense\city_sense\data\composite_burden.json
2026-08-14 01:34:59,194 - CitySense - INFO - Skipping stage 'Generate planning profiles'; output already exists: D:\Clg\Major Project\CitySense\city_sense\data\planning_profiles.json
2026-08-14 01:34:59,194 - CitySense - INFO - Skipping stage 'Enrich geographic metadata'; output already exists: D:\Clg\Major Project\CitySense\city_sense\data\geo\geographic_metadata.json
2026-08-14 01:34:59,194 - CitySense - INFO - Running stage: Generate validation plots
2026-08-14 01:34:59,194 - CitySense.processing.validate_scores - INFO - === City Sense -- Score & Cluster Validation ===
2026-08-14 01:34:59,237 - CitySense.processing.validate_scores - INFO - Loaded 836 cells from D:\Clg\Major Project\CitySense\city_sense\data/cells_master.geojson
2026-08-14 01:34:59,238 - CitySense.processing.validate_scores - INFO - Generating Risk Score distribution plot...
2026-08-14 01:34:59,417 - CitySense.processing.validate_scores - INFO -   -> Saved D:\Clg\Major Project\CitySense\city_sense\data\val_risk_distribution.png
2026-08-14 01:34:59,417 - CitySense.processing.validate_scores - INFO - Generating Risk vs LST scatter plot...
2026-08-14 01:34:59,561 - CitySense.processing.validate_scores - INFO -   -> Saved D:\Clg\Major Project\CitySense\city_sense\data\val_risk_vs_lst.png
2026-08-14 01:34:59,561 - CitySense.processing.validate_scores - INFO - Generating Risk by Cluster boxplot...
2026-08-14 01:34:59,694 - CitySense.processing.validate_scores - INFO -   -> Saved D:\Clg\Major Project\CitySense\city_sense\data\val_risk_by_cluster.png
2026-08-14 01:34:59,695 - CitySense.processing.validate_scores - INFO - Generating Indicator Profiles by Cluster...
2026-08-14 01:34:59,856 - CitySense.processing.validate_scores - INFO -   -> Saved D:\Clg\Major Project\CitySense\city_sense\data\val_cluster_profiles.png
2026-08-14 01:34:59,856 - CitySense.processing.validate_scores - INFO - === Validation plots complete! ===
2026-08-14 01:34:59,856 - CitySense - INFO - Completed stage: Generate validation plots (0.66s)
2026-08-14 01:34:59,856 - CitySense - INFO - === City Sense Pipeline Finished ===
2026-08-19 10:36:24,227 - CitySense - INFO - === City Sense Pipeline Started ===
2026-08-19 10:36:24,234 - CitySense - INFO - Validating configuration...
2026-08-19 10:36:24,241 - CitySense - INFO - Configuration is valid.
2026-08-19 10:36:37,975 - CitySense - INFO - Skipping stage 'Generate grid'; output already exists: D:\Clg\Major Project\CitySense\city_sense\data\grid.geojson
2026-08-19 10:36:37,976 - CitySense - INFO - Skipping stage 'Fetch NDVI'; output already exists: D:\Clg\Major Project\CitySense\city_sense\data\ndvi_grid.geojson
2026-08-19 10:36:37,976 - CitySense - INFO - Skipping stage 'Fetch land-surface temperature'; output already exists: D:\Clg\Major Project\CitySense\city_sense\data\lst_grid.geojson
2026-08-19 10:36:37,976 - CitySense - INFO - Skipping stage 'Fetch NDBI'; output already exists: D:\Clg\Major Project\CitySense\city_sense\data\ndbi_grid.geojson
2026-08-19 10:36:37,976 - CitySense - INFO - Skipping stage 'Fetch DEM'; output already exists: D:\Clg\Major Project\CitySense\city_sense\data\dem_grid.geojson
2026-08-19 10:36:37,976 - CitySense - INFO - Running stage: Merge indicators
2026-08-19 10:36:37,976 - CitySense.processing.merge_indicators - INFO - === City Sense -- Week 4: Merge Indicators ===
2026-08-19 10:36:37,989 - CitySense.processing.merge_indicators - INFO - Loading indicator layers...
2026-08-19 10:36:38,233 - CitySense.processing.merge_indicators - INFO - [NDVI] 836 cells, column: mean_ndvi
2026-08-19 10:36:38,273 - CitySense.processing.merge_indicators - INFO - [LST] 836 cells, column: mean_lst
2026-08-19 10:36:38,324 - CitySense.processing.merge_indicators - INFO - [NDBI] 836 cells, column: mean_ndbi
2026-08-19 10:36:38,365 - CitySense.processing.merge_indicators - INFO - [DEM] 836 cells, column: mean_dem
2026-08-19 10:36:38,370 - CitySense.processing.merge_indicators - INFO - Merged dataset: 836 rows x 6 columns
2026-08-19 10:36:38,371 - CitySense.processing.merge_indicators - INFO - Columns: ['cell_id', 'mean_ndvi', 'mean_lst', 'mean_ndbi', 'mean_dem', 'geometry']
2026-08-19 10:36:38,377 - CitySense.processing.merge_indicators - DEBUG - First 5 rows:
cell_id  mean_ndvi  mean_lst  mean_ndbi  mean_dem
  r0_c0  -0.143165 30.243749  -0.052936  0.000000
  r0_c1  -0.151584 30.268030  -0.054288  0.000000
  r0_c2  -0.161391 30.272786  -0.067398  0.000000
  r0_c3  -0.013260 33.068555  -0.049276  1.899245
  r0_c4  -0.006067 33.255702  -0.075647  3.256442
2026-08-19 10:36:38,391 - CitySense.processing.merge_indicators - DEBUG - Basic statistics:
        mean_ndvi    mean_lst   mean_ndbi    mean_dem
count  836.000000  836.000000  836.000000  836.000000
mean     0.095393   37.205626   -0.067646   22.427618
std      0.182677    5.150374    0.076193   49.434387
min     -0.202734   30.017884   -0.335785   -0.505823
25%     -0.118259   31.395320   -0.103111    0.000000
50%      0.152285   37.768269   -0.056164    3.802165
75%      0.224524   41.910599   -0.016208   15.012170
max      0.523807   48.929549    0.124413  363.190029
2026-08-19 10:36:38,393 - CitySense.processing.merge_indicators - INFO - No missing values in any column.
2026-08-19 10:36:38,457 - CitySense.processing.merge_indicators - INFO - Saved master dataset to: D:\Clg\Major Project\CitySense\city_sense\data/cells_master.geojson
2026-08-19 10:36:38,457 - CitySense.processing.merge_indicators - INFO - === Merge complete! ===
2026-08-19 10:36:38,457 - CitySense - INFO - Completed stage: Merge indicators (0.48s)
2026-08-19 10:36:38,458 - CitySense - INFO - Running stage: Compute UHI
2026-08-19 10:36:38,458 - CitySense.processing.compute_uhi - INFO - === City Sense -- Week 5: Compute UHI Intensity ===
2026-08-19 10:36:38,508 - CitySense.processing.compute_uhi - INFO - Loaded 836 cells from D:\Clg\Major Project\CitySense\city_sense\data/cells_master.geojson
2026-08-19 10:36:38,508 - CitySense.processing.compute_uhi - INFO - Baseline zone defined as: lon [72.87, 72.93], lat [19.18, 19.25]
2026-08-19 10:36:39,278 - CitySense.processing.compute_uhi - INFO - Selected 42 cells as the baseline reference.
2026-08-19 10:36:39,279 - CitySense.processing.compute_uhi - INFO - Rural/Green reference temperature (mean): 39.01 C
2026-08-19 10:36:39,283 - CitySense.processing.compute_uhi - INFO - UHI Intensity stats:
2026-08-19 10:36:39,284 - CitySense.processing.compute_uhi - INFO -   Min : -8.99 C
2026-08-19 10:36:39,284 - CitySense.processing.compute_uhi - INFO -   Max : 9.92 C
2026-08-19 10:36:39,284 - CitySense.processing.compute_uhi - INFO -   Mean: -1.80 C
2026-08-19 10:36:39,286 - CitySense.processing.compute_uhi - INFO - Number of cells with UHI > +5 C: 70
2026-08-19 10:36:39,287 - CitySense.processing.compute_uhi - INFO - Mean NDBI of these hot cells: 0.028 (expect positive/high)
2026-08-19 10:36:39,335 - CitySense.processing.compute_uhi - INFO - Updated master dataset with 'uhi_intensity' column.
2026-08-19 10:36:39,335 - CitySense.processing.compute_uhi - INFO - Generating UHI map...
2026-08-19 10:36:40,062 - CitySense.processing.compute_uhi - INFO - Saved UHI map to: D:\Clg\Major Project\CitySense\city_sense\data\uhi_map.png
2026-08-19 10:36:40,062 - CitySense.processing.compute_uhi - INFO - === UHI computation complete! ===
2026-08-19 10:36:40,063 - CitySense - INFO - Completed stage: Compute UHI (1.60s)
2026-08-19 10:36:40,063 - CitySense - INFO - Running stage: Analyze LST and NDVI
2026-08-19 10:36:40,063 - CitySense.processing.lst_ndvi_analysis - INFO - === City Sense -- Week 5: LST-NDVI Correlation Analysis ===
2026-08-19 10:36:40,109 - CitySense.processing.lst_ndvi_analysis - INFO - Loaded 836 cells from D:\Clg\Major Project\CitySense\city_sense\data/cells_master.geojson
2026-08-19 10:36:40,111 - CitySense.processing.lst_ndvi_analysis - INFO - Cells with both valid NDVI and LST: 836
2026-08-19 10:36:40,113 - CitySense.processing.lst_ndvi_analysis - INFO - --- Pearson Correlation ---
2026-08-19 10:36:40,113 - CitySense.processing.lst_ndvi_analysis - INFO - r       = 0.6386
2026-08-19 10:36:40,113 - CitySense.processing.lst_ndvi_analysis - INFO - p-value = 5.68e-97
2026-08-19 10:36:40,113 - CitySense.processing.lst_ndvi_analysis - INFO - Result: Statistically significant correlation.
2026-08-19 10:36:40,117 - CitySense.processing.lst_ndvi_analysis - INFO - --- Linear Regression (LST ~ NDVI) ---
2026-08-19 10:36:40,117 - CitySense.processing.lst_ndvi_analysis - INFO - Equation: LST = 18.00 * NDVI + 35.49
2026-08-19 10:36:40,117 - CitySense.processing.lst_ndvi_analysis - INFO - R-squared: 0.4078
2026-08-19 10:36:40,117 - CitySense.processing.lst_ndvi_analysis - INFO - --- Interpretation ---
2026-08-19 10:36:40,117 - CitySense.processing.lst_ndvi_analysis - WARNING - Unexpected positive slope. Vegetation does not appear to have a cooling effect here.
2026-08-19 10:36:40,117 - CitySense.processing.lst_ndvi_analysis - INFO - Generating scatter plot...
2026-08-19 10:36:41,118 - CitySense.processing.lst_ndvi_analysis - INFO - Saved scatter plot to: D:\Clg\Major Project\CitySense\city_sense\data\lst_ndvi_scatter.png
2026-08-19 10:36:41,118 - CitySense.processing.lst_ndvi_analysis - INFO - === LST-NDVI analysis complete! ===
2026-08-19 10:36:41,118 - CitySense - INFO - Completed stage: Analyze LST and NDVI (1.06s)
2026-08-19 10:36:41,118 - CitySense - INFO - Running stage: Score cells with PCA
2026-08-19 10:36:41,118 - CitySense.processing.pca_scoring - INFO - === City Sense -- Week 6: PCA Scoring ===
2026-08-19 10:36:41,157 - CitySense.processing.pca_scoring - INFO - Loaded 836 cells from D:\Clg\Major Project\CitySense\city_sense\data/cells_master.geojson
2026-08-19 10:36:41,160 - CitySense.processing.pca_scoring - INFO - Normalising features to [0, 1] range...
2026-08-19 10:36:41,167 - CitySense.processing.pca_scoring - INFO - Saved MinMaxScaler to D:\Clg\Major Project\CitySense\city_sense\models\scaler.pkl
2026-08-19 10:36:41,168 - CitySense.processing.pca_scoring - INFO - Scaled data ranges:
2026-08-19 10:36:41,168 - CitySense.processing.pca_scoring - INFO -   mean_lst: min=0.00, max=1.00
2026-08-19 10:36:41,168 - CitySense.processing.pca_scoring - INFO -   mean_ndvi: min=0.00, max=1.00
2026-08-19 10:36:41,169 - CitySense.processing.pca_scoring - INFO -   mean_ndbi: min=0.00, max=1.00
2026-08-19 10:36:41,169 - CitySense.processing.pca_scoring - INFO -   mean_dem: min=0.00, max=1.00
2026-08-19 10:36:41,169 - CitySense.processing.pca_scoring - INFO - Aligning feature directions towards RISK...
2026-08-19 10:36:41,169 - CitySense.processing.pca_scoring - INFO -   - Inverting mean_ndvi (less greenery = higher risk)
2026-08-19 10:36:41,169 - CitySense.processing.pca_scoring - INFO -   - Inverting mean_dem (lower elevation = higher flood risk)
2026-08-19 10:36:41,170 - CitySense.processing.pca_scoring - INFO - Fitting PCA (n_components=1)...
2026-08-19 10:36:41,179 - CitySense.processing.pca_scoring - INFO - PCA Explained Variance Ratio: 0.6537 (65.4%)
2026-08-19 10:36:41,179 - CitySense.processing.pca_scoring - INFO - Feature Loadings for PC1:
2026-08-19 10:36:41,179 - CitySense.processing.pca_scoring - INFO -   mean_lst: 0.7418
2026-08-19 10:36:41,179 - CitySense.processing.pca_scoring - INFO -   mean_ndvi: -0.6151
2026-08-19 10:36:41,179 - CitySense.processing.pca_scoring - INFO -   mean_ndbi: 0.2146
2026-08-19 10:36:41,179 - CitySense.processing.pca_scoring - INFO -   mean_dem: -0.1593
2026-08-19 10:36:41,181 - CitySense.processing.pca_scoring - INFO - --- Risk Score Stats ---
2026-08-19 10:36:41,181 - CitySense.processing.pca_scoring - INFO -   Min: 0.00
2026-08-19 10:36:41,182 - CitySense.processing.pca_scoring - INFO -   Max: 100.00
2026-08-19 10:36:41,182 - CitySense.processing.pca_scoring - INFO -   Mean: 51.78
2026-08-19 10:36:41,182 - CitySense.processing.pca_scoring - INFO -   Median: 63.97
2026-08-19 10:36:41,182 - CitySense.processing.pca_scoring - INFO - --- Sustainability Score Stats ---
2026-08-19 10:36:41,183 - CitySense.processing.pca_scoring - INFO -   Min: 0.00
2026-08-19 10:36:41,183 - CitySense.processing.pca_scoring - INFO -   Max: 100.00
2026-08-19 10:36:41,183 - CitySense.processing.pca_scoring - INFO -   Mean: 48.22
2026-08-19 10:36:41,183 - CitySense.processing.pca_scoring - INFO -   Median: 36.03
2026-08-19 10:36:41,252 - CitySense.processing.pca_scoring - INFO - Updated master dataset with 'risk_score' and 'sustainability_score'.
2026-08-19 10:36:41,254 - CitySense.processing.pca_scoring - INFO - Saved PCA model to D:\Clg\Major Project\CitySense\city_sense\models\pca_model.pkl
2026-08-19 10:36:41,255 - CitySense.processing.pca_scoring - INFO - === PCA Scoring complete! ===
2026-08-19 10:36:41,255 - CitySense - INFO - Completed stage: Score cells with PCA (0.14s)
2026-08-19 10:36:41,255 - CitySense - INFO - Running stage: Cluster urban typologies
2026-08-19 10:36:41,255 - CitySense.processing.kmeans_clustering - INFO - === City Sense -- Week 6: K-Means Clustering ===
2026-08-19 10:36:41,306 - CitySense.processing.kmeans_clustering - INFO - Loaded 836 cells from D:\Clg\Major Project\CitySense\city_sense\data/cells_master.geojson
2026-08-19 10:36:41,310 - CitySense.processing.kmeans_clustering - INFO - Normalising features for clustering...
2026-08-19 10:36:41,313 - CitySense.processing.kmeans_clustering - INFO - Running silhouette analysis to evaluate k (2 to 6)...
2026-08-19 10:36:46,191 - CitySense.processing.kmeans_clustering - INFO -   k=2 | Silhouette Score = 0.5666
2026-08-19 10:36:46,219 - CitySense.processing.kmeans_clustering - INFO -   k=3 | Silhouette Score = 0.5607
2026-08-19 10:36:46,247 - CitySense.processing.kmeans_clustering - INFO -   k=4 | Silhouette Score = 0.5911
2026-08-19 10:36:46,275 - CitySense.processing.kmeans_clustering - INFO -   k=5 | Silhouette Score = 0.4924
2026-08-19 10:36:46,305 - CitySense.processing.kmeans_clustering - INFO -   k=6 | Silhouette Score = 0.4513
2026-08-19 10:36:46,305 - CitySense.processing.kmeans_clustering - INFO - Best k by silhouette score: 4
2026-08-19 10:36:46,465 - CitySense.processing.kmeans_clustering - INFO - Saved silhouette plot to D:\Clg\Major Project\CitySense\city_sense\data\kmeans_silhouette.png
2026-08-19 10:36:46,465 - CitySense.processing.kmeans_clustering - INFO - Fitting final K-Means model with k=4...
2026-08-19 10:36:46,473 - CitySense.processing.kmeans_clustering - INFO - Cluster Centroids (Scaled 0-1):
2026-08-19 10:36:46,480 - CitySense.processing.kmeans_clustering - INFO -    mean_lst  mean_ndvi  mean_ndbi  mean_dem
2026-08-19 10:36:46,480 - CitySense.processing.kmeans_clustering - INFO - 0  0.072943   0.107249   0.532396  0.004021
2026-08-19 10:36:46,480 - CitySense.processing.kmeans_clustering - INFO - 1  0.442968   0.740041   0.622675  0.456473
2026-08-19 10:36:46,480 - CitySense.processing.kmeans_clustering - INFO - 2  0.644395   0.516023   0.702010  0.050269
2026-08-19 10:36:46,480 - CitySense.processing.kmeans_clustering - INFO - 3  0.303690   0.664508   0.310278  0.017573
2026-08-19 10:36:46,481 - CitySense.processing.kmeans_clustering - INFO - Assigned typologies:
2026-08-19 10:36:46,481 - CitySense.processing.kmeans_clustering - INFO -   Cluster 0: Coastal/Lowland Urban
2026-08-19 10:36:46,481 - CitySense.processing.kmeans_clustering - INFO -   Cluster 1: Green/Forested
2026-08-19 10:36:46,481 - CitySense.processing.kmeans_clustering - INFO -   Cluster 2: Dense Urban Heat
2026-08-19 10:36:46,481 - CitySense.processing.kmeans_clustering - INFO -   Cluster 3: Green/Forested
2026-08-19 10:36:46,537 - CitySense.processing.kmeans_clustering - INFO - Updated master dataset with 'cluster' assignments.
2026-08-19 10:36:46,539 - CitySense.processing.kmeans_clustering - INFO - Cluster distribution:
2026-08-19 10:36:46,541 - CitySense.processing.kmeans_clustering - INFO -   Cluster 2: Dense Urban Heat: 359 cells
2026-08-19 10:36:46,541 - CitySense.processing.kmeans_clustering - INFO -   Cluster 0: Coastal/Lowland Urban: 295 cells
2026-08-19 10:36:46,541 - CitySense.processing.kmeans_clustering - INFO -   Cluster 3: Green/Forested: 113 cells
2026-08-19 10:36:46,541 - CitySense.processing.kmeans_clustering - INFO -   Cluster 1: Green/Forested: 69 cells
2026-08-19 10:36:46,541 - CitySense.processing.kmeans_clustering - INFO - === K-Means Clustering complete! ===
2026-08-19 10:36:46,542 - CitySense - INFO - Completed stage: Cluster urban typologies (5.29s)
2026-08-19 10:36:46,542 - CitySense - INFO - Running stage: Train explainability model
2026-08-19 10:36:46,542 - CitySense.processing.train_explainability - INFO - === City Sense – Indicator Attribution (Sensitivity Analysis) ===
2026-08-19 10:36:46,542 - CitySense.processing.train_explainability - INFO - NOTE: RF trained to reconstruct PCA risk index from same features.
2026-08-19 10:36:46,542 - CitySense.processing.train_explainability - INFO -       R²~1 is expected by construction. SHAP = index decomposition.
2026-08-19 10:36:46,552 - CitySense.processing.train_explainability - INFO - Loading master dataset …
2026-08-19 10:36:46,599 - CitySense.processing.train_explainability - INFO - Loaded 836 cells  |  columns: ['cell_id', 'mean_ndvi', 'mean_lst', 'mean_ndbi', 'mean_dem', 'uhi_intensity', 'risk_score', 'sustainability_score', 'cluster_id', 'cluster', 'geometry']
2026-08-19 10:36:46,601 - CitySense.processing.train_explainability - INFO - Features shape: (836, 4)  |  Target range: [0.00, 100.00]
2026-08-19 10:36:46,601 - CitySense.processing.train_explainability - INFO - Splitting data (test_size=0.2, random_seed=42) …
2026-08-19 10:36:46,603 - CitySense.processing.train_explainability - INFO - Train: 668  |  Test: 168
2026-08-19 10:36:46,603 - CitySense.processing.train_explainability - INFO - Fitting StandardScaler on training set …
2026-08-19 10:36:46,605 - CitySense.processing.train_explainability - INFO - [OK] Scaler saved → D:\Clg\Major Project\CitySense\city_sense\models/explain_scaler.pkl
2026-08-19 10:36:46,605 - CitySense.processing.train_explainability - INFO - Training RandomForestRegressor (n_estimators=200, max_depth=5) …
2026-08-19 10:36:46,947 - CitySense.processing.train_explainability - INFO - [OK] Model saved → D:\Clg\Major Project\CitySense\city_sense\models/risk_model.pkl
2026-08-19 10:36:47,007 - CitySense.processing.train_explainability - INFO - Surrogate fit (RF reconstructing PCA index — R²~1 expected by construction):
2026-08-19 10:36:47,007 - CitySense.processing.train_explainability - INFO -   R² Score             : 0.9934  (confirms RF≈PCA formula, not independent validation)
2026-08-19 10:36:47,007 - CitySense.processing.train_explainability - INFO -   Mean Absolute Error  : 1.8507  (index score points, 0-100 scale)
2026-08-19 10:36:47,007 - CitySense.processing.train_explainability - INFO -   Root Mean Sq Error   : 2.5785
2026-08-19 10:36:47,007 - CitySense.processing.train_explainability - INFO - Generating feature importance chart …
2026-08-19 10:36:47,241 - CitySense.processing.train_explainability - INFO - [OK] Saved → D:\Clg\Major Project\CitySense\city_sense\data/feature_importance.png
2026-08-19 10:36:47,241 - CitySense.processing.train_explainability - INFO - Computing SHAP attribution values (TreeExplainer, full dataset) …
2026-08-19 10:36:47,743 - CitySense.processing.train_explainability - INFO - SHAP values shape: (836, 4)
2026-08-19 10:36:47,744 - CitySense.processing.train_explainability - INFO - Generating SHAP attribution summary plot …
2026-08-19 10:36:48,113 - CitySense.processing.train_explainability - INFO - [OK] Saved → D:\Clg\Major Project\CitySense\city_sense\data/shap_summary.png
2026-08-19 10:36:48,114 - CitySense.processing.train_explainability - INFO - Extracting per-cell indicator attribution …
2026-08-19 10:36:48,225 - CitySense.processing.train_explainability - INFO - [OK] Master GeoJSON updated → D:\Clg\Major Project\CitySense\city_sense\data/cells_master.geojson
2026-08-19 10:36:48,225 - CitySense.processing.train_explainability - INFO - Attribution columns added: top_positive_driver, top_positive_shap, top_negative_driver, top_negative_shap, explanation_text
2026-08-19 10:36:48,225 - CitySense.processing.train_explainability - INFO - Sample indicator attribution outputs:
2026-08-19 10:36:48,228 - CitySense.processing.train_explainability - INFO -   r10_c19  risk= 13.3  cluster=Cluster 0: Coastal/Lowland Urban
2026-08-19 10:36:48,228 - CitySense.processing.train_explainability - INFO -            ➜ Low composite risk index — dominated by low LST (temperature) (-33.05)
2026-08-19 10:36:48,229 - CitySense.processing.train_explainability - INFO -   r35_c19  risk= 83.2  cluster=Cluster 1: Green/Forested
2026-08-19 10:36:48,229 - CitySense.processing.train_explainability - INFO -            ➜ High composite risk index — dominated by high LST (temperature) (+16.21) and attenuated by low NDBI (built-up) (-0.33)
2026-08-19 10:36:48,229 - CitySense.processing.train_explainability - INFO -   r2_c17  risk= 16.1  cluster=Cluster 0: Coastal/Lowland Urban
2026-08-19 10:36:48,229 - CitySense.processing.train_explainability - INFO -            ➜ Low composite risk index — dominated by low LST (temperature) (-30.88)
2026-08-19 10:36:48,229 - CitySense.processing.train_explainability - INFO -   r17_c1  risk=  8.4  cluster=Cluster 0: Coastal/Lowland Urban
2026-08-19 10:36:48,229 - CitySense.processing.train_explainability - INFO -            ➜ Low composite risk index — dominated by high NDBI (built-up) (+0.41) and attenuated by low LST (temperature) (-35.01)
2026-08-19 10:36:48,230 - CitySense.processing.train_explainability - INFO -   r37_c13  risk= 76.4  cluster=Cluster 1: Green/Forested
2026-08-19 10:36:48,230 - CitySense.processing.train_explainability - INFO -            ➜ High composite risk index — dominated by high LST (temperature) (+10.39)
2026-08-19 10:36:48,230 - CitySense.processing.train_explainability - INFO -   r8_c12  risk=  1.5  cluster=Cluster 0: Coastal/Lowland Urban
2026-08-19 10:36:48,231 - CitySense.processing.train_explainability - INFO -            ➜ Low composite risk index — dominated by low LST (temperature) (-36.05)
2026-08-19 10:36:48,231 - CitySense.processing.train_explainability - INFO - Internal consistency checks:
2026-08-19 10:36:48,231 - CitySense.processing.train_explainability - INFO - ✔ LST and NDVI are the top-2 index contributors — consistent with PCA loadings
2026-08-19 10:36:48,235 - CitySense.processing.train_explainability - INFO - ✔ 100% of the 20 hottest cells have positive LST attribution (consistent with PCA loading direction)
2026-08-19 10:36:48,235 - CitySense.processing.train_explainability - INFO - Generating top-driver map …
2026-08-19 10:36:48,679 - CitySense.processing.train_explainability - INFO - [OK] Saved → D:\Clg\Major Project\CitySense\city_sense\data/top_driver_map.png
2026-08-19 10:36:48,681 - CitySense.processing.train_explainability - INFO - === Indicator Attribution (Sensitivity Analysis) complete! ===
2026-08-19 10:36:48,681 - CitySense - INFO - Completed stage: Train explainability model (2.14s)
2026-08-19 10:36:48,682 - CitySense - INFO - Running stage: Create dashboard explanations
2026-08-19 10:36:48,682 - CitySense.processing.generate_explanations_json - INFO - === City Sense -- Generate Indicator Attribution JSON ===
2026-08-19 10:36:48,697 - CitySense.processing.generate_explanations_json - INFO - Loading master dataset from D:\Clg\Major Project\CitySense\city_sense\data/cells_master.geojson
2026-08-19 10:36:48,752 - CitySense.processing.generate_explanations_json - INFO - Extracting indicator attribution data …
2026-08-19 10:36:48,848 - CitySense.processing.generate_explanations_json - INFO - Saved attribution data for 836 cells → D:\Clg\Major Project\CitySense\city_sense\data/cell_explanations.json
2026-08-19 10:36:48,849 - CitySense.processing.generate_explanations_json - INFO - === Indicator attribution JSON complete! ===
2026-08-19 10:36:48,849 - CitySense - INFO - Completed stage: Create dashboard explanations (0.17s)
2026-08-19 10:36:48,849 - CitySense - INFO - Skipping stage 'Generate environmental intelligence'; output already exists: D:\Clg\Major Project\CitySense\city_sense\data\environmental_intelligence.json
2026-08-19 10:36:48,850 - CitySense - INFO - Skipping stage 'Fetch monsoon precipitation (CHIRPS)'; output already exists: D:\Clg\Major Project\CitySense\city_sense\data\precipitation_grid.geojson
2026-08-19 10:36:48,850 - CitySense - INFO - Skipping stage 'Compute drainage proxy (OSM)'; output already exists: D:\Clg\Major Project\CitySense\city_sense\data\drainage_proxy.json
2026-08-19 10:36:48,850 - CitySense - INFO - Skipping stage 'Generate flood susceptibility index'; output already exists: D:\Clg\Major Project\CitySense\city_sense\data\flood_susceptibility.json
2026-08-19 10:36:48,850 - CitySense - INFO - Skipping stage 'Compute infrastructure access (OSM)'; output already exists: D:\Clg\Major Project\CitySense\city_sense\data\infrastructure_access.json
2026-08-19 10:36:48,850 - CitySense - INFO - Skipping stage 'Generate infrastructure access index'; output already exists: D:\Clg\Major Project\CitySense\city_sense\data\infrastructure_access_index.json
2026-08-19 10:36:48,850 - CitySense - INFO - Skipping stage 'Generate composite burden score'; output already exists: D:\Clg\Major Project\CitySense\city_sense\data\composite_burden.json
2026-08-19 10:36:48,851 - CitySense - INFO - Skipping stage 'Generate planning profiles'; output already exists: D:\Clg\Major Project\CitySense\city_sense\data\planning_profiles.json
2026-08-19 10:36:48,851 - CitySense - INFO - Skipping stage 'Enrich geographic metadata'; output already exists: D:\Clg\Major Project\CitySense\city_sense\data\geo\geographic_metadata.json
2026-08-19 10:36:48,851 - CitySense - INFO - Running stage: Generate validation plots
2026-08-19 10:36:48,851 - CitySense.processing.validate_scores - INFO - === City Sense -- Score & Cluster Validation ===
2026-08-19 10:36:48,919 - CitySense.processing.validate_scores - INFO - Loaded 836 cells from D:\Clg\Major Project\CitySense\city_sense\data/cells_master.geojson
2026-08-19 10:36:48,920 - CitySense.processing.validate_scores - INFO - Generating Risk Score distribution plot...
2026-08-19 10:36:49,231 - CitySense.processing.validate_scores - INFO -   -> Saved D:\Clg\Major Project\CitySense\city_sense\data\val_risk_distribution.png
2026-08-19 10:36:49,231 - CitySense.processing.validate_scores - INFO - Generating Risk vs LST scatter plot...
2026-08-19 10:36:49,509 - CitySense.processing.validate_scores - INFO -   -> Saved D:\Clg\Major Project\CitySense\city_sense\data\val_risk_vs_lst.png
2026-08-19 10:36:49,509 - CitySense.processing.validate_scores - INFO - Generating Risk by Cluster boxplot...
2026-08-19 10:36:49,773 - CitySense.processing.validate_scores - INFO -   -> Saved D:\Clg\Major Project\CitySense\city_sense\data\val_risk_by_cluster.png
2026-08-19 10:36:49,773 - CitySense.processing.validate_scores - INFO - Generating Indicator Profiles by Cluster...
2026-08-19 10:36:50,114 - CitySense.processing.validate_scores - INFO -   -> Saved D:\Clg\Major Project\CitySense\city_sense\data\val_cluster_profiles.png
2026-08-19 10:36:50,114 - CitySense.processing.validate_scores - INFO - === Validation plots complete! ===
2026-08-19 10:36:50,114 - CitySense - INFO - Completed stage: Generate validation plots (1.26s)
2026-08-19 10:36:50,115 - CitySense - INFO - === City Sense Pipeline Finished ===
