{
"type": "FeatureCollection",
"name": "cells_master",
"crs": { "type": "name", "properties": { "name": "urn:ogc:def:crs:OGC:1.3:CRS84" } },
"features": [
{ "type": "Feature", "properties": { "cell_id": "r0_c0", "mean_ndvi": -0.14316515103038674, "mean_lst": 30.243749068792379, "mean_ndbi": -0.05293574666942677, "mean_dem": 0.0, "uhi_intensity": -8.7646734611912471, "risk_score": 8.3286271736479627, "sustainability_score": 91.671372826352041, "cluster_id": 0, "cluster": "Cluster 0: Coastal/Lowland Urban", "top_positive_driver": "mean_ndbi", "top_positive_shap": 0.10486603850868907, "top_negative_driver": "mean_lst", "top_negative_shap": -34.706603336451728, "explanation_text": "Low composite risk index — dominated by high NDBI (built-up) (+0.10) and attenuated by low LST (temperature) (-34.71)" }, "geometry": { "type": "Polygon", "coordinates": [ [ [ 72.78, 18.89 ], [ 72.78, 18.9 ], [ 72.77, 18.9 ], [ 72.77, 18.89 ], [ 72.78, 18.89 ] ] ] } },
{ "type": "Feature", "properties": { "cell_id": "r0_c1", "mean_ndvi": -0.15158411058309501, "mean_lst": 30.268030267544237, "mean_ndbi": -0.054288005606047053, "mean_dem": 0.0, "uhi_intensity": -8.7403922624393893, "risk_score": 7.7099697293558975, "sustainability_score": 92.29003027064411, "cluster_id": 0, "cluster": "Cluster 0: Coastal/Lowland Urban", "top_positive_driver": "mean_ndbi", "top_positive_shap": 0.2769433111109153, "top_negative_driver": "mean_lst", "top_negative_shap": -34.917244099955617, "explanation_text": "Low composite risk index — dominated by high NDBI (built-up) (+0.28) and attenuated by low LST (temperature) (-34.92)" }, "geometry": { "type": "Polygon", "coordinates": [ [ [ 72.79, 18.89 ], [ 72.79, 18.9 ], [ 72.78, 18.9 ], [ 72.78, 18.89 ], [ 72.79, 18.89 ] ] ] } },
{ "type": "Feature", "properties": { "cell_id": "r0_c2", "mean_ndvi": -0.1613913737023645, "mean_lst": 30.272786158887396, "mean_ndbi": -0.067398021945417871, "mean_dem": 0.0, "uhi_intensity": -8.7356363710962306, "risk_score": 6.4163973254172131, "sustainability_score": 93.583602674582792, "cluster_id": 0, "cluster": "Cluster 0: Coastal/Lowland Urban", "top_positive_driver": "mean_ndbi", "top_positive_shap": 0.36443130835970949, "top_negative_driver": "mean_lst", "top_negative_shap": -35.062919147390645, "explanation_text": "Low composite risk index — dominated by high NDBI (built-up) (+0.36) and attenuated by low LST (temperature) (-35.06)" }, "geometry": { "type": "Polygon", "coordinates": [ [ [ 72.8, 18.89 ], [ 72.8, 18.9 ], [ 72.79, 18.9 ], [ 72.79, 18.89 ], [ 72.8, 18.89 ] ] ] } },
{ "type": "Feature", "properties": { "cell_id": "r0_c3", "mean_ndvi": -0.01325990656702673, "mean_lst": 33.068555285819812, "mean_ndbi": -0.049276457455952979, "mean_dem": 1.8992448059048703, "uhi_intensity": -5.9398672441638141, "risk_score": 28.629532516465584, "sustainability_score": 71.370467483534412, "cluster_id": 0, "cluster": "Cluster 0: Coastal/Lowland Urban", "top_positive_driver": "mean_ndbi", "top_positive_shap": 0.14436132657676248, "top_negative_driver": "mean_lst", "top_negative_shap": -19.622662441092533, "explanation_text": "Low composite risk index — dominated by high NDBI (built-up) (+0.14) and attenuated by low LST (temperature) (-19.62)" }, "geometry": { "type": "Polygon", "coordinates": [ [ [ 72.81, 18.89 ], [ 72.81, 18.9 ], [ 72.8, 18.9 ], [ 72.8, 18.89 ], [ 72.81, 18.89 ] ] ] } },
{ "type": "Feature", "properties": { "cell_id": "r0_c4", "mean_ndvi": -0.0060671603116606758, "mean_lst": 33.255702459170976, "mean_ndbi": -0.075646572379618457, "mean_dem": 3.2564420218037671, "uhi_intensity": -5.75272007081265, "risk_score": 28.786540333400808, "sustainability_score": 71.213459666599192, "cluster_id": 0, "cluster": "Cluster 0: Coastal/Lowland Urban", "top_positive_driver": null, "top_positive_shap": 0.0, "top_negative_driver": "mean_lst", "top_negative_shap": -19.318529826024239, "explanation_text": "Low composite risk index — dominated by low LST (temperature) (-19.32)" }, "geometry": { "type": "Polygon", "coordinates": [ [ [ 72.82, 18.89 ], [ 72.82, 18.9 ], [ 72.81, 18.9 ], [ 72.81, 18.89 ], [ 72.82, 18.89 ] ] ] } },
{ "type": "Feature", "properties": { "cell_id": "r0_c5", "mean_ndvi": -0.15689479720124477, "mean_lst": 30.43536912487367, "mean_ndbi": -0.057732450710257441, "mean_dem": 0.0, "uhi_intensity": -8.5730534051099561, "risk_score": 7.7519470983817076, "sustainability_score": 92.248052901618294, "cluster_id": 0, "cluster": "Cluster 0: Coastal/Lowland Urban", "top_positive_driver": "mean_ndbi", "top_positive_shap": 0.40699207192360987, "top_negative_driver": "mean_lst", "top_negative_shap": -35.061618726666069, "explanation_text": "Low composite risk index — dominated by high NDBI (built-up) (+0.41) and attenuated by low LST (temperature) (-35.06)" }, "geometry": { "type": "Polygon", "coordinates": [ [ [ 72.83, 18.89 ], [ 72.83, 18.9 ], [ 72.82, 18.9 ], [ 72.82, 18.89 ], [ 72.83, 18.89 ] ] ] } },
{ "type": "Feature", "properties": { "cell_id": "r0_c6", "mean_ndvi": -0.15043929404989148, "mean_lst": 30.283985992880194, "mean_ndbi": -0.050528124648818749, "mean_dem": 0.0, "uhi_intensity": -8.7244365371034327, "risk_score": 8.0143622947684605, "sustainability_score": 91.985637705231539, "cluster_id": 0, "cluster": "Cluster 0: Coastal/Lowland Urban", "top_positive_driver": "mean_ndbi", "top_positive_shap": 0.14365627156334071, "top_negative_driver": "mean_lst", "top_negative_shap": -34.795888255423414, "explanation_text": "Low composite risk index — dominated by high NDBI (built-up) (+0.14) and attenuated by low LST (temperature) (-34.80)" }, "geometry": { "type": "Polygon", "coordinates": [ [ [ 72.84, 18.89 ], [ 72.84, 18.9 ], [ 72.83, 18.9 ], [ 72.83, 18.89 ], [ 72.84, 18.89 ] ] ] } },
{ "type": "Feature", "properties": { "cell_id": "r0_c7", "mean_ndvi": -0.1533513135170709, "mean_lst": 30.177602574137225, "mean_ndbi": -0.049899902269300939, "mean_dem": 0.0, "uhi_intensity": -8.8308199558464011, "risk_score": 7.4375431527055644, "sustainability_score": 92.562456847294442, "cluster_id": 0, "cluster": "Cluster 0: Coastal/Lowland Urban", "top_positive_driver": "mean_ndbi", "top_positive_shap": 0.31097722397165306, "top_negative_driver": "mean_lst", "top_negative_shap": -34.964102096589748, "explanation_text": "Low composite risk index — dominated by high NDBI (built-up) (+0.31) and attenuated by low LST (temperature) (-34.96)" }, "geometry": { "type": "Polygon", "coordinates": [ [ [ 72.85, 18.89 ], [ 72.85, 18.9 ], [ 72.84, 18.9 ], [ 72.84, 18.89 ], [ 72.85, 18.89 ] ] ] } },
{ "type": "Feature", "properties": { "cell_id": "r0_c8", "mean_ndvi": -0.14979389717276134, "mean_lst": 30.147230157842117, "mean_ndbi": -0.035012950309727398, "mean_dem": 0.0, "uhi_intensity": -8.8611923721415096, "risk_score": 8.2341200172037521, "sustainability_score": 91.76587998279625, "cluster_id": 0, "cluster": "Cluster 0: Coastal/Lowland Urban", "top_positive_driver": "mean_ndbi", "top_positive_shap": 0.18861548542553103, "top_negative_driver": "mean_lst", "top_negative_shap": -34.814014701916307, "explanation_text": "Low composite risk index — dominated by high NDBI (built-up) (+0.19) and attenuated by low LST (temperature) (-34.81)" }, "geometry": { "type": "Polygon", "coordinates": [ [ [ 72.86, 18.89 ], [ 72.86, 18.9 ], [ 72.85, 18.9 ], [ 72.85, 18.89 ], [ 72.86, 18.89 ] ] ] } },
{ "type": "Feature", "properties": { "cell_id": "r0_c9", "mean_ndvi": -0.14303008772558651, "mean_lst": 30.273219850714781, "mean_ndbi": -0.040908937808834846, "mean_dem": 0.0, "uhi_intensity": -8.7352026792688449, "risk_score": 8.9539640420135367, "sustainability_score": 91.046035957986462, "cluster_id": 0, "cluster": "Cluster 0: Coastal/Lowland Urban", "top_positive_driver": "mean_ndbi", "top_positive_shap": 0.16078923448397003, "top_negative_driver": "mean_lst", "top_negative_shap": -34.750586022783565, "explanation_text": "Low composite risk index — dominated by high NDBI (built-up) (+0.16) and attenuated by low LST (temperature) (-34.75)" }, "geometry": { "type": "Polygon", "coordinates": [ [ [ 72.87, 18.89 ], [ 72.87, 18.9 ], [ 72.86, 18.9 ], [ 72.86, 18.89 ], [ 72.87, 18.89 ] ] ] } },
{ "type": "Feature", "properties": { "cell_id": "r0_c10", "mean_ndvi": -0.14565010611363538, "mean_lst": 30.493809954106322, "mean_ndbi": -0.058952166333406796, "mean_dem": 0.0, "uhi_intensity": -8.5146125758773046, "risk_score": 8.7740086182456878, "sustainability_score": 91.225991381754312, "cluster_id": 0, "cluster": "Cluster 0: Coastal/Lowland Urban", "top_positive_driver": "mean_ndbi", "top_positive_shap": 0.094075566223506463, "top_negative_driver": "mean_lst", "top_negative_shap": -34.675250192420869, "explanation_text": "Low composite risk index — dominated by high NDBI (built-up) (+0.09) and attenuated by low LST (temperature) (-34.68)" }, "geometry": { "type": "Polygon", "coordinates": [ [ [ 72.88, 18.89 ], [ 72.88, 18.9 ], [ 72.87, 18.9 ], [ 72.87, 18.89 ], [ 72.88, 18.89 ] ] ] } },
{ "type": "Feature", "properties": { "cell_id": "r0_c11", "mean_ndvi": -0.15040043482553689, "mean_lst": 30.713212600364979, "mean_ndbi": -0.057020195781850712, "mean_dem": 0.0, "uhi_intensity": -8.2952099296186468, "risk_score": 9.2726847159593646, "sustainability_score": 90.727315284040628, "cluster_id": 0, "cluster": "Cluster 0: Coastal/Lowland Urban", "top_positive_driver": "mean_ndbi", "top_positive_shap": 0.11379950665816269, "top_negative_driver": "mean_lst", "top_negative_shap": -34.594937718604235, "explanation_text": "Low composite risk index — dominated by high NDBI (built-up) (+0.11) and attenuated by low LST (temperature) (-34.59)" }, "geometry": { "type": "Polygon", "coordinates": [ [ [ 72.89, 18.89 ], [ 72.89, 18.9 ], [ 72.88, 18.9 ], [ 72.88, 18.89 ], [ 72.89, 18.89 ] ] ] } },
{ "type": "Feature", "properties": { "cell_id": "r0_c12", "mean_ndvi": -0.14734665344442338, "mean_lst": 30.797403382775389, "mean_ndbi": -0.06960000570940697, "mean_dem": 0.0, "uhi_intensity": -8.211019147208237, "risk_score": 9.2746126849803385, "sustainability_score": 90.72538731501966, "cluster_id": 0, "cluster": "Cluster 0: Coastal/Lowland Urban", "top_positive_driver": "mean_ndbi", "top_positive_shap": 0.052909486471064505, "top_negative_driver": "mean_lst", "top_negative_shap": -34.293342251469426, "explanation_text": "Low composite risk index — dominated by high NDBI (built-up) (+0.05) and attenuated by low LST (temperature) (-34.29)" }, "geometry": { "type": "Polygon", "coordinates": [ [ [ 72.9, 18.89 ], [ 72.9, 18.9 ], [ 72.89, 18.9 ], [ 72.89, 18.89 ], [ 72.9, 18.89 ] ] ] } },
{ "type": "Feature", "properties": { "cell_id": "r0_c13", "mean_ndvi": -0.049198030906547806, "mean_lst": 33.186723408239629, "mean_ndbi": -0.076356825396205183, "mean_dem": 0.97172573277286178, "uhi_intensity": -5.8216991217439968, "risk_score": 25.100189538602784, "sustainability_score": 74.899810461397209, "cluster_id": 0, "cluster": "Cluster 0: Coastal/Lowland Urban", "top_positive_driver": null, "top_positive_shap": 0.0, "top_negative_driver": "mean_lst", "top_negative_shap": -20.057727310562587, "explanation_text": "Low composite risk index — dominated by low LST (temperature) (-20.06)" }, "geometry": { "type": "Polygon", "coordinates": [ [ [ 72.91, 18.89 ], [ 72.91, 18.9 ], [ 72.9, 18.9 ], [ 72.9, 18.89 ], [ 72.91, 18.89 ] ] ] } },
{ "type": "Feature", "properties": { "cell_id": "r0_c14", "mean_ndvi": 0.32300685469163404, "mean_lst": 38.264885072940267, "mean_ndbi": -0.059809999566675931, "mean_dem": 42.738066419655453, "uhi_intensity": -0.7435374570433595, "risk_score": 74.217014295645853, "sustainability_score": 25.782985704354147, "cluster_id": 2, "cluster": "Cluster 2: Dense Urban Heat", "top_positive_driver": "mean_lst", "top_positive_shap": 11.095565531698284, "top_negative_driver": "mean_ndbi", "top_negative_shap": -0.1078588572080683, "explanation_text": "High composite risk index — dominated by high LST (temperature) (+11.10) and attenuated by low NDBI (built-up) (-0.11)" }, "geometry": { "type": "Polygon", "coordinates": [ [ [ 72.92, 18.89 ], [ 72.92, 18.9 ], [ 72.91, 18.9 ], [ 72.91, 18.89 ], [ 72.92, 18.89 ] ] ] } },
{ "type": "Feature", "properties": { "cell_id": "r0_c15", "mean_ndvi": 0.29683613005585824, "mean_lst": 40.990544475834007, "mean_ndbi": -0.013405048911205281, "mean_dem": 65.508896939042941, "uhi_intensity": 1.9821219458503805, "risk_score": 84.796108288198397, "sustainability_score": 15.203891711801603, "cluster_id": 2, "cluster": "Cluster 2: Dense Urban Heat", "top_positive_driver": "mean_lst", "top_positive_shap": 19.009364176222043, "top_negative_driver": null, "top_negative_shap": 0.0, "explanation_text": "High composite risk index — dominated by high LST (temperature) (+19.01)" }, "geometry": { "type": "Polygon", "coordinates": [ [ [ 72.93, 18.89 ], [ 72.93, 18.9 ], [ 72.92, 18.9 ], [ 72.92, 18.89 ], [ 72.93, 18.89 ] ] ] } },
{ "type": "Feature", "properties": { "cell_id": "r0_c16", "mean_ndvi": 0.3438682175012111, "mean_lst": 37.400729036149883, "mean_ndbi": -0.17030038413542833, "mean_dem": 3.1300967445198573, "uhi_intensity": -1.607693493833743, "risk_score": 66.479948770408825, "sustainability_score": 33.520051229591175, "cluster_id": 3, "cluster": "Cluster 3: Green/Forested", "top_positive_driver": "mean_ndvi", "top_positive_shap": 8.2688920428797221, "top_negative_driver": "mean_dem", "top_negative_shap": -3.459693237706543, "explanation_text": "High composite risk index — dominated by low NDVI (vegetation) (+8.27) and attenuated by high DEM (elevation) (-3.46)" }, "geometry": { "type": "Polygon", "coordinates": [ [ [ 72.94, 18.89 ], [ 72.94, 18.9 ], [ 72.93, 18.9 ], [ 72.93, 18.89 ], [ 72.94, 18.89 ] ] ] } },
{ "type": "Feature", "properties": { "cell_id": "r0_c17", "mean_ndvi": 0.25773139583774968, "mean_lst": 37.891813011709331, "mean_ndbi": -0.13933340329174321, "mean_dem": 0.055084697492680773, "uhi_intensity": -1.116609518274295, "risk_score": 62.792432410963784, "sustainability_score": 37.207567589036216, "cluster_id": 3, "cluster": "Cluster 3: Green/Forested", "top_positive_driver": "mean_lst", "top_positive_shap": 7.1879779015194156, "top_negative_driver": "mean_dem", "top_negative_shap": -2.9949781494314931, "explanation_text": "Moderate composite risk index — dominated by high LST (temperature) (+7.19) and attenuated by high DEM (elevation) (-2.99)" }, "geometry": { "type": "Polygon", "coordinates": [ [ [ 72.95, 18.89 ], [ 72.95, 18.9 ], [ 72.94, 18.9 ], [ 72.94, 18.89 ], [ 72.95, 18.89 ] ] ] } },
{ "type": "Feature", "properties": { "cell_id": "r0_c18", "mean_ndvi": 0.13534203962401198, "mean_lst": 41.520227571280117, "mean_ndbi": 0.015816077878763709, "mean_dem": 0.57816486695826486, "uhi_intensity": 2.5118050412964905, "risk_score": 72.909919972074803, "sustainability_score": 27.090080027925197, "cluster_id": 2, "cluster": "Cluster 2: Dense Urban Heat", "top_positive_driver": "mean_lst", "top_positive_shap": 20.259879734217257, "top_negative_driver": "mean_dem", "top_negative_shap": -1.5820642577157646, "explanation_text": "High composite risk index — dominated by high LST (temperature) (+20.26) and attenuated by high DEM (elevation) (-1.58)" }, "geometry": { "type": "Polygon", "coordinates": [ [ [ 72.96, 18.89 ], [ 72.96, 18.9 ], [ 72.95, 18.9 ], [ 72.95, 18.89 ], [ 72.96, 18.89 ] ] ] } },
{ "type": "Feature", "properties": { "cell_id": "r0_c19", "mean_ndvi": 0.12637984443835268, "mean_lst": 47.182775838099097, "mean_ndbi": 0.12441302370359474, "mean_dem": -0.50582261321273381, "uhi_intensity": 8.1743533081154709, "risk_score": 96.972522043313049, "sustainability_score": 3.0274779566869512, "cluster_id": 2, "cluster": "Cluster 2: Dense Urban Heat", "top_positive_driver": "mean_lst", "top_positive_shap": 33.79029998230493, "top_negative_driver": "mean_dem", "top_negative_shap": -1.1325115873848257, "explanation_text": "High composite risk index — dominated by high LST (temperature) (+33.79) and attenuated by high DEM (elevation) (-1.13)" }, "geometry": { "type": "Polygon", "coordinates": [ [ [ 72.97, 18.89 ], [ 72.97, 18.9 ], [ 72.96, 18.9 ], [ 72.96, 18.89 ], [ 72.97, 18.89 ] ] ] } },
{ "type": "Feature", "properties": { "cell_id": "r0_c20", "mean_ndvi": 0.19883373597859383, "mean_lst": 44.809592346473096, "mean_ndbi": 0.068938179837597813, "mean_dem": 1.3970216328901972, "uhi_intensity": 5.8011698164894696, "risk_score": 91.810120865859048, "sustainability_score": 8.189879134140952, "cluster_id": 2, "cluster": "Cluster 2: Dense Urban Heat", "top_positive_driver": "mean_lst", "top_positive_shap": 29.91270557636733, "top_negative_driver": "mean_dem", "top_negative_shap": -0.93604670100842946, "explanation_text": "High composite risk index — dominated by high LST (temperature) (+29.91) and attenuated by high DEM (elevation) (-0.94)" }, "geometry": { "type": "Polygon", "coordinates": [ [ [ 72.980000000000103, 18.89 ], [ 72.980000000000103, 18.9 ], [ 72.97, 18.9 ], [ 72.97, 18.89 ], [ 72.980000000000103, 18.89 ] ] ] } },
{ "type": "Feature", "properties": { "cell_id": "r0_c21", "mean_ndvi": 0.15502822982667738, "mean_lst": 44.62435602935124, "mean_ndbi": 0.030072793953536535, "mean_dem": 1.1386287777815782, "uhi_intensity": 5.615933499367614, "risk_score": 86.120460849559223, "sustainability_score": 13.879539150440777, "cluster_id": 2, "cluster": "Cluster 2: Dense Urban Heat", "top_positive_driver": "mean_lst", "top_positive_shap": 28.466691174492002, "top_negative_driver": "mean_dem", "top_negative_shap": -1.0429240854437993, "explanation_text": "High composite risk index — dominated by high LST (temperature) (+28.47) and attenuated by high DEM (elevation) (-1.04)" }, "geometry": { "type": "Polygon", "coordinates": [ [ [ 72.99, 18.89 ], [ 72.99, 18.9 ], [ 72.980000000000103, 18.9 ], [ 72.980000000000103, 18.89 ], [ 72.99, 18.89 ] ] ] } },
{ "type": "Feature", "properties": { "cell_id": "r1_c0", "mean_ndvi": -0.14732362603994612, "mean_lst": 30.169194923130977, "mean_ndbi": -0.054560088272770917, "mean_dem": 0.0, "uhi_intensity": -8.8392276068526492, "risk_score": 7.6738868233488011, "sustainability_score": 92.326113176651205, "cluster_id": 0, "cluster": "Cluster 0: Coastal/Lowland Urban", "top_positive_driver": "mean_ndbi", "top_positive_shap": 0.11351945720765892, "top_negative_driver": "mean_lst", "top_negative_shap": -34.733453996984508, "explanation_text": "Low composite risk index — dominated by high NDBI (built-up) (+0.11) and attenuated by low LST (temperature) (-34.73)" }, "geometry": { "type": "Polygon", "coordinates": [ [ [ 72.78, 18.9 ], [ 72.78, 18.91 ], [ 72.77, 18.91 ], [ 72.77, 18.9 ], [ 72.78, 18.9 ] ] ] } },
{ "type": "Feature", "properties": { "cell_id": "r1_c1", "mean_ndvi": -0.15434544213145016, "mean_lst": 30.232193788942926, "mean_ndbi": -0.058007177292629851, "mean_dem": 0.0, "uhi_intensity": -8.7762287410407005, "risk_score": 7.2120062928498623, "sustainability_score": 92.787993707150136, "cluster_id": 0, "cluster": "Cluster 0: Coastal/Lowland Urban", "top_positive_driver": "mean_ndbi", "top_positive_shap": 0.29325048473023846, "top_negative_driver": "mean_lst", "top_negative_shap": -34.94121309156241, "explanation_text": "Low composite risk index — dominated by high NDBI (built-up) (+0.29) and attenuated by low LST (temperature) (-34.94)" }, "geometry": { "type": "Polygon", "coordinates": [ [ [ 72.79, 18.9 ], [ 72.79, 18.91 ], [ 72.78, 18.91 ], [ 72.78, 18.9 ], [ 72.79, 18.9 ] ] ] } },
{ "type": "Feature", "properties": { "cell_id": "r1_c2", "mean_ndvi": -0.16052785558315696, "mean_lst": 30.373447687583131, "mean_ndbi": -0.062505036418475782, "mean_dem": 0.0, "uhi_intensity": -8.6349748424004957, "risk_score": 7.0492243179103395, "sustainability_score": 92.950775682089656, "cluster_id": 0, "cluster": "Cluster 0: Coastal/Lowland Urban", "top_positive_driver": "mean_ndbi", "top_positive_shap": 0.38444666674220307, "top_negative_driver": "mean_lst", "top_negative_shap": -35.070695581082155, "explanation_text": "Low composite risk index — dominated by high NDBI (built-up) (+0.38) and attenuated by low LST (temperature) (-35.07)" }, "geometry": { "type": "Polygon", "coordinates": [ [ [ 72.8, 18.9 ], [ 72.8, 18.91 ], [ 72.79, 18.91 ], [ 72.79, 18.9 ], [ 72.8, 18.9 ] ] ] } },
{ "type": "Feature", "properties": { "cell_id": "r1_c3", "mean_ndvi": 0.090283576372728783, "mean_lst": 36.270955415564949, "mean_ndbi": -0.050113910975891129, "mean_dem": 5.908407664354149, "uhi_intensity": -2.7374671144186777, "risk_score": 48.141482703220753, "sustainability_score": 51.858517296779247, "cluster_id": 2, "cluster": "Cluster 2: Dense Urban Heat", "top_positive_driver": "mean_lst", "top_positive_shap": 0.11033846662126898, "top_negative_driver": "mean_dem", "top_negative_shap": -2.5518610037381015, "explanation_text": "Moderate composite risk index — dominated by high LST (temperature) (+0.11) and attenuated by high DEM (elevation) (-2.55)" }, "geometry": { "type": "Polygon", "coordinates": [ [ [ 72.81, 18.9 ], [ 72.81, 18.91 ], [ 72.8, 18.91 ], [ 72.8, 18.9 ], [ 72.81, 18.9 ] ] ] } },
{ "type": "Feature", "properties": { "cell_id": "r1_c4", "mean_ndvi": 0.18845023765238347, "mean_lst": 38.554675994341956, "mean_ndbi": -0.048752193088832343, "mean_dem": 8.8505703584499837, "uhi_intensity": -0.45374653564167033, "risk_score": 64.014524331052286, "sustainability_score": 35.985475668947714, "cluster_id": 2, "cluster": "Cluster 2: Dense Urban Heat", "top_positive_driver": "mean_lst", "top_positive_shap": 10.236272096603976, "top_negative_driver": "mean_dem", "top_negative_shap": -2.1073262462315374, "explanation_text": "Moderate composite risk index — dominated by high LST (temperature) (+10.24) and attenuated by high DEM (elevation) (-2.11)" }, "geometry": { "type": "Polygon", "coordinates": [ [ [ 72.82, 18.9 ], [ 72.82, 18.91 ], [ 72.81, 18.91 ], [ 72.81, 18.9 ], [ 72.82, 18.9 ] ] ] } },
{ "type": "Feature", "properties": { "cell_id": "r1_c5", "mean_ndvi": -0.12125952986202307, "mean_lst": 31.663835033850876, "mean_ndbi": -0.049400901433145253, "mean_dem": 0.55212813837029828, "uhi_intensity": -7.3445874961327497, "risk_score": 15.250088878677563, "sustainability_score": 84.749911121322441, "cluster_id": 0, "cluster": "Cluster 0: Coastal/Lowland Urban", "top_positive_driver": "mean_ndbi", "top_positive_shap": 0.043660845401552482, "top_negative_driver": "mean_lst", "top_negative_shap": -31.295858677183066, "explanation_text": "Low composite risk index — dominated by high NDBI (built-up) (+0.04) and attenuated by low LST (temperature) (-31.30)" }, "geometry": { "type": "Polygon", "coordinates": [ [ [ 72.83, 18.9 ], [ 72.83, 18.91 ], [ 72.82, 18.91 ], [ 72.82, 18.9 ], [ 72.83, 18.9 ] ] ] } },
{ "type": "Feature", "properties": { "cell_id": "r1_c6", "mean_ndvi": -0.14639574948673306, "mean_lst": 30.367878143474002, "mean_ndbi": -0.044439242581593728, "mean_dem": 0.0, "uhi_intensity": -8.6405443865096245, "risk_score": 8.8828215532387471, "sustainability_score": 91.117178446761258, "cluster_id": 0, "cluster": "Cluster 0: Coastal/Lowland Urban", "top_positive_driver": "mean_ndbi", "top_positive_shap": 0.13524174396002336, "top_negative_driver": "mean_lst", "top_negative_shap": -34.738969963024488, "explanation_text": "Low composite risk index — dominated by high NDBI (built-up) (+0.14) and attenuated by low LST (temperature) (-34.74)" }, "geometry": { "type": "Polygon", "coordinates": [ [ [ 72.84, 18.9 ], [ 72.84, 18.91 ], [ 72.83, 18.91 ], [ 72.83, 18.9 ], [ 72.84, 18.9 ] ] ] } },
{ "type": "Feature", "properties": { "cell_id": "r1_c7", "mean_ndvi": -0.15215365215799456, "mean_lst": 30.2456630941703, "mean_ndbi": -0.046312336470836171, "mean_dem": 0.0, "uhi_intensity": -8.7627594358133258, "risk_score": 7.9244947224613869, "sustainability_score": 92.07550527753861, "cluster_id": 0, "cluster": "Cluster 0: Coastal/Lowland Urban", "top_positive_driver": "mean_ndbi", "top_positive_shap": 0.31907503651086278, "top_negative_driver": "mean_lst", "top_negative_shap": -34.962395220738678, "explanation_text": "Low composite risk index — dominated by high NDBI (built-up) (+0.32) and attenuated by low LST (temperature) (-34.96)" }, "geometry": { "type": "Polygon", "coordinates": [ [ [ 72.85, 18.9 ], [ 72.85, 18.91 ], [ 72.84, 18.91 ], [ 72.84, 18.9 ], [ 72.85, 18.9 ] ] ] } },
{ "type": "Feature", "properties": { "cell_id": "r1_c8", "mean_ndvi": -0.14754452711390822, "mean_lst": 30.329236083182785, "mean_ndbi": -0.038686339794225338, "mean_dem": 0.0, "uhi_intensity": -8.6791864468008413, "risk_score": 8.9005055069888623, "sustainability_score": 91.099494493011136, "cluster_id": 0, "cluster": "Cluster 0: Coastal/Lowland Urban", "top_positive_driver": "mean_ndbi", "top_positive_shap": 0.17765125919600611, "top_negative_driver": "mean_lst", "top_negative_shap": -34.787130605326844, "explanation_text": "Low composite risk index — dominated by high NDBI (built-up) (+0.18) and attenuated by low LST (temperature) (-34.79)" }, "geometry": { "type": "Polygon", "coordinates": [ [ [ 72.86, 18.9 ], [ 72.86, 18.91 ], [ 72.85, 18.91 ], [ 72.85, 18.9 ], [ 72.86, 18.9 ] ] ] } },
{ "type": "Feature", "properties": { "cell_id": "r1_c9", "mean_ndvi": -0.14916954676162505, "mean_lst": 30.493037779799078, "mean_ndbi": -0.042561164809710644, "mean_dem": 0.0, "uhi_intensity": -8.5153847501845483, "risk_score": 9.1952695546779406, "sustainability_score": 90.804730445322065, "cluster_id": 0, "cluster": "Cluster 0: Coastal/Lowland Urban", "top_positive_driver": "mean_ndbi", "top_positive_shap": 0.14529058627103913, "top_negative_driver": "mean_lst", "top_negative_shap": -34.747028637453496, "explanation_text": "Low composite risk index — dominated by high NDBI (built-up) (+0.15) and attenuated by low LST (temperature) (-34.75)" }, "geometry": { "type": "Polygon", "coordinates": [ [ [ 72.87, 18.9 ], [ 72.87, 18.91 ], [ 72.86, 18.91 ], [ 72.86, 18.9 ], [ 72.87, 18.9 ] ] ] } },
{ "type": "Feature", "properties": { "cell_id": "r1_c10", "mean_ndvi": -0.14461755884649216, "mean_lst": 30.562334312960843, "mean_ndbi": -0.050250764668695665, "mean_dem": 0.0, "uhi_intensity": -8.4460882170227833, "risk_score": 9.4666988978872375, "sustainability_score": 90.533301102112759, "cluster_id": 0, "cluster": "Cluster 0: Coastal/Lowland Urban", "top_positive_driver": "mean_ndbi", "top_positive_shap": 0.11416117056431313, "top_negative_driver": "mean_lst", "top_negative_shap": -34.701798050635134, "explanation_text": "Low composite risk index — dominated by high NDBI (built-up) (+0.11) and attenuated by low LST (temperature) (-34.70)" }, "geometry": { "type": "Polygon", "coordinates": [ [ [ 72.88, 18.9 ], [ 72.88, 18.91 ], [ 72.87, 18.91 ], [ 72.87, 18.9 ], [ 72.88, 18.9 ] ] ] } },
{ "type": "Feature", "properties": { "cell_id": "r1_c11", "mean_ndvi": -0.15432888707930845, "mean_lst": 30.50324882500626, "mean_ndbi": -0.061584255980232122, "mean_dem": 0.0, "uhi_intensity": -8.5051737049773664, "risk_score": 8.0281742294654421, "sustainability_score": 91.971825770534565, "cluster_id": 0, "cluster": "Cluster 0: Coastal/Lowland Urban", "top_positive_driver": "mean_ndbi", "top_positive_shap": 0.28897430986496914, "top_negative_driver": "mean_lst", "top_negative_shap": -34.923875181200351, "explanation_text": "Low composite risk index — dominated by high NDBI (built-up) (+0.29) and attenuated by low LST (temperature) (-34.92)" }, "geometry": { "type": "Polygon", "coordinates": [ [ [ 72.89, 18.9 ], [ 72.89, 18.91 ], [ 72.88, 18.91 ], [ 72.88, 18.9 ], [ 72.89, 18.9 ] ] ] } },
{ "type": "Feature", "properties": { "cell_id": "r1_c12", "mean_ndvi": -0.15603800687604424, "mean_lst": 30.517619432837165, "mean_ndbi": -0.089792843382389839, "mean_dem": 0.0, "uhi_intensity": -8.4908030971464612, "risk_score": 6.752033970199335, "sustainability_score": 93.247966029800665, "cluster_id": 0, "cluster": "Cluster 0: Coastal/Lowland Urban", "top_positive_driver": "mean_ndbi", "top_positive_shap": 0.31680393865785317, "top_negative_driver": "mean_lst", "top_negative_shap": -35.036782140297561, "explanation_text": "Low composite risk index — dominated by high NDBI (built-up) (+0.32) and attenuated by low LST (temperature) (-35.04)" }, "geometry": { "type": "Polygon", "coordinates": [ [ [ 72.9, 18.9 ], [ 72.9, 18.91 ], [ 72.89, 18.91 ], [ 72.89, 18.9 ], [ 72.9, 18.9 ] ] ] } },
{ "type": "Feature", "properties": { "cell_id": "r1_c13", "mean_ndvi": -0.10232984218933018, "mean_lst": 31.266850863345621, "mean_ndbi": -0.096936764400043549, "mean_dem": 0.092023526395989708, "uhi_intensity": -7.7415716666380057, "risk_score": 13.257800280133539, "sustainability_score": 86.742199719866463, "cluster_id": 0, "cluster": "Cluster 0: Coastal/Lowland Urban", "top_positive_driver": null, "top_positive_shap": 0.0, "top_negative_driver": "mean_lst", "top_negative_shap": -32.751806799659441, "explanation_text": "Low composite risk index — dominated by low LST (temperature) (-32.75)" }, "geometry": { "type": "Polygon", "coordinates": [ [ [ 72.91, 18.9 ], [ 72.91, 18.91 ], [ 72.9, 18.91 ], [ 72.9, 18.9 ], [ 72.91, 18.9 ] ] ] } },
{ "type": "Feature", "properties": { "cell_id": "r1_c14", "mean_ndvi": 0.12354519706710884, "mean_lst": 35.218464673238302, "mean_ndbi": -0.099648940349388468, "mean_dem": 9.0413735352925428, "uhi_intensity": -3.7899578567453247, "risk_score": 44.97304811113618, "sustainability_score": 55.02695188886382, "cluster_id": 3, "cluster": "Cluster 3: Green/Forested", "top_positive_driver": "mean_ndvi", "top_positive_shap": 0.81595170127668859, "top_negative_driver": "mean_dem", "top_negative_shap": -2.4206506755894774, "explanation_text": "Moderate composite risk index — dominated by low NDVI (vegetation) (+0.82) and attenuated by high DEM (elevation) (-2.42)" }, "geometry": { "type": "Polygon", "coordinates": [ [ [ 72.92, 18.9 ], [ 72.92, 18.91 ], [ 72.91, 18.91 ], [ 72.91, 18.9 ], [ 72.92, 18.9 ] ] ] } },
{ "type": "Feature", "properties": { "cell_id": "r1_c15", "mean_ndvi": 0.26722527826761477, "mean_lst": 40.406600325274418, "mean_ndbi": 0.0071742625123795206, "mean_dem": 67.828422506728884, "uhi_intensity": 1.3981777952907919, "risk_score": 81.399819889107206, "sustainability_score": 18.600180110892794, "cluster_id": 2, "cluster": "Cluster 2: Dense Urban Heat", "top_positive_driver": "mean_lst", "top_positive_shap": 18.51017003509774, "top_negative_driver": null, "top_negative_shap": 0.0, "explanation_text": "High composite risk index — dominated by high LST (temperature) (+18.51)" }, "geometry": { "type": "Polygon", "coordinates": [ [ [ 72.93, 18.9 ], [ 72.93, 18.91 ], [ 72.92, 18.91 ], [ 72.92, 18.9 ], [ 72.93, 18.9 ] ] ] } },
{ "type": "Feature", "properties": { "cell_id": "r1_c16", "mean_ndvi": 0.1478993322174123, "mean_lst": 33.797431091293383, "mean_ndbi": -0.16731000049966308, "mean_dem": 0.90429940614363669, "uhi_intensity": -5.2109914386902432, "risk_score": 38.587785277126187, "sustainability_score": 61.412214722873813, "cluster_id": 3, "cluster": "Cluster 3: Green/Forested", "top_positive_driver": "mean_ndvi", "top_positive_shap": 7.2571809869601962, "top_negative_driver": "mean_lst", "top_negative_shap": -19.980139041666739, "explanation_text": "Low composite risk index — dominated by low NDVI (vegetation) (+7.26) and attenuated by low LST (temperature) (-19.98)" }, "geometry": { "type": "Polygon", "coordinates": [ [ [ 72.94, 18.9 ], [ 72.94, 18.91 ], [ 72.93, 18.91 ], [ 72.93, 18.9 ], [ 72.94, 18.9 ] ] ] } },
{ "type": "Feature", "properties": { "cell_id": "r1_c17", "mean_ndvi": 0.12060209339271991, "mean_lst": 38.028665285286181, "mean_ndbi": -0.078009314181635217, "mean_dem": 1.3044113542242257, "uhi_intensity": -0.97975724469744563, "risk_score": 55.376575065103509, "sustainability_score": 44.623424934896491, "cluster_id": 2, "cluster": "Cluster 2: Dense Urban Heat", "top_positive_driver": "mean_lst", "top_positive_shap": 6.1093336004747547, "top_negative_driver": "mean_dem", "top_negative_shap": -2.9573082853818029, "explanation_text": "Moderate composite risk index — dominated by high LST (temperature) (+6.11) and attenuated by high DEM (elevation) (-2.96)" }, "geometry": { "type": "Polygon", "coordinates": [ [ [ 72.95, 18.9 ], [ 72.95, 18.91 ], [ 72.94, 18.91 ], [ 72.94, 18.9 ], [ 72.95, 18.9 ] ] ] } },
{ "type": "Feature", "properties": { "cell_id": "r1_c18", "mean_ndvi": 0.24425068430253438, "mean_lst": 38.230687327062178, "mean_ndbi": -0.11840815482244962, "mean_dem": 1.7060897499793519, "uhi_intensity": -0.77773520292144838, "risk_score": 63.916167169236701, "sustainability_score": 36.083832830763299, "cluster_id": 3, "cluster": "Cluster 3: Green/Forested", "top_positive_driver": "mean_lst", "top_positive_shap": 8.4218279659126942, "top_negative_driver": "mean_dem", "top_negative_shap": -2.7873648106975826, "explanation_text": "Moderate composite risk index — dominated by high LST (temperature) (+8.42) and attenuated by high DEM (elevation) (-2.79)" }, "geometry": { "type": "Polygon", "coordinates": [ [ [ 72.96, 18.9 ], [ 72.96, 18.91 ], [ 72.95, 18.91 ], [ 72.95, 18.9 ], [ 72.96, 18.9 ] ] ] } },
{ "type": "Feature", "properties": { "cell_id": "r1_c19", "mean_ndvi": 0.14915665542210171, "mean_lst": 39.335683820234046, "mean_ndbi": -0.064883245590127411, "mean_dem": 0.35593683778795554, "uhi_intensity": 0.32726129025041928, "risk_score": 62.75340538409074, "sustainability_score": 37.24659461590926, "cluster_id": 2, "cluster": "Cluster 2: Dense Urban Heat", "top_positive_driver": "mean_lst", "top_positive_shap": 14.54782944303779, "top_negative_driver": "mean_dem", "top_negative_shap": -2.384284751917721, "explanation_text": "Moderate composite risk index — dominated by high LST (temperature) (+14.55) and attenuated by high DEM (elevation) (-2.38)" }, "geometry": { "type": "Polygon", "coordinates": [ [ [ 72.97, 18.9 ], [ 72.97, 18.91 ], [ 72.96, 18.91 ], [ 72.96, 18.9 ], [ 72.97, 18.9 ] ] ] } },
{ "type": "Feature", "properties": { "cell_id": "r1_c20", "mean_ndvi": 0.15891156084723582, "mean_lst": 45.012377701242805, "mean_ndbi": 0.065831178562534065, "mean_dem": 1.4690369585526466, "uhi_intensity": 6.0039551712591788, "risk_score": 89.332006132335664, "sustainability_score": 10.667993867664336, "cluster_id": 2, "cluster": "Cluster 2: Dense Urban Heat", "top_positive_driver": "mean_lst", "top_positive_shap": 30.207749512229086, "top_negative_driver": "mean_dem", "top_negative_shap": -0.90941322059847018, "explanation_text": "High composite risk index — dominated by high LST (temperature) (+30.21) and attenuated by high DEM (elevation) (-0.91)" }, "geometry": { "type": "Polygon", "coordinates": [ [ [ 72.980000000000103, 18.9 ], [ 72.980000000000103, 18.91 ], [ 72.97, 18.91 ], [ 72.97, 18.9 ], [ 72.980000000000103, 18.9 ] ] ] } },
{ "type": "Feature", "properties": { "cell_id": "r1_c21", "mean_ndvi": 0.1308791266643054, "mean_lst": 43.666330395180644, "mean_ndbi": 0.018910882060199908, "mean_dem": 1.3277906897258882, "uhi_intensity": 4.6579078651970178, "risk_score": 80.380154422026976, "sustainability_score": 19.619845577973024, "cluster_id": 2, "cluster": "Cluster 2: Dense Urban Heat", "top_positive_driver": "mean_lst", "top_positive_shap": 27.792918403991354, "top_negative_driver": "mean_dem", "top_negative_shap": -1.1291061042469348, "explanation_text": "High composite risk index — dominated by high LST (temperature) (+27.79) and attenuated by high DEM (elevation) (-1.13)" }, "geometry": { "type": "Polygon", "coordinates": [ [ [ 72.99, 18.9 ], [ 72.99, 18.91 ], [ 72.980000000000103, 18.91 ], [ 72.980000000000103, 18.9 ], [ 72.99, 18.9 ] ] ] } },
{ "type": "Feature", "properties": { "cell_id": "r2_c0", "mean_ndvi": -0.14386986883009401, "mean_lst": 30.244134841518438, "mean_ndbi": -0.051247398655248085, "mean_dem": 0.0, "uhi_intensity": -8.7642876884651884, "risk_score": 8.3473429175226865, "sustainability_score": 91.652657082477319, "cluster_id": 0, "cluster": "Cluster 0: Coastal/Lowland Urban", "top_positive_driver": "mean_ndbi", "top_positive_shap": 0.10550719163080091, "top_negative_driver": "mean_lst", "top_negative_shap": -34.708257410398133, "explanation_text": "Low composite risk index — dominated by high NDBI (built-up) (+0.11) and attenuated by low LST (temperature) (-34.71)" }, "geometry": { "type": "Polygon", "coordinates": [ [ [ 72.78, 18.91 ], [ 72.78, 18.92 ], [ 72.77, 18.92 ], [ 72.77, 18.91 ], [ 72.78, 18.91 ] ] ] } },
{ "type": "Feature", "properties": { "cell_id": "r2_c1", "mean_ndvi": -0.15689495415021948, "mean_lst": 30.19959283289786, "mean_ndbi": -0.058485256334072984, "mean_dem": 0.0, "uhi_intensity": -8.8088296970857662, "risk_score": 6.8792817924316978, "sustainability_score": 93.120718207568302, "cluster_id": 0, "cluster": "Cluster 0: Coastal/Lowland Urban", "top_positive_driver": "mean_ndbi", "top_positive_shap": 0.40722583425771786, "top_negative_driver": "mean_lst", "top_negative_shap": -35.061913712468638, "explanation_text": "Low composite risk index — dominated by high NDBI (built-up) (+0.41) and attenuated by low LST (temperature) (-35.06)" }, "geometry": { "type": "Polygon", "coordinates": [ [ [ 72.79, 18.91 ], [ 72.79, 18.92 ], [ 72.78, 18.92 ], [ 72.78, 18.91 ], [ 72.79, 18.91 ] ] ] } },
{ "type": "Feature", "properties": { "cell_id": "r2_c2", "mean_ndvi": -0.15925420801236276, "mean_lst": 30.334067177962428, "mean_ndbi": -0.064109955730333568, "mean_dem": 0.0, "uhi_intensity": -8.6743553520211982, "risk_score": 6.9387807697395427, "sustainability_score": 93.061219230260463, "cluster_id": 0, "cluster": "Cluster 0: Coastal/Lowland Urban", "top_positive_driver": "mean_ndbi", "top_positive_shap": 0.37238972030856954, "top_negative_driver": "mean_lst", "top_negative_shap": -35.064172287095637, "explanation_text": "Low composite risk index — dominated by high NDBI (built-up) (+0.37) and attenuated by low LST (temperature) (-35.06)" }, "geometry": { "type": "Polygon", "coordinates": [ [ [ 72.8, 18.91 ], [ 72.8, 18.92 ], [ 72.79, 18.92 ], [ 72.79, 18.91 ], [ 72.8, 18.91 ] ] ] } },
{ "type": "Feature", "properties": { "cell_id": "r2_c3", "mean_ndvi": -0.09475426821445633, "mean_lst": 32.18277981882661, "mean_ndbi": -0.050796880352425355, "mean_dem": 1.6032335510108806, "uhi_intensity": -6.8256427111570162, "risk_score": 19.123047088152077, "sustainability_score": 80.876952911847923, "cluster_id": 0, "cluster": "Cluster 0: Coastal/Lowland Urban", "top_positive_driver": "mean_ndbi", "top_positive_shap": 0.018314736896151033, "top_negative_driver": "mean_lst", "top_negative_shap": -28.936194483291217, "explanation_text": "Low composite risk index — dominated by high NDBI (built-up) (+0.02) and attenuated by low LST (temperature) (-28.94)" }, "geometry": { "type": "Polygon", "coordinates": [ [ [ 72.81, 18.91 ], [ 72.81, 18.92 ], [ 72.8, 18.92 ], [ 72.8, 18.91 ], [ 72.81, 18.91 ] ] ] } },
{ "type": "Feature", "properties": { "cell_id": "r2_c4", "mean_ndvi": 0.029714052578739807, "mean_lst": 35.353465861752269, "mean_ndbi": -0.051947592554649445, "mean_dem": 4.4631880260328511, "uhi_intensity": -3.6549566682313568, "risk_score": 40.073224383039161, "sustainability_score": 59.926775616960839, "cluster_id": 0, "cluster": "Cluster 0: Coastal/Lowland Urban", "top_positive_driver": "mean_lst", "top_positive_shap": 0.13326534958850325, "top_negative_driver": "mean_ndvi", "top_negative_shap": -6.7636986122409715, "explanation_text": "Moderate composite risk index — dominated by high LST (temperature) (+0.13) and attenuated by high NDVI (vegetation) (-6.76)" }, "geometry": { "type": "Polygon", "coordinates": [ [ [ 72.82, 18.91 ], [ 72.82, 18.92 ], [ 72.81, 18.92 ], [ 72.81, 18.91 ], [ 72.82, 18.91 ] ] ] } },
{ "type": "Feature", "properties": { "cell_id": "r2_c5", "mean_ndvi": 0.10610254277152094, "mean_lst": 38.067160593015927, "mean_ndbi": -0.0028813805238145926, "mean_dem": 8.3391804203294253, "uhi_intensity": -0.94126193696769889, "risk_score": 57.862986326166819, "sustainability_score": 42.137013673833181, "cluster_id": 2, "cluster": "Cluster 2: Dense Urban Heat", "top_positive_driver": "mean_lst", "top_positive_shap": 6.6338632222862737, "top_negative_driver": "mean_dem", "top_negative_shap": -2.4410727991246692, "explanation_text": "Moderate composite risk index — dominated by high LST (temperature) (+6.63) and attenuated by high DEM (elevation) (-2.44)" }, "geometry": { "type": "Polygon", "coordinates": [ [ [ 72.83, 18.91 ], [ 72.83, 18.92 ], [ 72.82, 18.92 ], [ 72.82, 18.91 ], [ 72.83, 18.91 ] ] ] } },
{ "type": "Feature", "properties": { "cell_id": "r2_c6", "mean_ndvi": -0.12039705929379094, "mean_lst": 31.69391157371938, "mean_ndbi": -0.047491775314399236, "mean_dem": 1.2634052151327744, "uhi_intensity": -7.3145109562642467, "risk_score": 15.532966209347897, "sustainability_score": 84.467033790652096, "cluster_id": 0, "cluster": "Cluster 0: Coastal/Lowland Urban", "top_positive_driver": "mean_ndbi", "top_positive_shap": 0.046429221699980212, "top_negative_driver": "mean_lst", "top_negative_shap": -31.200723501645527, "explanation_text": "Low composite risk index — dominated by high NDBI (built-up) (+0.05) and attenuated by low LST (temperature) (-31.20)" }, "geometry": { "type": "Polygon", "coordinates": [ [ [ 72.84, 18.91 ], [ 72.84, 18.92 ], [ 72.83, 18.92 ], [ 72.83, 18.91 ], [ 72.84, 18.91 ] ] ] } },
{ "type": "Feature", "properties": { "cell_id": "r2_c7", "mean_ndvi": -0.14879498270550406, "mean_lst": 30.33578103334877, "mean_ndbi": -0.045636745323606925, "mean_dem": 0.0, "uhi_intensity": -8.6726414966348564, "risk_score": 8.5329603177933375, "sustainability_score": 91.467039682206661, "cluster_id": 0, "cluster": "Cluster 0: Coastal/Lowland Urban", "top_positive_driver": "mean_ndbi", "top_positive_shap": 0.14442927135523476, "top_negative_driver": "mean_lst", "top_negative_shap": -34.767914304746128, "explanation_text": "Low composite risk index — dominated by high NDBI (built-up) (+0.14) and attenuated by low LST (temperature) (-34.77)" }, "geometry": { "type": "Polygon", "coordinates": [ [ [ 72.85, 18.91 ], [ 72.85, 18.92 ], [ 72.84, 18.92 ], [ 72.84, 18.91 ], [ 72.85, 18.91 ] ] ] } },
{ "type": "Feature", "properties": { "cell_id": "r2_c8", "mean_ndvi": -0.15600801676910381, "mean_lst": 30.254883427666126, "mean_ndbi": -0.048034732900401868, "mean_dem": 0.0, "uhi_intensity": -8.7535391023175002, "risk_score": 7.5877274998052986, "sustainability_score": 92.412272500194703, "cluster_id": 0, "cluster": "Cluster 0: Coastal/Lowland Urban", "top_positive_driver": "mean_ndbi", "top_positive_shap": 0.42159462608275983, "top_negative_driver": "mean_lst", "top_negative_shap": -35.087739096233605, "explanation_text": "Low composite risk index — dominated by high NDBI (built-up) (+0.42) and attenuated by low LST (temperature) (-35.09)" }, "geometry": { "type": "Polygon", "coordinates": [ [ [ 72.86, 18.91 ], [ 72.86, 18.92 ], [ 72.85, 18.92 ], [ 72.85, 18.91 ], [ 72.86, 18.91 ] ] ] } },
{ "type": "Feature", "properties": { "cell_id": "r2_c9", "mean_ndvi": -0.15099207502497919, "mean_lst": 30.409007480412921, "mean_ndbi": -0.044975026392920753, "mean_dem": 0.0, "uhi_intensity": -8.5994150495707053, "risk_score": 8.653040376130285, "sustainability_score": 91.346959623869708, "cluster_id": 0, "cluster": "Cluster 0: Coastal/Lowland Urban", "top_positive_driver": "mean_ndbi", "top_positive_shap": 0.16473684495905105, "top_negative_driver": "mean_lst", "top_negative_shap": -34.810460126526642, "explanation_text": "Low composite risk index — dominated by high NDBI (built-up) (+0.16) and attenuated by low LST (temperature) (-34.81)" }, "geometry": { "type": "Polygon", "coordinates": [ [ [ 72.87, 18.91 ], [ 72.87, 18.92 ], [ 72.86, 18.92 ], [ 72.86, 18.91 ], [ 72.87, 18.91 ] ] ] } },
{ "type": "Feature", "properties": { "cell_id": "r2_c10", "mean_ndvi": -0.14496035813145836, "mean_lst": 30.754242941605234, "mean_ndbi": -0.052044187054201059, "mean_dem": 0.0, "uhi_intensity": -8.2541795883783919, "risk_score": 10.048603132784644, "sustainability_score": 89.951396867215351, "cluster_id": 0, "cluster": "Cluster 0: Coastal/Lowland Urban", "top_positive_driver": "mean_ndbi", "top_positive_shap": 0.10415564770907527, "top_negative_driver": "mean_lst", "top_negative_shap": -34.541807754300223, "explanation_text": "Low composite risk index — dominated by high NDBI (built-up) (+0.10) and attenuated by low LST (temperature) (-34.54)" }, "geometry": { "type": "Polygon", "coordinates": [ [ [ 72.88, 18.91 ], [ 72.88, 18.92 ], [ 72.87, 18.92 ], [ 72.87, 18.91 ], [ 72.88, 18.91 ] ] ] } },
{ "type": "Feature", "properties": { "cell_id": "r2_c11", "mean_ndvi": -0.15651432567612561, "mean_lst": 30.415500732062256, "mean_ndbi": -0.066464936329785534, "mean_dem": 0.0, "uhi_intensity": -8.5929217979213703, "risk_score": 7.3401825646846648, "sustainability_score": 92.659817435315333, "cluster_id": 0, "cluster": "Cluster 0: Coastal/Lowland Urban", "top_positive_driver": "mean_ndbi", "top_positive_shap": 0.36004743405410122, "top_negative_driver": "mean_lst", "top_negative_shap": -35.061568857464998, "explanation_text": "Low composite risk index — dominated by high NDBI (built-up) (+0.36) and attenuated by low LST (temperature) (-35.06)" }, "geometry": { "type": "Polygon", "coordinates": [ [ [ 72.89, 18.91 ], [ 72.89, 18.92 ], [ 72.88, 18.92 ], [ 72.88, 18.91 ], [ 72.89, 18.91 ] ] ] } },
{ "type": "Feature", "properties": { "cell_id": "r2_c12", "mean_ndvi": -0.1707663720005731, "mean_lst": 30.573820601740152, "mean_ndbi": -0.13283934263651978, "mean_dem": 0.0, "uhi_intensity": -8.4346019282434739, "risk_score": 3.9940819607449587, "sustainability_score": 96.005918039255036, "cluster_id": 0, "cluster": "Cluster 0: Coastal/Lowland Urban", "top_positive_driver": null, "top_positive_shap": 0.0, "top_negative_driver": "mean_lst", "top_negative_shap": -35.917478878936066, "explanation_text": "Low composite risk index — dominated by low LST (temperature) (-35.92)" }, "geometry": { "type": "Polygon", "coordinates": [ [ [ 72.9, 18.91 ], [ 72.9, 18.92 ], [ 72.89, 18.92 ], [ 72.89, 18.91 ], [ 72.9, 18.91 ] ] ] } },
{ "type": "Feature", "properties": { "cell_id": "r2_c13", "mean_ndvi": -0.14856422108033135, "mean_lst": 30.73338896577226, "mean_ndbi": -0.099071085104806153, "mean_dem": 0.0, "uhi_intensity": -8.2750335642113662, "risk_score": 7.7032726015409629, "sustainability_score": 92.296727398459041, "cluster_id": 0, "cluster": "Cluster 0: Coastal/Lowland Urban", "top_positive_driver": null, "top_positive_shap": 0.0, "top_negative_driver": "mean_lst", "top_negative_shap": -34.570140517084269, "explanation_text": "Low composite risk index — dominated by low LST (temperature) (-34.57)" }, "geometry": { "type": "Polygon", "coordinates": [ [ [ 72.91, 18.91 ], [ 72.91, 18.92 ], [ 72.9, 18.92 ], [ 72.9, 18.91 ], [ 72.91, 18.91 ] ] ] } },
{ "type": "Feature", "properties": { "cell_id": "r2_c14", "mean_ndvi": -0.12134261246794235, "mean_lst": 31.395867745571369, "mean_ndbi": -0.10267376422166442, "mean_dem": 0.0050669902248957717, "uhi_intensity": -7.6125547844122572, "risk_score": 12.007979878084708, "sustainability_score": 87.992020121915289, "cluster_id": 0, "cluster": "Cluster 0: Coastal/Lowland Urban", "top_positive_driver": null, "top_positive_shap": 0.0, "top_negative_driver": "mean_lst", "top_negative_shap": -32.985286878610836, "explanation_text": "Low composite risk index — dominated by low LST (temperature) (-32.99)" }, "geometry": { "type": "Polygon", "coordinates": [ [ [ 72.92, 18.91 ], [ 72.92, 18.92 ], [ 72.91, 18.92 ], [ 72.91, 18.91 ], [ 72.92, 18.91 ] ] ] } },
{ "type": "Feature", "properties": { "cell_id": "r2_c15", "mean_ndvi": -0.060697421440365669, "mean_lst": 32.327715327591577, "mean_ndbi": -0.10848914903299431, "mean_dem": 0.6921383325358319, "uhi_intensity": -6.6807072023920497, "risk_score": 19.778804705851591, "sustainability_score": 80.221195294148401, "cluster_id": 0, "cluster": "Cluster 0: Coastal/Lowland Urban", "top_positive_driver": null, "top_positive_shap": 0.0, "top_negative_driver": "mean_lst", "top_negative_shap": -28.210253352903209, "explanation_text": "Low composite risk index — dominated by low LST (temperature) (-28.21)" }, "geometry": { "type": "Polygon", "coordinates": [ [ [ 72.93, 18.91 ], [ 72.93, 18.92 ], [ 72.92, 18.92 ], [ 72.92, 18.91 ], [ 72.93, 18.91 ] ] ] } },
{ "type": "Feature", "properties": { "cell_id": "r2_c16", "mean_ndvi": -0.10685889050741866, "mean_lst": 31.075680197485884, "mean_ndbi": -0.11625449061666678, "mean_dem": 0.0, "uhi_intensity": -7.9327423324977424, "risk_score": 11.404962935488454, "sustainability_score": 88.595037064511544, "cluster_id": 0, "cluster": "Cluster 0: Coastal/Lowland Urban", "top_positive_driver": null, "top_positive_shap": 0.0, "top_negative_driver": "mean_lst", "top_negative_shap": -33.337727407589519, "explanation_text": "Low composite risk index — dominated by low LST (temperature) (-33.34)" }, "geometry": { "type": "Polygon", "coordinates": [ [ [ 72.94, 18.91 ], [ 72.94, 18.92 ], [ 72.93, 18.92 ], [ 72.93, 18.91 ], [ 72.94, 18.91 ] ] ] } },
{ "type": "Feature", "properties": { "cell_id": "r2_c17", "mean_ndvi": -0.067823132189240964, "mean_lst": 31.821878965823025, "mean_ndbi": -0.13942865210907587, "mean_dem": 0.17362202930252751, "uhi_intensity": -7.1865435641606012, "risk_score": 16.094419604787124, "sustainability_score": 83.90558039521288, "cluster_id": 0, "cluster": "Cluster 0: Coastal/Lowland Urban", "top_positive_driver": null, "top_positive_shap": 0.0, "top_negative_driver": "mean_lst", "top_negative_shap": -30.883575334435989, "explanation_text": "Low composite risk index — dominated by low LST (temperature) (-30.88)" }, "geometry": { "type": "Polygon", "coordinates": [ [ [ 72.95, 18.91 ], [ 72.95, 18.92 ], [ 72.94, 18.92 ], [ 72.94, 18.91 ], [ 72.95, 18.91 ] ] ] } },
{ "type": "Feature", "properties": { "cell_id": "r2_c18", "mean_ndvi": 0.054256543062160212, "mean_lst": 33.567436056252575, "mean_ndbi": -0.17526500994830402, "mean_dem": 0.040221341261975616, "uhi_intensity": -5.4409864737310514, "risk_score": 30.189374449967225, "sustainability_score": 69.810625550032768, "cluster_id": 0, "cluster": "Cluster 0: Coastal/Lowland Urban", "top_positive_driver": "mean_ndvi", "top_positive_shap": 1.4059992783996906, "top_negative_driver": "mean_lst", "top_negative_shap": -20.239068693495415, "explanation_text": "Low composite risk index — dominated by low NDVI (vegetation) (+1.41) and attenuated by low LST (temperature) (-20.24)" }, "geometry": { "type": "Polygon", "coordinates": [ [ [ 72.96, 18.91 ], [ 72.96, 18.92 ], [ 72.95, 18.92 ], [ 72.95, 18.91 ], [ 72.96, 18.91 ] ] ] } },
{ "type": "Feature", "properties": { "cell_id": "r2_c19", "mean_ndvi": 0.25498772864568059, "mean_lst": 37.616599826505762, "mean_ndbi": -0.14444972567288092, "mean_dem": 1.1503150135575486, "uhi_intensity": -1.3918227034778639, "risk_score": 61.426629253976806, "sustainability_score": 38.573370746023194, "cluster_id": 3, "cluster": "Cluster 3: Green/Forested", "top_positive_driver": "mean_ndvi", "top_positive_shap": 5.9732803851242453, "top_negative_driver": "mean_dem", "top_negative_shap": -2.5840030889026577, "explanation_text": "Moderate composite risk index — dominated by low NDVI (vegetation) (+5.97) and attenuated by high DEM (elevation) (-2.58)" }, "geometry": { "type": "Polygon", "coordinates": [ [ [ 72.97, 18.91 ], [ 72.97, 18.92 ], [ 72.96, 18.92 ], [ 72.96, 18.91 ], [ 72.97, 18.91 ] ] ] } },
{ "type": "Feature", "properties": { "cell_id": "r2_c20", "mean_ndvi": 0.061267237706025192, "mean_lst": 45.99020235194179, "mean_ndbi": 0.060314155631541196, "mean_dem": 1.675234124000277, "uhi_intensity": 6.9817798219581633, "risk_score": 85.078496491894612, "sustainability_score": 14.921503508105388, "cluster_id": 2, "cluster": "Cluster 2: Dense Urban Heat", "top_positive_driver": "mean_lst", "top_positive_shap": 31.771887722686159, "top_negative_driver": "mean_dem", "top_negative_shap": -0.99119910424434277, "explanation_text": "High composite risk index — dominated by high LST (temperature) (+31.77) and attenuated by high DEM (elevation) (-0.99)" }, "geometry": { "type": "Polygon", "coordinates": [ [ [ 72.980000000000103, 18.91 ], [ 72.980000000000103, 18.92 ], [ 72.97, 18.92 ], [ 72.97, 18.91 ], [ 72.980000000000103, 18.91 ] ] ] } },
{ "type": "Feature", "properties": { "cell_id": "r2_c21", "mean_ndvi": 0.12675746579216376, "mean_lst": 44.051029412378092, "mean_ndbi": 0.0079891402681713276, "mean_dem": -0.24595837036024421, "uhi_intensity": 5.0426068823944661, "risk_score": 80.909060646404797, "sustainability_score": 19.090939353595203, "cluster_id": 2, "cluster": "Cluster 2: Dense Urban Heat", "top_positive_driver": "mean_lst", "top_positive_shap": 28.274456127933881, "top_negative_driver": "mean_dem", "top_negative_shap": -1.3466938726182858, "explanation_text": "High composite risk index — dominated by high LST (temperature) (+28.27) and attenuated by high DEM (elevation) (-1.35)" }, "geometry": { "type": "Polygon", "coordinates": [ [ [ 72.99, 18.91 ], [ 72.99, 18.92 ], [ 72.980000000000103, 18.92 ], [ 72.980000000000103, 18.91 ], [ 72.99, 18.91 ] ] ] } },
{ "type": "Feature", "properties": { "cell_id": "r3_c0", "mean_ndvi": -0.14227727148253463, "mean_lst": 30.428969629145609, "mean_ndbi": -0.050192170408633316, "mean_dem": 0.0, "uhi_intensity": -8.5794529008380174, "risk_score": 9.1737322879905498, "sustainability_score": 90.826267712009454, "cluster_id": 0, "cluster": "Cluster 0: Coastal/Lowland Urban", "top_positive_driver": "mean_ndbi", "top_positive_shap": 0.076817775530490615, "top_negative_driver": "mean_lst", "top_negative_shap": -34.624912315306297, "explanation_text": "Low composite risk index — dominated by high NDBI (built-up) (+0.08) and attenuated by low LST (temperature) (-34.62)" }, "geometry": { "type": "Polygon", "coordinates": [ [ [ 72.78, 18.92 ], [ 72.78, 18.93 ], [ 72.77, 18.93 ], [ 72.77, 18.92 ], [ 72.78, 18.92 ] ] ] } },
{ "type": "Feature", "properties": { "cell_id": "r3_c1", "mean_ndvi": -0.1558653520961191, "mean_lst": 30.428251447569561, "mean_ndbi": -0.056116724336797583, "mean_dem": 0.0, "uhi_intensity": -8.5801710824140649, "risk_score": 7.8742873390651269, "sustainability_score": 92.12571266093488, "cluster_id": 0, "cluster": "Cluster 0: Coastal/Lowland Urban", "top_positive_driver": "mean_ndbi", "top_positive_shap": 0.38213081646867009, "top_negative_driver": "mean_lst", "top_negative_shap": -35.038545954471445, "explanation_text": "Low composite risk index — dominated by high NDBI (built-up) (+0.38) and attenuated by low LST (temperature) (-35.04)" }, "geometry": { "type": "Polygon", "coordinates": [ [ [ 72.79, 18.92 ], [ 72.79, 18.93 ], [ 72.78, 18.93 ], [ 72.78, 18.92 ], [ 72.79, 18.92 ] ] ] } },
{ "type": "Feature", "properties": { "cell_id": "r3_c2", "mean_ndvi": -0.150453755402395, "mean_lst": 30.555386803583815, "mean_ndbi": -0.054922287372758588, "mean_dem": 0.0, "uhi_intensity": -8.4530357263998113, "risk_score": 8.7947374337771258, "sustainability_score": 91.205262566222871, "cluster_id": 0, "cluster": "Cluster 0: Coastal/Lowland Urban", "top_positive_driver": "mean_ndbi", "top_positive_shap": 0.13203856383708809, "top_negative_driver": "mean_lst", "top_negative_shap": -34.763319421647047, "explanation_text": "Low composite risk index — dominated by high NDBI (built-up) (+0.13) and attenuated by low LST (temperature) (-34.76)" }, "geometry": { "type": "Polygon", "coordinates": [ [ [ 72.8, 18.92 ], [ 72.8, 18.93 ], [ 72.79, 18.93 ], [ 72.79, 18.92 ], [ 72.8, 18.92 ] ] ] } },
{ "type": "Feature", "properties": { "cell_id": "r3_c3", "mean_ndvi": -0.14519060231876135, "mean_lst": 30.634979016360365, "mean_ndbi": -0.050820277135870215, "mean_dem": 0.0, "uhi_intensity": -8.3734435136232612, "risk_score": 9.6574937189144734, "sustainability_score": 90.34250628108552, "cluster_id": 0, "cluster": "Cluster 0: Coastal/Lowland Urban", "top_positive_driver": "mean_ndbi", "top_positive_shap": 0.11416117056431313, "top_negative_driver": "mean_lst", "top_negative_shap": -34.644321694408319, "explanation_text": "Low composite risk index — dominated by high NDBI (built-up) (+0.11) and attenuated by low LST (temperature) (-34.64)" }, "geometry": { "type": "Polygon", "coordinates": [ [ [ 72.81, 18.92 ], [ 72.81, 18.93 ], [ 72.8, 18.93 ], [ 72.8, 18.92 ], [ 72.81, 18.92 ] ] ] } },
{ "type": "Feature", "properties": { "cell_id": "r3_c4", "mean_ndvi": -0.12418589675396104, "mean_lst": 31.151187685877002, "mean_ndbi": -0.045404747767584616, "mean_dem": 0.37535994531394595, "uhi_intensity": -7.8572348441066246, "risk_score": 13.359234323812681, "sustainability_score": 86.640765676187314, "cluster_id": 0, "cluster": "Cluster 0: Coastal/Lowland Urban", "top_positive_driver": "mean_ndbi", "top_positive_shap": 0.028400574725382342, "top_negative_driver": "mean_lst", "top_negative_shap": -33.131857505434233, "explanation_text": "Low composite risk index — dominated by high NDBI (built-up) (+0.03) and attenuated by low LST (temperature) (-33.13)" }, "geometry": { "type": "Polygon", "coordinates": [ [ [ 72.82, 18.92 ], [ 72.82, 18.93 ], [ 72.81, 18.93 ], [ 72.81, 18.92 ], [ 72.82, 18.92 ] ] ] } },
{ "type": "Feature", "properties": { "cell_id": "r3_c5", "mean_ndvi": 0.11418311093262914, "mean_lst": 38.957085619892062, "mean_ndbi": -0.021440047641876403, "mean_dem": 11.892650217343018, "uhi_intensity": -0.051336910091563936, "risk_score": 61.012910211658308, "sustainability_score": 38.987089788341692, "cluster_id": 2, "cluster": "Cluster 2: Dense Urban Heat", "top_positive_driver": "mean_lst", "top_positive_shap": 13.831683767720444, "top_negative_driver": "mean_dem", "top_negative_shap": -1.8510767737261542, "explanation_text": "Moderate composite risk index — dominated by high LST (temperature) (+13.83) and attenuated by high DEM (elevation) (-1.85)" }, "geometry": { "type": "Polygon", "coordinates": [ [ [ 72.83, 18.92 ], [ 72.83, 18.93 ], [ 72.82, 18.93 ], [ 72.82, 18.92 ], [ 72.83, 18.92 ] ] ] } },
{ "type": "Feature", "properties": { "cell_id": "r3_c6", "mean_ndvi": 0.05818436984753278, "mean_lst": 39.90693814340203, "mean_ndbi": -0.0020991713778180676, "mean_dem": 8.7758364375790379, "uhi_intensity": 0.8985156134184038, "risk_score": 60.786147783394419, "sustainability_score": 39.213852216605581, "cluster_id": 2, "cluster": "Cluster 2: Dense Urban Heat", "top_positive_driver": "mean_lst", "top_positive_shap": 16.008085110577586, "top_negative_driver": "mean_dem", "top_negative_shap": -1.8863136605922102, "explanation_text": "Moderate composite risk index — dominated by high LST (temperature) (+16.01) and attenuated by high DEM (elevation) (-1.89)" }, "geometry": { "type": "Polygon", "coordinates": [ [ [ 72.84, 18.92 ], [ 72.84, 18.93 ], [ 72.83, 18.93 ], [ 72.83, 18.92 ], [ 72.84, 18.92 ] ] ] } },
{ "type": "Feature", "properties": { "cell_id": "r3_c7", "mean_ndvi": -0.14143155601832771, "mean_lst": 31.186752732968593, "mean_ndbi": -0.060494897599410673, "mean_dem": 0.83865289637533003, "uhi_intensity": -7.8216697970150335, "risk_score": 11.537574326140893, "sustainability_score": 88.462425673859101, "cluster_id": 0, "cluster": "Cluster 0: Coastal/Lowland Urban", "top_positive_driver": null, "top_positive_shap": 0.0, "top_negative_driver": "mean_lst", "top_negative_shap": -32.910138690035595, "explanation_text": "Low composite risk index — dominated by low LST (temperature) (-32.91)" }, "geometry": { "type": "Polygon", "coordinates": [ [ [ 72.85, 18.92 ], [ 72.85, 18.93 ], [ 72.84, 18.93 ], [ 72.84, 18.92 ], [ 72.85, 18.92 ] ] ] } },
{ "type": "Feature", "properties": { "cell_id": "r3_c8", "mean_ndvi": -0.16388822290170177, "mean_lst": 30.017884476552069, "mean_ndbi": -0.065040716002303364, "mean_dem": 0.0, "uhi_intensity": -8.9905380534315569, "risk_score": 5.4152389032389951, "sustainability_score": 94.584761096761, "cluster_id": 0, "cluster": "Cluster 0: Coastal/Lowland Urban", "top_positive_driver": "mean_ndbi", "top_positive_shap": 0.37453994057940432, "top_negative_driver": "mean_lst", "top_negative_shap": -35.068400114843477, "explanation_text": "Low composite risk index — dominated by high NDBI (built-up) (+0.37) and attenuated by low LST (temperature) (-35.07)" }, "geometry": { "type": "Polygon", "coordinates": [ [ [ 72.86, 18.92 ], [ 72.86, 18.93 ], [ 72.85, 18.93 ], [ 72.85, 18.92 ], [ 72.86, 18.92 ] ] ] } },
{ "type": "Feature", "properties": { "cell_id": "r3_c9", "mean_ndvi": -0.16196719574574167, "mean_lst": 30.372638507779484, "mean_ndbi": -0.062501310500568244, "mean_dem": 0.0, "uhi_intensity": -8.6357840222041418, "risk_score": 6.935726870839015, "sustainability_score": 93.064273129160981, "cluster_id": 0, "cluster": "Cluster 0: Coastal/Lowland Urban", "top_positive_driver": "mean_ndbi", "top_positive_shap": 0.38444666674220307, "top_negative_driver": "mean_lst", "top_negative_shap": -35.070695581082155, "explanation_text": "Low composite risk index — dominated by high NDBI (built-up) (+0.38) and attenuated by low LST (temperature) (-35.07)" }, "geometry": { "type": "Polygon", "coordinates": [ [ [ 72.87, 18.92 ], [ 72.87, 18.93 ], [ 72.86, 18.93 ], [ 72.86, 18.92 ], [ 72.87, 18.92 ] ] ] } },
{ "type": "Feature", "properties": { "cell_id": "r3_c10", "mean_ndvi": -0.15735748378207531, "mean_lst": 30.484077845756264, "mean_ndbi": -0.053640752119856763, "mean_dem": 0.0, "uhi_intensity": -8.524344684227362, "risk_score": 8.0634866215090657, "sustainability_score": 91.936513378490929, "cluster_id": 0, "cluster": "Cluster 0: Coastal/Lowland Urban", "top_positive_driver": "mean_ndbi", "top_positive_shap": 0.41801630654290067, "top_negative_driver": "mean_lst", "top_negative_shap": -35.070796289261402, "explanation_text": "Low composite risk index — dominated by high NDBI (built-up) (+0.42) and attenuated by low LST (temperature) (-35.07)" }, "geometry": { "type": "Polygon", "coordinates": [ [ [ 72.88, 18.92 ], [ 72.88, 18.93 ], [ 72.87, 18.93 ], [ 72.87, 18.92 ], [ 72.88, 18.92 ] ] ] } },
{ "type": "Feature", "properties": { "cell_id": "r3_c11", "mean_ndvi": -0.15529987159055383, "mean_lst": 30.491425783224244, "mean_ndbi": -0.068753373611888075, "mean_dem": 0.0, "uhi_intensity": -8.5169967467593821, "risk_score": 7.6073676871472911, "sustainability_score": 92.392632312852712, "cluster_id": 0, "cluster": "Cluster 0: Coastal/Lowland Urban", "top_positive_driver": "mean_ndbi", "top_positive_shap": 0.29435696084184448, "top_negative_driver": "mean_lst", "top_negative_shap": -34.984490905546629, "explanation_text": "Low composite risk index — dominated by high NDBI (built-up) (+0.29) and attenuated by low LST (temperature) (-34.98)" }, "geometry": { "type": "Polygon", "coordinates": [ [ [ 72.89, 18.92 ], [ 72.89, 18.93 ], [ 72.88, 18.93 ], [ 72.88, 18.92 ], [ 72.89, 18.92 ] ] ] } },
{ "type": "Feature", "properties": { "cell_id": "r3_c12", "mean_ndvi": -0.16715477247895602, "mean_lst": 30.499341246894204, "mean_ndbi": -0.1064754544434635, "mean_dem": 0.0, "uhi_intensity": -8.5090812830894222, "risk_score": 5.1240943766421978, "sustainability_score": 94.875905623357795, "cluster_id": 0, "cluster": "Cluster 0: Coastal/Lowland Urban", "top_positive_driver": null, "top_positive_shap": 0.0, "top_negative_driver": "mean_lst", "top_negative_shap": -35.594720358794063, "explanation_text": "Low composite risk index — dominated by low LST (temperature) (-35.59)" }, "geometry": { "type": "Polygon", "coordinates": [ [ [ 72.9, 18.92 ], [ 72.9, 18.93 ], [ 72.89, 18.93 ], [ 72.89, 18.92 ], [ 72.9, 18.92 ] ] ] } },
{ "type": "Feature", "properties": { "cell_id": "r3_c13", "mean_ndvi": -0.15778900330311804, "mean_lst": 30.632136604235356, "mean_ndbi": -0.10277854472798821, "mean_dem": 0.0, "uhi_intensity": -8.3762859257482702, "risk_score": 6.4751235284744597, "sustainability_score": 93.524876471525545, "cluster_id": 0, "cluster": "Cluster 0: Coastal/Lowland Urban", "top_positive_driver": "mean_ndbi", "top_positive_shap": 0.093839916353818206, "top_negative_driver": "mean_lst", "top_negative_shap": -35.163013978130365, "explanation_text": "Low composite risk index — dominated by high NDBI (built-up) (+0.09) and attenuated by low LST (temperature) (-35.16)" }, "geometry": { "type": "Polygon", "coordinates": [ [ [ 72.91, 18.92 ], [ 72.91, 18.93 ], [ 72.9, 18.93 ], [ 72.9, 18.92 ], [ 72.91, 18.92 ] ] ] } },
{ "type": "Feature", "properties": { "cell_id": "r3_c14", "mean_ndvi": -0.1601564890438763, "mean_lst": 30.710975515981453, "mean_ndbi": -0.076180115950514146, "mean_dem": 0.0, "uhi_intensity": -8.2974470140021737, "risk_score": 7.7016428687942398, "sustainability_score": 92.298357131205762, "cluster_id": 0, "cluster": "Cluster 0: Coastal/Lowland Urban", "top_positive_driver": "mean_ndbi", "top_positive_shap": 0.36046300809914217, "top_negative_driver": "mean_lst", "top_negative_shap": -35.010108891208397, "explanation_text": "Low composite risk index — dominated by high NDBI (built-up) (+0.36) and attenuated by low LST (temperature) (-35.01)" }, "geometry": { "type": "Polygon", "coordinates": [ [ [ 72.92, 18.92 ], [ 72.92, 18.93 ], [ 72.91, 18.93 ], [ 72.91, 18.92 ], [ 72.92, 18.92 ] ] ] } },
{ "type": "Feature", "properties": { "cell_id": "r3_c15", "mean_ndvi": -0.1338618009301657, "mean_lst": 31.20879822695322, "mean_ndbi": -0.082994451025207527, "mean_dem": 0.0, "uhi_intensity": -7.7996243030304058, "risk_score": 11.211524937283091, "sustainability_score": 88.788475062716913, "cluster_id": 0, "cluster": "Cluster 0: Coastal/Lowland Urban", "top_positive_driver": null, "top_positive_shap": 0.0, "top_negative_driver": "mean_lst", "top_negative_shap": -33.094031011292998, "explanation_text": "Low composite risk index — dominated by low LST (temperature) (-33.09)" }, "geometry": { "type": "Polygon", "coordinates": [ [ [ 72.93, 18.92 ], [ 72.93, 18.93 ], [ 72.92, 18.93 ], [ 72.92, 18.92 ], [ 72.93, 18.92 ] ] ] } },
{ "type": "Feature", "properties": { "cell_id": "r3_c16", "mean_ndvi": -0.090940664748384734, "mean_lst": 32.780717319094059, "mean_ndbi": -0.085354046470776615, "mean_dem": 0.0, "uhi_intensity": -6.2277052108895674, "risk_score": 20.019860997996886, "sustainability_score": 79.980139002003114, "cluster_id": 0, "cluster": "Cluster 0: Coastal/Lowland Urban", "top_positive_driver": null, "top_positive_shap": 0.0, "top_negative_driver": "mean_lst", "top_negative_shap": -21.424593640100408, "explanation_text": "Low composite risk index — dominated by low LST (temperature) (-21.42)" }, "geometry": { "type": "Polygon", "coordinates": [ [ [ 72.94, 18.92 ], [ 72.94, 18.93 ], [ 72.93, 18.93 ], [ 72.93, 18.92 ], [ 72.94, 18.92 ] ] ] } },
{ "type": "Feature", "properties": { "cell_id": "r3_c17", "mean_ndvi": -0.087736618210566122, "mean_lst": 31.639141910100872, "mean_ndbi": -0.1275770138404749, "mean_dem": 0.0, "uhi_intensity": -7.3692806198827547, "risk_score": 14.405805417880627, "sustainability_score": 85.594194582119371, "cluster_id": 0, "cluster": "Cluster 0: Coastal/Lowland Urban", "top_positive_driver": null, "top_positive_shap": 0.0, "top_negative_driver": "mean_lst", "top_negative_shap": -31.444690667588659, "explanation_text": "Low composite risk index — dominated by low LST (temperature) (-31.44)" }, "geometry": { "type": "Polygon", "coordinates": [ [ [ 72.95, 18.92 ], [ 72.95, 18.93 ], [ 72.94, 18.93 ], [ 72.94, 18.92 ], [ 72.95, 18.92 ] ] ] } },
{ "type": "Feature", "properties": { "cell_id": "r3_c18", "mean_ndvi": 0.051156791268683659, "mean_lst": 38.199753326872141, "mean_ndbi": -0.070267379738853733, "mean_dem": 1.9172929761257191, "uhi_intensity": -0.80866920311148505, "risk_score": 50.994822611457103, "sustainability_score": 49.005177388542897, "cluster_id": 2, "cluster": "Cluster 2: Dense Urban Heat", "top_positive_driver": "mean_lst", "top_positive_shap": 6.7607673760426392, "top_negative_driver": "mean_ndvi", "top_negative_shap": -3.4886220650680806, "explanation_text": "Moderate composite risk index — dominated by high LST (temperature) (+6.76) and attenuated by high NDVI (vegetation) (-3.49)" }, "geometry": { "type": "Polygon", "coordinates": [ [ [ 72.96, 18.92 ], [ 72.96, 18.93 ], [ 72.95, 18.93 ], [ 72.95, 18.92 ], [ 72.96, 18.92 ] ] ] } },
{ "type": "Feature", "properties": { "cell_id": "r3_c19", "mean_ndvi": 0.072515651239102585, "mean_lst": 44.692180826669585, "mean_ndbi": 0.0036361098785386791, "mean_dem": 2.4500959856904436, "uhi_intensity": 5.6837582966859586, "risk_score": 78.943721019201789, "sustainability_score": 21.056278980798211, "cluster_id": 2, "cluster": "Cluster 2: Dense Urban Heat", "top_positive_driver": "mean_lst", "top_positive_shap": 29.217266536111204, "top_negative_driver": "mean_dem", "top_negative_shap": -1.1389001539923962, "explanation_text": "High composite risk index — dominated by high LST (temperature) (+29.22) and attenuated by high DEM (elevation) (-1.14)" }, "geometry": { "type": "Polygon", "coordinates": [ [ [ 72.97, 18.92 ], [ 72.97, 18.93 ], [ 72.96, 18.93 ], [ 72.96, 18.92 ], [ 72.97, 18.92 ] ] ] } },
{ "type": "Feature", "properties": { "cell_id": "r3_c20", "mean_ndvi": 0.14245992011079345, "mean_lst": 43.121351190476673, "mean_ndbi": -0.013718500608383892, "mean_dem": 1.6021151030778078, "uhi_intensity": 4.1129286604930471, "risk_score": 77.95575279607587, "sustainability_score": 22.04424720392413, "cluster_id": 2, "cluster": "Cluster 2: Dense Urban Heat", "top_positive_driver": "mean_lst", "top_positive_shap": 26.05897673586821, "top_negative_driver": "mean_dem", "top_negative_shap": -1.1700166337227578, "explanation_text": "High composite risk index — dominated by high LST (temperature) (+26.06) and attenuated by high DEM (elevation) (-1.17)" }, "geometry": { "type": "Polygon", "coordinates": [ [ [ 72.980000000000103, 18.92 ], [ 72.980000000000103, 18.93 ], [ 72.97, 18.93 ], [ 72.97, 18.92 ], [ 72.980000000000103, 18.92 ] ] ] } },
{ "type": "Feature", "properties": { "cell_id": "r3_c21", "mean_ndvi": 0.2740181728009668, "mean_lst": 37.920917795181936, "mean_ndbi": -0.16887413416532213, "mean_dem": 0.012184771029980548, "uhi_intensity": -1.0875047348016906, "risk_score": 62.895593831091468, "sustainability_score": 37.104406168908532, "cluster_id": 3, "cluster": "Cluster 3: Green/Forested", "top_positive_driver": "mean_lst", "top_positive_shap": 7.1080321553241594, "top_negative_driver": "mean_dem", "top_negative_shap": -3.237261908143708, "explanation_text": "Moderate composite risk index — dominated by high LST (temperature) (+7.11) and attenuated by high DEM (elevation) (-3.24)" }, "geometry": { "type": "Polygon", "coordinates": [ [ [ 72.99, 18.92 ], [ 72.99, 18.93 ], [ 72.980000000000103, 18.93 ], [ 72.980000000000103, 18.92 ], [ 72.99, 18.92 ] ] ] } },
{ "type": "Feature", "properties": { "cell_id": "r4_c0", "mean_ndvi": -0.14172002724680036, "mean_lst": 30.48448691481687, "mean_ndbi": -0.047123234000729916, "mean_dem": 0.0, "uhi_intensity": -8.5239356151667565, "risk_score": 9.5446846240691698, "sustainability_score": 90.455315375930837, "cluster_id": 0, "cluster": "Cluster 0: Coastal/Lowland Urban", "top_positive_driver": "mean_ndbi", "top_positive_shap": 0.086733373501561725, "top_negative_driver": "mean_lst", "top_negative_shap": -34.607777416447057, "explanation_text": "Low composite risk index — dominated by high NDBI (built-up) (+0.09) and attenuated by low LST (temperature) (-34.61)" }, "geometry": { "type": "Polygon", "coordinates": [ [ [ 72.78, 18.93 ], [ 72.78, 18.94 ], [ 72.77, 18.94 ], [ 72.77, 18.93 ], [ 72.78, 18.93 ] ] ] } },
{ "type": "Feature", "properties": { "cell_id": "r4_c1", "mean_ndvi": -0.1501166142052581, "mean_lst": 30.629317737975811, "mean_ndbi": -0.051732206395213386, "mean_dem": 0.0, "uhi_intensity": -8.3791047920078157, "risk_score": 9.2195466278218348, "sustainability_score": 90.780453372178158, "cluster_id": 0, "cluster": "Cluster 0: Coastal/Lowland Urban", "top_positive_driver": "mean_ndbi", "top_positive_shap": 0.11848620195484308, "top_negative_driver": "mean_lst", "top_negative_shap": -34.702849476294482, "explanation_text": "Low composite risk index — dominated by high NDBI (built-up) (+0.12) and attenuated by low LST (temperature) (-34.70)" }, "geometry": { "type": "Polygon", "coordinates": [ [ [ 72.79, 18.93 ], [ 72.79, 18.94 ], [ 72.78, 18.94 ], [ 72.78, 18.93 ], [ 72.79, 18.93 ] ] ] } },
{ "type": "Feature", "properties": { "cell_id": "r4_c2", "mean_ndvi": -0.13418317640425961, "mean_lst": 30.995602726317166, "mean_ndbi": -0.049565066705030733, "mean_dem": 0.28001743112994681, "uhi_intensity": -8.01281980366646, "risk_score": 11.854899263758403, "sustainability_score": 88.145100736241602, "cluster_id": 0, "cluster": "Cluster 0: Coastal/Lowland Urban", "top_positive_driver": "mean_ndbi", "top_positive_shap": 0.024102108946645176, "top_negative_driver": "mean_lst", "top_negative_shap": -33.495090360689261, "explanation_text": "Low composite risk index — dominated by high NDBI (built-up) (+0.02) and attenuated by low LST (temperature) (-33.50)" }, "geometry": { "type": "Polygon", "coordinates": [ [ [ 72.8, 18.93 ], [ 72.8, 18.94 ], [ 72.79, 18.94 ], [ 72.79, 18.93 ], [ 72.8, 18.93 ] ] ] } },
{ "type": "Feature", "properties": { "cell_id": "r4_c3", "mean_ndvi": -0.12771322307326707, "mean_lst": 30.78061502794699, "mean_ndbi": -0.04077011777585493, "mean_dem": 0.0, "uhi_intensity": -8.2278075020366366, "risk_score": 11.947905323275746, "sustainability_score": 88.052094676724252, "cluster_id": 0, "cluster": "Cluster 0: Coastal/Lowland Urban", "top_positive_driver": "mean_ndbi", "top_positive_shap": 0.1164433760755532, "top_negative_driver": "mean_lst", "top_negative_shap": -34.186649373409111, "explanation_text": "Low composite risk index — dominated by high NDBI (built-up) (+0.12) and attenuated by low LST (temperature) (-34.19)" }, "geometry": { "type": "Polygon", "coordinates": [ [ [ 72.81, 18.93 ], [ 72.81, 18.94 ], [ 72.8, 18.94 ], [ 72.8, 18.93 ], [ 72.81, 18.93 ] ] ] } },
{ "type": "Feature", "properties": { "cell_id": "r4_c4", "mean_ndvi": -0.12342433527204617, "mean_lst": 31.044489701278959, "mean_ndbi": -0.040651442276178285, "mean_dem": 0.0, "uhi_intensity": -7.9639328287046673, "risk_score": 13.223937937603983, "sustainability_score": 86.776062062396022, "cluster_id": 0, "cluster": "Cluster 0: Coastal/Lowland Urban", "top_positive_driver": "mean_ndbi", "top_positive_shap": 0.060058811364521174, "top_negative_driver": "mean_lst", "top_negative_shap": -33.459510566659311, "explanation_text": "Low composite risk index — dominated by high NDBI (built-up) (+0.06) and attenuated by low LST (temperature) (-33.46)" }, "geometry": { "type": "Polygon", "coordinates": [ [ [ 72.82, 18.93 ], [ 72.82, 18.94 ], [ 72.81, 18.94 ], [ 72.81, 18.93 ], [ 72.82, 18.93 ] ] ] } },
{ "type": "Feature", "properties": { "cell_id": "r4_c5", "mean_ndvi": 0.060420497177315027, "mean_lst": 38.182679501310226, "mean_ndbi": -0.010550942972443172, "mean_dem": 8.4560784827578122, "uhi_intensity": -0.82574302867340066, "risk_score": 54.438786308401063, "sustainability_score": 45.561213691598937, "cluster_id": 2, "cluster": "Cluster 2: Dense Urban Heat", "top_positive_driver": "mean_lst", "top_positive_shap": 6.4836387722191171, "top_negative_driver": "mean_dem", "top_negative_shap": -2.6733054909333593, "explanation_text": "Moderate composite risk index — dominated by high LST (temperature) (+6.48) and attenuated by high DEM (elevation) (-2.67)" }, "geometry": { "type": "Polygon", "coordinates": [ [ [ 72.83, 18.93 ], [ 72.83, 18.94 ], [ 72.82, 18.94 ], [ 72.82, 18.93 ], [ 72.83, 18.93 ] ] ] } },
{ "type": "Feature", "properties": { "cell_id": "r4_c6", "mean_ndvi": 0.12840116946611341, "mean_lst": 43.035216195628621, "mean_ndbi": 0.029696624764080266, "mean_dem": 13.65995124340701, "uhi_intensity": 4.0267936656449947, "risk_score": 78.887271489910646, "sustainability_score": 21.112728510089354, "cluster_id": 2, "cluster": "Cluster 2: Dense Urban Heat", "top_positive_driver": "mean_lst", "top_positive_shap": 26.376621957977989, "top_negative_driver": "mean_dem", "top_negative_shap": -0.74610258280542885, "explanation_text": "High composite risk index — dominated by high LST (temperature) (+26.38) and attenuated by high DEM (elevation) (-0.75)" }, "geometry": { "type": "Polygon", "coordinates": [ [ [ 72.84, 18.93 ], [ 72.84, 18.94 ], [ 72.83, 18.94 ], [ 72.83, 18.93 ], [ 72.84, 18.93 ] ] ] } },
{ "type": "Feature", "properties": { "cell_id": "r4_c7", "mean_ndvi": -0.094738353760510083, "mean_lst": 34.031492043025629, "mean_ndbi": -0.069675764532007342, "mean_dem": 2.6061493328016581, "uhi_intensity": -4.9769304869579969, "risk_score": 24.956071947807988, "sustainability_score": 75.043928052192015, "cluster_id": 0, "cluster": "Cluster 0: Coastal/Lowland Urban", "top_positive_driver": null, "top_positive_shap": 0.0, "top_negative_driver": "mean_lst", "top_negative_shap": -17.525863661552716, "explanation_text": "Low composite risk index — dominated by low LST (temperature) (-17.53)" }, "geometry": { "type": "Polygon", "coordinates": [ [ [ 72.85, 18.93 ], [ 72.85, 18.94 ], [ 72.84, 18.94 ], [ 72.84, 18.93 ], [ 72.85, 18.93 ] ] ] } },
{ "type": "Feature", "properties": { "cell_id": "r4_c8", "mean_ndvi": -0.17142451031360803, "mean_lst": 30.047054958453725, "mean_ndbi": -0.08596416879725953, "mean_dem": 0.0, "uhi_intensity": -8.9613675715299017, "risk_score": 4.0522602722715257, "sustainability_score": 95.947739727728475, "cluster_id": 0, "cluster": "Cluster 0: Coastal/Lowland Urban", "top_positive_driver": "mean_ndbi", "top_positive_shap": 0.34563950556830769, "top_negative_driver": "mean_lst", "top_negative_shap": -35.061000050611398, "explanation_text": "Low composite risk index — dominated by high NDBI (built-up) (+0.35) and attenuated by low LST (temperature) (-35.06)" }, "geometry": { "type": "Polygon", "coordinates": [ [ [ 72.86, 18.93 ], [ 72.86, 18.94 ], [ 72.85, 18.94 ], [ 72.85, 18.93 ], [ 72.86, 18.93 ] ] ] } },
{ "type": "Feature", "properties": { "cell_id": "r4_c9", "mean_ndvi": -0.1828306218634537, "mean_lst": 30.322487354861376, "mean_ndbi": -0.095926066322601949, "mean_dem": 0.0, "uhi_intensity": -8.6859351751222498, "risk_score": 3.7342888574398185, "sustainability_score": 96.265711142560178, "cluster_id": 0, "cluster": "Cluster 0: Coastal/Lowland Urban", "top_positive_driver": "mean_ndbi", "top_positive_shap": 0.27963467989212121, "top_negative_driver": "mean_lst", "top_negative_shap": -35.15004004321284, "explanation_text": "Low composite risk index — dominated by high NDBI (built-up) (+0.28) and attenuated by low LST (temperature) (-35.15)" }, "geometry": { "type": "Polygon", "coordinates": [ [ [ 72.87, 18.93 ], [ 72.87, 18.94 ], [ 72.86, 18.94 ], [ 72.86, 18.93 ], [ 72.87, 18.93 ] ] ] } },
{ "type": "Feature", "properties": { "cell_id": "r4_c10", "mean_ndvi": -0.17270045680275239, "mean_lst": 30.561769954519509, "mean_ndbi": -0.079635423468700006, "mean_dem": 0.0, "uhi_intensity": -8.4466525754641175, "risk_score": 6.0577493315242936, "sustainability_score": 93.942250668475708, "cluster_id": 0, "cluster": "Cluster 0: Coastal/Lowland Urban", "top_positive_driver": "mean_ndbi", "top_positive_shap": 0.35423979174732684, "top_negative_driver": "mean_lst", "top_negative_shap": -35.079583849925669, "explanation_text": "Low composite risk index — dominated by high NDBI (built-up) (+0.35) and attenuated by low LST (temperature) (-35.08)" }, "geometry": { "type": "Polygon", "coordinates": [ [ [ 72.88, 18.93 ], [ 72.88, 18.94 ], [ 72.87, 18.94 ], [ 72.87, 18.93 ], [ 72.88, 18.93 ] ] ] } },
{ "type": "Feature", "properties": { "cell_id": "r4_c11", "mean_ndvi": -0.16193839761157883, "mean_lst": 30.667021158441859, "mean_ndbi": -0.065000669082330764, "mean_dem": 0.0, "uhi_intensity": -8.3414013715417674, "risk_score": 7.8817074267426817, "sustainability_score": 92.118292573257321, "cluster_id": 0, "cluster": "Cluster 0: Coastal/Lowland Urban", "top_positive_driver": "mean_ndbi", "top_positive_shap": 0.37152757393732094, "top_negative_driver": "mean_lst", "top_negative_shap": -35.015922255576555, "explanation_text": "Low composite risk index — dominated by high NDBI (built-up) (+0.37) and attenuated by low LST (temperature) (-35.02)" }, "geometry": { "type": "Polygon", "coordinates": [ [ [ 72.89, 18.93 ], [ 72.89, 18.94 ], [ 72.88, 18.94 ], [ 72.88, 18.93 ], [ 72.89, 18.93 ] ] ] } },
{ "type": "Feature", "properties": { "cell_id": "r4_c12", "mean_ndvi": -0.15817438257854172, "mean_lst": 30.669813963536463, "mean_ndbi": -0.09163452354987757, "mean_dem": 0.0, "uhi_intensity": -8.3386085664471636, "risk_score": 7.052246852933143, "sustainability_score": 92.947753147066862, "cluster_id": 0, "cluster": "Cluster 0: Coastal/Lowland Urban", "top_positive_driver": "mean_ndbi", "top_positive_shap": 0.29286957186998164, "top_negative_driver": "mean_lst", "top_negative_shap": -35.028340892930181, "explanation_text": "Low composite risk index — dominated by high NDBI (built-up) (+0.29) and attenuated by low LST (temperature) (-35.03)" }, "geometry": { "type": "Polygon", "coordinates": [ [ [ 72.9, 18.93 ], [ 72.9, 18.94 ], [ 72.89, 18.94 ], [ 72.89, 18.93 ], [ 72.9, 18.93 ] ] ] } },
{ "type": "Feature", "properties": { "cell_id": "r4_c13", "mean_ndvi": -0.15485866026495756, "mean_lst": 30.474733739054685, "mean_ndbi": -0.08101144540743313, "mean_dem": 0.0, "uhi_intensity": -8.5336887909289416, "risk_score": 7.0621431691423915, "sustainability_score": 92.937856830857612, "cluster_id": 0, "cluster": "Cluster 0: Coastal/Lowland Urban", "top_positive_driver": "mean_ndbi", "top_positive_shap": 0.25517516184981376, "top_negative_driver": "mean_lst", "top_negative_shap": -34.953443250893223, "explanation_text": "Low composite risk index — dominated by high NDBI (built-up) (+0.26) and attenuated by low LST (temperature) (-34.95)" }, "geometry": { "type": "Polygon", "coordinates": [ [ [ 72.91, 18.93 ], [ 72.91, 18.94 ], [ 72.9, 18.94 ], [ 72.9, 18.93 ], [ 72.91, 18.93 ] ] ] } },
{ "type": "Feature", "properties": { "cell_id": "r4_c14", "mean_ndvi": -0.15992486600616987, "mean_lst": 30.714909384326351, "mean_ndbi": -0.077720323566833519, "mean_dem": 0.0, "uhi_intensity": -8.2935131456572755, "risk_score": 7.6682015544879869, "sustainability_score": 92.331798445512007, "cluster_id": 0, "cluster": "Cluster 0: Coastal/Lowland Urban", "top_positive_driver": "mean_ndbi", "top_positive_shap": 0.36000319999444058, "top_negative_driver": "mean_lst", "top_negative_shap": -35.009442606296453, "explanation_text": "Low composite risk index — dominated by high NDBI (built-up) (+0.36) and attenuated by low LST (temperature) (-35.01)" }, "geometry": { "type": "Polygon", "coordinates": [ [ [ 72.92, 18.93 ], [ 72.92, 18.94 ], [ 72.91, 18.94 ], [ 72.91, 18.93 ], [ 72.92, 18.93 ] ] ] } },
{ "type": "Feature", "properties": { "cell_id": "r4_c15", "mean_ndvi": -0.15447688900070991, "mean_lst": 30.967299854864066, "mean_ndbi": -0.09526169181172707, "mean_dem": 0.0, "uhi_intensity": -8.0411226751195599, "risk_score": 8.2438202937913587, "sustainability_score": 91.756179706208641, "cluster_id": 0, "cluster": "Cluster 0: Coastal/Lowland Urban", "top_positive_driver": "mean_ndbi", "top_positive_shap": 0.19986109706219451, "top_negative_driver": "mean_lst", "top_negative_shap": -34.589152115520385, "explanation_text": "Low composite risk index — dominated by high NDBI (built-up) (+0.20) and attenuated by low LST (temperature) (-34.59)" }, "geometry": { "type": "Polygon", "coordinates": [ [ [ 72.93, 18.93 ], [ 72.93, 18.94 ], [ 72.92, 18.94 ], [ 72.92, 18.93 ], [ 72.93, 18.93 ] ] ] } },
{ "type": "Feature", "properties": { "cell_id": "r4_c16", "mean_ndvi": -0.066385349291126355, "mean_lst": 38.406630265369841, "mean_ndbi": -0.013100640394556337, "mean_dem": 0.0, "uhi_intensity": -0.60179226461378477, "risk_score": 45.033740195662922, "sustainability_score": 54.966259804337078, "cluster_id": 2, "cluster": "Cluster 2: Dense Urban Heat", "top_positive_driver": "mean_lst", "top_positive_shap": 11.621916144471884, "top_negative_driver": "mean_ndvi", "top_negative_shap": -9.469058000933579, "explanation_text": "Moderate composite risk index — dominated by high LST (temperature) (+11.62) and attenuated by high NDVI (vegetation) (-9.47)" }, "geometry": { "type": "Polygon", "coordinates": [ [ [ 72.94, 18.93 ], [ 72.94, 18.94 ], [ 72.93, 18.94 ], [ 72.93, 18.93 ], [ 72.94, 18.93 ] ] ] } },
{ "type": "Feature", "properties": { "cell_id": "r4_c17", "mean_ndvi": -0.0076290436342426786, "mean_lst": 40.451879966737941, "mean_ndbi": -0.016917872385012522, "mean_dem": 1.1895469887067573, "uhi_intensity": 1.4434574367543149, "risk_score": 56.734121964895742, "sustainability_score": 43.265878035104258, "cluster_id": 2, "cluster": "Cluster 2: Dense Urban Heat", "top_positive_driver": "mean_lst", "top_positive_shap": 19.934732027545863, "top_negative_driver": "mean_ndvi", "top_negative_shap": -6.6568019498498749, "explanation_text": "Moderate composite risk index — dominated by high LST (temperature) (+19.93) and attenuated by high NDVI (vegetation) (-6.66)" }, "geometry": { "type": "Polygon", "coordinates": [ [ [ 72.95, 18.93 ], [ 72.95, 18.94 ], [ 72.94, 18.94 ], [ 72.94, 18.93 ], [ 72.95, 18.93 ] ] ] } },
{ "type": "Feature", "properties": { "cell_id": "r4_c18", "mean_ndvi": 0.21688305321385321, "mean_lst": 40.338903524071519, "mean_ndbi": -0.010538467894296473, "mean_dem": 19.721073556383288, "uhi_intensity": 1.3304809940878926, "risk_score": 74.617771234199466, "sustainability_score": 25.382228765800534, "cluster_id": 2, "cluster": "Cluster 2: Dense Urban Heat", "top_positive_driver": "mean_lst", "top_positive_shap": 17.107003991504342, "top_negative_driver": "mean_dem", "top_negative_shap": -0.71590144807975797, "explanation_text": "High composite risk index — dominated by high LST (temperature) (+17.11) and attenuated by high DEM (elevation) (-0.72)" }, "geometry": { "type": "Polygon", "coordinates": [ [ [ 72.96, 18.93 ], [ 72.96, 18.94 ], [ 72.95, 18.94 ], [ 72.95, 18.93 ], [ 72.96, 18.93 ] ] ] } },
{ "type": "Feature", "properties": { "cell_id": "r4_c19", "mean_ndvi": 0.19921106206524286, "mean_lst": 40.301665102357504, "mean_ndbi": -0.065864607446724205, "mean_dem": 10.790176447969911, "uhi_intensity": 1.2932425723738774, "risk_score": 70.423919621270812, "sustainability_score": 29.576080378729188, "cluster_id": 2, "cluster": "Cluster 2: Dense Urban Heat", "top_positive_driver": "mean_lst", "top_positive_shap": 16.642219657759487, "top_negative_driver": "mean_dem", "top_negative_shap": -1.5512641912855181, "explanation_text": "High composite risk index — dominated by high LST (temperature) (+16.64) and attenuated by high DEM (elevation) (-1.55)" }, "geometry": { "type": "Polygon", "coordinates": [ [ [ 72.97, 18.93 ], [ 72.97, 18.94 ], [ 72.96, 18.94 ], [ 72.96, 18.93 ], [ 72.97, 18.93 ] ] ] } },
{ "type": "Feature", "properties": { "cell_id": "r4_c20", "mean_ndvi": 0.23677511741321075, "mean_lst": 37.472262298367198, "mean_ndbi": -0.15042281251680129, "mean_dem": 1.0470982295440541, "uhi_intensity": -1.536160231616428, "risk_score": 59.2529954986178, "sustainability_score": 40.7470045013822, "cluster_id": 3, "cluster": "Cluster 3: Green/Forested", "top_positive_driver": "mean_lst", "top_positive_shap": 5.5570347502445019, "top_negative_driver": "mean_dem", "top_negative_shap": -2.5356088166965542, "explanation_text": "Moderate composite risk index — dominated by high LST (temperature) (+5.56) and attenuated by high DEM (elevation) (-2.54)" }, "geometry": { "type": "Polygon", "coordinates": [ [ [ 72.980000000000103, 18.93 ], [ 72.980000000000103, 18.94 ], [ 72.97, 18.94 ], [ 72.97, 18.93 ], [ 72.980000000000103, 18.93 ] ] ] } },
{ "type": "Feature", "properties": { "cell_id": "r4_c21", "mean_ndvi": 0.25069987910494762, "mean_lst": 37.193256830413532, "mean_ndbi": -0.15257465723078614, "mean_dem": 0.7915549922385664, "uhi_intensity": -1.8151656995700947, "risk_score": 59.228343556811161, "sustainability_score": 40.771656443188839, "cluster_id": 3, "cluster": "Cluster 3: Green/Forested", "top_positive_driver": "mean_ndvi", "top_positive_shap": 5.9207347711260043, "top_negative_driver": "mean_dem", "top_negative_shap": -2.5709318489478741, "explanation_text": "Moderate composite risk index — dominated by low NDVI (vegetation) (+5.92) and attenuated by high DEM (elevation) (-2.57)" }, "geometry": { "type": "Polygon", "coordinates": [ [ [ 72.99, 18.93 ], [ 72.99, 18.94 ], [ 72.980000000000103, 18.94 ], [ 72.980000000000103, 18.93 ], [ 72.99, 18.93 ] ] ] } },
{ "type": "Feature", "properties": { "cell_id": "r5_c0", "mean_ndvi": -0.14093488310778593, "mean_lst": 30.520347753062001, "mean_ndbi": -0.046917425351796785, "mean_dem": 0.0, "uhi_intensity": -8.4880747769216249, "risk_score": 9.7417071553047965, "sustainability_score": 90.258292844695205, "cluster_id": 0, "cluster": "Cluster 0: Coastal/Lowland Urban", "top_positive_driver": "mean_ndbi", "top_positive_shap": 0.080201001066053851, "top_negative_driver": "mean_lst", "top_negative_shap": -34.578462107532118, "explanation_text": "Low composite risk index — dominated by high NDBI (built-up) (+0.08) and attenuated by low LST (temperature) (-34.58)" }, "geometry": { "type": "Polygon", "coordinates": [ [ [ 72.78, 18.94 ], [ 72.78, 18.95 ], [ 72.77, 18.95 ], [ 72.77, 18.94 ], [ 72.78, 18.94 ] ] ] } },
{ "type": "Feature", "properties": { "cell_id": "r5_c1", "mean_ndvi": -0.14953527911659587, "mean_lst": 30.723421395424168, "mean_ndbi": -0.053871505925271478, "mean_dem": 0.0, "uhi_intensity": -8.2850011345594581, "risk_score": 9.5091519622630827, "sustainability_score": 90.490848037736924, "cluster_id": 0, "cluster": "Cluster 0: Coastal/Lowland Urban", "top_positive_driver": "mean_ndbi", "top_positive_shap": 0.11421952019333571, "top_negative_driver": "mean_lst", "top_negative_shap": -34.583666539291293, "explanation_text": "Low composite risk index — dominated by high NDBI (built-up) (+0.11) and attenuated by low LST (temperature) (-34.58)" }, "geometry": { "type": "Polygon", "coordinates": [ [ [ 72.79, 18.94 ], [ 72.79, 18.95 ], [ 72.78, 18.95 ], [ 72.78, 18.94 ], [ 72.79, 18.94 ] ] ] } },
{ "type": "Feature", "properties": { "cell_id": "r5_c2", "mean_ndvi": 0.0087011201301958122, "mean_lst": 34.016227129581679, "mean_ndbi": -0.059316122066954857, "mean_dem": 12.312729282019747, "uhi_intensity": -4.9921954004019469, "risk_score": 33.687886815123996, "sustainability_score": 66.312113184876011, "cluster_id": 0, "cluster": "Cluster 0: Coastal/Lowland Urban", "top_positive_driver": null, "top_positive_shap": 0.0, "top_negative_driver": "mean_lst", "top_negative_shap": -16.291928425967605, "explanation_text": "Low composite risk index — dominated by low LST (temperature) (-16.29)" }, "geometry": { "type": "Polygon", "coordinates": [ [ [ 72.8, 18.94 ], [ 72.8, 18.95 ], [ 72.79, 18.95 ], [ 72.79, 18.94 ], [ 72.8, 18.94 ] ] ] } },
{ "type": "Feature", "properties": { "cell_id": "r5_c3", "mean_ndvi": -0.10974308382295185, "mean_lst": 31.309219483965638, "mean_ndbi": -0.037197376072485404, "mean_dem": 1.0896528940683288, "uhi_intensity": -7.6992030460179883, "risk_score": 15.410629583347749, "sustainability_score": 84.589370416652258, "cluster_id": 0, "cluster": "Cluster 0: Coastal/Lowland Urban", "top_positive_driver": "mean_ndbi", "top_positive_shap": 0.097154874514584877, "top_negative_driver": "mean_lst", "top_negative_shap": -32.718542749018681, "explanation_text": "Low composite risk index — dominated by high NDBI (built-up) (+0.10) and attenuated by low LST (temperature) (-32.72)" }, "geometry": { "type": "Polygon", "coordinates": [ [ [ 72.81, 18.94 ], [ 72.81, 18.95 ], [ 72.8, 18.95 ], [ 72.8, 18.94 ], [ 72.81, 18.94 ] ] ] } },
{ "type": "Feature", "properties": { "cell_id": "r5_c4", "mean_ndvi": -0.11121141082299368, "mean_lst": 31.514049798892252, "mean_ndbi": -0.03388485282260606, "mean_dem": 0.11277004799270854, "uhi_intensity": -7.4943727310913744, "risk_score": 16.129552119649887, "sustainability_score": 83.870447880350113, "cluster_id": 0, "cluster": "Cluster 0: Coastal/Lowland Urban", "top_positive_driver": "mean_ndbi", "top_positive_shap": 0.11780580083554061, "top_negative_driver": "mean_lst", "top_negative_shap": -32.117759166755611, "explanation_text": "Low composite risk index — dominated by high NDBI (built-up) (+0.12) and attenuated by low LST (temperature) (-32.12)" }, "geometry": { "type": "Polygon", "coordinates": [ [ [ 72.82, 18.94 ], [ 72.82, 18.95 ], [ 72.81, 18.95 ], [ 72.81, 18.94 ], [ 72.82, 18.94 ] ] ] } },
{ "type": "Feature", "properties": { "cell_id": "r5_c5", "mean_ndvi": 0.062879797863141434, "mean_lst": 41.106639479985262, "mean_ndbi": 0.038016994752621408, "mean_dem": 9.0994735912584392, "uhi_intensity": 2.0982169500016354, "risk_score": 67.138977667915896, "sustainability_score": 32.861022332084104, "cluster_id": 2, "cluster": "Cluster 2: Dense Urban Heat", "top_positive_driver": "mean_lst", "top_positive_shap": 18.041537802904511, "top_negative_driver": "mean_dem", "top_negative_shap": -1.5258049549811024, "explanation_text": "High composite risk index — dominated by high LST (temperature) (+18.04) and attenuated by high DEM (elevation) (-1.53)" }, "geometry": { "type": "Polygon", "coordinates": [ [ [ 72.83, 18.94 ], [ 72.83, 18.95 ], [ 72.82, 18.95 ], [ 72.82, 18.94 ], [ 72.83, 18.94 ] ] ] } },
{ "type": "Feature", "properties": { "cell_id": "r5_c6", "mean_ndvi": 0.10507484882972749, "mean_lst": 45.400481302689265, "mean_ndbi": 0.055383690347220141, "mean_dem": 10.366739573721581, "uhi_intensity": 6.3920587727056386, "risk_score": 86.484081347391168, "sustainability_score": 13.515918652608832, "cluster_id": 2, "cluster": "Cluster 2: Dense Urban Heat", "top_positive_driver": "mean_lst", "top_positive_shap": 30.850642356308366, "top_negative_driver": "mean_dem", "top_negative_shap": -0.66578736591319487, "explanation_text": "High composite risk index — dominated by high LST (temperature) (+30.85) and attenuated by high DEM (elevation) (-0.67)" }, "geometry": { "type": "Polygon", "coordinates": [ [ [ 72.84, 18.94 ], [ 72.84, 18.95 ], [ 72.83, 18.95 ], [ 72.83, 18.94 ], [ 72.84, 18.94 ] ] ] } },
{ "type": "Feature", "properties": { "cell_id": "r5_c7", "mean_ndvi": -0.0576773443894898, "mean_lst": 39.458003226794588, "mean_ndbi": -0.047159430359704428, "mean_dem": 3.0621256355117632, "uhi_intensity": 0.44958069681096191, "risk_score": 48.130984564374849, "sustainability_score": 51.869015435625151, "cluster_id": 2, "cluster": "Cluster 2: Dense Urban Heat", "top_positive_driver": "mean_lst", "top_positive_shap": 17.152336934174606, "top_negative_driver": "mean_ndvi", "top_negative_shap": -8.5557581260497759, "explanation_text": "Moderate composite risk index — dominated by high LST (temperature) (+17.15) and attenuated by high NDVI (vegetation) (-8.56)" }, "geometry": { "type": "Polygon", "coordinates": [ [ [ 72.85, 18.94 ], [ 72.85, 18.95 ], [ 72.84, 18.95 ], [ 72.84, 18.94 ], [ 72.85, 18.94 ] ] ] } },
{ "type": "Feature", "properties": { "cell_id": "r5_c8", "mean_ndvi": -0.16800450940315739, "mean_lst": 31.299353779817814, "mean_ndbi": -0.10952770036593347, "mean_dem": 0.0, "uhi_intensity": -7.7090687501658124, "risk_score": 7.7820180607881939, "sustainability_score": 92.217981939211811, "cluster_id": 0, "cluster": "Cluster 0: Coastal/Lowland Urban", "top_positive_driver": null, "top_positive_shap": 0.0, "top_negative_driver": "mean_lst", "top_negative_shap": -34.423615282176115, "explanation_text": "Low composite risk index — dominated by low LST (temperature) (-34.42)" }, "geometry": { "type": "Polygon", "coordinates": [ [ [ 72.86, 18.94 ], [ 72.86, 18.95 ], [ 72.85, 18.95 ], [ 72.85, 18.94 ], [ 72.86, 18.94 ] ] ] } },
{ "type": "Feature", "properties": { "cell_id": "r5_c9", "mean_ndvi": -0.19733677903663954, "mean_lst": 30.678060919538606, "mean_ndbi": -0.14793822716534383, "mean_dem": 0.0, "uhi_intensity": -8.3303616104450207, "risk_score": 1.6808675085710028, "sustainability_score": 98.319132491429002, "cluster_id": 0, "cluster": "Cluster 0: Coastal/Lowland Urban", "top_positive_driver": null, "top_positive_shap": 0.0, "top_negative_driver": "mean_lst", "top_negative_shap": -35.988443812732633, "explanation_text": "Low composite risk index — dominated by low LST (temperature) (-35.99)" }, "geometry": { "type": "Polygon", "coordinates": [ [ [ 72.87, 18.94 ], [ 72.87, 18.95 ], [ 72.86, 18.95 ], [ 72.86, 18.94 ], [ 72.87, 18.94 ] ] ] } },
{ "type": "Feature", "properties": { "cell_id": "r5_c10", "mean_ndvi": -0.1814742681054535, "mean_lst": 30.660641763278477, "mean_ndbi": -0.10634232495433633, "mean_dem": 0.0, "uhi_intensity": -8.3477807667051493, "risk_score": 4.602896957235787, "sustainability_score": 95.397103042764215, "cluster_id": 0, "cluster": "Cluster 0: Coastal/Lowland Urban", "top_positive_driver": null, "top_positive_shap": 0.0, "top_negative_driver": "mean_lst", "top_negative_shap": -35.619572423225605, "explanation_text": "Low composite risk index — dominated by low LST (temperature) (-35.62)" }, "geometry": { "type": "Polygon", "coordinates": [ [ [ 72.88, 18.94 ], [ 72.88, 18.95 ], [ 72.87, 18.95 ], [ 72.87, 18.94 ], [ 72.88, 18.94 ] ] ] } },
{ "type": "Feature", "properties": { "cell_id": "r5_c11", "mean_ndvi": -0.17630965809287019, "mean_lst": 30.707191714196956, "mean_ndbi": -0.13060508537059018, "mean_dem": 0.0, "uhi_intensity": -8.3012308157866705, "risk_score": 4.1377735702895748, "sustainability_score": 95.862226429710432, "cluster_id": 0, "cluster": "Cluster 0: Coastal/Lowland Urban", "top_positive_driver": null, "top_positive_shap": 0.0, "top_negative_driver": "mean_lst", "top_negative_shap": -35.905338259109115, "explanation_text": "Low composite risk index — dominated by low LST (temperature) (-35.91)" }, "geometry": { "type": "Polygon", "coordinates": [ [ [ 72.89, 18.94 ], [ 72.89, 18.95 ], [ 72.88, 18.95 ], [ 72.88, 18.94 ], [ 72.89, 18.94 ] ] ] } },
{ "type": "Feature", "properties": { "cell_id": "r5_c12", "mean_ndvi": -0.18140551963050244, "mean_lst": 30.71356145144442, "mean_ndbi": -0.16900915797714905, "mean_dem": 0.12590609379227863, "uhi_intensity": -8.2948610785392063, "risk_score": 2.1452578765142731, "sustainability_score": 97.854742123485721, "cluster_id": 0, "cluster": "Cluster 0: Coastal/Lowland Urban", "top_positive_driver": null, "top_positive_shap": 0.0, "top_negative_driver": "mean_lst", "top_negative_shap": -35.984279001862497, "explanation_text": "Low composite risk index — dominated by low LST (temperature) (-35.98)" }, "geometry": { "type": "Polygon", "coordinates": [ [ [ 72.9, 18.94 ], [ 72.9, 18.95 ], [ 72.89, 18.95 ], [ 72.89, 18.94 ], [ 72.9, 18.94 ] ] ] } },
{ "type": "Feature", "properties": { "cell_id": "r5_c13", "mean_ndvi": -0.15641620854079846, "mean_lst": 30.349019360140293, "mean_ndbi": -0.11418673255639897, "mean_dem": 0.065751434796849903, "uhi_intensity": -8.6594031698433334, "risk_score": 5.0902115396772025, "sustainability_score": 94.909788460322801, "cluster_id": 0, "cluster": "Cluster 0: Coastal/Lowland Urban", "top_positive_driver": null, "top_positive_shap": 0.0, "top_negative_driver": "mean_lst", "top_negative_shap": -35.839729952623756, "explanation_text": "Low composite risk index — dominated by low LST (temperature) (-35.84)" }, "geometry": { "type": "Polygon", "coordinates": [ [ [ 72.91, 18.94 ], [ 72.91, 18.95 ], [ 72.9, 18.95 ], [ 72.9, 18.94 ], [ 72.91, 18.94 ] ] ] } },
{ "type": "Feature", "properties": { "cell_id": "r5_c14", "mean_ndvi": -0.15487257312117633, "mean_lst": 30.466391723440243, "mean_ndbi": -0.078131082540157049, "mean_dem": 0.0, "uhi_intensity": -8.5420308065433836, "risk_score": 7.1534339213534155, "sustainability_score": 92.846566078646589, "cluster_id": 0, "cluster": "Cluster 0: Coastal/Lowland Urban", "top_positive_driver": "mean_ndbi", "top_positive_shap": 0.26955423565214481, "top_negative_driver": "mean_lst", "top_negative_shap": -34.961394006510105, "explanation_text": "Low composite risk index — dominated by high NDBI (built-up) (+0.27) and attenuated by low LST (temperature) (-34.96)" }, "geometry": { "type": "Polygon", "coordinates": [ [ [ 72.92, 18.94 ], [ 72.92, 18.95 ], [ 72.91, 18.95 ], [ 72.91, 18.94 ], [ 72.92, 18.94 ] ] ] } },
{ "type": "Feature", "properties": { "cell_id": "r5_c15", "mean_ndvi": -0.15323555433659575, "mean_lst": 30.648922218761737, "mean_ndbi": -0.095770111687558307, "mean_dem": 0.0, "uhi_intensity": -8.3595003112218897, "risk_score": 7.1825162895771708, "sustainability_score": 92.817483710422835, "cluster_id": 0, "cluster": "Cluster 0: Coastal/Lowland Urban", "top_positive_driver": "mean_ndbi", "top_positive_shap": 0.18852168438685402, "top_negative_driver": "mean_lst", "top_negative_shap": -34.880984151509267, "explanation_text": "Low composite risk index — dominated by high NDBI (built-up) (+0.19) and attenuated by low LST (temperature) (-34.88)" }, "geometry": { "type": "Polygon", "coordinates": [ [ [ 72.93, 18.94 ], [ 72.93, 18.95 ], [ 72.92, 18.95 ], [ 72.92, 18.94 ], [ 72.93, 18.94 ] ] ] } },
{ "type": "Feature", "properties": { "cell_id": "r5_c16", "mean_ndvi": -0.13624482705013458, "mean_lst": 31.832382701958942, "mean_ndbi": -0.083316312814055674, "mean_dem": 0.012449586437897345, "uhi_intensity": -7.1760398280246847, "risk_score": 13.238580376146567, "sustainability_score": 86.761419623853428, "cluster_id": 0, "cluster": "Cluster 0: Coastal/Lowland Urban", "top_positive_driver": null, "top_positive_shap": 0.0, "top_negative_driver": "mean_lst", "top_negative_shap": -31.388681182195899, "explanation_text": "Low composite risk index — dominated by low LST (temperature) (-31.39)" }, "geometry": { "type": "Polygon", "coordinates": [ [ [ 72.94, 18.94 ], [ 72.94, 18.95 ], [ 72.93, 18.95 ], [ 72.93, 18.94 ], [ 72.94, 18.94 ] ] ] } },
{ "type": "Feature", "properties": { "cell_id": "r5_c17", "mean_ndvi": -0.038004780750928405, "mean_lst": 41.991547109584538, "mean_ndbi": -0.014067968122898554, "mean_dem": 3.6644051769316728, "uhi_intensity": 2.9831245796009114, "risk_score": 60.105995799977826, "sustainability_score": 39.894004200022174, "cluster_id": 2, "cluster": "Cluster 2: Dense Urban Heat", "top_positive_driver": "mean_lst", "top_positive_shap": 25.224723564119429, "top_negative_driver": "mean_ndvi", "top_negative_shap": -6.8312225675805474, "explanation_text": "Moderate composite risk index — dominated by high LST (temperature) (+25.22) and attenuated by high NDVI (vegetation) (-6.83)" }, "geometry": { "type": "Polygon", "coordinates": [ [ [ 72.95, 18.94 ], [ 72.95, 18.95 ], [ 72.94, 18.95 ], [ 72.94, 18.94 ], [ 72.95, 18.94 ] ] ] } },
{ "type": "Feature", "properties": { "cell_id": "r5_c18", "mean_ndvi": 0.11939297382512692, "mean_lst": 44.161963293771471, "mean_ndbi": 0.0082446507855217996, "mean_dem": 9.4107185067681325, "uhi_intensity": 5.153540763787845, "risk_score": 81.133197944345198, "sustainability_score": 18.866802055654802, "cluster_id": 2, "cluster": "Cluster 2: Dense Urban Heat", "top_positive_driver": "mean_lst", "top_positive_shap": 27.923962037754091, "top_negative_driver": "mean_dem", "top_negative_shap": -0.88692393165019368, "explanation_text": "High composite risk index — dominated by high LST (temperature) (+27.92) and attenuated by high DEM (elevation) (-0.89)" }, "geometry": { "type": "Polygon", "coordinates": [ [ [ 72.96, 18.94 ], [ 72.96, 18.95 ], [ 72.95, 18.95 ], [ 72.95, 18.94 ], [ 72.96, 18.94 ] ] ] } },
{ "type": "Feature", "properties": { "cell_id": "r5_c19", "mean_ndvi": 0.23011672486204388, "mean_lst": 39.638582472969809, "mean_ndbi": -0.053079112112388568, "mean_dem": 13.482229931414778, "uhi_intensity": 0.63015994298618239, "risk_score": 71.087147500814282, "sustainability_score": 28.912852499185718, "cluster_id": 2, "cluster": "Cluster 2: Dense Urban Heat", "top_positive_driver": "mean_lst", "top_positive_shap": 15.279346909106303, "top_negative_driver": "mean_dem", "top_negative_shap": -1.5048389934417625, "explanation_text": "High composite risk index — dominated by high LST (temperature) (+15.28) and attenuated by high DEM (elevation) (-1.50)" }, "geometry": { "type": "Polygon", "coordinates": [ [ [ 72.97, 18.94 ], [ 72.97, 18.95 ], [ 72.96, 18.95 ], [ 72.96, 18.94 ], [ 72.97, 18.94 ] ] ] } },
{ "type": "Feature", "properties": { "cell_id": "r5_c20", "mean_ndvi": 0.1702418433281333, "mean_lst": 35.79713299802571, "mean_ndbi": -0.15646536336090244, "mean_dem": 0.94105014312365687, "uhi_intensity": -3.2112895319579167, "risk_score": 47.89904916247432, "sustainability_score": 52.10095083752568, "cluster_id": 3, "cluster": "Cluster 3: Green/Forested", "top_positive_driver": "mean_ndvi", "top_positive_shap": 3.6235657505447803, "top_negative_driver": "mean_dem", "top_negative_shap": -2.7977573796065478, "explanation_text": "Moderate composite risk index — dominated by low NDVI (vegetation) (+3.62) and attenuated by high DEM (elevation) (-2.80)" }, "geometry": { "type": "Polygon", "coordinates": [ [ [ 72.980000000000103, 18.94 ], [ 72.980000000000103, 18.95 ], [ 72.97, 18.95 ], [ 72.97, 18.94 ], [ 72.980000000000103, 18.94 ] ] ] } },
{ "type": "Feature", "properties": { "cell_id": "r5_c21", "mean_ndvi": 0.19529599619888743, "mean_lst": 35.256304701318875, "mean_ndbi": -0.16988105996445965, "mean_dem": 0.52914453353081159, "uhi_intensity": -3.7521178286647512, "risk_score": 47.313549318004142, "sustainability_score": 52.686450681995858, "cluster_id": 3, "cluster": "Cluster 3: Green/Forested", "top_positive_driver": "mean_ndvi", "top_positive_shap": 4.0967736608828211, "top_negative_driver": "mean_dem", "top_negative_shap": -3.0240291804844786, "explanation_text": "Moderate composite risk index — dominated by low NDVI (vegetation) (+4.10) and attenuated by high DEM (elevation) (-3.02)" }, "geometry": { "type": "Polygon", "coordinates": [ [ [ 72.99, 18.94 ], [ 72.99, 18.95 ], [ 72.980000000000103, 18.95 ], [ 72.980000000000103, 18.94 ], [ 72.99, 18.94 ] ] ] } },
{ "type": "Feature", "properties": { "cell_id": "r6_c0", "mean_ndvi": -0.14308839859982822, "mean_lst": 30.502036026867778, "mean_ndbi": -0.052438070965289074, "mean_dem": 0.0, "uhi_intensity": -8.5063865031158485, "risk_score": 9.276640740841021, "sustainability_score": 90.723359259158983, "cluster_id": 0, "cluster": "Cluster 0: Coastal/Lowland Urban", "top_positive_driver": "mean_ndbi", "top_positive_shap": 0.10398969341963994, "top_negative_driver": "mean_lst", "top_negative_shap": -34.685875876100539, "explanation_text": "Low composite risk index — dominated by high NDBI (built-up) (+0.10) and attenuated by low LST (temperature) (-34.69)" }, "geometry": { "type": "Polygon", "coordinates": [ [ [ 72.78, 18.95 ], [ 72.78, 18.96 ], [ 72.77, 18.96 ], [ 72.77, 18.95 ], [ 72.78, 18.95 ] ] ] } },
{ "type": "Feature", "properties": { "cell_id": "r6_c1", "mean_ndvi": -0.14566246580345915, "mean_lst": 30.660087088822586, "mean_ndbi": -0.053151805307179424, "mean_dem": 0.0, "uhi_intensity": -8.3483354411610406, "risk_score": 9.6118700070186129, "sustainability_score": 90.388129992981391, "cluster_id": 0, "cluster": "Cluster 0: Coastal/Lowland Urban", "top_positive_driver": "mean_ndbi", "top_positive_shap": 0.1050319927981244, "top_negative_driver": "mean_lst", "top_negative_shap": -34.563691650022491, "explanation_text": "Low composite risk index — dominated by high NDBI (built-up) (+0.11) and attenuated by low LST (temperature) (-34.56)" }, "geometry": { "type": "Polygon", "coordinates": [ [ [ 72.79, 18.95 ], [ 72.79, 18.96 ], [ 72.78, 18.96 ], [ 72.78, 18.95 ], [ 72.79, 18.95 ] ] ] } },
{ "type": "Feature", "properties": { "cell_id": "r6_c2", "mean_ndvi": 0.0034917577882983045, "mean_lst": 34.360492769550198, "mean_ndbi": -0.063871805647199811, "mean_dem": 10.328834076247157, "uhi_intensity": -4.6479297604334278, "risk_score": 34.242452765808444, "sustainability_score": 65.757547234191549, "cluster_id": 0, "cluster": "Cluster 0: Coastal/Lowland Urban", "top_positive_driver": null, "top_positive_shap": 0.0, "top_negative_driver": "mean_lst", "top_negative_shap": -13.956095659297654, "explanation_text": "Low composite risk index — dominated by low LST (temperature) (-13.96)" }, "geometry": { "type": "Polygon", "coordinates": [ [ [ 72.8, 18.95 ], [ 72.8, 18.96 ], [ 72.79, 18.96 ], [ 72.79, 18.95 ], [ 72.8, 18.95 ] ] ] } },
{ "type": "Feature", "properties": { "cell_id": "r6_c3", "mean_ndvi": 0.16327022643147793, "mean_lst": 37.613501121459059, "mean_ndbi": -0.057331940157963585, "mean_dem": 30.792456967749981, "uhi_intensity": -1.3949214085245671, "risk_score": 59.230554075951993, "sustainability_score": 40.769445924048007, "cluster_id": 2, "cluster": "Cluster 2: Dense Urban Heat", "top_positive_driver": "mean_lst", "top_positive_shap": 6.1206574106287279, "top_negative_driver": "mean_ndbi", "top_negative_shap": -0.047156385562390726, "explanation_text": "Moderate composite risk index — dominated by high LST (temperature) (+6.12) and attenuated by low NDBI (built-up) (-0.05)" }, "geometry": { "type": "Polygon", "coordinates": [ [ [ 72.81, 18.95 ], [ 72.81, 18.96 ], [ 72.8, 18.96 ], [ 72.8, 18.95 ], [ 72.81, 18.95 ] ] ] } },
{ "type": "Feature", "properties": { "cell_id": "r6_c4", "mean_ndvi": 0.042442521172524068, "mean_lst": 40.420390461206743, "mean_ndbi": 0.037484404507885281, "mean_dem": 8.5669092410885721, "uhi_intensity": 1.411967931223117, "risk_score": 63.075313817085032, "sustainability_score": 36.924686182914968, "cluster_id": 2, "cluster": "Cluster 2: Dense Urban Heat", "top_positive_driver": "mean_lst", "top_positive_shap": 18.103226120840127, "top_negative_driver": "mean_ndvi", "top_negative_shap": -3.2868919168865278, "explanation_text": "Moderate composite risk index — dominated by high LST (temperature) (+18.10) and attenuated by high NDVI (vegetation) (-3.29)" }, "geometry": { "type": "Polygon", "coordinates": [ [ [ 72.82, 18.95 ], [ 72.82, 18.96 ], [ 72.81, 18.96 ], [ 72.81, 18.95 ], [ 72.82, 18.95 ] ] ] } },
{ "type": "Feature", "properties": { "cell_id": "r6_c5", "mean_ndvi": 0.055623063610348369, "mean_lst": 43.768907197489689, "mean_ndbi": 0.099475291087157997, "mean_dem": 11.237282052304593, "uhi_intensity": 4.7604846675060628, "risk_score": 78.764248166788349, "sustainability_score": 21.235751833211651, "cluster_id": 2, "cluster": "Cluster 2: Dense Urban Heat", "top_positive_driver": "mean_lst", "top_positive_shap": 31.552117541929658, "top_negative_driver": "mean_dem", "top_negative_shap": -0.61091441124281964, "explanation_text": "High composite risk index — dominated by high LST (temperature) (+31.55) and attenuated by high DEM (elevation) (-0.61)" }, "geometry": { "type": "Polygon", "coordinates": [ [ [ 72.83, 18.95 ], [ 72.83, 18.96 ], [ 72.82, 18.96 ], [ 72.82, 18.95 ], [ 72.83, 18.95 ] ] ] } },
{ "type": "Feature", "properties": { "cell_id": "r6_c6", "mean_ndvi": 0.058253228599351926, "mean_lst": 45.275067282752509, "mean_ndbi": 0.085985735840738459, "mean_dem": 12.344221957047356, "uhi_intensity": 6.2666447527688831, "risk_score": 83.809590969089498, "sustainability_score": 16.190409030910502, "cluster_id": 2, "cluster": "Cluster 2: Dense Urban Heat", "top_positive_driver": "mean_lst", "top_positive_shap": 31.519838144650713, "top_negative_driver": "mean_dem", "top_negative_shap": -0.53913776953852066, "explanation_text": "High composite risk index — dominated by high LST (temperature) (+31.52) and attenuated by high DEM (elevation) (-0.54)" }, "geometry": { "type": "Polygon", "coordinates": [ [ [ 72.84, 18.95 ], [ 72.84, 18.96 ], [ 72.83, 18.96 ], [ 72.83, 18.95 ], [ 72.84, 18.95 ] ] ] } },
{ "type": "Feature", "properties": { "cell_id": "r6_c7", "mean_ndvi": 0.025456099821437331, "mean_lst": 42.372363482651195, "mean_ndbi": 0.021127625248822477, "mean_dem": 3.4882225943901339, "uhi_intensity": 3.3639409526675692, "risk_score": 67.832840073158891, "sustainability_score": 32.167159926841109, "cluster_id": 2, "cluster": "Cluster 2: Dense Urban Heat", "top_positive_driver": "mean_lst", "top_positive_shap": 25.026567980472716, "top_negative_driver": "mean_ndvi", "top_negative_shap": -3.2222648998569556, "explanation_text": "High composite risk index — dominated by high LST (temperature) (+25.03) and attenuated by high NDVI (vegetation) (-3.22)" }, "geometry": { "type": "Polygon", "coordinates": [ [ [ 72.85, 18.95 ], [ 72.85, 18.96 ], [ 72.84, 18.96 ], [ 72.84, 18.95 ], [ 72.85, 18.95 ] ] ] } },
{ "type": "Feature", "properties": { "cell_id": "r6_c8", "mean_ndvi": -0.1597936563777044, "mean_lst": 30.783692407396714, "mean_ndbi": -0.1025996455983096, "mean_dem": 0.0, "uhi_intensity": -8.2247301225869123, "risk_score": 6.868854808174488, "sustainability_score": 93.13114519182551, "cluster_id": 0, "cluster": "Cluster 0: Coastal/Lowland Urban", "top_positive_driver": "mean_ndbi", "top_positive_shap": 0.1147838003966463, "top_negative_driver": "mean_lst", "top_negative_shap": -35.039681967476689, "explanation_text": "Low composite risk index — dominated by high NDBI (built-up) (+0.11) and attenuated by low LST (temperature) (-35.04)" }, "geometry": { "type": "Polygon", "coordinates": [ [ [ 72.86, 18.95 ], [ 72.86, 18.96 ], [ 72.85, 18.96 ], [ 72.85, 18.95 ], [ 72.86, 18.95 ] ] ] } },
{ "type": "Feature", "properties": { "cell_id": "r6_c9", "mean_ndvi": -0.20273448115810588, "mean_lst": 30.694010796101917, "mean_ndbi": -0.17913053828916523, "mean_dem": 0.0, "uhi_intensity": -8.314411733881709, "risk_score": 0.0, "sustainability_score": 100.0, "cluster_id": 0, "cluster": "Cluster 0: Coastal/Lowland Urban", "top_positive_driver": null, "top_positive_shap": 0.0, "top_negative_driver": "mean_lst", "top_negative_shap": -36.006324370942288, "explanation_text": "Low composite risk index — dominated by low LST (temperature) (-36.01)" }, "geometry": { "type": "Polygon", "coordinates": [ [ [ 72.87, 18.95 ], [ 72.87, 18.96 ], [ 72.86, 18.96 ], [ 72.86, 18.95 ], [ 72.87, 18.95 ] ] ] } },
{ "type": "Feature", "properties": { "cell_id": "r6_c10", "mean_ndvi": -0.17294101333373926, "mean_lst": 30.676520506932839, "mean_ndbi": -0.10907837067302881, "mean_dem": 0.0, "uhi_intensity": -8.3319020230507874, "risk_score": 5.2002379612523564, "sustainability_score": 94.799762038747645, "cluster_id": 0, "cluster": "Cluster 0: Coastal/Lowland Urban", "top_positive_driver": null, "top_positive_shap": 0.0, "top_negative_driver": "mean_lst", "top_negative_shap": -35.674608630706331, "explanation_text": "Low composite risk index — dominated by low LST (temperature) (-35.67)" }, "geometry": { "type": "Polygon", "coordinates": [ [ [ 72.88, 18.95 ], [ 72.88, 18.96 ], [ 72.87, 18.96 ], [ 72.87, 18.95 ], [ 72.88, 18.95 ] ] ] } },
{ "type": "Feature", "properties": { "cell_id": "r6_c11", "mean_ndvi": -0.17748061818602723, "mean_lst": 30.610342060694162, "mean_ndbi": -0.11594816320059488, "mean_dem": 0.0, "uhi_intensity": -8.3980804692894644, "risk_score": 4.3236613396058559, "sustainability_score": 95.676338660394151, "cluster_id": 0, "cluster": "Cluster 0: Coastal/Lowland Urban", "top_positive_driver": null, "top_positive_shap": 0.0, "top_negative_driver": "mean_lst", "top_negative_shap": -35.892270991571948, "explanation_text": "Low composite risk index — dominated by low LST (temperature) (-35.89)" }, "geometry": { "type": "Polygon", "coordinates": [ [ [ 72.89, 18.95 ], [ 72.89, 18.96 ], [ 72.88, 18.96 ], [ 72.88, 18.95 ], [ 72.89, 18.95 ] ] ] } },
{ "type": "Feature", "properties": { "cell_id": "r6_c12", "mean_ndvi": -0.15927225348067486, "mean_lst": 30.917572216156799, "mean_ndbi": -0.14140421639231274, "mean_dem": 0.0, "uhi_intensity": -8.0908503138268273, "risk_score": 5.7413258197616353, "sustainability_score": 94.258674180238359, "cluster_id": 0, "cluster": "Cluster 0: Coastal/Lowland Urban", "top_positive_driver": null, "top_positive_shap": 0.0, "top_negative_driver": "mean_lst", "top_negative_shap": -35.654061345053449, "explanation_text": "Low composite risk index — dominated by low LST (temperature) (-35.65)" }, "geometry": { "type": "Polygon", "coordinates": [ [ [ 72.9, 18.95 ], [ 72.9, 18.96 ], [ 72.89, 18.96 ], [ 72.89, 18.95 ], [ 72.9, 18.95 ] ] ] } },
{ "type": "Feature", "properties": { "cell_id": "r6_c13", "mean_ndvi": -0.088144113819131842, "mean_lst": 32.376315424711635, "mean_ndbi": -0.091512902581132274, "mean_dem": 1.593331757320624, "uhi_intensity": -6.6321071052719915, "risk_score": 18.595397555398051, "sustainability_score": 81.404602444601949, "cluster_id": 0, "cluster": "Cluster 0: Coastal/Lowland Urban", "top_positive_driver": null, "top_positive_shap": 0.0, "top_negative_driver": "mean_lst", "top_negative_shap": -28.191720767270763, "explanation_text": "Low composite risk index — dominated by low LST (temperature) (-28.19)" }, "geometry": { "type": "Polygon", "coordinates": [ [ [ 72.91, 18.95 ], [ 72.91, 18.96 ], [ 72.9, 18.96 ], [ 72.9, 18.95 ], [ 72.91, 18.95 ] ] ] } },
{ "type": "Feature", "properties": { "cell_id": "r6_c14", "mean_ndvi": -0.14486227515690567, "mean_lst": 30.384722341102755, "mean_ndbi": -0.075829931067351378, "mean_dem": 0.0, "uhi_intensity": -8.6237001888808713, "risk_score": 7.7301487378331881, "sustainability_score": 92.26985126216681, "cluster_id": 0, "cluster": "Cluster 0: Coastal/Lowland Urban", "top_positive_driver": "mean_ndbi", "top_positive_shap": 0.043259558760493082, "top_negative_driver": "mean_lst", "top_negative_shap": -34.688301148014844, "explanation_text": "Low composite risk index — dominated by high NDBI (built-up) (+0.04) and attenuated by low LST (temperature) (-34.69)" }, "geometry": { "type": "Polygon", "coordinates": [ [ [ 72.92, 18.95 ], [ 72.92, 18.96 ], [ 72.91, 18.96 ], [ 72.91, 18.95 ], [ 72.92, 18.95 ] ] ] } },
{ "type": "Feature", "properties": { "cell_id": "r6_c15", "mean_ndvi": -0.099536673389689023, "mean_lst": 31.571258552218207, "mean_ndbi": -0.088384128938026801, "mean_dem": 3.7465102037909883, "uhi_intensity": -7.4371639777654188, "risk_score": 15.066309822637633, "sustainability_score": 84.933690177362365, "cluster_id": 0, "cluster": "Cluster 0: Coastal/Lowland Urban", "top_positive_driver": null, "top_positive_shap": 0.0, "top_negative_driver": "mean_lst", "top_negative_shap": -31.432009938212996, "explanation_text": "Low composite risk index — dominated by low LST (temperature) (-31.43)" }, "geometry": { "type": "Polygon", "coordinates": [ [ [ 72.93, 18.95 ], [ 72.93, 18.96 ], [ 72.92, 18.96 ], [ 72.92, 18.95 ], [ 72.93, 18.95 ] ] ] } },
{ "type": "Feature", "properties": { "cell_id": "r6_c16", "mean_ndvi": 0.010553134013762341, "mean_lst": 34.78088543204823, "mean_ndbi": -0.072741332297197148, "mean_dem": 8.7201754510887302, "uhi_intensity": -4.2275370979353966, "risk_score": 35.844880525847792, "sustainability_score": 64.155119474152201, "cluster_id": 0, "cluster": "Cluster 0: Coastal/Lowland Urban", "top_positive_driver": null, "top_positive_shap": 0.0, "top_negative_driver": "mean_lst", "top_negative_shap": -7.2758495667575955, "explanation_text": "Low composite risk index — dominated by low LST (temperature) (-7.28)" }, "geometry": { "type": "Polygon", "coordinates": [ [ [ 72.94, 18.95 ], [ 72.94, 18.96 ], [ 72.93, 18.96 ], [ 72.93, 18.95 ], [ 72.94, 18.95 ] ] ] } },
{ "type": "Feature", "properties": { "cell_id": "r6_c17", "mean_ndvi": -0.10839446472645729, "mean_lst": 33.945048757980025, "mean_ndbi": -0.095743869763300418, "mean_dem": 2.2429079226194508, "uhi_intensity": -5.0633737720036009, "risk_score": 22.477297744081682, "sustainability_score": 77.522702255918318, "cluster_id": 0, "cluster": "Cluster 0: Coastal/Lowland Urban", "top_positive_driver": null, "top_positive_shap": 0.0, "top_negative_driver": "mean_lst", "top_negative_shap": -19.641428594984184, "explanation_text": "Low composite risk index — dominated by low LST (temperature) (-19.64)" }, "geometry": { "type": "Polygon", "coordinates": [ [ [ 72.95, 18.95 ], [ 72.95, 18.96 ], [ 72.94, 18.96 ], [ 72.94, 18.95 ], [ 72.95, 18.95 ] ] ] } },
{ "type": "Feature", "properties": { "cell_id": "r6_c18", "mean_ndvi": -0.0085339817476570209, "mean_lst": 44.931872261632314, "mean_ndbi": 0.0066961923651965571, "mean_dem": 3.7458989781620473, "uhi_intensity": 5.923449731648688, "risk_score": 73.742253796025864, "sustainability_score": 26.257746203974136, "cluster_id": 2, "cluster": "Cluster 2: Dense Urban Heat", "top_positive_driver": "mean_lst", "top_positive_shap": 32.631547540661579, "top_negative_driver": "mean_ndvi", "top_negative_shap": -4.3756266157262003, "explanation_text": "High composite risk index — dominated by high LST (temperature) (+32.63) and attenuated by high NDVI (vegetation) (-4.38)" }, "geometry": { "type": "Polygon", "coordinates": [ [ [ 72.96, 18.95 ], [ 72.96, 18.96 ], [ 72.95, 18.96 ], [ 72.95, 18.95 ], [ 72.96, 18.95 ] ] ] } },
{ "type": "Feature", "properties": { "cell_id": "r6_c19", "mean_ndvi": 0.053270349328619564, "mean_lst": 35.922344752031556, "mean_ndbi": -0.11234492018502201, "mean_dem": 0.80230763096133151, "uhi_intensity": -3.0860777779520703, "risk_score": 41.208420484059658, "sustainability_score": 58.791579515940342, "cluster_id": 0, "cluster": "Cluster 0: Coastal/Lowland Urban", "top_positive_driver": null, "top_positive_shap": 0.0, "top_negative_driver": "mean_ndvi", "top_negative_shap": -4.4478518212897651, "explanation_text": "Moderate composite risk index — dominated by high NDVI (vegetation) (-4.45)" }, "geometry": { "type": "Polygon", "coordinates": [ [ [ 72.97, 18.95 ], [ 72.97, 18.96 ], [ 72.96, 18.96 ], [ 72.96, 18.95 ], [ 72.97, 18.95 ] ] ] } },
{ "type": "Feature", "properties": { "cell_id": "r6_c20", "mean_ndvi": 0.24971977821244573, "mean_lst": 34.182025491052769, "mean_ndbi": -0.21432493442041756, "mean_dem": 0.11560973525683914, "uhi_intensity": -4.8263970389308568, "risk_score": 45.770657212717325, "sustainability_score": 54.229342787282675, "cluster_id": 3, "cluster": "Cluster 3: Green/Forested", "top_positive_driver": "mean_ndvi", "top_positive_shap": 10.142856107715682, "top_negative_driver": "mean_lst", "top_negative_shap": -15.529517532119756, "explanation_text": "Moderate composite risk index — dominated by low NDVI (vegetation) (+10.14) and attenuated by low LST (temperature) (-15.53)" }, "geometry": { "type": "Polygon", "coordinates": [ [ [ 72.980000000000103, 18.95 ], [ 72.980000000000103, 18.96 ], [ 72.97, 18.96 ], [ 72.97, 18.95 ], [ 72.980000000000103, 18.95 ] ] ] } },
{ "type": "Feature", "properties": { "cell_id": "r6_c21", "mean_ndvi": 0.30929529954242529, "mean_lst": 36.378591235548086, "mean_ndbi": -0.1860351253469153, "mean_dem": 0.34077477164430303, "uhi_intensity": -2.6298312944355402, "risk_score": 59.396373888370121, "sustainability_score": 40.603626111629879, "cluster_id": 3, "cluster": "Cluster 3: Green/Forested", "top_positive_driver": "mean_ndvi", "top_positive_shap": 7.8061902504572611, "top_negative_driver": "mean_dem", "top_negative_shap": -4.2691710058200698, "explanation_text": "Moderate composite risk index — dominated by low NDVI (vegetation) (+7.81) and attenuated by high DEM (elevation) (-4.27)" }, "geometry": { "type": "Polygon", "coordinates": [ [ [ 72.99, 18.95 ], [ 72.99, 18.96 ], [ 72.980000000000103, 18.96 ], [ 72.980000000000103, 18.95 ], [ 72.99, 18.95 ] ] ] } },
{ "type": "Feature", "properties": { "cell_id": "r7_c0", "mean_ndvi": -0.14046316507522105, "mean_lst": 30.670976569186934, "mean_ndbi": -0.051695220160950989, "mean_dem": 0.0, "uhi_intensity": -8.3374459607966926, "risk_score": 10.112581698114145, "sustainability_score": 89.887418301885859, "cluster_id": 0, "cluster": "Cluster 0: Coastal/Lowland Urban", "top_positive_driver": "mean_ndbi", "top_positive_shap": 0.060733375821146511, "top_negative_driver": "mean_lst", "top_negative_shap": -34.426260907628176, "explanation_text": "Low composite risk index — dominated by high NDBI (built-up) (+0.06) and attenuated by low LST (temperature) (-34.43)" }, "geometry": { "type": "Polygon", "coordinates": [ [ [ 72.78, 18.96 ], [ 72.78, 18.97 ], [ 72.77, 18.97 ], [ 72.77, 18.96 ], [ 72.78, 18.96 ] ] ] } },
{ "type": "Feature", "properties": { "cell_id": "r7_c1", "mean_ndvi": -0.14053983379689031, "mean_lst": 30.731636272765815, "mean_ndbi": -0.047044773106115739, "mean_dem": 0.0, "uhi_intensity": -8.276786257217811, "risk_score": 10.520131076925447, "sustainability_score": 89.479868923074548, "cluster_id": 0, "cluster": "Cluster 0: Coastal/Lowland Urban", "top_positive_driver": "mean_ndbi", "top_positive_shap": 0.080366955355489239, "top_negative_driver": "mean_lst", "top_negative_shap": -34.439111462901749, "explanation_text": "Low composite risk index — dominated by high NDBI (built-up) (+0.08) and attenuated by low LST (temperature) (-34.44)" }, "geometry": { "type": "Polygon", "coordinates": [ [ [ 72.79, 18.96 ], [ 72.79, 18.97 ], [ 72.78, 18.97 ], [ 72.78, 18.96 ], [ 72.79, 18.96 ] ] ] } },
{ "type": "Feature", "properties": { "cell_id": "r7_c2", "mean_ndvi": -0.14027122499224939, "mean_lst": 31.798863467562043, "mean_ndbi": -0.062164185885934503, "mean_dem": 0.023313169975963506, "uhi_intensity": -7.2095590624215831, "risk_score": 13.706327596730491, "sustainability_score": 86.293672403269511, "cluster_id": 0, "cluster": "Cluster 0: Coastal/Lowland Urban", "top_positive_driver": null, "top_positive_shap": 0.0, "top_negative_driver": "mean_lst", "top_negative_shap": -31.369139582401797, "explanation_text": "Low composite risk index — dominated by low LST (temperature) (-31.37)" }, "geometry": { "type": "Polygon", "coordinates": [ [ [ 72.8, 18.96 ], [ 72.8, 18.97 ], [ 72.79, 18.97 ], [ 72.79, 18.96 ], [ 72.8, 18.96 ] ] ] } },
{ "type": "Feature", "properties": { "cell_id": "r7_c3", "mean_ndvi": 0.14637272994367351, "mean_lst": 39.983337737791153, "mean_ndbi": -0.011857183590136985, "mean_dem": 23.182938601861842, "uhi_intensity": 0.97491520780752694, "risk_score": 68.005422424148037, "sustainability_score": 31.994577575851963, "cluster_id": 2, "cluster": "Cluster 2: Dense Urban Heat", "top_positive_driver": "mean_lst", "top_positive_shap": 16.524440367210239, "top_negative_driver": "mean_dem", "top_negative_shap": -0.27567425580209143, "explanation_text": "High composite risk index — dominated by high LST (temperature) (+16.52) and attenuated by high DEM (elevation) (-0.28)" }, "geometry": { "type": "Polygon", "coordinates": [ [ [ 72.81, 18.96 ], [ 72.81, 18.97 ], [ 72.8, 18.97 ], [ 72.8, 18.96 ], [ 72.81, 18.96 ] ] ] } },
{ "type": "Feature", "properties": { "cell_id": "r7_c4", "mean_ndvi": 0.12675640066272312, "mean_lst": 41.8062158940633, "mean_ndbi": 0.037520279361761458, "mean_dem": 13.386151077087817, "uhi_intensity": 2.7977933640796735, "risk_score": 74.699047107792339, "sustainability_score": 25.300952892207661, "cluster_id": 2, "cluster": "Cluster 2: Dense Urban Heat", "top_positive_driver": "mean_lst", "top_positive_shap": 20.602611971693719, "top_negative_driver": "mean_dem", "top_negative_shap": -1.014589562629717, "explanation_text": "High composite risk index — dominated by high LST (temperature) (+20.60) and attenuated by high DEM (elevation) (-1.01)" }, "geometry": { "type": "Polygon", "coordinates": [ [ [ 72.82, 18.96 ], [ 72.82, 18.97 ], [ 72.81, 18.97 ], [ 72.81, 18.96 ], [ 72.82, 18.96 ] ] ] } },
{ "type": "Feature", "properties": { "cell_id": "r7_c5", "mean_ndvi": 0.086445917133426392, "mean_lst": 44.399907251071248, "mean_ndbi": 0.075583275188738017, "mean_dem": 7.7262792121790529, "uhi_intensity": 5.3914847210876218, "risk_score": 82.233727769379044, "sustainability_score": 17.766272230620956, "cluster_id": 2, "cluster": "Cluster 2: Dense Urban Heat", "top_positive_driver": "mean_lst", "top_positive_shap": 30.841833966004394, "top_negative_driver": "mean_dem", "top_negative_shap": -0.74535882800021613, "explanation_text": "High composite risk index — dominated by high LST (temperature) (+30.84) and attenuated by high DEM (elevation) (-0.75)" }, "geometry": { "type": "Polygon", "coordinates": [ [ [ 72.83, 18.96 ], [ 72.83, 18.97 ], [ 72.82, 18.97 ], [ 72.82, 18.96 ], [ 72.83, 18.96 ] ] ] } },
{ "type": "Feature", "properties": { "cell_id": "r7_c6", "mean_ndvi": 0.13016385729621893, "mean_lst": 43.244661675088373, "mean_ndbi": 0.023375685882905593, "mean_dem": 11.998385383592451, "uhi_intensity": 4.2362391451047472, "risk_score": 79.435651394295135, "sustainability_score": 20.564348605704865, "cluster_id": 2, "cluster": "Cluster 2: Dense Urban Heat", "top_positive_driver": "mean_lst", "top_positive_shap": 26.183014650519695, "top_negative_driver": "mean_dem", "top_negative_shap": -0.92168257057012815, "explanation_text": "High composite risk index — dominated by high LST (temperature) (+26.18) and attenuated by high DEM (elevation) (-0.92)" }, "geometry": { "type": "Polygon", "coordinates": [ [ [ 72.84, 18.96 ], [ 72.84, 18.97 ], [ 72.83, 18.97 ], [ 72.83, 18.96 ], [ 72.84, 18.96 ] ] ] } },
{ "type": "Feature", "properties": { "cell_id": "r7_c7", "mean_ndvi": 0.10274467741294485, "mean_lst": 43.952086219125142, "mean_ndbi": 0.017299226119024527, "mean_dem": 10.013695704179634, "uhi_intensity": 4.9436636891415162, "risk_score": 79.511437439051775, "sustainability_score": 20.488562560948225, "cluster_id": 2, "cluster": "Cluster 2: Dense Urban Heat", "top_positive_driver": "mean_lst", "top_positive_shap": 28.21621978689015, "top_negative_driver": "mean_dem", "top_negative_shap": -0.90183499914779375, "explanation_text": "High composite risk index — dominated by high LST (temperature) (+28.22) and attenuated by high DEM (elevation) (-0.90)" }, "geometry": { "type": "Polygon", "coordinates": [ [ [ 72.85, 18.96 ], [ 72.85, 18.97 ], [ 72.84, 18.97 ], [ 72.84, 18.96 ], [ 72.85, 18.96 ] ] ] } },
{ "type": "Feature", "properties": { "cell_id": "r7_c8", "mean_ndvi": -0.15570195034764903, "mean_lst": 31.873779725390854, "mean_ndbi": -0.11208906617898105, "mean_dem": 0.28884091692274422, "uhi_intensity": -7.1346428045927723, "risk_score": 10.680033680104268, "sustainability_score": 89.319966319895727, "cluster_id": 0, "cluster": "Cluster 0: Coastal/Lowland Urban", "top_positive_driver": null, "top_positive_shap": 0.0, "top_negative_driver": "mean_lst", "top_negative_shap": -31.797532174931732, "explanation_text": "Low composite risk index — dominated by low LST (temperature) (-31.80)" }, "geometry": { "type": "Polygon", "coordinates": [ [ [ 72.86, 18.96 ], [ 72.86, 18.97 ], [ 72.85, 18.97 ], [ 72.85, 18.96 ], [ 72.86, 18.96 ] ] ] } },
{ "type": "Feature", "properties": { "cell_id": "r7_c9", "mean_ndvi": -0.19014049205174541, "mean_lst": 30.781488681840589, "mean_ndbi": -0.15362543680656857, "mean_dem": 0.0, "uhi_intensity": -8.2269338481430374, "risk_score": 2.3623931470006228, "sustainability_score": 97.637606852999383, "cluster_id": 0, "cluster": "Cluster 0: Coastal/Lowland Urban", "top_positive_driver": null, "top_positive_shap": 0.0, "top_negative_driver": "mean_lst", "top_negative_shap": -35.930459543394427, "explanation_text": "Low composite risk index — dominated by low LST (temperature) (-35.93)" }, "geometry": { "type": "Polygon", "coordinates": [ [ [ 72.87, 18.96 ], [ 72.87, 18.97 ], [ 72.86, 18.97 ], [ 72.86, 18.96 ], [ 72.87, 18.96 ] ] ] } },
{ "type": "Feature", "properties": { "cell_id": "r7_c10", "mean_ndvi": -0.18221014796007312, "mean_lst": 30.71932921188268, "mean_ndbi": -0.13683884601906832, "mean_dem": 0.0, "uhi_intensity": -8.2890933181009459, "risk_score": 3.4626899314130899, "sustainability_score": 96.537310068586905, "cluster_id": 0, "cluster": "Cluster 0: Coastal/Lowland Urban", "top_positive_driver": null, "top_positive_shap": 0.0, "top_negative_driver": "mean_lst", "top_negative_shap": -35.946946332123673, "explanation_text": "Low composite risk index — dominated by low LST (temperature) (-35.95)" }, "geometry": { "type": "Polygon", "coordinates": [ [ [ 72.88, 18.96 ], [ 72.88, 18.97 ], [ 72.87, 18.97 ], [ 72.87, 18.96 ], [ 72.88, 18.96 ] ] ] } },
{ "type": "Feature", "properties": { "cell_id": "r7_c11", "mean_ndvi": -0.16546769400602018, "mean_lst": 30.481979532520992, "mean_ndbi": -0.15120493527178172, "mean_dem": 0.0, "uhi_intensity": -8.5264429974626346, "risk_score": 3.2957963775403929, "sustainability_score": 96.704203622459602, "cluster_id": 0, "cluster": "Cluster 0: Coastal/Lowland Urban", "top_positive_driver": null, "top_positive_shap": 0.0, "top_negative_driver": "mean_lst", "top_negative_shap": -35.947091067983798, "explanation_text": "Low composite risk index — dominated by low LST (temperature) (-35.95)" }, "geometry": { "type": "Polygon", "coordinates": [ [ [ 72.89, 18.96 ], [ 72.89, 18.97 ], [ 72.88, 18.97 ], [ 72.88, 18.96 ], [ 72.89, 18.96 ] ] ] } },
{ "type": "Feature", "properties": { "cell_id": "r7_c12", "mean_ndvi": -0.15849828918505821, "mean_lst": 30.820477613026043, "mean_ndbi": -0.13979716334500725, "mean_dem": 0.092486586241071936, "uhi_intensity": -8.1879449169575835, "risk_score": 5.5264764687833656, "sustainability_score": 94.473523531216628, "cluster_id": 0, "cluster": "Cluster 0: Coastal/Lowland Urban", "top_positive_driver": null, "top_positive_shap": 0.0, "top_negative_driver": "mean_lst", "top_negative_shap": -35.747287723184471, "explanation_text": "Low composite risk index — dominated by low LST (temperature) (-35.75)" }, "geometry": { "type": "Polygon", "coordinates": [ [ [ 72.9, 18.96 ], [ 72.9, 18.97 ], [ 72.89, 18.97 ], [ 72.89, 18.96 ], [ 72.9, 18.96 ] ] ] } },
{ "type": "Feature", "properties": { "cell_id": "r7_c13", "mean_ndvi": -0.10746348456426258, "mean_lst": 31.633128773634883, "mean_ndbi": -0.074804669093231496, "mean_dem": 1.5671814792769674, "uhi_intensity": -7.3752937563487428, "risk_score": 15.165793215365801, "sustainability_score": 84.834206784634205, "cluster_id": 0, "cluster": "Cluster 0: Coastal/Lowland Urban", "top_positive_driver": null, "top_positive_shap": 0.0, "top_negative_driver": "mean_lst", "top_negative_shap": -31.290713924911422, "explanation_text": "Low composite risk index — dominated by low LST (temperature) (-31.29)" }, "geometry": { "type": "Polygon", "coordinates": [ [ [ 72.91, 18.96 ], [ 72.91, 18.97 ], [ 72.9, 18.97 ], [ 72.9, 18.96 ], [ 72.91, 18.96 ] ] ] } },
{ "type": "Feature", "properties": { "cell_id": "r7_c14", "mean_ndvi": -0.15098040524574052, "mean_lst": 30.199748189292823, "mean_ndbi": -0.084741399412131269, "mean_dem": 0.0, "uhi_intensity": -8.8086743406908035, "risk_score": 6.2219315616279172, "sustainability_score": 93.778068438372088, "cluster_id": 0, "cluster": "Cluster 0: Coastal/Lowland Urban", "top_positive_driver": "mean_ndbi", "top_positive_shap": 0.053115949420216781, "top_negative_driver": "mean_lst", "top_negative_shap": -34.752160579307748, "explanation_text": "Low composite risk index — dominated by high NDBI (built-up) (+0.05) and attenuated by low LST (temperature) (-34.75)" }, "geometry": { "type": "Polygon", "coordinates": [ [ [ 72.92, 18.96 ], [ 72.92, 18.97 ], [ 72.91, 18.97 ], [ 72.91, 18.96 ], [ 72.92, 18.96 ] ] ] } },
{ "type": "Feature", "properties": { "cell_id": "r7_c15", "mean_ndvi": 0.0050592618300800045, "mean_lst": 32.505097452096827, "mean_ndbi": -0.088706923584198114, "mean_dem": 11.460123258489698, "uhi_intensity": -6.5033250778867995, "risk_score": 26.739256799961382, "sustainability_score": 73.260743200038618, "cluster_id": 0, "cluster": "Cluster 0: Coastal/Lowland Urban", "top_positive_driver": null, "top_positive_shap": 0.0, "top_negative_driver": "mean_lst", "top_negative_shap": -21.684333301642233, "explanation_text": "Low composite risk index — dominated by low LST (temperature) (-21.68)" }, "geometry": { "type": "Polygon", "coordinates": [ [ [ 72.93, 18.96 ], [ 72.93, 18.97 ], [ 72.92, 18.97 ], [ 72.92, 18.96 ], [ 72.93, 18.96 ] ] ] } },
{ "type": "Feature", "properties": { "cell_id": "r7_c16", "mean_ndvi": 0.22907128292798884, "mean_lst": 37.797036744012757, "mean_ndbi": -0.019819357113085356, "mean_dem": 50.329270272348573, "uhi_intensity": -1.2113857859708688, "risk_score": 67.317154889807696, "sustainability_score": 32.682845110192304, "cluster_id": 2, "cluster": "Cluster 2: Dense Urban Heat", "top_positive_driver": "mean_lst", "top_positive_shap": 7.9254706101254886, "top_negative_driver": null, "top_negative_shap": 0.0, "explanation_text": "High composite risk index — dominated by high LST (temperature) (+7.93)" }, "geometry": { "type": "Polygon", "coordinates": [ [ [ 72.94, 18.96 ], [ 72.94, 18.97 ], [ 72.93, 18.97 ], [ 72.93, 18.96 ], [ 72.94, 18.96 ] ] ] } },
{ "type": "Feature", "properties": { "cell_id": "r7_c17", "mean_ndvi": -0.089498159669528815, "mean_lst": 32.220515864448522, "mean_ndbi": -0.086420697013163725, "mean_dem": 0.86200591801920246, "uhi_intensity": -6.7879066655351039, "risk_score": 18.122391964588694, "sustainability_score": 81.877608035411299, "cluster_id": 0, "cluster": "Cluster 0: Coastal/Lowland Urban", "top_positive_driver": null, "top_positive_shap": 0.0, "top_negative_driver": "mean_lst", "top_negative_shap": -28.719029179677751, "explanation_text": "Low composite risk index — dominated by low LST (temperature) (-28.72)" }, "geometry": { "type": "Polygon", "coordinates": [ [ [ 72.95, 18.96 ], [ 72.95, 18.97 ], [ 72.94, 18.97 ], [ 72.94, 18.96 ], [ 72.95, 18.96 ] ] ] } },
{ "type": "Feature", "properties": { "cell_id": "r7_c18", "mean_ndvi": 0.0035243080205300107, "mean_lst": 34.701883938732834, "mean_ndbi": -0.095225104637939123, "mean_dem": 3.7739913659559003, "uhi_intensity": -4.3065385912507921, "risk_score": 33.872144766042155, "sustainability_score": 66.127855233957845, "cluster_id": 0, "cluster": "Cluster 0: Coastal/Lowland Urban", "top_positive_driver": null, "top_positive_shap": 0.0, "top_negative_driver": "mean_lst", "top_negative_shap": -10.855620349784944, "explanation_text": "Low composite risk index — dominated by low LST (temperature) (-10.86)" }, "geometry": { "type": "Polygon", "coordinates": [ [ [ 72.96, 18.96 ], [ 72.96, 18.97 ], [ 72.95, 18.97 ], [ 72.95, 18.96 ], [ 72.96, 18.96 ] ] ] } },
{ "type": "Feature", "properties": { "cell_id": "r7_c19", "mean_ndvi": 0.16903846169094552, "mean_lst": 38.088369721349991, "mean_ndbi": -0.066636869310714802, "mean_dem": 10.268913881144096, "uhi_intensity": -0.92005280863363481, "risk_score": 60.156130063894473, "sustainability_score": 39.843869936105527, "cluster_id": 2, "cluster": "Cluster 2: Dense Urban Heat", "top_positive_driver": "mean_lst", "top_positive_shap": 7.4367854013899874, "top_negative_driver": "mean_dem", "top_negative_shap": -2.0979072721393837, "explanation_text": "Moderate composite risk index — dominated by high LST (temperature) (+7.44) and attenuated by high DEM (elevation) (-2.10)" }, "geometry": { "type": "Polygon", "coordinates": [ [ [ 72.97, 18.96 ], [ 72.97, 18.97 ], [ 72.96, 18.97 ], [ 72.96, 18.96 ], [ 72.97, 18.96 ] ] ] } },
{ "type": "Feature", "properties": { "cell_id": "r7_c20", "mean_ndvi": 0.16750341179236192, "mean_lst": 34.25745535258006, "mean_ndbi": -0.20116199827968095, "mean_dem": 0.16734779896961557, "uhi_intensity": -4.7509671774035667, "risk_score": 40.272427331270173, "sustainability_score": 59.727572668729827, "cluster_id": 3, "cluster": "Cluster 3: Green/Forested", "top_positive_driver": "mean_ndvi", "top_positive_shap": 6.2934926557873379, "top_negative_driver": "mean_lst", "top_negative_shap": -16.180148255547547, "explanation_text": "Moderate composite risk index — dominated by low NDVI (vegetation) (+6.29) and attenuated by low LST (temperature) (-16.18)" }, "geometry": { "type": "Polygon", "coordinates": [ [ [ 72.980000000000103, 18.96 ], [ 72.980000000000103, 18.97 ], [ 72.97, 18.97 ], [ 72.97, 18.96 ], [ 72.980000000000103, 18.96 ] ] ] } },
{ "type": "Feature", "properties": { "cell_id": "r7_c21", "mean_ndvi": 0.29070181302265652, "mean_lst": 36.441282397562382, "mean_ndbi": -0.2019196665951806, "mean_dem": 0.54088644978654787, "uhi_intensity": -2.5671401324212439, "risk_score": 57.5235581102027, "sustainability_score": 42.4764418897973, "cluster_id": 3, "cluster": "Cluster 3: Green/Forested", "top_positive_driver": "mean_ndvi", "top_positive_shap": 6.8609008957759228, "top_negative_driver": "mean_dem", "top_negative_shap": -3.7267834608704122, "explanation_text": "Moderate composite risk index — dominated by low NDVI (vegetation) (+6.86) and attenuated by high DEM (elevation) (-3.73)" }, "geometry": { "type": "Polygon", "coordinates": [ [ [ 72.99, 18.96 ], [ 72.99, 18.97 ], [ 72.980000000000103, 18.97 ], [ 72.980000000000103, 18.96 ], [ 72.99, 18.96 ] ] ] } },
{ "type": "Feature", "properties": { "cell_id": "r8_c0", "mean_ndvi": -0.13755983880064593, "mean_lst": 30.663549670947052, "mean_ndbi": -0.053248361365795291, "mean_dem": 0.0, "uhi_intensity": -8.3448728590365739, "risk_score": 10.243692739923569, "sustainability_score": 89.756307260076426, "cluster_id": 0, "cluster": "Cluster 0: Coastal/Lowland Urban", "top_positive_driver": "mean_ndbi", "top_positive_shap": 0.059711764907109437, "top_negative_driver": "mean_lst", "top_negative_shap": -34.411367819816796, "explanation_text": "Low composite risk index — dominated by high NDBI (built-up) (+0.06) and attenuated by low LST (temperature) (-34.41)" }, "geometry": { "type": "Polygon", "coordinates": [ [ [ 72.78, 18.97 ], [ 72.78, 18.98 ], [ 72.77, 18.98 ], [ 72.77, 18.97 ], [ 72.78, 18.97 ] ] ] } },
{ "type": "Feature", "properties": { "cell_id": "r8_c1", "mean_ndvi": -0.13929744956929013, "mean_lst": 30.976605499500966, "mean_ndbi": -0.049294474618895558, "mean_dem": 0.0, "uhi_intensity": -8.0318170304826602, "risk_score": 11.393891480197212, "sustainability_score": 88.606108519802788, "cluster_id": 0, "cluster": "Cluster 0: Coastal/Lowland Urban", "top_positive_driver": "mean_ndbi", "top_positive_shap": 0.029317087498313764, "top_negative_driver": "mean_lst", "top_negative_shap": -33.671564700694596, "explanation_text": "Low composite risk index — dominated by high NDBI (built-up) (+0.03) and attenuated by low LST (temperature) (-33.67)" }, "geometry": { "type": "Polygon", "coordinates": [ [ [ 72.79, 18.97 ], [ 72.79, 18.98 ], [ 72.78, 18.98 ], [ 72.78, 18.97 ], [ 72.79, 18.97 ] ] ] } },
{ "type": "Feature", "properties": { "cell_id": "r8_c2", "mean_ndvi": -0.14469013536197931, "mean_lst": 31.084794336047885, "mean_ndbi": -0.054370333317869397, "mean_dem": 0.0, "uhi_intensity": -7.9236281939357411, "risk_score": 11.149478257453509, "sustainability_score": 88.850521742546491, "cluster_id": 0, "cluster": "Cluster 0: Coastal/Lowland Urban", "top_positive_driver": "mean_ndbi", "top_positive_shap": 0.044797909597309192, "top_negative_driver": "mean_lst", "top_negative_shap": -33.56216083825219, "explanation_text": "Low composite risk index — dominated by high NDBI (built-up) (+0.04) and attenuated by low LST (temperature) (-33.56)" }, "geometry": { "type": "Polygon", "coordinates": [ [ [ 72.8, 18.97 ], [ 72.8, 18.98 ], [ 72.79, 18.98 ], [ 72.79, 18.97 ], [ 72.8, 18.97 ] ] ] } },
{ "type": "Feature", "properties": { "cell_id": "r8_c3", "mean_ndvi": 0.020279085247213165, "mean_lst": 38.071934053785448, "mean_ndbi": -0.023033851769210516, "mean_dem": 9.4414237380814043, "uhi_intensity": -0.93648847619817843, "risk_score": 50.464691435103639, "sustainability_score": 49.535308564896361, "cluster_id": 2, "cluster": "Cluster 2: Dense Urban Heat", "top_positive_driver": "mean_lst", "top_positive_shap": 7.6651154666088805, "top_negative_driver": "mean_ndvi", "top_negative_shap": -6.0110565465749382, "explanation_text": "Moderate composite risk index — dominated by high LST (temperature) (+7.67) and attenuated by high NDVI (vegetation) (-6.01)" }, "geometry": { "type": "Polygon", "coordinates": [ [ [ 72.81, 18.97 ], [ 72.81, 18.98 ], [ 72.8, 18.98 ], [ 72.8, 18.97 ], [ 72.81, 18.97 ] ] ] } },
{ "type": "Feature", "properties": { "cell_id": "r8_c4", "mean_ndvi": 0.24071855084686569, "mean_lst": 40.149798850045016, "mean_ndbi": -0.030401795718506319, "mean_dem": 13.616788570647316, "uhi_intensity": 1.14137632006139, "risk_score": 74.692686545510284, "sustainability_score": 25.307313454489716, "cluster_id": 2, "cluster": "Cluster 2: Dense Urban Heat", "top_positive_driver": "mean_lst", "top_positive_shap": 16.166946916124349, "top_negative_driver": "mean_dem", "top_negative_shap": -1.5711102357063051, "explanation_text": "High composite risk index — dominated by high LST (temperature) (+16.17) and attenuated by high DEM (elevation) (-1.57)" }, "geometry": { "type": "Polygon", "coordinates": [ [ [ 72.82, 18.97 ], [ 72.82, 18.98 ], [ 72.81, 18.98 ], [ 72.81, 18.97 ], [ 72.82, 18.97 ] ] ] } },
{ "type": "Feature", "properties": { "cell_id": "r8_c5", "mean_ndvi": 0.12559464368306517, "mean_lst": 42.372876904418924, "mean_ndbi": 0.033880388561204497, "mean_dem": 6.68776954235482, "uhi_intensity": 3.3644543744352973, "risk_score": 76.209245795472029, "sustainability_score": 23.790754204527971, "cluster_id": 2, "cluster": "Cluster 2: Dense Urban Heat", "top_positive_driver": "mean_lst", "top_positive_shap": 22.796403739957288, "top_negative_driver": "mean_dem", "top_negative_shap": -1.0906861972835957, "explanation_text": "High composite risk index — dominated by high LST (temperature) (+22.80) and attenuated by high DEM (elevation) (-1.09)" }, "geometry": { "type": "Polygon", "coordinates": [ [ [ 72.83, 18.97 ], [ 72.83, 18.98 ], [ 72.82, 18.98 ], [ 72.82, 18.97 ], [ 72.83, 18.97 ] ] ] } },
{ "type": "Feature", "properties": { "cell_id": "r8_c6", "mean_ndvi": 0.18343711815970376, "mean_lst": 42.252136587907273, "mean_ndbi": -0.0024777145351952768, "mean_dem": 11.6032819659899, "uhi_intensity": 3.243714057923647, "risk_score": 78.884581277754876, "sustainability_score": 21.115418722245124, "cluster_id": 2, "cluster": "Cluster 2: Dense Urban Heat", "top_positive_driver": "mean_lst", "top_positive_shap": 21.885849728442814, "top_negative_driver": "mean_dem", "top_negative_shap": -1.0545002014575593, "explanation_text": "High composite risk index — dominated by high LST (temperature) (+21.89) and attenuated by high DEM (elevation) (-1.05)" }, "geometry": { "type": "Polygon", "coordinates": [ [ [ 72.84, 18.97 ], [ 72.84, 18.98 ], [ 72.83, 18.98 ], [ 72.83, 18.97 ], [ 72.84, 18.97 ] ] ] } },
{ "type": "Feature", "properties": { "cell_id": "r8_c7", "mean_ndvi": 0.13679585313868595, "mean_lst": 44.969890939488408, "mean_ndbi": 0.023884788854617818, "mean_dem": 9.4147982318226262, "uhi_intensity": 5.9614684095047821, "risk_score": 86.01663833680152, "sustainability_score": 13.98336166319848, "cluster_id": 2, "cluster": "Cluster 2: Dense Urban Heat", "top_positive_driver": "mean_lst", "top_positive_shap": 28.202864497416144, "top_negative_driver": "mean_dem", "top_negative_shap": -0.86764274843301803, "explanation_text": "High composite risk index — dominated by high LST (temperature) (+28.20) and attenuated by high DEM (elevation) (-0.87)" }, "geometry": { "type": "Polygon", "coordinates": [ [ [ 72.85, 18.97 ], [ 72.85, 18.98 ], [ 72.84, 18.98 ], [ 72.84, 18.97 ], [ 72.85, 18.97 ] ] ] } },
{ "type": "Feature", "properties": { "cell_id": "r8_c8", "mean_ndvi": -0.058613788574137196, "mean_lst": 36.849748160889014, "mean_ndbi": -0.068461948234337378, "mean_dem": 1.7078255173101273, "uhi_intensity": -2.1586743690946122, "risk_score": 37.801304052291314, "sustainability_score": 62.198695947708686, "cluster_id": 0, "cluster": "Cluster 0: Coastal/Lowland Urban", "top_positive_driver": "mean_lst", "top_positive_shap": 3.6998689579130093, "top_negative_driver": "mean_ndvi", "top_negative_shap": -10.774336083339895, "explanation_text": "Low composite risk index — dominated by high LST (temperature) (+3.70) and attenuated by high NDVI (vegetation) (-10.77)" }, "geometry": { "type": "Polygon", "coordinates": [ [ [ 72.86, 18.97 ], [ 72.86, 18.98 ], [ 72.85, 18.98 ], [ 72.85, 18.97 ], [ 72.86, 18.97 ] ] ] } },
{ "type": "Feature", "properties": { "cell_id": "r8_c9", "mean_ndvi": -0.17371514340576072, "mean_lst": 30.779763200793447, "mean_ndbi": -0.13413728721768814, "mean_dem": 0.0, "uhi_intensity": -8.2286593291901795, "risk_score": 4.4464812173594073, "sustainability_score": 95.553518782640595, "cluster_id": 0, "cluster": "Cluster 0: Coastal/Lowland Urban", "top_positive_driver": null, "top_positive_shap": 0.0, "top_negative_driver": "mean_lst", "top_negative_shap": -35.821387822497826, "explanation_text": "Low composite risk index — dominated by low LST (temperature) (-35.82)" }, "geometry": { "type": "Polygon", "coordinates": [ [ [ 72.87, 18.97 ], [ 72.87, 18.98 ], [ 72.86, 18.98 ], [ 72.86, 18.97 ], [ 72.87, 18.97 ] ] ] } },
{ "type": "Feature", "properties": { "cell_id": "r8_c10", "mean_ndvi": -0.18637091575394008, "mean_lst": 31.113925444061746, "mean_ndbi": -0.12780045669700621, "mean_dem": 0.0, "uhi_intensity": -7.8944970859218806, "risk_score": 4.9327130788422258, "sustainability_score": 95.067286921157773, "cluster_id": 0, "cluster": "Cluster 0: Coastal/Lowland Urban", "top_positive_driver": null, "top_positive_shap": 0.0, "top_negative_driver": "mean_lst", "top_negative_shap": -35.027097855934485, "explanation_text": "Low composite risk index — dominated by low LST (temperature) (-35.03)" }, "geometry": { "type": "Polygon", "coordinates": [ [ [ 72.88, 18.97 ], [ 72.88, 18.98 ], [ 72.87, 18.98 ], [ 72.87, 18.97 ], [ 72.88, 18.97 ] ] ] } },
{ "type": "Feature", "properties": { "cell_id": "r8_c11", "mean_ndvi": -0.17852978424876309, "mean_lst": 30.663539552545309, "mean_ndbi": -0.13728512719129965, "mean_dem": 0.0, "uhi_intensity": -8.3448829774383171, "risk_score": 3.5280705719691592, "sustainability_score": 96.471929428030847, "cluster_id": 0, "cluster": "Cluster 0: Coastal/Lowland Urban", "top_positive_driver": null, "top_positive_shap": 0.0, "top_negative_driver": "mean_lst", "top_negative_shap": -35.924525279689959, "explanation_text": "Low composite risk index — dominated by low LST (temperature) (-35.92)" }, "geometry": { "type": "Polygon", "coordinates": [ [ [ 72.89, 18.97 ], [ 72.89, 18.98 ], [ 72.88, 18.98 ], [ 72.88, 18.97 ], [ 72.89, 18.97 ] ] ] } },
{ "type": "Feature", "properties": { "cell_id": "r8_c12", "mean_ndvi": -0.18194709123423941, "mean_lst": 30.366990609739869, "mean_ndbi": -0.15369637512245352, "mean_dem": 0.0, "uhi_intensity": -8.6414319202437575, "risk_score": 1.5119089232211957, "sustainability_score": 98.488091076778801, "cluster_id": 0, "cluster": "Cluster 0: Coastal/Lowland Urban", "top_positive_driver": null, "top_positive_shap": 0.0, "top_negative_driver": "mean_lst", "top_negative_shap": -36.050695549397886, "explanation_text": "Low composite risk index — dominated by low LST (temperature) (-36.05)" }, "geometry": { "type": "Polygon", "coordinates": [ [ [ 72.9, 18.97 ], [ 72.9, 18.98 ], [ 72.89, 18.98 ], [ 72.89, 18.97 ], [ 72.9, 18.97 ] ] ] } },
{ "type": "Feature", "properties": { "cell_id": "r8_c13", "mean_ndvi": -0.14310171184442363, "mean_lst": 30.162068365341259, "mean_ndbi": -0.091169369269328296, "mean_dem": 0.0, "uhi_intensity": -8.8463541646423671, "risk_score": 6.4214048512819355, "sustainability_score": 93.578595148718065, "cluster_id": 0, "cluster": "Cluster 0: Coastal/Lowland Urban", "top_positive_driver": "mean_ndbi", "top_positive_shap": 0.001837153164884447, "top_negative_driver": "mean_lst", "top_negative_shap": -34.688938919732436, "explanation_text": "Low composite risk index — dominated by high NDBI (built-up) (+0.00) and attenuated by low LST (temperature) (-34.69)" }, "geometry": { "type": "Polygon", "coordinates": [ [ [ 72.91, 18.97 ], [ 72.91, 18.98 ], [ 72.9, 18.98 ], [ 72.9, 18.97 ], [ 72.91, 18.97 ] ] ] } },
{ "type": "Feature", "properties": { "cell_id": "r8_c14", "mean_ndvi": -0.15208218874397494, "mean_lst": 30.37238484753777, "mean_ndbi": -0.10880786148549658, "mean_dem": 0.0, "uhi_intensity": -8.6360376824458562, "risk_score": 5.7324797163915875, "sustainability_score": 94.267520283608405, "cluster_id": 0, "cluster": "Cluster 0: Coastal/Lowland Urban", "top_positive_driver": null, "top_positive_shap": 0.0, "top_negative_driver": "mean_lst", "top_negative_shap": -35.37293757203215, "explanation_text": "Low composite risk index — dominated by low LST (temperature) (-35.37)" }, "geometry": { "type": "Polygon", "coordinates": [ [ [ 72.92, 18.97 ], [ 72.92, 18.98 ], [ 72.91, 18.98 ], [ 72.91, 18.97 ], [ 72.92, 18.97 ] ] ] } },
{ "type": "Feature", "properties": { "cell_id": "r8_c15", "mean_ndvi": -0.14005834667693445, "mean_lst": 30.372652651592258, "mean_ndbi": -0.10597586674949182, "mean_dem": 0.0, "uhi_intensity": -8.6357698783913683, "risk_score": 6.7788332567860348, "sustainability_score": 93.221166743213971, "cluster_id": 0, "cluster": "Cluster 0: Coastal/Lowland Urban", "top_positive_driver": null, "top_positive_shap": 0.0, "top_negative_driver": "mean_lst", "top_negative_shap": -34.677677839435496, "explanation_text": "Low composite risk index — dominated by low LST (temperature) (-34.68)" }, "geometry": { "type": "Polygon", "coordinates": [ [ [ 72.93, 18.97 ], [ 72.93, 18.98 ], [ 72.92, 18.98 ], [ 72.92, 18.97 ], [ 72.93, 18.97 ] ] ] } },
{ "type": "Feature", "properties": { "cell_id": "r8_c16", "mean_ndvi": -0.10650984042788922, "mean_lst": 31.533710646697632, "mean_ndbi": -0.088665760189200596, "mean_dem": 0.87046277941075956, "uhi_intensity": -7.4747118832859947, "risk_score": 14.269319293471353, "sustainability_score": 85.730680706528645, "cluster_id": 0, "cluster": "Cluster 0: Coastal/Lowland Urban", "top_positive_driver": null, "top_positive_shap": 0.0, "top_negative_driver": "mean_lst", "top_negative_shap": -31.758858193110687, "explanation_text": "Low composite risk index — dominated by low LST (temperature) (-31.76)" }, "geometry": { "type": "Polygon", "coordinates": [ [ [ 72.94, 18.97 ], [ 72.94, 18.98 ], [ 72.93, 18.98 ], [ 72.93, 18.97 ], [ 72.94, 18.97 ] ] ] } },
{ "type": "Feature", "properties": { "cell_id": "r8_c17", "mean_ndvi": -0.13439940295040811, "mean_lst": 30.991772256555809, "mean_ndbi": -0.088740674268940486, "mean_dem": 0.035785288270377719, "uhi_intensity": -8.0166502734278176, "risk_score": 10.154097050825312, "sustainability_score": 89.845902949174686, "cluster_id": 0, "cluster": "Cluster 0: Coastal/Lowland Urban", "top_positive_driver": null, "top_positive_shap": 0.0, "top_negative_driver": "mean_lst", "top_negative_shap": -33.476814292137561, "explanation_text": "Low composite risk index — dominated by low LST (temperature) (-33.48)" }, "geometry": { "type": "Polygon", "coordinates": [ [ [ 72.95, 18.97 ], [ 72.95, 18.98 ], [ 72.94, 18.98 ], [ 72.94, 18.97 ], [ 72.95, 18.97 ] ] ] } },
{ "type": "Feature", "properties": { "cell_id": "r8_c18", "mean_ndvi": -0.097654976672657101, "mean_lst": 33.462870189584528, "mean_ndbi": -0.064463317171411391, "mean_dem": 1.119576794919259, "uhi_intensity": -5.5455523403990981, "risk_score": 22.865781951621113, "sustainability_score": 77.134218048378884, "cluster_id": 0, "cluster": "Cluster 0: Coastal/Lowland Urban", "top_positive_driver": null, "top_positive_shap": 0.0, "top_negative_driver": "mean_lst", "top_negative_shap": -19.933494364226259, "explanation_text": "Low composite risk index — dominated by low LST (temperature) (-19.93)" }, "geometry": { "type": "Polygon", "coordinates": [ [ [ 72.96, 18.97 ], [ 72.96, 18.98 ], [ 72.95, 18.98 ], [ 72.95, 18.97 ], [ 72.96, 18.97 ] ] ] } },
{ "type": "Feature", "properties": { "cell_id": "r8_c19", "mean_ndvi": -0.11735774560170245, "mean_lst": 31.785049447788523, "mean_ndbi": -0.10597949628438394, "mean_dem": 0.17034657187777699, "uhi_intensity": -7.2233730821951028, "risk_score": 13.568848975319209, "sustainability_score": 86.431151024680787, "cluster_id": 0, "cluster": "Cluster 0: Coastal/Lowland Urban", "top_positive_driver": null, "top_positive_shap": 0.0, "top_negative_driver": "mean_lst", "top_negative_shap": -31.245906023895905, "explanation_text": "Low composite risk index — dominated by low LST (temperature) (-31.25)" }, "geometry": { "type": "Polygon", "coordinates": [ [ [ 72.97, 18.97 ], [ 72.97, 18.98 ], [ 72.96, 18.98 ], [ 72.96, 18.97 ], [ 72.97, 18.97 ] ] ] } },
{ "type": "Feature", "properties": { "cell_id": "r8_c20", "mean_ndvi": -0.11633293980808457, "mean_lst": 31.389725578443969, "mean_ndbi": -0.14501771908289851, "mean_dem": 0.0, "uhi_intensity": -7.6186969515396576, "risk_score": 10.576320310256287, "sustainability_score": 89.423679689743707, "cluster_id": 0, "cluster": "Cluster 0: Coastal/Lowland Urban", "top_positive_driver": null, "top_positive_shap": 0.0, "top_negative_driver": "mean_lst", "top_negative_shap": -33.09610871508837, "explanation_text": "Low composite risk index — dominated by low LST (temperature) (-33.10)" }, "geometry": { "type": "Polygon", "coordinates": [ [ [ 72.980000000000103, 18.97 ], [ 72.980000000000103, 18.98 ], [ 72.97, 18.98 ], [ 72.97, 18.97 ], [ 72.980000000000103, 18.97 ] ] ] } },
{ "type": "Feature", "properties": { "cell_id": "r8_c21", "mean_ndvi": -0.076711085995445696, "mean_lst": 32.102405238329872, "mean_ndbi": -0.12249034487611657, "mean_dem": 0.0013671513408051953, "uhi_intensity": -6.9060172916537539, "risk_score": 17.121933137665174, "sustainability_score": 82.878066862334833, "cluster_id": 0, "cluster": "Cluster 0: Coastal/Lowland Urban", "top_positive_driver": null, "top_positive_shap": 0.0, "top_negative_driver": "mean_lst", "top_negative_shap": -29.18808773695131, "explanation_text": "Low composite risk index — dominated by low LST (temperature) (-29.19)" }, "geometry": { "type": "Polygon", "coordinates": [ [ [ 72.99, 18.97 ], [ 72.99, 18.98 ], [ 72.980000000000103, 18.98 ], [ 72.980000000000103, 18.97 ], [ 72.99, 18.97 ] ] ] } },
{ "type": "Feature", "properties": { "cell_id": "r9_c0", "mean_ndvi": -0.13838018094363322, "mean_lst": 30.899464551340298, "mean_ndbi": -0.054428983920776428, "mean_dem": 0.0, "uhi_intensity": -8.1089579786433283, "risk_score": 10.971743386358611, "sustainability_score": 89.028256613641389, "cluster_id": 0, "cluster": "Cluster 0: Coastal/Lowland Urban", "top_positive_driver": "mean_ndbi", "top_positive_shap": 0.053159544213070897, "top_negative_driver": "mean_lst", "top_negative_shap": -34.003854993936322, "explanation_text": "Low composite risk index — dominated by high NDBI (built-up) (+0.05) and attenuated by low LST (temperature) (-34.00)" }, "geometry": { "type": "Polygon", "coordinates": [ [ [ 72.78, 18.98 ], [ 72.78, 18.99 ], [ 72.77, 18.99 ], [ 72.77, 18.98 ], [ 72.78, 18.98 ] ] ] } },
{ "type": "Feature", "properties": { "cell_id": "r9_c1", "mean_ndvi": -0.13965026165993216, "mean_lst": 31.019573412139135, "mean_ndbi": -0.051719255265964804, "mean_dem": 0.0, "uhi_intensity": -7.9888491178444916, "risk_score": 11.417161808444902, "sustainability_score": 88.582838191555098, "cluster_id": 0, "cluster": "Cluster 0: Coastal/Lowland Urban", "top_positive_driver": "mean_ndbi", "top_positive_shap": 0.0017097987217970581, "top_negative_driver": "mean_lst", "top_negative_shap": -33.503023644390076, "explanation_text": "Low composite risk index — dominated by high NDBI (built-up) (+0.00) and attenuated by low LST (temperature) (-33.50)" }, "geometry": { "type": "Polygon", "coordinates": [ [ [ 72.79, 18.98 ], [ 72.79, 18.99 ], [ 72.78, 18.99 ], [ 72.78, 18.98 ], [ 72.79, 18.98 ] ] ] } },
{ "type": "Feature", "properties": { "cell_id": "r9_c2", "mean_ndvi": -0.14009654100794142, "mean_lst": 31.175800547636531, "mean_ndbi": -0.051928114953911274, "mean_dem": 0.0, "uhi_intensity": -7.8326219823470957, "risk_score": 11.931042650472802, "sustainability_score": 88.068957349527196, "cluster_id": 0, "cluster": "Cluster 0: Coastal/Lowland Urban", "top_positive_driver": null, "top_positive_shap": 0.0, "top_negative_driver": "mean_lst", "top_negative_shap": -33.156534287729912, "explanation_text": "Low composite risk index — dominated by low LST (temperature) (-33.16)" }, "geometry": { "type": "Polygon", "coordinates": [ [ [ 72.8, 18.98 ], [ 72.8, 18.99 ], [ 72.79, 18.99 ], [ 72.79, 18.98 ], [ 72.8, 18.98 ] ] ] } },
{ "type": "Feature", "properties": { "cell_id": "r9_c3", "mean_ndvi": -0.13593881462594759, "mean_lst": 31.930258416931348, "mean_ndbi": -0.065487308272283551, "mean_dem": 0.0, "uhi_intensity": -7.0781641130522779, "risk_score": 14.366471804462631, "sustainability_score": 85.633528195537366, "cluster_id": 0, "cluster": "Cluster 0: Coastal/Lowland Urban", "top_positive_driver": null, "top_positive_shap": 0.0, "top_negative_driver": "mean_lst", "top_negative_shap": -31.475722172892514, "explanation_text": "Low composite risk index — dominated by low LST (temperature) (-31.48)" }, "geometry": { "type": "Polygon", "coordinates": [ [ [ 72.81, 18.98 ], [ 72.81, 18.99 ], [ 72.8, 18.99 ], [ 72.8, 18.98 ], [ 72.81, 18.98 ] ] ] } },
{ "type": "Feature", "properties": { "cell_id": "r9_c4", "mean_ndvi": 0.12316822302605926, "mean_lst": 41.274108834880224, "mean_ndbi": 0.016551705980382799, "mean_dem": 4.253361625770812, "uhi_intensity": 2.2656863048965974, "risk_score": 71.27293750073278, "sustainability_score": 28.72706249926722, "cluster_id": 2, "cluster": "Cluster 2: Dense Urban Heat", "top_positive_driver": "mean_lst", "top_positive_shap": 20.178847920207186, "top_negative_driver": "mean_dem", "top_negative_shap": -1.4057908732468392, "explanation_text": "High composite risk index — dominated by high LST (temperature) (+20.18) and attenuated by high DEM (elevation) (-1.41)" }, "geometry": { "type": "Polygon", "coordinates": [ [ [ 72.82, 18.98 ], [ 72.82, 18.99 ], [ 72.81, 18.99 ], [ 72.81, 18.98 ], [ 72.82, 18.98 ] ] ] } },
{ "type": "Feature", "properties": { "cell_id": "r9_c5", "mean_ndvi": 0.18231419212714184, "mean_lst": 42.538392606720578, "mean_ndbi": 0.0087281685536029323, "mean_dem": 4.3435244318602786, "uhi_intensity": 3.5299700767369515, "risk_score": 80.004897716136881, "sustainability_score": 19.995102283863119, "cluster_id": 2, "cluster": "Cluster 2: Dense Urban Heat", "top_positive_driver": "mean_lst", "top_positive_shap": 22.57435986321094, "top_negative_driver": "mean_dem", "top_negative_shap": -1.1771023148385129, "explanation_text": "High composite risk index — dominated by high LST (temperature) (+22.57) and attenuated by high DEM (elevation) (-1.18)" }, "geometry": { "type": "Polygon", "coordinates": [ [ [ 72.83, 18.98 ], [ 72.83, 18.99 ], [ 72.82, 18.99 ], [ 72.82, 18.98 ], [ 72.83, 18.98 ] ] ] } },
{ "type": "Feature", "properties": { "cell_id": "r9_c6", "mean_ndvi": 0.17764291311817279, "mean_lst": 42.011614031051238, "mean_ndbi": -0.0045760493390987495, "mean_dem": 8.837009549142655, "uhi_intensity": 3.0031915010676116, "risk_score": 77.381903217924872, "sustainability_score": 22.618096782075128, "cluster_id": 2, "cluster": "Cluster 2: Dense Urban Heat", "top_positive_driver": "mean_lst", "top_positive_shap": 21.666882061076624, "top_negative_driver": "mean_dem", "top_negative_shap": -1.0970558231188612, "explanation_text": "High composite risk index — dominated by high LST (temperature) (+21.67) and attenuated by high DEM (elevation) (-1.10)" }, "geometry": { "type": "Polygon", "coordinates": [ [ [ 72.84, 18.98 ], [ 72.84, 18.99 ], [ 72.83, 18.99 ], [ 72.83, 18.98 ], [ 72.84, 18.98 ] ] ] } },
{ "type": "Feature", "properties": { "cell_id": "r9_c7", "mean_ndvi": 0.15773864950128041, "mean_lst": 45.177997679768346, "mean_ndbi": 0.019961154431991715, "mean_dem": 7.3546978604142641, "uhi_intensity": 6.1695751497847198, "risk_score": 88.122085117597706, "sustainability_score": 11.877914882402294, "cluster_id": 2, "cluster": "Cluster 2: Dense Urban Heat", "top_positive_driver": "mean_lst", "top_positive_shap": 28.004444839059385, "top_negative_driver": "mean_dem", "top_negative_shap": -0.86908208763985151, "explanation_text": "High composite risk index — dominated by high LST (temperature) (+28.00) and attenuated by high DEM (elevation) (-0.87)" }, "geometry": { "type": "Polygon", "coordinates": [ [ [ 72.85, 18.98 ], [ 72.85, 18.99 ], [ 72.84, 18.99 ], [ 72.84, 18.98 ], [ 72.85, 18.98 ] ] ] } },
{ "type": "Feature", "properties": { "cell_id": "r9_c8", "mean_ndvi": 0.12544872454563841, "mean_lst": 44.910400822457795, "mean_ndbi": 0.023540023320969026, "mean_dem": 6.0457025998587399, "uhi_intensity": 5.9019782924741691, "risk_score": 84.782482351607101, "sustainability_score": 15.217517648392899, "cluster_id": 2, "cluster": "Cluster 2: Dense Urban Heat", "top_positive_driver": "mean_lst", "top_positive_shap": 28.252261339633858, "top_negative_driver": "mean_dem", "top_negative_shap": -0.9054701803337134, "explanation_text": "High composite risk index — dominated by high LST (temperature) (+28.25) and attenuated by high DEM (elevation) (-0.91)" }, "geometry": { "type": "Polygon", "coordinates": [ [ [ 72.86, 18.98 ], [ 72.86, 18.99 ], [ 72.85, 18.99 ], [ 72.85, 18.98 ], [ 72.86, 18.98 ] ] ] } },
{ "type": "Feature", "properties": { "cell_id": "r9_c9", "mean_ndvi": -0.13158835576836456, "mean_lst": 31.699380456877062, "mean_ndbi": -0.12054844648657123, "mean_dem": 0.11901018524847942, "uhi_intensity": -7.3090420731065642, "risk_score": 11.548527651997929, "sustainability_score": 88.451472348002071, "cluster_id": 0, "cluster": "Cluster 0: Coastal/Lowland Urban", "top_positive_driver": null, "top_positive_shap": 0.0, "top_negative_driver": "mean_lst", "top_negative_shap": -31.416997966877293, "explanation_text": "Low composite risk index — dominated by low LST (temperature) (-31.42)" }, "geometry": { "type": "Polygon", "coordinates": [ [ [ 72.87, 18.98 ], [ 72.87, 18.99 ], [ 72.86, 18.99 ], [ 72.86, 18.98 ], [ 72.87, 18.98 ] ] ] } },
{ "type": "Feature", "properties": { "cell_id": "r9_c10", "mean_ndvi": -0.16760765971449962, "mean_lst": 30.717766244669821, "mean_ndbi": -0.16395692152440461, "mean_dem": 0.0, "uhi_intensity": -8.2906562853138048, "risk_score": 3.4312864227545337, "sustainability_score": 96.568713577245461, "cluster_id": 0, "cluster": "Cluster 0: Coastal/Lowland Urban", "top_positive_driver": null, "top_positive_shap": 0.0, "top_negative_driver": "mean_lst", "top_negative_shap": -35.937748510746751, "explanation_text": "Low composite risk index — dominated by low LST (temperature) (-35.94)" }, "geometry": { "type": "Polygon", "coordinates": [ [ [ 72.88, 18.98 ], [ 72.88, 18.99 ], [ 72.87, 18.99 ], [ 72.87, 18.98 ], [ 72.88, 18.98 ] ] ] } },
{ "type": "Feature", "properties": { "cell_id": "r9_c11", "mean_ndvi": -0.15097397616917646, "mean_lst": 31.313404824458598, "mean_ndbi": -0.12053138058567919, "mean_dem": 0.0, "uhi_intensity": -7.6950177055250286, "risk_score": 8.6762915118864576, "sustainability_score": 91.323708488113539, "cluster_id": 0, "cluster": "Cluster 0: Coastal/Lowland Urban", "top_positive_driver": null, "top_positive_shap": 0.0, "top_negative_driver": "mean_lst", "top_negative_shap": -33.497841976114486, "explanation_text": "Low composite risk index — dominated by low LST (temperature) (-33.50)" }, "geometry": { "type": "Polygon", "coordinates": [ [ [ 72.89, 18.98 ], [ 72.89, 18.99 ], [ 72.88, 18.99 ], [ 72.88, 18.98 ], [ 72.89, 18.98 ] ] ] } },
{ "type": "Feature", "properties": { "cell_id": "r9_c12", "mean_ndvi": -0.15088205460023282, "mean_lst": 31.503444886614854, "mean_ndbi": -0.14592474877534195, "mean_dem": 0.0, "uhi_intensity": -7.5049776433687718, "risk_score": 8.2845117743049137, "sustainability_score": 91.715488225695083, "cluster_id": 0, "cluster": "Cluster 0: Coastal/Lowland Urban", "top_positive_driver": null, "top_positive_shap": 0.0, "top_negative_driver": "mean_lst", "top_negative_shap": -33.265786090552403, "explanation_text": "Low composite risk index — dominated by low LST (temperature) (-33.27)" }, "geometry": { "type": "Polygon", "coordinates": [ [ [ 72.9, 18.98 ], [ 72.9, 18.99 ], [ 72.89, 18.99 ], [ 72.89, 18.98 ], [ 72.9, 18.98 ] ] ] } },
{ "type": "Feature", "properties": { "cell_id": "r9_c13", "mean_ndvi": -0.13686097265939712, "mean_lst": 30.718077182063059, "mean_ndbi": -0.092579642453682887, "mean_dem": 0.0, "uhi_intensity": -8.2903453479205673, "risk_score": 8.8245349837366085, "sustainability_score": 91.175465016263388, "cluster_id": 0, "cluster": "Cluster 0: Coastal/Lowland Urban", "top_positive_driver": null, "top_positive_shap": 0.0, "top_negative_driver": "mean_lst", "top_negative_shap": -34.399870738565909, "explanation_text": "Low composite risk index — dominated by low LST (temperature) (-34.40)" }, "geometry": { "type": "Polygon", "coordinates": [ [ [ 72.91, 18.98 ], [ 72.91, 18.99 ], [ 72.9, 18.99 ], [ 72.9, 18.98 ], [ 72.91, 18.98 ] ] ] } },
{ "type": "Feature", "properties": { "cell_id": "r9_c14", "mean_ndvi": -0.13198873425313917, "mean_lst": 31.526385717079751, "mean_ndbi": -0.080914062653784549, "mean_dem": 0.0, "uhi_intensity": -7.4820368129038748, "risk_score": 12.576332965957299, "sustainability_score": 87.423667034042694, "cluster_id": 0, "cluster": "Cluster 0: Coastal/Lowland Urban", "top_positive_driver": null, "top_positive_shap": 0.0, "top_negative_driver": "mean_lst", "top_negative_shap": -32.335090903626764, "explanation_text": "Low composite risk index — dominated by low LST (temperature) (-32.34)" }, "geometry": { "type": "Polygon", "coordinates": [ [ [ 72.92, 18.98 ], [ 72.92, 18.99 ], [ 72.91, 18.99 ], [ 72.91, 18.98 ], [ 72.92, 18.98 ] ] ] } },
{ "type": "Feature", "properties": { "cell_id": "r9_c15", "mean_ndvi": -0.14035795147034458, "mean_lst": 31.363796578938459, "mean_ndbi": -0.08342331899925963, "mean_dem": 0.0, "uhi_intensity": -7.6446259510451675, "risk_score": 11.246106013447275, "sustainability_score": 88.753893986552725, "cluster_id": 0, "cluster": "Cluster 0: Coastal/Lowland Urban", "top_positive_driver": null, "top_positive_shap": 0.0, "top_negative_driver": "mean_lst", "top_negative_shap": -33.103806306049329, "explanation_text": "Low composite risk index — dominated by low LST (temperature) (-33.10)" }, "geometry": { "type": "Polygon", "coordinates": [ [ [ 72.93, 18.98 ], [ 72.93, 18.99 ], [ 72.92, 18.99 ], [ 72.92, 18.98 ], [ 72.93, 18.98 ] ] ] } },
{ "type": "Feature", "properties": { "cell_id": "r9_c16", "mean_ndvi": -0.14785536766250562, "mean_lst": 30.996562017263049, "mean_ndbi": -0.13202390081564869, "mean_dem": 0.0, "uhi_intensity": -8.0118605127205775, "risk_score": 7.2992824630649729, "sustainability_score": 92.700717536935031, "cluster_id": 0, "cluster": "Cluster 0: Coastal/Lowland Urban", "top_positive_driver": null, "top_positive_shap": 0.0, "top_negative_driver": "mean_lst", "top_negative_shap": -33.997286820970956, "explanation_text": "Low composite risk index — dominated by low LST (temperature) (-34.00)" }, "geometry": { "type": "Polygon", "coordinates": [ [ [ 72.94, 18.98 ], [ 72.94, 18.99 ], [ 72.93, 18.99 ], [ 72.93, 18.98 ], [ 72.94, 18.98 ] ] ] } },
{ "type": "Feature", "properties": { "cell_id": "r9_c17", "mean_ndvi": -0.14288117393529079, "mean_lst": 31.196306092032234, "mean_ndbi": -0.1339187602854755, "mean_dem": 0.0, "uhi_intensity": -7.8121164379513921, "risk_score": 8.3140161649506563, "sustainability_score": 91.685983835049342, "cluster_id": 0, "cluster": "Cluster 0: Coastal/Lowland Urban", "top_positive_driver": null, "top_positive_shap": 0.0, "top_negative_driver": "mean_lst", "top_negative_shap": -33.392849088871856, "explanation_text": "Low composite risk index — dominated by low LST (temperature) (-33.39)" }, "geometry": { "type": "Polygon", "coordinates": [ [ [ 72.95, 18.98 ], [ 72.95, 18.99 ], [ 72.94, 18.99 ], [ 72.94, 18.98 ], [ 72.95, 18.98 ] ] ] } },
{ "type": "Feature", "properties": { "cell_id": "r9_c18", "mean_ndvi": -0.15179496264524298, "mean_lst": 30.968370336693045, "mean_ndbi": -0.13712678893934313, "mean_dem": 0.0, "uhi_intensity": -8.0400521932905811, "risk_score": 6.6792411579455981, "sustainability_score": 93.320758842054403, "cluster_id": 0, "cluster": "Cluster 0: Coastal/Lowland Urban", "top_positive_driver": null, "top_positive_shap": 0.0, "top_negative_driver": "mean_lst", "top_negative_shap": -35.171301281481291, "explanation_text": "Low composite risk index — dominated by low LST (temperature) (-35.17)" }, "geometry": { "type": "Polygon", "coordinates": [ [ [ 72.96, 18.98 ], [ 72.96, 18.99 ], [ 72.95, 18.99 ], [ 72.95, 18.98 ], [ 72.96, 18.98 ] ] ] } },
{ "type": "Feature", "properties": { "cell_id": "r9_c19", "mean_ndvi": -0.12517810785829567, "mean_lst": 31.044424327900366, "mean_ndbi": -0.10933208777147711, "mean_dem": 0.0, "uhi_intensity": -7.9639982020832605, "risk_score": 10.177145934174554, "sustainability_score": 89.822854065825453, "cluster_id": 0, "cluster": "Cluster 0: Coastal/Lowland Urban", "top_positive_driver": null, "top_positive_shap": 0.0, "top_negative_driver": "mean_lst", "top_negative_shap": -33.458382386608328, "explanation_text": "Low composite risk index — dominated by low LST (temperature) (-33.46)" }, "geometry": { "type": "Polygon", "coordinates": [ [ [ 72.97, 18.98 ], [ 72.97, 18.99 ], [ 72.96, 18.99 ], [ 72.96, 18.98 ], [ 72.97, 18.98 ] ] ] } },
{ "type": "Feature", "properties": { "cell_id": "r9_c20", "mean_ndvi": -0.11819989261301521, "mean_lst": 31.489765150298531, "mean_ndbi": -0.1069241029795804, "mean_dem": 0.0, "uhi_intensity": -7.5186573796850951, "risk_score": 12.404275634627119, "sustainability_score": 87.595724365372888, "cluster_id": 0, "cluster": "Cluster 0: Coastal/Lowland Urban", "top_positive_driver": null, "top_positive_shap": 0.0, "top_negative_driver": "mean_lst", "top_negative_shap": -32.752972776026915, "explanation_text": "Low composite risk index — dominated by low LST (temperature) (-32.75)" }, "geometry": { "type": "Polygon", "coordinates": [ [ [ 72.980000000000103, 18.98 ], [ 72.980000000000103, 18.99 ], [ 72.97, 18.99 ], [ 72.97, 18.98 ], [ 72.980000000000103, 18.98 ] ] ] } },
{ "type": "Feature", "properties": { "cell_id": "r9_c21", "mean_ndvi": -0.10478552122362229, "mean_lst": 31.843664635535674, "mean_ndbi": -0.063256002792511604, "mean_dem": 0.0, "uhi_intensity": -7.164757894447952, "risk_score": 16.549807161108717, "sustainability_score": 83.450192838891283, "cluster_id": 0, "cluster": "Cluster 0: Coastal/Lowland Urban", "top_positive_driver": null, "top_positive_shap": 0.0, "top_negative_driver": "mean_lst", "top_negative_shap": -31.400651633972878, "explanation_text": "Low composite risk index — dominated by low LST (temperature) (-31.40)" }, "geometry": { "type": "Polygon", "coordinates": [ [ [ 72.99, 18.98 ], [ 72.99, 18.99 ], [ 72.980000000000103, 18.99 ], [ 72.980000000000103, 18.98 ], [ 72.99, 18.98 ] ] ] } },
{ "type": "Feature", "properties": { "cell_id": "r10_c0", "mean_ndvi": -0.13851049191150669, "mean_lst": 30.930274868903947, "mean_ndbi": -0.052982820500671615, "mean_dem": 0.0, "uhi_intensity": -8.0781476610796794, "risk_score": 11.132886773654741, "sustainability_score": 88.867113226345253, "cluster_id": 0, "cluster": "Cluster 0: Coastal/Lowland Urban", "top_positive_driver": "mean_ndbi", "top_positive_shap": 0.046351239855944255, "top_negative_driver": "mean_lst", "top_negative_shap": -33.94266501541172, "explanation_text": "Low composite risk index — dominated by high NDBI (built-up) (+0.05) and attenuated by low LST (temperature) (-33.94)" }, "geometry": { "type": "Polygon", "coordinates": [ [ [ 72.78, 18.99 ], [ 72.78, 19.0 ], [ 72.77, 19.0 ], [ 72.77, 18.99 ], [ 72.78, 18.99 ] ] ] } },
{ "type": "Feature", "properties": { "cell_id": "r10_c1", "mean_ndvi": -0.14358569684760419, "mean_lst": 30.820818545689018, "mean_ndbi": -0.055683845743941342, "mean_dem": 0.0, "uhi_intensity": -8.1876039842946078, "risk_score": 10.237496469406231, "sustainability_score": 89.762503530593762, "cluster_id": 0, "cluster": "Cluster 0: Coastal/Lowland Urban", "top_positive_driver": "mean_ndbi", "top_positive_shap": 0.10161759577700319, "top_negative_driver": "mean_lst", "top_negative_shap": -34.212525919071346, "explanation_text": "Low composite risk index — dominated by high NDBI (built-up) (+0.10) and attenuated by low LST (temperature) (-34.21)" }, "geometry": { "type": "Polygon", "coordinates": [ [ [ 72.79, 18.99 ], [ 72.79, 19.0 ], [ 72.78, 19.0 ], [ 72.78, 18.99 ], [ 72.79, 18.99 ] ] ] } },
{ "type": "Feature", "properties": { "cell_id": "r10_c2", "mean_ndvi": -0.1403635135617908, "mean_lst": 31.07013692741279, "mean_ndbi": -0.047944209244927538, "mean_dem": 0.0, "uhi_intensity": -7.9382856025708364, "risk_score": 11.702608090347626, "sustainability_score": 88.297391909652376, "cluster_id": 0, "cluster": "Cluster 0: Coastal/Lowland Urban", "top_positive_driver": "mean_ndbi", "top_positive_shap": 0.016979748557353756, "top_negative_driver": "mean_lst", "top_negative_shap": -33.48648657966497, "explanation_text": "Low composite risk index — dominated by high NDBI (built-up) (+0.02) and attenuated by low LST (temperature) (-33.49)" }, "geometry": { "type": "Polygon", "coordinates": [ [ [ 72.8, 18.99 ], [ 72.8, 19.0 ], [ 72.79, 19.0 ], [ 72.79, 18.99 ], [ 72.8, 18.99 ] ] ] } },
{ "type": "Feature", "properties": { "cell_id": "r10_c3", "mean_ndvi": -0.13923167728884095, "mean_lst": 31.552899835140618, "mean_ndbi": -0.056211797964956615, "mean_dem": 0.0, "uhi_intensity": -7.4555226948430082, "risk_score": 13.160676594928885, "sustainability_score": 86.839323405071113, "cluster_id": 0, "cluster": "Cluster 0: Coastal/Lowland Urban", "top_positive_driver": "mean_ndbi", "top_positive_shap": 0.0046722119048234426, "top_negative_driver": "mean_lst", "top_negative_shap": -31.818973766544072, "explanation_text": "Low composite risk index — dominated by high NDBI (built-up) (+0.00) and attenuated by low LST (temperature) (-31.82)" }, "geometry": { "type": "Polygon", "coordinates": [ [ [ 72.81, 18.99 ], [ 72.81, 19.0 ], [ 72.8, 19.0 ], [ 72.8, 18.99 ], [ 72.81, 18.99 ] ] ] } },
{ "type": "Feature", "properties": { "cell_id": "r10_c4", "mean_ndvi": 0.11504504372475016, "mean_lst": 41.763287347387482, "mean_ndbi": 0.011807515163364066, "mean_dem": 7.1180218515733538, "uhi_intensity": 2.7548648174038561, "risk_score": 72.305056589781501, "sustainability_score": 27.694943410218499, "cluster_id": 2, "cluster": "Cluster 2: Dense Urban Heat", "top_positive_driver": "mean_lst", "top_positive_shap": 20.224168744541412, "top_negative_driver": "mean_dem", "top_negative_shap": -1.2424823172259092, "explanation_text": "High composite risk index — dominated by high LST (temperature) (+20.22) and attenuated by high DEM (elevation) (-1.24)" }, "geometry": { "type": "Polygon", "coordinates": [ [ [ 72.82, 18.99 ], [ 72.82, 19.0 ], [ 72.81, 19.0 ], [ 72.81, 18.99 ], [ 72.82, 18.99 ] ] ] } },
{ "type": "Feature", "properties": { "cell_id": "r10_c5", "mean_ndvi": 0.15322024144804122, "mean_lst": 41.99312049804093, "mean_ndbi": 0.014609310050118764, "mean_dem": 7.4340906630813235, "uhi_intensity": 2.9846979680573043, "risk_score": 76.193885755885049, "sustainability_score": 23.806114244114951, "cluster_id": 2, "cluster": "Cluster 2: Dense Urban Heat", "top_positive_driver": "mean_lst", "top_positive_shap": 21.552459942824882, "top_negative_driver": "mean_dem", "top_negative_shap": -1.119712685514898, "explanation_text": "High composite risk index — dominated by high LST (temperature) (+21.55) and attenuated by high DEM (elevation) (-1.12)" }, "geometry": { "type": "Polygon", "coordinates": [ [ [ 72.83, 18.99 ], [ 72.83, 19.0 ], [ 72.82, 19.0 ], [ 72.82, 18.99 ], [ 72.83, 18.99 ] ] ] } },
{ "type": "Feature", "properties": { "cell_id": "r10_c6", "mean_ndvi": 0.16674363273828094, "mean_lst": 42.039546854705776, "mean_ndbi": 0.0050103613232285512, "mean_dem": 9.5592455258990903, "uhi_intensity": 3.0311243247221498, "risk_score": 77.077866099739296, "sustainability_score": 22.922133900260704, "cluster_id": 2, "cluster": "Cluster 2: Dense Urban Heat", "top_positive_driver": "mean_lst", "top_positive_shap": 21.777375617972318, "top_negative_driver": "mean_dem", "top_negative_shap": -1.0920378167932159, "explanation_text": "High composite risk index — dominated by high LST (temperature) (+21.78) and attenuated by high DEM (elevation) (-1.09)" }, "geometry": { "type": "Polygon", "coordinates": [ [ [ 72.84, 18.99 ], [ 72.84, 19.0 ], [ 72.83, 19.0 ], [ 72.83, 18.99 ], [ 72.84, 18.99 ] ] ] } },
{ "type": "Feature", "properties": { "cell_id": "r10_c7", "mean_ndvi": 0.17758486275453225, "mean_lst": 42.941806960335001, "mean_ndbi": -0.001959651612917146, "mean_dem": 17.006773076309614, "uhi_intensity": 3.9333844303513743, "risk_score": 81.130560412574155, "sustainability_score": 18.869439587425845, "cluster_id": 2, "cluster": "Cluster 2: Dense Urban Heat", "top_positive_driver": "mean_lst", "top_positive_shap": 25.74296790930498, "top_negative_driver": "mean_dem", "top_negative_shap": -0.49134382278116273, "explanation_text": "High composite risk index — dominated by high LST (temperature) (+25.74) and attenuated by high DEM (elevation) (-0.49)" }, "geometry": { "type": "Polygon", "coordinates": [ [ [ 72.85, 18.99 ], [ 72.85, 19.0 ], [ 72.84, 19.0 ], [ 72.84, 18.99 ], [ 72.85, 18.99 ] ] ] } },
{ "type": "Feature", "properties": { "cell_id": "r10_c8", "mean_ndvi": 0.10198840594079939, "mean_lst": 44.787853182374675, "mean_ndbi": 0.0027741706635473935, "mean_dem": 6.2569154875019937, "uhi_intensity": 5.7794306523910493, "risk_score": 81.668097339336171, "sustainability_score": 18.331902660663829, "cluster_id": 2, "cluster": "Cluster 2: Dense Urban Heat", "top_positive_driver": "mean_lst", "top_positive_shap": 28.510519478130941, "top_negative_driver": "mean_dem", "top_negative_shap": -0.93014450542245164, "explanation_text": "High composite risk index — dominated by high LST (temperature) (+28.51) and attenuated by high DEM (elevation) (-0.93)" }, "geometry": { "type": "Polygon", "coordinates": [ [ [ 72.86, 18.99 ], [ 72.86, 19.0 ], [ 72.85, 19.0 ], [ 72.85, 18.99 ], [ 72.86, 18.99 ] ] ] } },
{ "type": "Feature", "properties": { "cell_id": "r10_c9", "mean_ndvi": -0.082137757794957078, "mean_lst": 33.616153656965146, "mean_ndbi": -0.15430976964285506, "mean_dem": 0.13145692346252885, "uhi_intensity": -5.3922688730184802, "risk_score": 20.758333361456426, "sustainability_score": 79.241666638543578, "cluster_id": 0, "cluster": "Cluster 0: Coastal/Lowland Urban", "top_positive_driver": null, "top_positive_shap": 0.0, "top_negative_driver": "mean_lst", "top_negative_shap": -20.282978340234425, "explanation_text": "Low composite risk index — dominated by low LST (temperature) (-20.28)" }, "geometry": { "type": "Polygon", "coordinates": [ [ [ 72.87, 18.99 ], [ 72.87, 19.0 ], [ 72.86, 19.0 ], [ 72.86, 18.99 ], [ 72.87, 18.99 ] ] ] } },
{ "type": "Feature", "properties": { "cell_id": "r10_c10", "mean_ndvi": -0.12117523096107537, "mean_lst": 32.221871858690967, "mean_ndbi": -0.18087906558084432, "mean_dem": 0.0, "uhi_intensity": -6.7865506712926589, "risk_score": 11.650683266487128, "sustainability_score": 88.349316733512865, "cluster_id": 0, "cluster": "Cluster 0: Coastal/Lowland Urban", "top_positive_driver": null, "top_positive_shap": 0.0, "top_negative_driver": "mean_lst", "top_negative_shap": -29.821524115537496, "explanation_text": "Low composite risk index — dominated by low LST (temperature) (-29.82)" }, "geometry": { "type": "Polygon", "coordinates": [ [ [ 72.88, 18.99 ], [ 72.88, 19.0 ], [ 72.87, 19.0 ], [ 72.87, 18.99 ], [ 72.88, 18.99 ] ] ] } },
{ "type": "Feature", "properties": { "cell_id": "r10_c11", "mean_ndvi": -0.061235222018557627, "mean_lst": 33.811388201965315, "mean_ndbi": -0.12500219539301419, "mean_dem": 0.013734174511172181, "uhi_intensity": -5.1970343280183116, "risk_score": 24.300896962632969, "sustainability_score": 75.699103037367024, "cluster_id": 0, "cluster": "Cluster 0: Coastal/Lowland Urban", "top_positive_driver": null, "top_positive_shap": 0.0, "top_negative_driver": "mean_lst", "top_negative_shap": -19.386012301884698, "explanation_text": "Low composite risk index — dominated by low LST (temperature) (-19.39)" }, "geometry": { "type": "Polygon", "coordinates": [ [ [ 72.89, 18.99 ], [ 72.89, 19.0 ], [ 72.88, 19.0 ], [ 72.88, 18.99 ], [ 72.89, 18.99 ] ] ] } },
{ "type": "Feature", "properties": { "cell_id": "r10_c12", "mean_ndvi": -0.020830717872663242, "mean_lst": 36.026225619135481, "mean_ndbi": -0.07918041693823881, "mean_dem": 0.45812386960794121, "uhi_intensity": -2.9821969108481454, "risk_score": 37.268352121957875, "sustainability_score": 62.731647878042125, "cluster_id": 0, "cluster": "Cluster 0: Coastal/Lowland Urban", "top_positive_driver": "mean_lst", "top_positive_shap": 1.1458868668355022, "top_negative_driver": "mean_ndvi", "top_negative_shap": -10.066359648187005, "explanation_text": "Low composite risk index — dominated by high LST (temperature) (+1.15) and attenuated by high NDVI (vegetation) (-10.07)" }, "geometry": { "type": "Polygon", "coordinates": [ [ [ 72.9, 18.99 ], [ 72.9, 19.0 ], [ 72.89, 19.0 ], [ 72.89, 18.99 ], [ 72.9, 18.99 ] ] ] } },
{ "type": "Feature", "properties": { "cell_id": "r10_c13", "mean_ndvi": -0.014526152455181667, "mean_lst": 35.983201903793393, "mean_ndbi": -0.088019247397920233, "mean_dem": 1.4069838647659467, "uhi_intensity": -3.025220626190233, "risk_score": 37.263203246318241, "sustainability_score": 62.736796753681759, "cluster_id": 0, "cluster": "Cluster 0: Coastal/Lowland Urban", "top_positive_driver": "mean_lst", "top_positive_shap": 1.1135639603134377, "top_negative_driver": "mean_ndvi", "top_negative_shap": -10.05811913776064, "explanation_text": "Low composite risk index — dominated by high LST (temperature) (+1.11) and attenuated by high NDVI (vegetation) (-10.06)" }, "geometry": { "type": "Polygon", "coordinates": [ [ [ 72.91, 18.99 ], [ 72.91, 19.0 ], [ 72.9, 19.0 ], [ 72.9, 18.99 ], [ 72.91, 18.99 ] ] ] } },
{ "type": "Feature", "properties": { "cell_id": "r10_c14", "mean_ndvi": -0.039714749454028399, "mean_lst": 32.109391915548407, "mean_ndbi": -0.11957093840184885, "mean_dem": 0.31353141893623954, "uhi_intensity": -6.8990306144352189, "risk_score": 20.130235131441029, "sustainability_score": 79.869764868558974, "cluster_id": 0, "cluster": "Cluster 0: Coastal/Lowland Urban", "top_positive_driver": null, "top_positive_shap": 0.0, "top_negative_driver": "mean_lst", "top_negative_shap": -28.540343206520244, "explanation_text": "Low composite risk index — dominated by low LST (temperature) (-28.54)" }, "geometry": { "type": "Polygon", "coordinates": [ [ [ 72.92, 18.99 ], [ 72.92, 19.0 ], [ 72.91, 19.0 ], [ 72.91, 18.99 ], [ 72.92, 18.99 ] ] ] } },
{ "type": "Feature", "properties": { "cell_id": "r10_c15", "mean_ndvi": -0.11767592437596659, "mean_lst": 31.107991131369985, "mean_ndbi": -0.090087840184427032, "mean_dem": 0.0, "uhi_intensity": -7.900431398613641, "risk_score": 11.796999006306514, "sustainability_score": 88.203000993693479, "cluster_id": 0, "cluster": "Cluster 0: Coastal/Lowland Urban", "top_positive_driver": null, "top_positive_shap": 0.0, "top_negative_driver": "mean_lst", "top_negative_shap": -33.265366001692428, "explanation_text": "Low composite risk index — dominated by low LST (temperature) (-33.27)" }, "geometry": { "type": "Polygon", "coordinates": [ [ [ 72.93, 18.99 ], [ 72.93, 19.0 ], [ 72.92, 19.0 ], [ 72.92, 18.99 ], [ 72.93, 18.99 ] ] ] } },
{ "type": "Feature", "properties": { "cell_id": "r10_c16", "mean_ndvi": -0.13645073211369102, "mean_lst": 30.596044536699036, "mean_ndbi": -0.099617639108570175, "mean_dem": 0.0, "uhi_intensity": -8.4123779932845899, "risk_score": 8.1225953144444496, "sustainability_score": 91.877404685555547, "cluster_id": 0, "cluster": "Cluster 0: Coastal/Lowland Urban", "top_positive_driver": null, "top_positive_shap": 0.0, "top_negative_driver": "mean_lst", "top_negative_shap": -34.533593407373679, "explanation_text": "Low composite risk index — dominated by low LST (temperature) (-34.53)" }, "geometry": { "type": "Polygon", "coordinates": [ [ [ 72.94, 18.99 ], [ 72.94, 19.0 ], [ 72.93, 19.0 ], [ 72.93, 18.99 ], [ 72.94, 18.99 ] ] ] } },
{ "type": "Feature", "properties": { "cell_id": "r10_c17", "mean_ndvi": -0.13766719612806178, "mean_lst": 31.323888712352439, "mean_ndbi": -0.11473406538509473, "mean_dem": 0.0, "uhi_intensity": -7.6845338176311877, "risk_score": 9.9835167315468869, "sustainability_score": 90.016483268453115, "cluster_id": 0, "cluster": "Cluster 0: Coastal/Lowland Urban", "top_positive_driver": null, "top_positive_shap": 0.0, "top_negative_driver": "mean_lst", "top_negative_shap": -33.155524518057703, "explanation_text": "Low composite risk index — dominated by low LST (temperature) (-33.16)" }, "geometry": { "type": "Polygon", "coordinates": [ [ [ 72.95, 18.99 ], [ 72.95, 19.0 ], [ 72.94, 19.0 ], [ 72.94, 18.99 ], [ 72.95, 18.99 ] ] ] } },
{ "type": "Feature", "properties": { "cell_id": "r10_c18", "mean_ndvi": -0.11795868499937495, "mean_lst": 31.669100675656416, "mean_ndbi": -0.082760180192684274, "mean_dem": 0.0, "uhi_intensity": -7.3393218543272098, "risk_score": 14.086705008969403, "sustainability_score": 85.913294991030597, "cluster_id": 0, "cluster": "Cluster 0: Coastal/Lowland Urban", "top_positive_driver": null, "top_positive_shap": 0.0, "top_negative_driver": "mean_lst", "top_negative_shap": -31.542256215738419, "explanation_text": "Low composite risk index — dominated by low LST (temperature) (-31.54)" }, "geometry": { "type": "Polygon", "coordinates": [ [ [ 72.96, 18.99 ], [ 72.96, 19.0 ], [ 72.95, 19.0 ], [ 72.95, 18.99 ], [ 72.96, 18.99 ] ] ] } },
{ "type": "Feature", "properties": { "cell_id": "r10_c19", "mean_ndvi": -0.11813431170715115, "mean_lst": 31.321749685349676, "mean_ndbi": -0.072001675531599307, "mean_dem": 0.0, "uhi_intensity": -7.6866728446339501, "risk_score": 13.290679733526975, "sustainability_score": 86.709320266473028, "cluster_id": 0, "cluster": "Cluster 0: Coastal/Lowland Urban", "top_positive_driver": null, "top_positive_shap": 0.0, "top_negative_driver": "mean_lst", "top_negative_shap": -33.052046903334684, "explanation_text": "Low composite risk index — dominated by low LST (temperature) (-33.05)" }, "geometry": { "type": "Polygon", "coordinates": [ [ [ 72.97, 18.99 ], [ 72.97, 19.0 ], [ 72.96, 19.0 ], [ 72.96, 18.99 ], [ 72.97, 18.99 ] ] ] } },
{ "type": "Feature", "properties": { "cell_id": "r10_c20", "mean_ndvi": -0.1149450444449393, "mean_lst": 31.353886733108176, "mean_ndbi": -0.092390901463994785, "mean_dem": 0.0, "uhi_intensity": -7.6545357968754502, "risk_score": 12.786353574138118, "sustainability_score": 87.213646425861882, "cluster_id": 0, "cluster": "Cluster 0: Coastal/Lowland Urban", "top_positive_driver": null, "top_positive_shap": 0.0, "top_negative_driver": "mean_lst", "top_negative_shap": -33.045859481611174, "explanation_text": "Low composite risk index — dominated by low LST (temperature) (-33.05)" }, "geometry": { "type": "Polygon", "coordinates": [ [ [ 72.980000000000103, 18.99 ], [ 72.980000000000103, 19.0 ], [ 72.97, 19.0 ], [ 72.97, 18.99 ], [ 72.980000000000103, 18.99 ] ] ] } },
{ "type": "Feature", "properties": { "cell_id": "r10_c21", "mean_ndvi": -0.11665014917489962, "mean_lst": 31.181701532310701, "mean_ndbi": -0.081343179272083635, "mean_dem": 0.0, "uhi_intensity": -7.8267209976729255, "risk_score": 12.509494583725472, "sustainability_score": 87.49050541627453, "cluster_id": 0, "cluster": "Cluster 0: Coastal/Lowland Urban", "top_positive_driver": null, "top_positive_shap": 0.0, "top_negative_driver": "mean_lst", "top_negative_shap": -33.052345202761849, "explanation_text": "Low composite risk index — dominated by low LST (temperature) (-33.05)" }, "geometry": { "type": "Polygon", "coordinates": [ [ [ 72.99, 18.99 ], [ 72.99, 19.0 ], [ 72.980000000000103, 19.0 ], [ 72.980000000000103, 18.99 ], [ 72.99, 18.99 ] ] ] } },
{ "type": "Feature", "properties": { "cell_id": "r11_c0", "mean_ndvi": -0.14231024394008038, "mean_lst": 31.07237744062645, "mean_ndbi": -0.052998412171591396, "mean_dem": 0.0, "uhi_intensity": -7.9360450893571759, "risk_score": 11.346515510566272, "sustainability_score": 88.653484489433723, "cluster_id": 0, "cluster": "Cluster 0: Coastal/Lowland Urban", "top_positive_driver": "mean_ndbi", "top_positive_shap": 0.0057683115075104676, "top_negative_driver": "mean_lst", "top_negative_shap": -33.494781258473331, "explanation_text": "Low composite risk index — dominated by high NDBI (built-up) (+0.01) and attenuated by low LST (temperature) (-33.49)" }, "geometry": { "type": "Polygon", "coordinates": [ [ [ 72.78, 19.0 ], [ 72.78, 19.01 ], [ 72.77, 19.01 ], [ 72.77, 19.0 ], [ 72.78, 19.0 ] ] ] } },
{ "type": "Feature", "properties": { "cell_id": "r11_c1", "mean_ndvi": -0.14685100157964395, "mean_lst": 30.940176609709571, "mean_ndbi": -0.060431725674537619, "mean_dem": 0.0, "uhi_intensity": -8.0682459202740553, "risk_score": 10.210535784049055, "sustainability_score": 89.789464215950943, "cluster_id": 0, "cluster": "Cluster 0: Coastal/Lowland Urban", "top_positive_driver": "mean_ndbi", "top_positive_shap": 0.07980643925834921, "top_negative_driver": "mean_lst", "top_negative_shap": -34.042306124241229, "explanation_text": "Low composite risk index — dominated by high NDBI (built-up) (+0.08) and attenuated by low LST (temperature) (-34.04)" }, "geometry": { "type": "Polygon", "coordinates": [ [ [ 72.79, 19.0 ], [ 72.79, 19.01 ], [ 72.78, 19.01 ], [ 72.78, 19.0 ], [ 72.79, 19.0 ] ] ] } },
{ "type": "Feature", "properties": { "cell_id": "r11_c2", "mean_ndvi": -0.14437828554590951, "mean_lst": 31.065632042011185, "mean_ndbi": -0.055367036244168104, "mean_dem": 0.0, "uhi_intensity": -7.9427904879724416, "risk_score": 11.062894884939292, "sustainability_score": 88.937105115060703, "cluster_id": 0, "cluster": "Cluster 0: Coastal/Lowland Urban", "top_positive_driver": "mean_ndbi", "top_positive_shap": 0.042475333926680951, "top_negative_driver": "mean_lst", "top_negative_shap": -33.57236281701838, "explanation_text": "Low composite risk index — dominated by high NDBI (built-up) (+0.04) and attenuated by low LST (temperature) (-33.57)" }, "geometry": { "type": "Polygon", "coordinates": [ [ [ 72.8, 19.0 ], [ 72.8, 19.01 ], [ 72.79, 19.01 ], [ 72.79, 19.0 ], [ 72.8, 19.0 ] ] ] } },
{ "type": "Feature", "properties": { "cell_id": "r11_c3", "mean_ndvi": -0.14247011784250818, "mean_lst": 31.376678827152659, "mean_ndbi": -0.057601639171484295, "mean_dem": 0.0, "uhi_intensity": -7.6317437028309669, "risk_score": 12.224154997555244, "sustainability_score": 87.775845002444754, "cluster_id": 0, "cluster": "Cluster 0: Coastal/Lowland Urban", "top_positive_driver": null, "top_positive_shap": 0.0, "top_negative_driver": "mean_lst", "top_negative_shap": -33.129782964324527, "explanation_text": "Low composite risk index — dominated by low LST (temperature) (-33.13)" }, "geometry": { "type": "Polygon", "coordinates": [ [ [ 72.81, 19.0 ], [ 72.81, 19.01 ], [ 72.8, 19.01 ], [ 72.8, 19.0 ], [ 72.81, 19.0 ] ] ] } },
{ "type": "Feature", "properties": { "cell_id": "r11_c4", "mean_ndvi": 0.09777026305982256, "mean_lst": 40.578216987782369, "mean_ndbi": -0.027942959273480499, "mean_dem": 9.8725493546586094, "uhi_intensity": 1.5697944577987428, "risk_score": 65.17437055645685, "sustainability_score": 34.82562944354315, "cluster_id": 2, "cluster": "Cluster 2: Dense Urban Heat", "top_positive_driver": "mean_lst", "top_positive_shap": 17.383087781655387, "top_negative_driver": "mean_dem", "top_negative_shap": -1.5726029987323558, "explanation_text": "High composite risk index — dominated by high LST (temperature) (+17.38) and attenuated by high DEM (elevation) (-1.57)" }, "geometry": { "type": "Polygon", "coordinates": [ [ [ 72.82, 19.0 ], [ 72.82, 19.01 ], [ 72.81, 19.01 ], [ 72.81, 19.0 ], [ 72.82, 19.0 ] ] ] } },
{ "type": "Feature", "properties": { "cell_id": "r11_c5", "mean_ndvi": 0.14585642411086266, "mean_lst": 42.06271181076719, "mean_ndbi": 0.0069264754569779282, "mean_dem": 8.6533198897167605, "uhi_intensity": 3.0542892807835642, "risk_score": 75.598171692577111, "sustainability_score": 24.401828307422889, "cluster_id": 2, "cluster": "Cluster 2: Dense Urban Heat", "top_positive_driver": "mean_lst", "top_positive_shap": 21.948312233560603, "top_negative_driver": "mean_dem", "top_negative_shap": -1.0876784365149874, "explanation_text": "High composite risk index — dominated by high LST (temperature) (+21.95) and attenuated by high DEM (elevation) (-1.09)" }, "geometry": { "type": "Polygon", "coordinates": [ [ [ 72.83, 19.0 ], [ 72.83, 19.01 ], [ 72.82, 19.01 ], [ 72.82, 19.0 ], [ 72.83, 19.0 ] ] ] } },
{ "type": "Feature", "properties": { "cell_id": "r11_c6", "mean_ndvi": 0.1600524672668775, "mean_lst": 43.241264939185939, "mean_ndbi": 0.022102889429901774, "mean_dem": 7.7243911745944782, "uhi_intensity": 4.2328424092023127, "risk_score": 81.499598985643559, "sustainability_score": 18.500401014356441, "cluster_id": 2, "cluster": "Cluster 2: Dense Urban Heat", "top_positive_driver": "mean_lst", "top_positive_shap": 25.944363363221321, "top_negative_driver": "mean_dem", "top_negative_shap": -0.96052752283650089, "explanation_text": "High composite risk index — dominated by high LST (temperature) (+25.94) and attenuated by high DEM (elevation) (-0.96)" }, "geometry": { "type": "Polygon", "coordinates": [ [ [ 72.84, 19.0 ], [ 72.84, 19.01 ], [ 72.83, 19.01 ], [ 72.83, 19.0 ], [ 72.84, 19.0 ] ] ] } },
{ "type": "Feature", "properties": { "cell_id": "r11_c7", "mean_ndvi": 0.18724099959595708, "mean_lst": 41.263205055754376, "mean_ndbi": -0.0049951076491735, "mean_dem": 15.713539960869266, "uhi_intensity": 2.2547825257707501, "risk_score": 75.707893212082098, "sustainability_score": 24.292106787917902, "cluster_id": 2, "cluster": "Cluster 2: Dense Urban Heat", "top_positive_driver": "mean_lst", "top_positive_shap": 19.188433614445263, "top_negative_driver": "mean_dem", "top_negative_shap": -0.99558239136850923, "explanation_text": "High composite risk index — dominated by high LST (temperature) (+19.19) and attenuated by high DEM (elevation) (-1.00)" }, "geometry": { "type": "Polygon", "coordinates": [ [ [ 72.85, 19.0 ], [ 72.85, 19.01 ], [ 72.84, 19.01 ], [ 72.84, 19.0 ], [ 72.85, 19.0 ] ] ] } },
{ "type": "Feature", "properties": { "cell_id": "r11_c8", "mean_ndvi": 0.18797622807506509, "mean_lst": 42.958862540867635, "mean_ndbi": -0.015777458884791658, "mean_dem": 9.0431405942511116, "uhi_intensity": 3.9504400108840088, "risk_score": 81.0882197578849, "sustainability_score": 18.9117802421151, "cluster_id": 2, "cluster": "Cluster 2: Dense Urban Heat", "top_positive_driver": "mean_lst", "top_positive_shap": 25.505820480863786, "top_negative_driver": "mean_dem", "top_negative_shap": -0.97838869881863699, "explanation_text": "High composite risk index — dominated by high LST (temperature) (+25.51) and attenuated by high DEM (elevation) (-0.98)" }, "geometry": { "type": "Polygon", "coordinates": [ [ [ 72.86, 19.0 ], [ 72.86, 19.01 ], [ 72.85, 19.01 ], [ 72.85, 19.0 ], [ 72.86, 19.0 ] ] ] } },
{ "type": "Feature", "properties": { "cell_id": "r11_c9", "mean_ndvi": 0.1657525605970496, "mean_lst": 38.348508862962412, "mean_ndbi": -0.12958839063566774, "mean_dem": 2.6752066892413322, "uhi_intensity": -0.65991366702121468, "risk_score": 57.859793420575365, "sustainability_score": 42.140206579424635, "cluster_id": 3, "cluster": "Cluster 3: Green/Forested", "top_positive_driver": "mean_lst", "top_positive_shap": 8.8691402959343915, "top_negative_driver": "mean_dem", "top_negative_shap": -2.4997696415271067, "explanation_text": "Moderate composite risk index — dominated by high LST (temperature) (+8.87) and attenuated by high DEM (elevation) (-2.50)" }, "geometry": { "type": "Polygon", "coordinates": [ [ [ 72.87, 19.0 ], [ 72.87, 19.01 ], [ 72.86, 19.01 ], [ 72.86, 19.0 ], [ 72.87, 19.0 ] ] ] } },
{ "type": "Feature", "properties": { "cell_id": "r11_c10", "mean_ndvi": 0.13262236268485628, "mean_lst": 33.230385827866094, "mean_ndbi": -0.22685423449848902, "mean_dem": 0.41600150355813553, "uhi_intensity": -5.7780367021175323, "risk_score": 32.846385488824438, "sustainability_score": 67.153614511175562, "cluster_id": 3, "cluster": "Cluster 3: Green/Forested", "top_positive_driver": "mean_ndvi", "top_positive_shap": 5.7367286160783957, "top_negative_driver": "mean_lst", "top_negative_shap": -21.372682247691174, "explanation_text": "Low composite risk index — dominated by low NDVI (vegetation) (+5.74) and attenuated by low LST (temperature) (-21.37)" }, "geometry": { "type": "Polygon", "coordinates": [ [ [ 72.88, 19.0 ], [ 72.88, 19.01 ], [ 72.87, 19.01 ], [ 72.87, 19.0 ], [ 72.88, 19.0 ] ] ] } },
{ "type": "Feature", "properties": { "cell_id": "r11_c11", "mean_ndvi": 0.18750496416396759, "mean_lst": 34.131361757854421, "mean_ndbi": -0.22337343279951935, "mean_dem": 0.85967100691477627, "uhi_intensity": -4.8770607721292052, "risk_score": 40.448048091624258, "sustainability_score": 59.551951908375742, "cluster_id": 3, "cluster": "Cluster 3: Green/Forested", "top_positive_driver": "mean_ndvi", "top_positive_shap": 7.676209920312, "top_negative_driver": "mean_lst", "top_negative_shap": -17.50905328854784, "explanation_text": "Moderate composite risk index — dominated by low NDVI (vegetation) (+7.68) and attenuated by low LST (temperature) (-17.51)" }, "geometry": { "type": "Polygon", "coordinates": [ [ [ 72.89, 19.0 ], [ 72.89, 19.01 ], [ 72.88, 19.01 ], [ 72.88, 19.0 ], [ 72.89, 19.0 ] ] ] } },
{ "type": "Feature", "properties": { "cell_id": "r11_c12", "mean_ndvi": 0.10635637477920347, "mean_lst": 42.360952222226445, "mean_ndbi": -0.015036646310176465, "mean_dem": 5.2974664798423321, "uhi_intensity": 3.3525296922428183, "risk_score": 72.557063270206243, "sustainability_score": 27.442936729793757, "cluster_id": 2, "cluster": "Cluster 2: Dense Urban Heat", "top_positive_driver": "mean_lst", "top_positive_shap": 22.628982570930955, "top_negative_driver": "mean_dem", "top_negative_shap": -1.1723489096478652, "explanation_text": "High composite risk index — dominated by high LST (temperature) (+22.63) and attenuated by high DEM (elevation) (-1.17)" }, "geometry": { "type": "Polygon", "coordinates": [ [ [ 72.9, 19.0 ], [ 72.9, 19.01 ], [ 72.89, 19.01 ], [ 72.89, 19.0 ], [ 72.9, 19.0 ] ] ] } },
{ "type": "Feature", "properties": { "cell_id": "r11_c13", "mean_ndvi": 0.10350766304627623, "mean_lst": 42.562319473407051, "mean_ndbi": 0.017803199298091418, "mean_dem": 17.654940748609455, "uhi_intensity": 3.5538969434234247, "risk_score": 74.940090490594315, "sustainability_score": 25.059909509405685, "cluster_id": 2, "cluster": "Cluster 2: Dense Urban Heat", "top_positive_driver": "mean_lst", "top_positive_shap": 22.96454645179378, "top_negative_driver": "mean_dem", "top_negative_shap": -0.80764183684229285, "explanation_text": "High composite risk index — dominated by high LST (temperature) (+22.96) and attenuated by high DEM (elevation) (-0.81)" }, "geometry": { "type": "Polygon", "coordinates": [ [ [ 72.91, 19.0 ], [ 72.91, 19.01 ], [ 72.9, 19.01 ], [ 72.9, 19.0 ], [ 72.91, 19.0 ] ] ] } },
{ "type": "Feature", "properties": { "cell_id": "r11_c14", "mean_ndvi": 0.20629506848536114, "mean_lst": 37.705572488382337, "mean_ndbi": -0.088451871298351942, "mean_dem": 45.038430101585917, "uhi_intensity": -1.3028500416012889, "risk_score": 62.117963010300457, "sustainability_score": 37.882036989699543, "cluster_id": 3, "cluster": "Cluster 3: Green/Forested", "top_positive_driver": "mean_lst", "top_positive_shap": 6.6027584687440299, "top_negative_driver": "mean_ndbi", "top_negative_shap": -0.10774242426481281, "explanation_text": "Moderate composite risk index — dominated by high LST (temperature) (+6.60) and attenuated by low NDBI (built-up) (-0.11)" }, "geometry": { "type": "Polygon", "coordinates": [ [ [ 72.92, 19.0 ], [ 72.92, 19.01 ], [ 72.91, 19.01 ], [ 72.91, 19.0 ], [ 72.92, 19.0 ] ] ] } },
{ "type": "Feature", "properties": { "cell_id": "r11_c15", "mean_ndvi": 0.11719089895805293, "mean_lst": 33.429772413021183, "mean_ndbi": -0.17269607340145932, "mean_dem": 1.6723473575389185, "uhi_intensity": -5.578650116962443, "risk_score": 34.715736922137772, "sustainability_score": 65.284263077862221, "cluster_id": 3, "cluster": "Cluster 3: Green/Forested", "top_positive_driver": "mean_ndvi", "top_positive_shap": 5.2929464450998092, "top_negative_driver": "mean_lst", "top_negative_shap": -20.872706651746906, "explanation_text": "Low composite risk index — dominated by low NDVI (vegetation) (+5.29) and attenuated by low LST (temperature) (-20.87)" }, "geometry": { "type": "Polygon", "coordinates": [ [ [ 72.93, 19.0 ], [ 72.93, 19.01 ], [ 72.92, 19.01 ], [ 72.92, 19.0 ], [ 72.93, 19.0 ] ] ] } },
{ "type": "Feature", "properties": { "cell_id": "r11_c16", "mean_ndvi": -0.078450042465376194, "mean_lst": 31.088639080559251, "mean_ndbi": -0.099914464585027757, "mean_dem": 0.032856683118266339, "uhi_intensity": -7.9197834494243757, "risk_score": 14.331498947240368, "sustainability_score": 85.668501052759638, "cluster_id": 0, "cluster": "Cluster 0: Coastal/Lowland Urban", "top_positive_driver": null, "top_positive_shap": 0.0, "top_negative_driver": "mean_lst", "top_negative_shap": -32.960321896701949, "explanation_text": "Low composite risk index — dominated by low LST (temperature) (-32.96)" }, "geometry": { "type": "Polygon", "coordinates": [ [ [ 72.94, 19.0 ], [ 72.94, 19.01 ], [ 72.93, 19.01 ], [ 72.93, 19.0 ], [ 72.94, 19.0 ] ] ] } },
{ "type": "Feature", "properties": { "cell_id": "r11_c17", "mean_ndvi": -0.11910559093431644, "mean_lst": 30.715060185735144, "mean_ndbi": -0.085116669769264325, "mean_dem": 0.0, "uhi_intensity": -8.2933623442484823, "risk_score": 10.496590159721523, "sustainability_score": 89.503409840278479, "cluster_id": 0, "cluster": "Cluster 0: Coastal/Lowland Urban", "top_positive_driver": null, "top_positive_shap": 0.0, "top_negative_driver": "mean_lst", "top_negative_shap": -34.248047133972193, "explanation_text": "Low composite risk index — dominated by low LST (temperature) (-34.25)" }, "geometry": { "type": "Polygon", "coordinates": [ [ [ 72.95, 19.0 ], [ 72.95, 19.01 ], [ 72.94, 19.01 ], [ 72.94, 19.0 ], [ 72.95, 19.0 ] ] ] } },
{ "type": "Feature", "properties": { "cell_id": "r11_c18", "mean_ndvi": -0.12007153874982669, "mean_lst": 30.863495271699094, "mean_ndbi": -0.09317911913164717, "mean_dem": 0.0, "uhi_intensity": -8.1449272582845325, "risk_score": 10.609754146147218, "sustainability_score": 89.390245853852775, "cluster_id": 0, "cluster": "Cluster 0: Coastal/Lowland Urban", "top_positive_driver": null, "top_positive_shap": 0.0, "top_negative_driver": "mean_lst", "top_negative_shap": -33.899068767551093, "explanation_text": "Low composite risk index — dominated by low LST (temperature) (-33.90)" }, "geometry": { "type": "Polygon", "coordinates": [ [ [ 72.96, 19.0 ], [ 72.96, 19.01 ], [ 72.95, 19.01 ], [ 72.95, 19.0 ], [ 72.96, 19.0 ] ] ] } },
{ "type": "Feature", "properties": { "cell_id": "r11_c19", "mean_ndvi": -0.12526517068555618, "mean_lst": 31.20669774274814, "mean_ndbi": -0.092164391160488371, "mean_dem": 0.0, "uhi_intensity": -7.8017247872354858, "risk_score": 11.47687907924432, "sustainability_score": 88.523120920755673, "cluster_id": 0, "cluster": "Cluster 0: Coastal/Lowland Urban", "top_positive_driver": null, "top_positive_shap": 0.0, "top_negative_driver": "mean_lst", "top_negative_shap": -33.092906411200872, "explanation_text": "Low composite risk index — dominated by low LST (temperature) (-33.09)" }, "geometry": { "type": "Polygon", "coordinates": [ [ [ 72.97, 19.0 ], [ 72.97, 19.01 ], [ 72.96, 19.01 ], [ 72.96, 19.0 ], [ 72.97, 19.0 ] ] ] } },
{ "type": "Feature", "properties": { "cell_id": "r11_c20", "mean_ndvi": -0.12621060260516806, "mean_lst": 31.304601094143283, "mean_ndbi": -0.095094515366279192, "mean_dem": 0.0, "uhi_intensity": -7.703821435840343, "risk_score": 11.629009658098752, "sustainability_score": 88.370990341901248, "cluster_id": 0, "cluster": "Cluster 0: Coastal/Lowland Urban", "top_positive_driver": null, "top_positive_shap": 0.0, "top_negative_driver": "mean_lst", "top_negative_shap": -33.099210865977483, "explanation_text": "Low composite risk index — dominated by low LST (temperature) (-33.10)" }, "geometry": { "type": "Polygon", "coordinates": [ [ [ 72.980000000000103, 19.0 ], [ 72.980000000000103, 19.01 ], [ 72.97, 19.01 ], [ 72.97, 19.0 ], [ 72.980000000000103, 19.0 ] ] ] } },
{ "type": "Feature", "properties": { "cell_id": "r11_c21", "mean_ndvi": -0.12455545673027447, "mean_lst": 31.416987302648089, "mean_ndbi": -0.11827260285947018, "mean_dem": 0.0, "uhi_intensity": -7.5914352273355377, "risk_score": 11.174545835693026, "sustainability_score": 88.825454164306976, "cluster_id": 0, "cluster": "Cluster 0: Coastal/Lowland Urban", "top_positive_driver": null, "top_positive_shap": 0.0, "top_negative_driver": "mean_lst", "top_negative_shap": -33.112483142070637, "explanation_text": "Low composite risk index — dominated by low LST (temperature) (-33.11)" }, "geometry": { "type": "Polygon", "coordinates": [ [ [ 72.99, 19.0 ], [ 72.99, 19.01 ], [ 72.980000000000103, 19.01 ], [ 72.980000000000103, 19.0 ], [ 72.99, 19.0 ] ] ] } },
{ "type": "Feature", "properties": { "cell_id": "r12_c0", "mean_ndvi": -0.14584068603907707, "mean_lst": 31.018160005865045, "mean_ndbi": -0.054047669458248654, "mean_dem": 0.0, "uhi_intensity": -7.990262524118581, "risk_score": 10.83700487554138, "sustainability_score": 89.162995124458618, "cluster_id": 0, "cluster": "Cluster 0: Coastal/Lowland Urban", "top_positive_driver": "mean_ndbi", "top_positive_shap": 0.050658925813554044, "top_negative_driver": "mean_lst", "top_negative_shap": -33.624365219903069, "explanation_text": "Low composite risk index — dominated by high NDBI (built-up) (+0.05) and attenuated by low LST (temperature) (-33.62)" }, "geometry": { "type": "Polygon", "coordinates": [ [ [ 72.78, 19.01 ], [ 72.78, 19.02 ], [ 72.77, 19.02 ], [ 72.77, 19.01 ], [ 72.78, 19.01 ] ] ] } },
{ "type": "Feature", "properties": { "cell_id": "r12_c1", "mean_ndvi": -0.14577883456757343, "mean_lst": 30.908562985319282, "mean_ndbi": -0.05461634413299557, "mean_dem": 0.0, "uhi_intensity": -8.0998595446643442, "risk_score": 10.426852054214967, "sustainability_score": 89.573147945785038, "cluster_id": 0, "cluster": "Cluster 0: Coastal/Lowland Urban", "top_positive_driver": "mean_ndbi", "top_positive_shap": 0.099313882440965381, "top_negative_driver": "mean_lst", "top_negative_shap": -34.135984136776571, "explanation_text": "Low composite risk index — dominated by high NDBI (built-up) (+0.10) and attenuated by low LST (temperature) (-34.14)" }, "geometry": { "type": "Polygon", "coordinates": [ [ [ 72.79, 19.01 ], [ 72.79, 19.02 ], [ 72.78, 19.02 ], [ 72.78, 19.01 ], [ 72.79, 19.01 ] ] ] } },
{ "type": "Feature", "properties": { "cell_id": "r12_c2", "mean_ndvi": -0.14591447580417591, "mean_lst": 30.898840386505274, "mean_ndbi": -0.059013466359111456, "mean_dem": 0.0, "uhi_intensity": -8.1095821434783524, "risk_score": 10.195336106025261, "sustainability_score": 89.804663893974734, "cluster_id": 0, "cluster": "Cluster 0: Coastal/Lowland Urban", "top_positive_driver": "mean_ndbi", "top_positive_shap": 0.088523410155782883, "top_negative_driver": "mean_lst", "top_negative_shap": -34.122004387333, "explanation_text": "Low composite risk index — dominated by high NDBI (built-up) (+0.09) and attenuated by low LST (temperature) (-34.12)" }, "geometry": { "type": "Polygon", "coordinates": [ [ [ 72.8, 19.01 ], [ 72.8, 19.02 ], [ 72.79, 19.02 ], [ 72.79, 19.01 ], [ 72.8, 19.01 ] ] ] } },
{ "type": "Feature", "properties": { "cell_id": "r12_c3", "mean_ndvi": -0.14511757249721641, "mean_lst": 31.180131461978856, "mean_ndbi": -0.059556833537404909, "mean_dem": 0.0, "uhi_intensity": -7.8282910680047699, "risk_score": 11.236667454568172, "sustainability_score": 88.763332545431822, "cluster_id": 0, "cluster": "Cluster 0: Coastal/Lowland Urban", "top_positive_driver": "mean_ndbi", "top_positive_shap": 0.028137403856680891, "top_negative_driver": "mean_lst", "top_negative_shap": -33.253408565684893, "explanation_text": "Low composite risk index — dominated by high NDBI (built-up) (+0.03) and attenuated by low LST (temperature) (-33.25)" }, "geometry": { "type": "Polygon", "coordinates": [ [ [ 72.81, 19.01 ], [ 72.81, 19.02 ], [ 72.8, 19.02 ], [ 72.8, 19.01 ], [ 72.81, 19.01 ] ] ] } },
{ "type": "Feature", "properties": { "cell_id": "r12_c4", "mean_ndvi": -0.026799068056867915, "mean_lst": 36.569707785241071, "mean_ndbi": -0.04134420523818811, "mean_dem": 4.2107002261734561, "uhi_intensity": -2.4387147447425548, "risk_score": 40.500414552387902, "sustainability_score": 59.499585447612098, "cluster_id": 0, "cluster": "Cluster 0: Coastal/Lowland Urban", "top_positive_driver": "mean_lst", "top_positive_shap": 2.8505911180291332, "top_negative_driver": "mean_ndvi", "top_negative_shap": -10.082031556745504, "explanation_text": "Moderate composite risk index — dominated by high LST (temperature) (+2.85) and attenuated by high NDVI (vegetation) (-10.08)" }, "geometry": { "type": "Polygon", "coordinates": [ [ [ 72.82, 19.01 ], [ 72.82, 19.02 ], [ 72.81, 19.02 ], [ 72.81, 19.01 ], [ 72.82, 19.01 ] ] ] } },
{ "type": "Feature", "properties": { "cell_id": "r12_c5", "mean_ndvi": 0.1356510039435764, "mean_lst": 39.628920540780712, "mean_ndbi": -0.023044616590845664, "mean_dem": 8.5716312460828625, "uhi_intensity": 0.62049801079708544, "risk_score": 64.860453120197917, "sustainability_score": 35.139546879802083, "cluster_id": 2, "cluster": "Cluster 2: Dense Urban Heat", "top_positive_driver": "mean_lst", "top_positive_shap": 15.557342006753192, "top_negative_driver": "mean_dem", "top_negative_shap": -1.8353558212154579, "explanation_text": "Moderate composite risk index — dominated by high LST (temperature) (+15.56) and attenuated by high DEM (elevation) (-1.84)" }, "geometry": { "type": "Polygon", "coordinates": [ [ [ 72.83, 19.01 ], [ 72.83, 19.02 ], [ 72.82, 19.02 ], [ 72.82, 19.01 ], [ 72.83, 19.01 ] ] ] } },
{ "type": "Feature", "properties": { "cell_id": "r12_c6", "mean_ndvi": 0.15654695935127286, "mean_lst": 40.847816000441057, "mean_ndbi": -0.003009321521141587, "mean_dem": 9.0059243224768402, "uhi_intensity": 1.8393934704574306, "risk_score": 71.681614531001586, "sustainability_score": 28.318385468998414, "cluster_id": 2, "cluster": "Cluster 2: Dense Urban Heat", "top_positive_driver": "mean_lst", "top_positive_shap": 18.361433569809655, "top_negative_driver": "mean_dem", "top_negative_shap": -1.4210915676978184, "explanation_text": "High composite risk index — dominated by high LST (temperature) (+18.36) and attenuated by high DEM (elevation) (-1.42)" }, "geometry": { "type": "Polygon", "coordinates": [ [ [ 72.84, 19.01 ], [ 72.84, 19.02 ], [ 72.83, 19.02 ], [ 72.83, 19.01 ], [ 72.84, 19.01 ] ] ] } },
{ "type": "Feature", "properties": { "cell_id": "r12_c7", "mean_ndvi": 0.17353141380834849, "mean_lst": 42.14611571702499, "mean_ndbi": 0.0028141610093631803, "mean_dem": 9.6206666704647255, "uhi_intensity": 3.1376931870413642, "risk_score": 77.889594776262868, "sustainability_score": 22.110405223737132, "cluster_id": 2, "cluster": "Cluster 2: Dense Urban Heat", "top_positive_driver": "mean_lst", "top_positive_shap": 22.123895063591583, "top_negative_driver": "mean_dem", "top_negative_shap": -1.0797950191639047, "explanation_text": "High composite risk index — dominated by high LST (temperature) (+22.12) and attenuated by high DEM (elevation) (-1.08)" }, "geometry": { "type": "Polygon", "coordinates": [ [ [ 72.85, 19.01 ], [ 72.85, 19.02 ], [ 72.84, 19.02 ], [ 72.84, 19.01 ], [ 72.85, 19.01 ] ] ] } },
{ "type": "Feature", "properties": { "cell_id": "r12_c8", "mean_ndvi": 0.20465068768354108, "mean_lst": 41.516580635388806, "mean_ndbi": -0.028848041690513873, "mean_dem": 9.7135003332782688, "uhi_intensity": 2.5081581054051796, "risk_score": 76.701115761475307, "sustainability_score": 23.298884238524693, "cluster_id": 2, "cluster": "Cluster 2: Dense Urban Heat", "top_positive_driver": "mean_lst", "top_positive_shap": 19.401330138450675, "top_negative_driver": "mean_dem", "top_negative_shap": -1.3413868221759369, "explanation_text": "High composite risk index — dominated by high LST (temperature) (+19.40) and attenuated by high DEM (elevation) (-1.34)" }, "geometry": { "type": "Polygon", "coordinates": [ [ [ 72.86, 19.01 ], [ 72.86, 19.02 ], [ 72.85, 19.02 ], [ 72.85, 19.01 ], [ 72.86, 19.01 ] ] ] } },
{ "type": "Feature", "properties": { "cell_id": "r12_c9", "mean_ndvi": 0.18082716883991296, "mean_lst": 43.114650870797171, "mean_ndbi": -0.018068299377643267, "mean_dem": 5.0792461644514617, "uhi_intensity": 4.1062283408135443, "risk_score": 80.838606749222009, "sustainability_score": 19.161393250777991, "cluster_id": 2, "cluster": "Cluster 2: Dense Urban Heat", "top_positive_driver": "mean_lst", "top_positive_shap": 25.966103176775732, "top_negative_driver": "mean_dem", "top_negative_shap": -1.0204454642410654, "explanation_text": "High composite risk index — dominated by high LST (temperature) (+25.97) and attenuated by high DEM (elevation) (-1.02)" }, "geometry": { "type": "Polygon", "coordinates": [ [ [ 72.87, 19.01 ], [ 72.87, 19.02 ], [ 72.86, 19.02 ], [ 72.86, 19.01 ], [ 72.87, 19.01 ] ] ] } },
{ "type": "Feature", "properties": { "cell_id": "r12_c10", "mean_ndvi": 0.15473620978815103, "mean_lst": 39.935865996657114, "mean_ndbi": -0.12753104258241368, "mean_dem": 1.1106224810948613, "uhi_intensity": 0.92744346667348765, "risk_score": 62.69716247022955, "sustainability_score": 37.30283752977045, "cluster_id": 2, "cluster": "Cluster 2: Dense Urban Heat", "top_positive_driver": "mean_lst", "top_positive_shap": 16.33879471703451, "top_negative_driver": "mean_dem", "top_negative_shap": -2.0142027862888083, "explanation_text": "Moderate composite risk index — dominated by high LST (temperature) (+16.34) and attenuated by high DEM (elevation) (-2.01)" }, "geometry": { "type": "Polygon", "coordinates": [ [ [ 72.88, 19.01 ], [ 72.88, 19.02 ], [ 72.87, 19.02 ], [ 72.87, 19.01 ], [ 72.88, 19.01 ] ] ] } },
{ "type": "Feature", "properties": { "cell_id": "r12_c11", "mean_ndvi": 0.2527765782405263, "mean_lst": 37.944781839228789, "mean_ndbi": -0.18076257390836201, "mean_dem": 2.1557943251704121, "uhi_intensity": -1.0636406907548377, "risk_score": 60.92732252196722, "sustainability_score": 39.07267747803278, "cluster_id": 3, "cluster": "Cluster 3: Green/Forested", "top_positive_driver": "mean_lst", "top_positive_shap": 7.0183361605904846, "top_negative_driver": "mean_dem", "top_negative_shap": -2.7923356668184369, "explanation_text": "Moderate composite risk index — dominated by high LST (temperature) (+7.02) and attenuated by high DEM (elevation) (-2.79)" }, "geometry": { "type": "Polygon", "coordinates": [ [ [ 72.89, 19.01 ], [ 72.89, 19.02 ], [ 72.88, 19.02 ], [ 72.88, 19.01 ], [ 72.89, 19.01 ] ] ] } },
{ "type": "Feature", "properties": { "cell_id": "r12_c12", "mean_ndvi": 0.058273054190786468, "mean_lst": 45.021815031210465, "mean_ndbi": 0.017920849318773382, "mean_dem": 8.789157347218989, "uhi_intensity": 6.0133925012268392, "risk_score": 79.881023630501829, "sustainability_score": 20.118976369498171, "cluster_id": 2, "cluster": "Cluster 2: Dense Urban Heat", "top_positive_driver": "mean_lst", "top_positive_shap": 29.235197159107329, "top_negative_driver": "mean_dem", "top_negative_shap": -0.91452674287913893, "explanation_text": "High composite risk index — dominated by high LST (temperature) (+29.24) and attenuated by high DEM (elevation) (-0.91)" }, "geometry": { "type": "Polygon", "coordinates": [ [ [ 72.9, 19.01 ], [ 72.9, 19.02 ], [ 72.89, 19.02 ], [ 72.89, 19.01 ], [ 72.9, 19.01 ] ] ] } },
{ "type": "Feature", "properties": { "cell_id": "r12_c13", "mean_ndvi": 0.05141631856868481, "mean_lst": 45.124674388371552, "mean_ndbi": -0.00052180452151546347, "mean_dem": 24.651309324073765, "uhi_intensity": 6.1162518583879262, "risk_score": 79.569851527456009, "sustainability_score": 20.430148472543991, "cluster_id": 2, "cluster": "Cluster 2: Dense Urban Heat", "top_positive_driver": "mean_lst", "top_positive_shap": 29.650286478400695, "top_negative_driver": "mean_ndbi", "top_negative_shap": -0.35542083728102686, "explanation_text": "High composite risk index — dominated by high LST (temperature) (+29.65) and attenuated by low NDBI (built-up) (-0.36)" }, "geometry": { "type": "Polygon", "coordinates": [ [ [ 72.91, 19.01 ], [ 72.91, 19.02 ], [ 72.9, 19.02 ], [ 72.9, 19.01 ], [ 72.91, 19.01 ] ] ] } },
{ "type": "Feature", "properties": { "cell_id": "r12_c14", "mean_ndvi": 0.14270353834647176, "mean_lst": 39.550160655815453, "mean_ndbi": -0.03997525303424581, "mean_dem": 118.1509669369934, "uhi_intensity": 0.54173812583182723, "risk_score": 68.767701450260788, "sustainability_score": 31.232298549739212, "cluster_id": 1, "cluster": "Cluster 1: Green/Forested", "top_positive_driver": "mean_lst", "top_positive_shap": 16.285374885854061, "top_negative_driver": "mean_ndbi", "top_negative_shap": -0.087032703163623187, "explanation_text": "High composite risk index — dominated by high LST (temperature) (+16.29) and attenuated by low NDBI (built-up) (-0.09)" }, "geometry": { "type": "Polygon", "coordinates": [ [ [ 72.92, 19.01 ], [ 72.92, 19.02 ], [ 72.91, 19.02 ], [ 72.91, 19.01 ], [ 72.92, 19.01 ] ] ] } },
{ "type": "Feature", "properties": { "cell_id": "r12_c15", "mean_ndvi": 0.19505147906107306, "mean_lst": 38.800886226494043, "mean_ndbi": -0.12020228487835942, "mean_dem": 13.106557890718905, "uhi_intensity": -0.20753630348958296, "risk_score": 62.540956552793247, "sustainability_score": 37.459043447206753, "cluster_id": 3, "cluster": "Cluster 3: Green/Forested", "top_positive_driver": "mean_lst", "top_positive_shap": 13.724427103020787, "top_negative_driver": "mean_dem", "top_negative_shap": -1.7632996658125968, "explanation_text": "Moderate composite risk index — dominated by high LST (temperature) (+13.72) and attenuated by high DEM (elevation) (-1.76)" }, "geometry": { "type": "Polygon", "coordinates": [ [ [ 72.93, 19.01 ], [ 72.93, 19.02 ], [ 72.92, 19.02 ], [ 72.92, 19.01 ], [ 72.93, 19.01 ] ] ] } },
{ "type": "Feature", "properties": { "cell_id": "r12_c16", "mean_ndvi": 0.21901335307382294, "mean_lst": 33.306603638612131, "mean_ndbi": -0.24008009090859028, "mean_dem": 1.912105691936947, "uhi_intensity": -5.7018188913714951, "risk_score": 39.265602837814171, "sustainability_score": 60.734397162185829, "cluster_id": 3, "cluster": "Cluster 3: Green/Forested", "top_positive_driver": "mean_ndvi", "top_positive_shap": 8.8969554971825495, "top_negative_driver": "mean_lst", "top_negative_shap": -19.912691982761302, "explanation_text": "Low composite risk index — dominated by low NDVI (vegetation) (+8.90) and attenuated by low LST (temperature) (-19.91)" }, "geometry": { "type": "Polygon", "coordinates": [ [ [ 72.94, 19.01 ], [ 72.94, 19.02 ], [ 72.93, 19.02 ], [ 72.93, 19.01 ], [ 72.94, 19.01 ] ] ] } },
{ "type": "Feature", "properties": { "cell_id": "r12_c17", "mean_ndvi": 0.0082310783845782037, "mean_lst": 32.093968520693053, "mean_ndbi": -0.15575680477970461, "mean_dem": 0.25022930683818667, "uhi_intensity": -6.9144540092905729, "risk_score": 22.228540593026235, "sustainability_score": 77.771459406973761, "cluster_id": 0, "cluster": "Cluster 0: Coastal/Lowland Urban", "top_positive_driver": null, "top_positive_shap": 0.0, "top_negative_driver": "mean_lst", "top_negative_shap": -28.587400576787072, "explanation_text": "Low composite risk index — dominated by low LST (temperature) (-28.59)" }, "geometry": { "type": "Polygon", "coordinates": [ [ [ 72.95, 19.01 ], [ 72.95, 19.02 ], [ 72.94, 19.02 ], [ 72.94, 19.01 ], [ 72.95, 19.01 ] ] ] } },
{ "type": "Feature", "properties": { "cell_id": "r12_c18", "mean_ndvi": -0.11352929903286645, "mean_lst": 30.977410786305501, "mean_ndbi": -0.11229597450905475, "mean_dem": 0.0, "uhi_intensity": -8.0310117436781248, "risk_score": 10.709017336383301, "sustainability_score": 89.290982663616703, "cluster_id": 0, "cluster": "Cluster 0: Coastal/Lowland Urban", "top_positive_driver": null, "top_positive_shap": 0.0, "top_negative_driver": "mean_lst", "top_negative_shap": -33.633258117067982, "explanation_text": "Low composite risk index — dominated by low LST (temperature) (-33.63)" }, "geometry": { "type": "Polygon", "coordinates": [ [ [ 72.96, 19.01 ], [ 72.96, 19.02 ], [ 72.95, 19.02 ], [ 72.95, 19.01 ], [ 72.96, 19.01 ] ] ] } },
{ "type": "Feature", "properties": { "cell_id": "r12_c19", "mean_ndvi": -0.118614767296586, "mean_lst": 31.159037647769456, "mean_ndbi": -0.12663647447940835, "mean_dem": 0.0, "uhi_intensity": -7.8493848822141707, "risk_score": 10.35735757923948, "sustainability_score": 89.642642420760524, "cluster_id": 0, "cluster": "Cluster 0: Coastal/Lowland Urban", "top_positive_driver": null, "top_positive_shap": 0.0, "top_negative_driver": "mean_lst", "top_negative_shap": -33.319942891228138, "explanation_text": "Low composite risk index — dominated by low LST (temperature) (-33.32)" }, "geometry": { "type": "Polygon", "coordinates": [ [ [ 72.97, 19.01 ], [ 72.97, 19.02 ], [ 72.96, 19.02 ], [ 72.96, 19.01 ], [ 72.97, 19.01 ] ] ] } },
{ "type": "Feature", "properties": { "cell_id": "r12_c20", "mean_ndvi": -0.12829918212331023, "mean_lst": 31.346880321508408, "mean_ndbi": -0.12190152059678114, "mean_dem": 0.0, "uhi_intensity": -7.6615422084752183, "risk_score": 10.482601660853838, "sustainability_score": 89.517398339146155, "cluster_id": 0, "cluster": "Cluster 0: Coastal/Lowland Urban", "top_positive_driver": null, "top_positive_shap": 0.0, "top_negative_driver": "mean_lst", "top_negative_shap": -33.146926320360528, "explanation_text": "Low composite risk index — dominated by low LST (temperature) (-33.15)" }, "geometry": { "type": "Polygon", "coordinates": [ [ [ 72.980000000000103, 19.01 ], [ 72.980000000000103, 19.02 ], [ 72.97, 19.02 ], [ 72.97, 19.01 ], [ 72.980000000000103, 19.01 ] ] ] } },
{ "type": "Feature", "properties": { "cell_id": "r12_c21", "mean_ndvi": -0.11329041907911312, "mean_lst": 31.399193420091311, "mean_ndbi": -0.15048789990704972, "mean_dem": 0.0, "uhi_intensity": -7.6092291098923148, "risk_score": 10.612331718598131, "sustainability_score": 89.387668281401872, "cluster_id": 0, "cluster": "Cluster 0: Coastal/Lowland Urban", "top_positive_driver": null, "top_positive_shap": 0.0, "top_negative_driver": "mean_lst", "top_negative_shap": -33.083384022578151, "explanation_text": "Low composite risk index — dominated by low LST (temperature) (-33.08)" }, "geometry": { "type": "Polygon", "coordinates": [ [ [ 72.99, 19.01 ], [ 72.99, 19.02 ], [ 72.980000000000103, 19.02 ], [ 72.980000000000103, 19.01 ], [ 72.99, 19.01 ] ] ] } },
{ "type": "Feature", "properties": { "cell_id": "r13_c0", "mean_ndvi": -0.15005999188406555, "mean_lst": 30.872635385218921, "mean_ndbi": -0.057073699304938337, "mean_dem": 0.0, "uhi_intensity": -8.1357871447647057, "risk_score": 9.8650920197256671, "sustainability_score": 90.134907980274335, "cluster_id": 0, "cluster": "Cluster 0: Coastal/Lowland Urban", "top_positive_driver": "mean_ndbi", "top_positive_shap": 0.10233266077547637, "top_negative_driver": "mean_lst", "top_negative_shap": -34.192207754143773, "explanation_text": "Low composite risk index — dominated by high NDBI (built-up) (+0.10) and attenuated by low LST (temperature) (-34.19)" }, "geometry": { "type": "Polygon", "coordinates": [ [ [ 72.78, 19.02 ], [ 72.78, 19.03 ], [ 72.77, 19.03 ], [ 72.77, 19.02 ], [ 72.78, 19.02 ] ] ] } },
{ "type": "Feature", "properties": { "cell_id": "r13_c1", "mean_ndvi": -0.1486896339897473, "mean_lst": 30.988383675591422, "mean_ndbi": -0.053969002509293179, "mean_dem": 0.0, "uhi_intensity": -8.0200388543922045, "risk_score": 10.514910502379969, "sustainability_score": 89.485089497620038, "cluster_id": 0, "cluster": "Cluster 0: Coastal/Lowland Urban", "top_positive_driver": "mean_ndbi", "top_positive_shap": 0.073065363306138026, "top_negative_driver": "mean_lst", "top_negative_shap": -33.771808759594037, "explanation_text": "Low composite risk index — dominated by high NDBI (built-up) (+0.07) and attenuated by low LST (temperature) (-33.77)" }, "geometry": { "type": "Polygon", "coordinates": [ [ [ 72.79, 19.02 ], [ 72.79, 19.03 ], [ 72.78, 19.03 ], [ 72.78, 19.02 ], [ 72.79, 19.02 ] ] ] } },
{ "type": "Feature", "properties": { "cell_id": "r13_c2", "mean_ndvi": -0.15282400703046681, "mean_lst": 30.954578389207853, "mean_ndbi": -0.060577344410214583, "mean_dem": 0.0, "uhi_intensity": -8.053844140775773, "risk_score": 9.7960411404554506, "sustainability_score": 90.203958859544542, "cluster_id": 0, "cluster": "Cluster 0: Coastal/Lowland Urban", "top_positive_driver": "mean_ndbi", "top_positive_shap": 0.27671590970587306, "top_negative_driver": "mean_lst", "top_negative_shap": -34.533616355234081, "explanation_text": "Low composite risk index — dominated by high NDBI (built-up) (+0.28) and attenuated by low LST (temperature) (-34.53)" }, "geometry": { "type": "Polygon", "coordinates": [ [ [ 72.8, 19.02 ], [ 72.8, 19.03 ], [ 72.79, 19.03 ], [ 72.79, 19.02 ], [ 72.8, 19.02 ] ] ] } },
{ "type": "Feature", "properties": { "cell_id": "r13_c3", "mean_ndvi": -0.14680114330880178, "mean_lst": 31.11215010364376, "mean_ndbi": -0.0587872856269425, "mean_dem": 0.0, "uhi_intensity": -7.8962724263398663, "risk_score": 10.897314995820679, "sustainability_score": 89.102685004179321, "cluster_id": 0, "cluster": "Cluster 0: Coastal/Lowland Urban", "top_positive_driver": "mean_ndbi", "top_positive_shap": 0.030540526193934818, "top_negative_driver": "mean_lst", "top_negative_shap": -33.494900455212154, "explanation_text": "Low composite risk index — dominated by high NDBI (built-up) (+0.03) and attenuated by low LST (temperature) (-33.49)" }, "geometry": { "type": "Polygon", "coordinates": [ [ [ 72.81, 19.02 ], [ 72.81, 19.03 ], [ 72.8, 19.03 ], [ 72.8, 19.02 ], [ 72.81, 19.02 ] ] ] } },
{ "type": "Feature", "properties": { "cell_id": "r13_c4", "mean_ndvi": -0.10444523584572063, "mean_lst": 33.465921308477377, "mean_ndbi": -0.049609328585089499, "mean_dem": 0.85053902789842994, "uhi_intensity": -5.5425012215062495, "risk_score": 22.97308657245863, "sustainability_score": 77.026913427541373, "cluster_id": 0, "cluster": "Cluster 0: Coastal/Lowland Urban", "top_positive_driver": "mean_ndbi", "top_positive_shap": 0.16583428285110483, "top_negative_driver": "mean_lst", "top_negative_shap": -20.132980706924837, "explanation_text": "Low composite risk index — dominated by high NDBI (built-up) (+0.17) and attenuated by low LST (temperature) (-20.13)" }, "geometry": { "type": "Polygon", "coordinates": [ [ [ 72.82, 19.02 ], [ 72.82, 19.03 ], [ 72.81, 19.03 ], [ 72.81, 19.02 ], [ 72.82, 19.02 ] ] ] } },
{ "type": "Feature", "properties": { "cell_id": "r13_c5", "mean_ndvi": -0.080941271988451219, "mean_lst": 32.207888286554457, "mean_ndbi": -0.09266982280856359, "mean_dem": 0.19198197453989196, "uhi_intensity": -6.8005342434291691, "risk_score": 18.444294166630876, "sustainability_score": 81.555705833369132, "cluster_id": 0, "cluster": "Cluster 0: Coastal/Lowland Urban", "top_positive_driver": null, "top_positive_shap": 0.0, "top_negative_driver": "mean_lst", "top_negative_shap": -28.829251961591467, "explanation_text": "Low composite risk index — dominated by low LST (temperature) (-28.83)" }, "geometry": { "type": "Polygon", "coordinates": [ [ [ 72.83, 19.02 ], [ 72.83, 19.03 ], [ 72.82, 19.03 ], [ 72.82, 19.02 ], [ 72.83, 19.02 ] ] ] } },
{ "type": "Feature", "properties": { "cell_id": "r13_c6", "mean_ndvi": 0.096527220419218074, "mean_lst": 37.966850113616708, "mean_ndbi": -0.037394094165457609, "mean_dem": 7.3041827693937575, "uhi_intensity": -1.0415724163669182, "risk_score": 55.264076060839187, "sustainability_score": 44.735923939160813, "cluster_id": 2, "cluster": "Cluster 2: Dense Urban Heat", "top_positive_driver": "mean_lst", "top_positive_shap": 5.6015693156553246, "top_negative_driver": "mean_dem", "top_negative_shap": -2.5455812111212199, "explanation_text": "Moderate composite risk index — dominated by high LST (temperature) (+5.60) and attenuated by high DEM (elevation) (-2.55)" }, "geometry": { "type": "Polygon", "coordinates": [ [ [ 72.84, 19.02 ], [ 72.84, 19.03 ], [ 72.83, 19.03 ], [ 72.83, 19.02 ], [ 72.84, 19.02 ] ] ] } },
{ "type": "Feature", "properties": { "cell_id": "r13_c7", "mean_ndvi": 0.15855929776067337, "mean_lst": 41.855225220599358, "mean_ndbi": 0.011236443503439721, "mean_dem": 8.5413862344949312, "uhi_intensity": 2.846802690615732, "risk_score": 76.014163958207561, "sustainability_score": 23.985836041792439, "cluster_id": 2, "cluster": "Cluster 2: Dense Urban Heat", "top_positive_driver": "mean_lst", "top_positive_shap": 20.826262085488118, "top_negative_driver": "mean_dem", "top_negative_shap": -1.146883639267996, "explanation_text": "High composite risk index — dominated by high LST (temperature) (+20.83) and attenuated by high DEM (elevation) (-1.15)" }, "geometry": { "type": "Polygon", "coordinates": [ [ [ 72.85, 19.02 ], [ 72.85, 19.03 ], [ 72.84, 19.03 ], [ 72.84, 19.02 ], [ 72.85, 19.02 ] ] ] } },
{ "type": "Feature", "properties": { "cell_id": "r13_c8", "mean_ndvi": 0.22071948381440887, "mean_lst": 40.477066385933419, "mean_ndbi": -0.050249650710180636, "mean_dem": 11.953363049886761, "uhi_intensity": 1.468643855949793, "risk_score": 73.41291738277647, "sustainability_score": 26.58708261722353, "cluster_id": 2, "cluster": "Cluster 2: Dense Urban Heat", "top_positive_driver": "mean_lst", "top_positive_shap": 16.806191881439982, "top_negative_driver": "mean_dem", "top_negative_shap": -1.5694133726950799, "explanation_text": "High composite risk index — dominated by high LST (temperature) (+16.81) and attenuated by high DEM (elevation) (-1.57)" }, "geometry": { "type": "Polygon", "coordinates": [ [ [ 72.86, 19.02 ], [ 72.86, 19.03 ], [ 72.85, 19.03 ], [ 72.85, 19.02 ], [ 72.86, 19.02 ] ] ] } },
{ "type": "Feature", "properties": { "cell_id": "r13_c9", "mean_ndvi": 0.19839054231550177, "mean_lst": 42.789544718377357, "mean_ndbi": -0.028394005591717657, "mean_dem": 7.9545594367352415, "uhi_intensity": 3.7811221883937307, "risk_score": 80.707735099261484, "sustainability_score": 19.292264900738516, "cluster_id": 2, "cluster": "Cluster 2: Dense Urban Heat", "top_positive_driver": "mean_lst", "top_positive_shap": 23.160706410841975, "top_negative_driver": "mean_dem", "top_negative_shap": -1.0819281936974638, "explanation_text": "High composite risk index — dominated by high LST (temperature) (+23.16) and attenuated by high DEM (elevation) (-1.08)" }, "geometry": { "type": "Polygon", "coordinates": [ [ [ 72.87, 19.02 ], [ 72.87, 19.03 ], [ 72.86, 19.03 ], [ 72.86, 19.02 ], [ 72.87, 19.02 ] ] ] } },
{ "type": "Feature", "properties": { "cell_id": "r13_c10", "mean_ndvi": 0.17003549919978986, "mean_lst": 43.46286088419042, "mean_ndbi": -0.045273480132565699, "mean_dem": 3.1815357187610358, "uhi_intensity": 4.4544383542067933, "risk_score": 80.020877121557007, "sustainability_score": 19.979122878442993, "cluster_id": 2, "cluster": "Cluster 2: Dense Urban Heat", "top_positive_driver": "mean_lst", "top_positive_shap": 27.089995853813818, "top_negative_driver": "mean_dem", "top_negative_shap": -1.0229209006198619, "explanation_text": "High composite risk index — dominated by high LST (temperature) (+27.09) and attenuated by high DEM (elevation) (-1.02)" }, "geometry": { "type": "Polygon", "coordinates": [ [ [ 72.88, 19.02 ], [ 72.88, 19.03 ], [ 72.87, 19.03 ], [ 72.87, 19.02 ], [ 72.88, 19.02 ] ] ] } },
{ "type": "Feature", "properties": { "cell_id": "r13_c11", "mean_ndvi": 0.23350382986310148, "mean_lst": 41.928819473679944, "mean_ndbi": -0.05228933094854258, "mean_dem": 1.9941867585696156, "uhi_intensity": 2.9203969436963177, "risk_score": 79.090489070495863, "sustainability_score": 20.909510929504137, "cluster_id": 2, "cluster": "Cluster 2: Dense Urban Heat", "top_positive_driver": "mean_lst", "top_positive_shap": 20.750111098794161, "top_negative_driver": "mean_dem", "top_negative_shap": -1.5162995060559423, "explanation_text": "High composite risk index — dominated by high LST (temperature) (+20.75) and attenuated by high DEM (elevation) (-1.52)" }, "geometry": { "type": "Polygon", "coordinates": [ [ [ 72.89, 19.02 ], [ 72.89, 19.03 ], [ 72.88, 19.03 ], [ 72.88, 19.02 ], [ 72.89, 19.02 ] ] ] } },
{ "type": "Feature", "properties": { "cell_id": "r13_c12", "mean_ndvi": 0.11154009111410201, "mean_lst": 44.592245731505351, "mean_ndbi": 0.014387742502787022, "mean_dem": 10.887181853396211, "uhi_intensity": 5.5838232015217244, "risk_score": 82.382378174209066, "sustainability_score": 17.617621825790934, "cluster_id": 2, "cluster": "Cluster 2: Dense Urban Heat", "top_positive_driver": "mean_lst", "top_positive_shap": 28.13780882667827, "top_negative_driver": "mean_dem", "top_negative_shap": -0.8795632558236971, "explanation_text": "High composite risk index — dominated by high LST (temperature) (+28.14) and attenuated by high DEM (elevation) (-0.88)" }, "geometry": { "type": "Polygon", "coordinates": [ [ [ 72.9, 19.02 ], [ 72.9, 19.03 ], [ 72.89, 19.03 ], [ 72.89, 19.02 ], [ 72.9, 19.02 ] ] ] } },
{ "type": "Feature", "properties": { "cell_id": "r13_c13", "mean_ndvi": 0.12451015159060166, "mean_lst": 45.247877670508416, "mean_ndbi": 0.0080823672160162032, "mean_dem": 44.324806676255648, "uhi_intensity": 6.2394551405247896, "risk_score": 86.782484029200972, "sustainability_score": 13.217515970799028, "cluster_id": 2, "cluster": "Cluster 2: Dense Urban Heat", "top_positive_driver": "mean_lst", "top_positive_shap": 28.28320066709864, "top_negative_driver": "mean_ndbi", "top_negative_shap": -0.3475428571757691, "explanation_text": "High composite risk index — dominated by high LST (temperature) (+28.28) and attenuated by low NDBI (built-up) (-0.35)" }, "geometry": { "type": "Polygon", "coordinates": [ [ [ 72.91, 19.02 ], [ 72.91, 19.03 ], [ 72.9, 19.03 ], [ 72.9, 19.02 ], [ 72.91, 19.02 ] ] ] } },
{ "type": "Feature", "properties": { "cell_id": "r13_c14", "mean_ndvi": 0.19511294891386782, "mean_lst": 40.246766273812064, "mean_ndbi": -0.017859265394335515, "mean_dem": 175.75265099189667, "uhi_intensity": 1.2383437438284375, "risk_score": 78.516124199048548, "sustainability_score": 21.483875800951452, "cluster_id": 1, "cluster": "Cluster 1: Green/Forested", "top_positive_driver": "mean_lst", "top_positive_shap": 18.463689718387325, "top_negative_driver": null, "top_negative_shap": 0.0, "explanation_text": "High composite risk index — dominated by high LST (temperature) (+18.46)" }, "geometry": { "type": "Polygon", "coordinates": [ [ [ 72.92, 19.02 ], [ 72.92, 19.03 ], [ 72.91, 19.03 ], [ 72.91, 19.02 ], [ 72.92, 19.02 ] ] ] } },
{ "type": "Feature", "properties": { "cell_id": "r13_c15", "mean_ndvi": 0.23984182170160614, "mean_lst": 38.286851771413374, "mean_ndbi": -0.073842115516011678, "mean_dem": 54.599516941235315, "uhi_intensity": -0.72157075857025177, "risk_score": 67.772473825036911, "sustainability_score": 32.227526174963089, "cluster_id": 2, "cluster": "Cluster 2: Dense Urban Heat", "top_positive_driver": "mean_lst", "top_positive_shap": 10.001485758010125, "top_negative_driver": "mean_ndbi", "top_negative_shap": -0.17780527489230075, "explanation_text": "High composite risk index — dominated by high LST (temperature) (+10.00) and attenuated by low NDBI (built-up) (-0.18)" }, "geometry": { "type": "Polygon", "coordinates": [ [ [ 72.93, 19.02 ], [ 72.93, 19.03 ], [ 72.92, 19.03 ], [ 72.92, 19.02 ], [ 72.93, 19.02 ] ] ] } },
{ "type": "Feature", "properties": { "cell_id": "r13_c16", "mean_ndvi": 0.22240936361498714, "mean_lst": 37.868114474661674, "mean_ndbi": -0.086604713176809428, "mean_dem": 12.016511200672156, "uhi_intensity": -1.1403080553219525, "risk_score": 62.701183869398427, "sustainability_score": 37.298816130601573, "cluster_id": 3, "cluster": "Cluster 3: Green/Forested", "top_positive_driver": "mean_lst", "top_positive_shap": 7.1889574729805643, "top_negative_driver": "mean_dem", "top_negative_shap": -2.0759110589790062, "explanation_text": "Moderate composite risk index — dominated by high LST (temperature) (+7.19) and attenuated by high DEM (elevation) (-2.08)" }, "geometry": { "type": "Polygon", "coordinates": [ [ [ 72.94, 19.02 ], [ 72.94, 19.03 ], [ 72.93, 19.03 ], [ 72.93, 19.02 ], [ 72.94, 19.02 ] ] ] } },
{ "type": "Feature", "properties": { "cell_id": "r13_c17", "mean_ndvi": 0.24277826416506504, "mean_lst": 35.359402634671696, "mean_ndbi": -0.16422564782280719, "mean_dem": 2.476487912137991, "uhi_intensity": -3.6490198953119304, "risk_score": 51.65264900145263, "sustainability_score": 48.34735099854737, "cluster_id": 3, "cluster": "Cluster 3: Green/Forested", "top_positive_driver": "mean_ndvi", "top_positive_shap": 5.1898021671602903, "top_negative_driver": "mean_dem", "top_negative_shap": -2.9124478133283711, "explanation_text": "Moderate composite risk index — dominated by low NDVI (vegetation) (+5.19) and attenuated by high DEM (elevation) (-2.91)" }, "geometry": { "type": "Polygon", "coordinates": [ [ [ 72.95, 19.02 ], [ 72.95, 19.03 ], [ 72.94, 19.03 ], [ 72.94, 19.02 ], [ 72.95, 19.02 ] ] ] } },
{ "type": "Feature", "properties": { "cell_id": "r13_c18", "mean_ndvi": 0.056932075867684957, "mean_lst": 32.763116884702846, "mean_ndbi": -0.16970661676028712, "mean_dem": 0.60671200574142914, "uhi_intensity": -6.24530564528078, "risk_score": 27.785404491178785, "sustainability_score": 72.214595508821219, "cluster_id": 0, "cluster": "Cluster 0: Coastal/Lowland Urban", "top_positive_driver": "mean_ndvi", "top_positive_shap": 1.2303631849615599, "top_negative_driver": "mean_lst", "top_negative_shap": -22.477450951241707, "explanation_text": "Low composite risk index — dominated by low NDVI (vegetation) (+1.23) and attenuated by low LST (temperature) (-22.48)" }, "geometry": { "type": "Polygon", "coordinates": [ [ [ 72.96, 19.02 ], [ 72.96, 19.03 ], [ 72.95, 19.03 ], [ 72.95, 19.02 ], [ 72.96, 19.02 ] ] ] } },
{ "type": "Feature", "properties": { "cell_id": "r13_c19", "mean_ndvi": -0.12443253799815238, "mean_lst": 31.088462438831332, "mean_ndbi": -0.16527010788853203, "mean_dem": 0.0, "uhi_intensity": -7.9199600911522943, "risk_score": 8.0201666000380758, "sustainability_score": 91.979833399961919, "cluster_id": 0, "cluster": "Cluster 0: Coastal/Lowland Urban", "top_positive_driver": null, "top_positive_shap": 0.0, "top_negative_driver": "mean_lst", "top_negative_shap": -33.492343772456508, "explanation_text": "Low composite risk index — dominated by low LST (temperature) (-33.49)" }, "geometry": { "type": "Polygon", "coordinates": [ [ [ 72.97, 19.02 ], [ 72.97, 19.03 ], [ 72.96, 19.03 ], [ 72.96, 19.02 ], [ 72.97, 19.02 ] ] ] } },
{ "type": "Feature", "properties": { "cell_id": "r13_c20", "mean_ndvi": -0.123599167755172, "mean_lst": 31.168776709543828, "mean_ndbi": -0.14410617648358326, "mean_dem": 0.0, "uhi_intensity": -7.8396458204397987, "risk_score": 9.2678955101333482, "sustainability_score": 90.732104489866657, "cluster_id": 0, "cluster": "Cluster 0: Coastal/Lowland Urban", "top_positive_driver": null, "top_positive_shap": 0.0, "top_negative_driver": "mean_lst", "top_negative_shap": -33.263846595700628, "explanation_text": "Low composite risk index — dominated by low LST (temperature) (-33.26)" }, "geometry": { "type": "Polygon", "coordinates": [ [ [ 72.980000000000103, 19.02 ], [ 72.980000000000103, 19.03 ], [ 72.97, 19.03 ], [ 72.97, 19.02 ], [ 72.980000000000103, 19.02 ] ] ] } },
{ "type": "Feature", "properties": { "cell_id": "r13_c21", "mean_ndvi": -0.13529035450398827, "mean_lst": 31.500211657917237, "mean_ndbi": -0.195327198001784, "mean_dem": 0.0, "uhi_intensity": -7.5082108720663889, "risk_score": 7.3785756948005048, "sustainability_score": 92.621424305199497, "cluster_id": 0, "cluster": "Cluster 0: Coastal/Lowland Urban", "top_positive_driver": null, "top_positive_shap": 0.0, "top_negative_driver": "mean_lst", "top_negative_shap": -32.863002185061902, "explanation_text": "Low composite risk index — dominated by low LST (temperature) (-32.86)" }, "geometry": { "type": "Polygon", "coordinates": [ [ [ 72.99, 19.02 ], [ 72.99, 19.03 ], [ 72.980000000000103, 19.03 ], [ 72.980000000000103, 19.02 ], [ 72.99, 19.02 ] ] ] } },
{ "type": "Feature", "properties": { "cell_id": "r14_c0", "mean_ndvi": -0.14774150474747266, "mean_lst": 30.917669714073959, "mean_ndbi": -0.055375653919077089, "mean_dem": 0.0, "uhi_intensity": -8.0907528159096671, "risk_score": 10.276090709080169, "sustainability_score": 89.723909290919835, "cluster_id": 0, "cluster": "Cluster 0: Coastal/Lowland Urban", "top_positive_driver": "mean_ndbi", "top_positive_shap": 0.10671529191674095, "top_negative_driver": "mean_lst", "top_negative_shap": -34.140637623229104, "explanation_text": "Low composite risk index — dominated by high NDBI (built-up) (+0.11) and attenuated by low LST (temperature) (-34.14)" }, "geometry": { "type": "Polygon", "coordinates": [ [ [ 72.78, 19.03 ], [ 72.78, 19.04 ], [ 72.77, 19.04 ], [ 72.77, 19.03 ], [ 72.78, 19.03 ] ] ] } },
{ "type": "Feature", "properties": { "cell_id": "r14_c1", "mean_ndvi": -0.14916044423931371, "mean_lst": 31.157460379922533, "mean_ndbi": -0.058033774694205273, "mean_dem": 0.0, "uhi_intensity": -7.8509621500610933, "risk_score": 10.909258551109815, "sustainability_score": 89.090741448890185, "cluster_id": 0, "cluster": "Cluster 0: Coastal/Lowland Urban", "top_positive_driver": "mean_ndbi", "top_positive_shap": 0.039537661862321251, "top_negative_driver": "mean_lst", "top_negative_shap": -33.491412089807021, "explanation_text": "Low composite risk index — dominated by high NDBI (built-up) (+0.04) and attenuated by low LST (temperature) (-33.49)" }, "geometry": { "type": "Polygon", "coordinates": [ [ [ 72.79, 19.03 ], [ 72.79, 19.04 ], [ 72.78, 19.04 ], [ 72.78, 19.03 ], [ 72.79, 19.03 ] ] ] } },
{ "type": "Feature", "properties": { "cell_id": "r14_c2", "mean_ndvi": -0.14973913405131337, "mean_lst": 31.2245621527188, "mean_ndbi": -0.057441922073468564, "mean_dem": 0.0, "uhi_intensity": -7.7838603772648263, "risk_score": 11.129087610781674, "sustainability_score": 88.870912389218319, "cluster_id": 0, "cluster": "Cluster 0: Coastal/Lowland Urban", "top_positive_driver": "mean_ndbi", "top_positive_shap": 0.036151606131437593, "top_negative_driver": "mean_lst", "top_negative_shap": -33.301192429643507, "explanation_text": "Low composite risk index — dominated by high NDBI (built-up) (+0.04) and attenuated by low LST (temperature) (-33.30)" }, "geometry": { "type": "Polygon", "coordinates": [ [ [ 72.8, 19.03 ], [ 72.8, 19.04 ], [ 72.79, 19.04 ], [ 72.79, 19.03 ], [ 72.8, 19.03 ] ] ] } },
{ "type": "Feature", "properties": { "cell_id": "r14_c3", "mean_ndvi": -0.15122617475193226, "mean_lst": 31.14777644127216, "mean_ndbi": -0.063576799599152106, "mean_dem": 0.0, "uhi_intensity": -7.8606460887114658, "risk_score": 10.480764509420869, "sustainability_score": 89.519235490579135, "cluster_id": 0, "cluster": "Cluster 0: Coastal/Lowland Urban", "top_positive_driver": "mean_ndbi", "top_positive_shap": 0.049481244428045169, "top_negative_driver": "mean_lst", "top_negative_shap": -33.550055548173702, "explanation_text": "Low composite risk index — dominated by high NDBI (built-up) (+0.05) and attenuated by low LST (temperature) (-33.55)" }, "geometry": { "type": "Polygon", "coordinates": [ [ [ 72.81, 19.03 ], [ 72.81, 19.04 ], [ 72.8, 19.04 ], [ 72.8, 19.03 ], [ 72.81, 19.03 ] ] ] } },
{ "type": "Feature", "properties": { "cell_id": "r14_c4", "mean_ndvi": -0.13715162065566674, "mean_lst": 31.742158073446269, "mean_ndbi": -0.069949683970668849, "mean_dem": 0.0, "uhi_intensity": -7.2662644565373569, "risk_score": 13.413226518720275, "sustainability_score": 86.586773481279721, "cluster_id": 0, "cluster": "Cluster 0: Coastal/Lowland Urban", "top_positive_driver": null, "top_positive_shap": 0.0, "top_negative_driver": "mean_lst", "top_negative_shap": -31.453558303892493, "explanation_text": "Low composite risk index — dominated by low LST (temperature) (-31.45)" }, "geometry": { "type": "Polygon", "coordinates": [ [ [ 72.82, 19.03 ], [ 72.82, 19.04 ], [ 72.81, 19.04 ], [ 72.81, 19.03 ], [ 72.82, 19.03 ] ] ] } },
{ "type": "Feature", "properties": { "cell_id": "r14_c5", "mean_ndvi": -0.11843819151995853, "mean_lst": 31.886003653376036, "mean_ndbi": -0.066644218864885335, "mean_dem": 0.10699910841197662, "uhi_intensity": -7.1224188766075898, "risk_score": 15.510710097882752, "sustainability_score": 84.48928990211725, "cluster_id": 0, "cluster": "Cluster 0: Coastal/Lowland Urban", "top_positive_driver": null, "top_positive_shap": 0.0, "top_negative_driver": "mean_lst", "top_negative_shap": -31.256402778159323, "explanation_text": "Low composite risk index — dominated by low LST (temperature) (-31.26)" }, "geometry": { "type": "Polygon", "coordinates": [ [ [ 72.83, 19.03 ], [ 72.83, 19.04 ], [ 72.82, 19.04 ], [ 72.82, 19.03 ], [ 72.83, 19.03 ] ] ] } },
{ "type": "Feature", "properties": { "cell_id": "r14_c6", "mean_ndvi": -0.051941741609646895, "mean_lst": 34.511451998885427, "mean_ndbi": -0.057173190715301567, "mean_dem": 2.1264456855133878, "uhi_intensity": -4.4969705310981993, "risk_score": 30.472032756230959, "sustainability_score": 69.527967243769041, "cluster_id": 0, "cluster": "Cluster 0: Coastal/Lowland Urban", "top_positive_driver": null, "top_positive_shap": 0.0, "top_negative_driver": "mean_lst", "top_negative_shap": -13.14217357828162, "explanation_text": "Low composite risk index — dominated by low LST (temperature) (-13.14)" }, "geometry": { "type": "Polygon", "coordinates": [ [ [ 72.84, 19.03 ], [ 72.84, 19.04 ], [ 72.83, 19.04 ], [ 72.83, 19.03 ], [ 72.84, 19.03 ] ] ] } },
{ "type": "Feature", "properties": { "cell_id": "r14_c7", "mean_ndvi": 0.15578006477895737, "mean_lst": 41.588992350915653, "mean_ndbi": 0.00066452736498204647, "mean_dem": 9.458119716544779, "uhi_intensity": 2.5805698209320269, "risk_score": 74.439258945278866, "sustainability_score": 25.560741054721134, "cluster_id": 2, "cluster": "Cluster 2: Dense Urban Heat", "top_positive_driver": "mean_lst", "top_positive_shap": 19.815741405085348, "top_negative_driver": "mean_dem", "top_negative_shap": -1.214191779255599, "explanation_text": "High composite risk index — dominated by high LST (temperature) (+19.82) and attenuated by high DEM (elevation) (-1.21)" }, "geometry": { "type": "Polygon", "coordinates": [ [ [ 72.85, 19.03 ], [ 72.85, 19.04 ], [ 72.84, 19.04 ], [ 72.84, 19.03 ], [ 72.85, 19.03 ] ] ] } },
{ "type": "Feature", "properties": { "cell_id": "r14_c8", "mean_ndvi": 0.16677523548347645, "mean_lst": 43.376505284993939, "mean_ndbi": 0.0085252769072358993, "mean_dem": 8.1230664065281584, "uhi_intensity": 4.3680827550103132, "risk_score": 81.939496274174743, "sustainability_score": 18.060503725825257, "cluster_id": 2, "cluster": "Cluster 2: Dense Urban Heat", "top_positive_driver": "mean_lst", "top_positive_shap": 26.075696750294476, "top_negative_driver": "mean_dem", "top_negative_shap": -0.95308642964945056, "explanation_text": "High composite risk index — dominated by high LST (temperature) (+26.08) and attenuated by high DEM (elevation) (-0.95)" }, "geometry": { "type": "Polygon", "coordinates": [ [ [ 72.86, 19.03 ], [ 72.86, 19.04 ], [ 72.85, 19.04 ], [ 72.85, 19.03 ], [ 72.86, 19.03 ] ] ] } },
{ "type": "Feature", "properties": { "cell_id": "r14_c9", "mean_ndvi": 0.17471112070579531, "mean_lst": 42.870496842343819, "mean_ndbi": -0.017285512457635249, "mean_dem": 9.7289801080046789, "uhi_intensity": 3.8620743123601926, "risk_score": 79.715631156851856, "sustainability_score": 20.284368843148144, "cluster_id": 2, "cluster": "Cluster 2: Dense Urban Heat", "top_positive_driver": "mean_lst", "top_positive_shap": 24.517106285108365, "top_negative_driver": "mean_dem", "top_negative_shap": -0.96694149786076378, "explanation_text": "High composite risk index — dominated by high LST (temperature) (+24.52) and attenuated by high DEM (elevation) (-0.97)" }, "geometry": { "type": "Polygon", "coordinates": [ [ [ 72.87, 19.03 ], [ 72.87, 19.04 ], [ 72.86, 19.04 ], [ 72.86, 19.03 ], [ 72.87, 19.03 ] ] ] } },
{ "type": "Feature", "properties": { "cell_id": "r14_c10", "mean_ndvi": 0.10061452142858809, "mean_lst": 45.670112819243109, "mean_ndbi": 0.01812323061457238, "mean_dem": 3.0680315893498515, "uhi_intensity": 6.6616902892594823, "risk_score": 85.232081935372264, "sustainability_score": 14.767918064627736, "cluster_id": 2, "cluster": "Cluster 2: Dense Urban Heat", "top_positive_driver": "mean_lst", "top_positive_shap": 28.932730465535396, "top_negative_driver": "mean_dem", "top_negative_shap": -1.0692746597955789, "explanation_text": "High composite risk index — dominated by high LST (temperature) (+28.93) and attenuated by high DEM (elevation) (-1.07)" }, "geometry": { "type": "Polygon", "coordinates": [ [ [ 72.88, 19.03 ], [ 72.88, 19.04 ], [ 72.87, 19.04 ], [ 72.87, 19.03 ], [ 72.88, 19.03 ] ] ] } },
{ "type": "Feature", "properties": { "cell_id": "r14_c11", "mean_ndvi": 0.14193637409598928, "mean_lst": 43.589037626829253, "mean_ndbi": -0.019882062956492277, "mean_dem": 3.4309248752477979, "uhi_intensity": 4.5806150968456265, "risk_score": 79.394678153447714, "sustainability_score": 20.605321846552286, "cluster_id": 2, "cluster": "Cluster 2: Dense Urban Heat", "top_positive_driver": "mean_lst", "top_positive_shap": 27.398367657763465, "top_negative_driver": "mean_dem", "top_negative_shap": -1.0324987506340209, "explanation_text": "High composite risk index — dominated by high LST (temperature) (+27.40) and attenuated by high DEM (elevation) (-1.03)" }, "geometry": { "type": "Polygon", "coordinates": [ [ [ 72.89, 19.03 ], [ 72.89, 19.04 ], [ 72.88, 19.04 ], [ 72.88, 19.03 ], [ 72.89, 19.03 ] ] ] } },
{ "type": "Feature", "properties": { "cell_id": "r14_c12", "mean_ndvi": 0.22563121136590158, "mean_lst": 42.311220785594891, "mean_ndbi": -0.05473508635199633, "mean_dem": 13.961073213802567, "uhi_intensity": 3.3027982556112647, "risk_score": 80.220999206893353, "sustainability_score": 19.779000793106647, "cluster_id": 2, "cluster": "Cluster 2: Dense Urban Heat", "top_positive_driver": "mean_lst", "top_positive_shap": 21.774631709903382, "top_negative_driver": "mean_dem", "top_negative_shap": -0.94149246628766114, "explanation_text": "High composite risk index — dominated by high LST (temperature) (+21.77) and attenuated by high DEM (elevation) (-0.94)" }, "geometry": { "type": "Polygon", "coordinates": [ [ [ 72.9, 19.03 ], [ 72.9, 19.04 ], [ 72.89, 19.04 ], [ 72.89, 19.03 ], [ 72.9, 19.03 ] ] ] } },
{ "type": "Feature", "properties": { "cell_id": "r14_c13", "mean_ndvi": 0.22886151236480184, "mean_lst": 42.095899575294922, "mean_ndbi": -0.047956555679095493, "mean_dem": 50.165154730201301, "uhi_intensity": 3.0874770453112959, "risk_score": 81.430688032901543, "sustainability_score": 18.569311967098457, "cluster_id": 2, "cluster": "Cluster 2: Dense Urban Heat", "top_positive_driver": "mean_lst", "top_positive_shap": 22.023077652024821, "top_negative_driver": "mean_ndbi", "top_negative_shap": -0.24206568226689956, "explanation_text": "High composite risk index — dominated by high LST (temperature) (+22.02) and attenuated by low NDBI (built-up) (-0.24)" }, "geometry": { "type": "Polygon", "coordinates": [ [ [ 72.91, 19.03 ], [ 72.91, 19.04 ], [ 72.9, 19.04 ], [ 72.9, 19.03 ], [ 72.91, 19.03 ] ] ] } },
{ "type": "Feature", "properties": { "cell_id": "r14_c14", "mean_ndvi": 0.2321750967380545, "mean_lst": 39.953872698815921, "mean_ndbi": -0.057047234350027461, "mean_dem": 119.22531287917225, "uhi_intensity": 0.94545016883229493, "risk_score": 76.411943876516617, "sustainability_score": 23.588056123483383, "cluster_id": 1, "cluster": "Cluster 1: Green/Forested", "top_positive_driver": "mean_lst", "top_positive_shap": 17.342126952635954, "top_negative_driver": "mean_ndbi", "top_negative_shap": -0.31582855819064526, "explanation_text": "High composite risk index — dominated by high LST (temperature) (+17.34) and attenuated by low NDBI (built-up) (-0.32)" }, "geometry": { "type": "Polygon", "coordinates": [ [ [ 72.92, 19.03 ], [ 72.92, 19.04 ], [ 72.91, 19.04 ], [ 72.91, 19.03 ], [ 72.92, 19.03 ] ] ] } },
{ "type": "Feature", "properties": { "cell_id": "r14_c15", "mean_ndvi": 0.22633436242032703, "mean_lst": 40.164888185247968, "mean_ndbi": -0.072443488091228816, "mean_dem": 32.268793346530174, "uhi_intensity": 1.1564656552643413, "risk_score": 72.599881149850347, "sustainability_score": 27.400118850149653, "cluster_id": 2, "cluster": "Cluster 2: Dense Urban Heat", "top_positive_driver": "mean_lst", "top_positive_shap": 17.061764564692641, "top_negative_driver": "mean_ndbi", "top_negative_shap": -0.20661856035657597, "explanation_text": "High composite risk index — dominated by high LST (temperature) (+17.06) and attenuated by low NDBI (built-up) (-0.21)" }, "geometry": { "type": "Polygon", "coordinates": [ [ [ 72.93, 19.03 ], [ 72.93, 19.04 ], [ 72.92, 19.04 ], [ 72.92, 19.03 ], [ 72.93, 19.03 ] ] ] } },
{ "type": "Feature", "properties": { "cell_id": "r14_c16", "mean_ndvi": 0.22025221899538122, "mean_lst": 40.317892653596061, "mean_ndbi": -0.035201223103911654, "mean_dem": 55.876719976074959, "uhi_intensity": 1.3094701236124351, "risk_score": 75.196201178269064, "sustainability_score": 24.803798821730936, "cluster_id": 2, "cluster": "Cluster 2: Dense Urban Heat", "top_positive_driver": "mean_lst", "top_positive_shap": 18.113214324456326, "top_negative_driver": null, "top_negative_shap": 0.0, "explanation_text": "High composite risk index — dominated by high LST (temperature) (+18.11)" }, "geometry": { "type": "Polygon", "coordinates": [ [ [ 72.94, 19.03 ], [ 72.94, 19.04 ], [ 72.93, 19.04 ], [ 72.93, 19.03 ], [ 72.94, 19.03 ] ] ] } },
{ "type": "Feature", "properties": { "cell_id": "r14_c17", "mean_ndvi": 0.22237646971017372, "mean_lst": 41.287516108461418, "mean_ndbi": -0.030836468692933803, "mean_dem": 24.497409533032435, "uhi_intensity": 2.2790935784777915, "risk_score": 77.75281555252684, "sustainability_score": 22.24718444747316, "cluster_id": 2, "cluster": "Cluster 2: Dense Urban Heat", "top_positive_driver": "mean_lst", "top_positive_shap": 18.993636371144689, "top_negative_driver": "mean_dem", "top_negative_shap": -0.067435826577981778, "explanation_text": "High composite risk index — dominated by high LST (temperature) (+18.99) and attenuated by high DEM (elevation) (-0.07)" }, "geometry": { "type": "Polygon", "coordinates": [ [ [ 72.95, 19.03 ], [ 72.95, 19.04 ], [ 72.94, 19.04 ], [ 72.94, 19.03 ], [ 72.95, 19.03 ] ] ] } },
{ "type": "Feature", "properties": { "cell_id": "r14_c18", "mean_ndvi": 0.17423456272702686, "mean_lst": 36.432515718092468, "mean_ndbi": -0.12289697312614108, "mean_dem": 2.6799237893441821, "uhi_intensity": -2.5759068118911586, "risk_score": 51.964301147655235, "sustainability_score": 48.035698852344765, "cluster_id": 3, "cluster": "Cluster 3: Green/Forested", "top_positive_driver": "mean_ndvi", "top_positive_shap": 3.7081434173177277, "top_negative_driver": "mean_dem", "top_negative_shap": -2.597180448079464, "explanation_text": "Moderate composite risk index — dominated by low NDVI (vegetation) (+3.71) and attenuated by high DEM (elevation) (-2.60)" }, "geometry": { "type": "Polygon", "coordinates": [ [ [ 72.96, 19.03 ], [ 72.96, 19.04 ], [ 72.95, 19.04 ], [ 72.95, 19.03 ], [ 72.96, 19.03 ] ] ] } },
{ "type": "Feature", "properties": { "cell_id": "r14_c19", "mean_ndvi": -0.067227456590342918, "mean_lst": 31.377381516181728, "mean_ndbi": -0.14609068812468806, "mean_dem": 0.028376935017587906, "uhi_intensity": -7.631041013801898, "risk_score": 14.267049442049171, "sustainability_score": 85.732950557950829, "cluster_id": 0, "cluster": "Cluster 0: Coastal/Lowland Urban", "top_positive_driver": null, "top_positive_shap": 0.0, "top_negative_driver": "mean_lst", "top_negative_shap": -32.713489900011595, "explanation_text": "Low composite risk index — dominated by low LST (temperature) (-32.71)" }, "geometry": { "type": "Polygon", "coordinates": [ [ [ 72.97, 19.03 ], [ 72.97, 19.04 ], [ 72.96, 19.04 ], [ 72.96, 19.03 ], [ 72.97, 19.03 ] ] ] } },
{ "type": "Feature", "properties": { "cell_id": "r14_c20", "mean_ndvi": -0.12324040115818555, "mean_lst": 31.08423444257885, "mean_ndbi": -0.15713487349927399, "mean_dem": 0.0, "uhi_intensity": -7.9241880874047759, "risk_score": 8.4417141752051332, "sustainability_score": 91.558285824794865, "cluster_id": 0, "cluster": "Cluster 0: Coastal/Lowland Urban", "top_positive_driver": null, "top_positive_shap": 0.0, "top_negative_driver": "mean_lst", "top_negative_shap": -33.478219971317536, "explanation_text": "Low composite risk index — dominated by low LST (temperature) (-33.48)" }, "geometry": { "type": "Polygon", "coordinates": [ [ [ 72.980000000000103, 19.03 ], [ 72.980000000000103, 19.04 ], [ 72.97, 19.04 ], [ 72.97, 19.03 ], [ 72.980000000000103, 19.03 ] ] ] } },
{ "type": "Feature", "properties": { "cell_id": "r14_c21", "mean_ndvi": -0.13907548834344713, "mean_lst": 31.334632826535799, "mean_ndbi": -0.17805119961579802, "mean_dem": 0.0, "uhi_intensity": -7.6737897034478273, "risk_score": 7.2292336243491944, "sustainability_score": 92.770766375650808, "cluster_id": 0, "cluster": "Cluster 0: Coastal/Lowland Urban", "top_positive_driver": null, "top_positive_shap": 0.0, "top_negative_driver": "mean_lst", "top_negative_shap": -33.161060256211172, "explanation_text": "Low composite risk index — dominated by low LST (temperature) (-33.16)" }, "geometry": { "type": "Polygon", "coordinates": [ [ [ 72.99, 19.03 ], [ 72.99, 19.04 ], [ 72.980000000000103, 19.04 ], [ 72.980000000000103, 19.03 ], [ 72.99, 19.03 ] ] ] } },
{ "type": "Feature", "properties": { "cell_id": "r15_c0", "mean_ndvi": -0.15136857279095076, "mean_lst": 30.767610390864494, "mean_ndbi": -0.055742572825931529, "mean_dem": 0.0, "uhi_intensity": -8.2408121391191322, "risk_score": 9.446313957403401, "sustainability_score": 90.553686042596595, "cluster_id": 0, "cluster": "Cluster 0: Coastal/Lowland Urban", "top_positive_driver": "mean_ndbi", "top_positive_shap": 0.14438163858384737, "top_negative_driver": "mean_lst", "top_negative_shap": -34.55569780381186, "explanation_text": "Low composite risk index — dominated by high NDBI (built-up) (+0.14) and attenuated by low LST (temperature) (-34.56)" }, "geometry": { "type": "Polygon", "coordinates": [ [ [ 72.78, 19.04 ], [ 72.78, 19.05 ], [ 72.77, 19.05 ], [ 72.77, 19.04 ], [ 72.78, 19.04 ] ] ] } },
{ "type": "Feature", "properties": { "cell_id": "r15_c1", "mean_ndvi": -0.15437279683914903, "mean_lst": 30.926152296969544, "mean_ndbi": -0.061255287525682711, "mean_dem": 0.0, "uhi_intensity": -8.0822702330140821, "risk_score": 9.5467450988974214, "sustainability_score": 90.453254901102582, "cluster_id": 0, "cluster": "Cluster 0: Coastal/Lowland Urban", "top_positive_driver": "mean_ndbi", "top_positive_shap": 0.28154843587341011, "top_negative_driver": "mean_lst", "top_negative_shap": -34.573857364372749, "explanation_text": "Low composite risk index — dominated by high NDBI (built-up) (+0.28) and attenuated by low LST (temperature) (-34.57)" }, "geometry": { "type": "Polygon", "coordinates": [ [ [ 72.79, 19.04 ], [ 72.79, 19.05 ], [ 72.78, 19.05 ], [ 72.78, 19.04 ], [ 72.79, 19.04 ] ] ] } },
{ "type": "Feature", "properties": { "cell_id": "r15_c2", "mean_ndvi": -0.16089433876527773, "mean_lst": 30.728221026513804, "mean_ndbi": -0.07028184560458807, "mean_dem": 0.0, "uhi_intensity": -8.2802015034698222, "risk_score": 7.9563998325988834, "sustainability_score": 92.04360016740111, "cluster_id": 0, "cluster": "Cluster 0: Coastal/Lowland Urban", "top_positive_driver": "mean_ndbi", "top_positive_shap": 0.36188638573917076, "top_negative_driver": "mean_lst", "top_negative_shap": -35.009094841373823, "explanation_text": "Low composite risk index — dominated by high NDBI (built-up) (+0.36) and attenuated by low LST (temperature) (-35.01)" }, "geometry": { "type": "Polygon", "coordinates": [ [ [ 72.8, 19.04 ], [ 72.8, 19.05 ], [ 72.79, 19.05 ], [ 72.79, 19.04 ], [ 72.8, 19.04 ] ] ] } },
{ "type": "Feature", "properties": { "cell_id": "r15_c3", "mean_ndvi": -0.15402368049797471, "mean_lst": 30.885115575314547, "mean_ndbi": -0.063459102558703004, "mean_dem": 0.0, "uhi_intensity": -8.1233069546690793, "risk_score": 9.3338557984990853, "sustainability_score": 90.666144201500913, "cluster_id": 0, "cluster": "Cluster 0: Coastal/Lowland Urban", "top_positive_driver": "mean_ndbi", "top_positive_shap": 0.25623413383914001, "top_negative_driver": "mean_lst", "top_negative_shap": -34.63850078042119, "explanation_text": "Low composite risk index — dominated by high NDBI (built-up) (+0.26) and attenuated by low LST (temperature) (-34.64)" }, "geometry": { "type": "Polygon", "coordinates": [ [ [ 72.81, 19.04 ], [ 72.81, 19.05 ], [ 72.8, 19.05 ], [ 72.8, 19.04 ], [ 72.81, 19.04 ] ] ] } },
{ "type": "Feature", "properties": { "cell_id": "r15_c4", "mean_ndvi": -0.1163346423146211, "mean_lst": 32.083870078036206, "mean_ndbi": -0.068044048657134273, "mean_dem": 1.2426808151920059, "uhi_intensity": -6.9245524519474202, "risk_score": 16.36403175115958, "sustainability_score": 83.635968248840413, "cluster_id": 0, "cluster": "Cluster 0: Coastal/Lowland Urban", "top_positive_driver": null, "top_positive_shap": 0.0, "top_negative_driver": "mean_lst", "top_negative_shap": -29.548782346336356, "explanation_text": "Low composite risk index — dominated by low LST (temperature) (-29.55)" }, "geometry": { "type": "Polygon", "coordinates": [ [ [ 72.82, 19.04 ], [ 72.82, 19.05 ], [ 72.81, 19.05 ], [ 72.81, 19.04 ], [ 72.82, 19.04 ] ] ] } },
{ "type": "Feature", "properties": { "cell_id": "r15_c5", "mean_ndvi": 0.075939886296616355, "mean_lst": 38.894212564497941, "mean_ndbi": -0.035642287644126774, "mean_dem": 9.6742875859810038, "uhi_intensity": -0.11420996548568496, "risk_score": 57.155153955261227, "sustainability_score": 42.844846044738773, "cluster_id": 2, "cluster": "Cluster 2: Dense Urban Heat", "top_positive_driver": "mean_lst", "top_positive_shap": 12.968122347791839, "top_negative_driver": "mean_dem", "top_negative_shap": -2.147444285710812, "explanation_text": "Moderate composite risk index — dominated by high LST (temperature) (+12.97) and attenuated by high DEM (elevation) (-2.15)" }, "geometry": { "type": "Polygon", "coordinates": [ [ [ 72.83, 19.04 ], [ 72.83, 19.05 ], [ 72.82, 19.05 ], [ 72.82, 19.04 ], [ 72.83, 19.04 ] ] ] } },
{ "type": "Feature", "properties": { "cell_id": "r15_c6", "mean_ndvi": -0.034063249282665402, "mean_lst": 37.039440725423084, "mean_ndbi": -0.10355056738969141, "mean_dem": 1.7944852449119644, "uhi_intensity": -1.9689818045605421, "risk_score": 38.883030925386706, "sustainability_score": 61.116969074613294, "cluster_id": 0, "cluster": "Cluster 0: Coastal/Lowland Urban", "top_positive_driver": "mean_lst", "top_positive_shap": 5.1272720035740287, "top_negative_driver": "mean_ndvi", "top_negative_shap": -10.404460306043683, "explanation_text": "Low composite risk index — dominated by high LST (temperature) (+5.13) and attenuated by high NDVI (vegetation) (-10.40)" }, "geometry": { "type": "Polygon", "coordinates": [ [ [ 72.84, 19.04 ], [ 72.84, 19.05 ], [ 72.83, 19.05 ], [ 72.83, 19.04 ], [ 72.84, 19.04 ] ] ] } },
{ "type": "Feature", "properties": { "cell_id": "r15_c7", "mean_ndvi": 0.18958038441718725, "mean_lst": 41.580911889340648, "mean_ndbi": -0.055101643807957422, "mean_dem": 5.3613655263547617, "uhi_intensity": 2.5724893593570215, "risk_score": 74.484455922625017, "sustainability_score": 25.515544077374983, "cluster_id": 2, "cluster": "Cluster 2: Dense Urban Heat", "top_positive_driver": "mean_lst", "top_positive_shap": 19.424559972418518, "top_negative_driver": "mean_dem", "top_negative_shap": -1.2218281494127177, "explanation_text": "High composite risk index — dominated by high LST (temperature) (+19.42) and attenuated by high DEM (elevation) (-1.22)" }, "geometry": { "type": "Polygon", "coordinates": [ [ [ 72.85, 19.04 ], [ 72.85, 19.05 ], [ 72.84, 19.05 ], [ 72.84, 19.04 ], [ 72.85, 19.04 ] ] ] } },
{ "type": "Feature", "properties": { "cell_id": "r15_c8", "mean_ndvi": 0.11030096002461245, "mean_lst": 45.696149735358233, "mean_ndbi": 0.059050717476848966, "mean_dem": 5.598360725769008, "uhi_intensity": 6.6877272053746069, "risk_score": 87.906177969623798, "sustainability_score": 12.093822030376202, "cluster_id": 2, "cluster": "Cluster 2: Dense Urban Heat", "top_positive_driver": "mean_lst", "top_positive_shap": 30.870277067722107, "top_negative_driver": "mean_dem", "top_negative_shap": -0.73514278480859074, "explanation_text": "High composite risk index — dominated by high LST (temperature) (+30.87) and attenuated by high DEM (elevation) (-0.74)" }, "geometry": { "type": "Polygon", "coordinates": [ [ [ 72.86, 19.04 ], [ 72.86, 19.05 ], [ 72.85, 19.05 ], [ 72.85, 19.04 ], [ 72.86, 19.04 ] ] ] } },
{ "type": "Feature", "properties": { "cell_id": "r15_c9", "mean_ndvi": 0.16252938162542843, "mean_lst": 43.39262553884808, "mean_ndbi": -0.017307223186561804, "mean_dem": 9.461480188305794, "uhi_intensity": 4.3842030088644535, "risk_score": 80.628391793398563, "sustainability_score": 19.371608206601437, "cluster_id": 2, "cluster": "Cluster 2: Dense Urban Heat", "top_positive_driver": "mean_lst", "top_positive_shap": 25.973970126567593, "top_negative_driver": "mean_dem", "top_negative_shap": -0.94676436094859429, "explanation_text": "High composite risk index — dominated by high LST (temperature) (+25.97) and attenuated by high DEM (elevation) (-0.95)" }, "geometry": { "type": "Polygon", "coordinates": [ [ [ 72.87, 19.04 ], [ 72.87, 19.05 ], [ 72.86, 19.05 ], [ 72.86, 19.04 ], [ 72.87, 19.04 ] ] ] } },
{ "type": "Feature", "properties": { "cell_id": "r15_c10", "mean_ndvi": 0.14034730999287157, "mean_lst": 44.610907405233483, "mean_ndbi": -0.0005715400431011091, "mean_dem": 4.6356615636960044, "uhi_intensity": 5.6024848752498571, "risk_score": 83.782807745343447, "sustainability_score": 16.217192254656553, "cluster_id": 2, "cluster": "Cluster 2: Dense Urban Heat", "top_positive_driver": "mean_lst", "top_positive_shap": 27.773927251447837, "top_negative_driver": "mean_dem", "top_negative_shap": -0.99589840996471368, "explanation_text": "High composite risk index — dominated by high LST (temperature) (+27.77) and attenuated by high DEM (elevation) (-1.00)" }, "geometry": { "type": "Polygon", "coordinates": [ [ [ 72.88, 19.04 ], [ 72.88, 19.05 ], [ 72.87, 19.05 ], [ 72.87, 19.04 ], [ 72.88, 19.04 ] ] ] } },
{ "type": "Feature", "properties": { "cell_id": "r15_c11", "mean_ndvi": 0.18936186100753016, "mean_lst": 42.913180775425353, "mean_ndbi": -0.030416991884825946, "mean_dem": 4.2483830820975594, "uhi_intensity": 3.9047582454417267, "risk_score": 80.220435442846778, "sustainability_score": 19.779564557153222, "cluster_id": 2, "cluster": "Cluster 2: Dense Urban Heat", "top_positive_driver": "mean_lst", "top_positive_shap": 24.766403065476997, "top_negative_driver": "mean_dem", "top_negative_shap": -1.1047881054225372, "explanation_text": "High composite risk index — dominated by high LST (temperature) (+24.77) and attenuated by high DEM (elevation) (-1.10)" }, "geometry": { "type": "Polygon", "coordinates": [ [ [ 72.89, 19.04 ], [ 72.89, 19.05 ], [ 72.88, 19.05 ], [ 72.88, 19.04 ], [ 72.89, 19.04 ] ] ] } },
{ "type": "Feature", "properties": { "cell_id": "r15_c12", "mean_ndvi": 0.21314201138823854, "mean_lst": 43.349273626372899, "mean_ndbi": -0.0375121356353166, "mean_dem": 11.261247226818472, "uhi_intensity": 4.3408510963892724, "risk_score": 83.584007352858364, "sustainability_score": 16.415992647141636, "cluster_id": 2, "cluster": "Cluster 2: Dense Urban Heat", "top_positive_driver": "mean_lst", "top_positive_shap": 25.54453234339859, "top_negative_driver": "mean_dem", "top_negative_shap": -0.93530977020786077, "explanation_text": "High composite risk index — dominated by high LST (temperature) (+25.54) and attenuated by high DEM (elevation) (-0.94)" }, "geometry": { "type": "Polygon", "coordinates": [ [ [ 72.9, 19.04 ], [ 72.9, 19.05 ], [ 72.89, 19.05 ], [ 72.89, 19.04 ], [ 72.9, 19.04 ] ] ] } },
{ "type": "Feature", "properties": { "cell_id": "r15_c13", "mean_ndvi": 0.26164369302506696, "mean_lst": 40.763468277463829, "mean_ndbi": -0.073131659467816842, "mean_dem": 24.756290387348287, "uhi_intensity": 1.755045747480203, "risk_score": 77.123389041607098, "sustainability_score": 22.876610958392902, "cluster_id": 2, "cluster": "Cluster 2: Dense Urban Heat", "top_positive_driver": "mean_lst", "top_positive_shap": 17.732121093276234, "top_negative_driver": "mean_ndbi", "top_negative_shap": -0.2134901129873486, "explanation_text": "High composite risk index — dominated by high LST (temperature) (+17.73) and attenuated by low NDBI (built-up) (-0.21)" }, "geometry": { "type": "Polygon", "coordinates": [ [ [ 72.91, 19.04 ], [ 72.91, 19.05 ], [ 72.9, 19.05 ], [ 72.9, 19.04 ], [ 72.91, 19.04 ] ] ] } },
{ "type": "Feature", "properties": { "cell_id": "r15_c14", "mean_ndvi": 0.18938987516785677, "mean_lst": 41.95014090617331, "mean_ndbi": -0.054981407945007298, "mean_dem": 22.438360611851426, "uhi_intensity": 2.9417183761896837, "risk_score": 76.471450195080109, "sustainability_score": 23.528549804919891, "cluster_id": 2, "cluster": "Cluster 2: Dense Urban Heat", "top_positive_driver": "mean_lst", "top_positive_shap": 20.752353464862313, "top_negative_driver": "mean_dem", "top_negative_shap": -0.22665254415367006, "explanation_text": "High composite risk index — dominated by high LST (temperature) (+20.75) and attenuated by high DEM (elevation) (-0.23)" }, "geometry": { "type": "Polygon", "coordinates": [ [ [ 72.92, 19.04 ], [ 72.92, 19.05 ], [ 72.91, 19.05 ], [ 72.91, 19.04 ], [ 72.92, 19.04 ] ] ] } },
{ "type": "Feature", "properties": { "cell_id": "r15_c15", "mean_ndvi": 0.21444545050082967, "mean_lst": 42.186147799232359, "mean_ndbi": -0.064801643562477626, "mean_dem": 11.539752969689356, "uhi_intensity": 3.1777252692487323, "risk_score": 78.391003827412518, "sustainability_score": 21.608996172587482, "cluster_id": 2, "cluster": "Cluster 2: Dense Urban Heat", "top_positive_driver": "mean_lst", "top_positive_shap": 21.725156538367859, "top_negative_driver": "mean_dem", "top_negative_shap": -1.0587573406132833, "explanation_text": "High composite risk index — dominated by high LST (temperature) (+21.73) and attenuated by high DEM (elevation) (-1.06)" }, "geometry": { "type": "Polygon", "coordinates": [ [ [ 72.93, 19.04 ], [ 72.93, 19.05 ], [ 72.92, 19.05 ], [ 72.92, 19.04 ], [ 72.93, 19.04 ] ] ] } },
{ "type": "Feature", "properties": { "cell_id": "r15_c16", "mean_ndvi": 0.25658324461390819, "mean_lst": 40.8966984521348, "mean_ndbi": -0.10016255904021817, "mean_dem": 9.498393766446803, "uhi_intensity": 1.8882759221511733, "risk_score": 75.455575621263705, "sustainability_score": 24.544424378736295, "cluster_id": 2, "cluster": "Cluster 2: Dense Urban Heat", "top_positive_driver": "mean_lst", "top_positive_shap": 17.579889200239915, "top_negative_driver": "mean_dem", "top_negative_shap": -1.5806316628590844, "explanation_text": "High composite risk index — dominated by high LST (temperature) (+17.58) and attenuated by high DEM (elevation) (-1.58)" }, "geometry": { "type": "Polygon", "coordinates": [ [ [ 72.94, 19.04 ], [ 72.94, 19.05 ], [ 72.93, 19.05 ], [ 72.93, 19.04 ], [ 72.94, 19.04 ] ] ] } },
{ "type": "Feature", "properties": { "cell_id": "r15_c17", "mean_ndvi": 0.19358645184142886, "mean_lst": 41.038094375880391, "mean_ndbi": -0.060604137081304417, "mean_dem": 4.7738628208195175, "uhi_intensity": 2.0296718458967646, "risk_score": 72.600500011563298, "sustainability_score": 27.399499988436702, "cluster_id": 2, "cluster": "Cluster 2: Dense Urban Heat", "top_positive_driver": "mean_lst", "top_positive_shap": 18.144075351080666, "top_negative_driver": "mean_dem", "top_negative_shap": -1.478182531959086, "explanation_text": "High composite risk index — dominated by high LST (temperature) (+18.14) and attenuated by high DEM (elevation) (-1.48)" }, "geometry": { "type": "Polygon", "coordinates": [ [ [ 72.95, 19.04 ], [ 72.95, 19.05 ], [ 72.94, 19.05 ], [ 72.94, 19.04 ], [ 72.95, 19.04 ] ] ] } },
{ "type": "Feature", "properties": { "cell_id": "r15_c18", "mean_ndvi": 0.19646103691718966, "mean_lst": 36.550805275513689, "mean_ndbi": -0.14869489534677002, "mean_dem": 1.901058189004627, "uhi_intensity": -2.4576172544699375, "risk_score": 52.971959042808024, "sustainability_score": 47.028040957191976, "cluster_id": 3, "cluster": "Cluster 3: Green/Forested", "top_positive_driver": "mean_ndvi", "top_positive_shap": 4.3308534880036929, "top_negative_driver": "mean_dem", "top_negative_shap": -2.7855028402877342, "explanation_text": "Moderate composite risk index — dominated by low NDVI (vegetation) (+4.33) and attenuated by high DEM (elevation) (-2.79)" }, "geometry": { "type": "Polygon", "coordinates": [ [ [ 72.96, 19.04 ], [ 72.96, 19.05 ], [ 72.95, 19.05 ], [ 72.95, 19.04 ], [ 72.96, 19.04 ] ] ] } },
{ "type": "Feature", "properties": { "cell_id": "r15_c19", "mean_ndvi": -0.0043974802758142573, "mean_lst": 31.732279436836688, "mean_ndbi": -0.16543114517910751, "mean_dem": 0.44897930123144547, "uhi_intensity": -7.2761430931469384, "risk_score": 19.564724822814963, "sustainability_score": 80.435275177185034, "cluster_id": 0, "cluster": "Cluster 0: Coastal/Lowland Urban", "top_positive_driver": null, "top_positive_shap": 0.0, "top_negative_driver": "mean_lst", "top_negative_shap": -30.073877792146575, "explanation_text": "Low composite risk index — dominated by low LST (temperature) (-30.07)" }, "geometry": { "type": "Polygon", "coordinates": [ [ [ 72.97, 19.04 ], [ 72.97, 19.05 ], [ 72.96, 19.05 ], [ 72.96, 19.04 ], [ 72.97, 19.04 ] ] ] } },
{ "type": "Feature", "properties": { "cell_id": "r15_c20", "mean_ndvi": -0.11320406285951397, "mean_lst": 31.180906778688033, "mean_ndbi": -0.11932092737842996, "mean_dem": 0.0, "uhi_intensity": -7.8275157512955928, "risk_score": 11.161870277900467, "sustainability_score": 88.838129722099538, "cluster_id": 0, "cluster": "Cluster 0: Coastal/Lowland Urban", "top_positive_driver": null, "top_positive_shap": 0.0, "top_negative_driver": "mean_lst", "top_negative_shap": -33.119606604761508, "explanation_text": "Low composite risk index — dominated by low LST (temperature) (-33.12)" }, "geometry": { "type": "Polygon", "coordinates": [ [ [ 72.980000000000103, 19.04 ], [ 72.980000000000103, 19.05 ], [ 72.97, 19.05 ], [ 72.97, 19.04 ], [ 72.980000000000103, 19.04 ] ] ] } },
{ "type": "Feature", "properties": { "cell_id": "r15_c21", "mean_ndvi": -0.11295027131181636, "mean_lst": 31.35691008934003, "mean_ndbi": -0.14099764827331657, "mean_dem": 0.0, "uhi_intensity": -7.6515124406435966, "risk_score": 10.890055602717233, "sustainability_score": 89.10994439728276, "cluster_id": 0, "cluster": "Cluster 0: Coastal/Lowland Urban", "top_positive_driver": null, "top_positive_shap": 0.0, "top_negative_driver": "mean_lst", "top_negative_shap": -33.122099631229965, "explanation_text": "Low composite risk index — dominated by low LST (temperature) (-33.12)" }, "geometry": { "type": "Polygon", "coordinates": [ [ [ 72.99, 19.04 ], [ 72.99, 19.05 ], [ 72.980000000000103, 19.05 ], [ 72.980000000000103, 19.04 ], [ 72.99, 19.04 ] ] ] } },
{ "type": "Feature", "properties": { "cell_id": "r16_c0", "mean_ndvi": -0.15324044106642642, "mean_lst": 30.805191789885971, "mean_ndbi": -0.061879843328481003, "mean_dem": 0.0, "uhi_intensity": -8.2032307400976556, "risk_score": 9.1760877845988933, "sustainability_score": 90.823912215401108, "cluster_id": 0, "cluster": "Cluster 0: Coastal/Lowland Urban", "top_positive_driver": "mean_ndbi", "top_positive_shap": 0.28661658059700518, "top_negative_driver": "mean_lst", "top_negative_shap": -34.70941473424466, "explanation_text": "Low composite risk index — dominated by high NDBI (built-up) (+0.29) and attenuated by low LST (temperature) (-34.71)" }, "geometry": { "type": "Polygon", "coordinates": [ [ [ 72.78, 19.05 ], [ 72.78, 19.06 ], [ 72.77, 19.06 ], [ 72.77, 19.05 ], [ 72.78, 19.05 ] ] ] } },
{ "type": "Feature", "properties": { "cell_id": "r16_c1", "mean_ndvi": -0.15661665409311923, "mean_lst": 30.705413750325629, "mean_ndbi": -0.059982122642016807, "mean_dem": 0.0, "uhi_intensity": -8.303008779657997, "risk_score": 8.6409165846357503, "sustainability_score": 91.359083415364253, "cluster_id": 0, "cluster": "Cluster 0: Coastal/Lowland Urban", "top_positive_driver": "mean_ndbi", "top_positive_shap": 0.40756162368873872, "top_negative_driver": "mean_lst", "top_negative_shap": -35.013045116736095, "explanation_text": "Low composite risk index — dominated by high NDBI (built-up) (+0.41) and attenuated by low LST (temperature) (-35.01)" }, "geometry": { "type": "Polygon", "coordinates": [ [ [ 72.79, 19.05 ], [ 72.79, 19.06 ], [ 72.78, 19.06 ], [ 72.78, 19.05 ], [ 72.79, 19.05 ] ] ] } },
{ "type": "Feature", "properties": { "cell_id": "r16_c2", "mean_ndvi": -0.16670223642208873, "mean_lst": 30.664719864132145, "mean_ndbi": -0.072841700183319563, "mean_dem": 0.0, "uhi_intensity": -8.343702665851481, "risk_score": 7.1744755252192718, "sustainability_score": 92.825524474780735, "cluster_id": 0, "cluster": "Cluster 0: Coastal/Lowland Urban", "top_positive_driver": "mean_ndbi", "top_positive_shap": 0.36773206263824704, "top_negative_driver": "mean_lst", "top_negative_shap": -35.020397672951567, "explanation_text": "Low composite risk index — dominated by high NDBI (built-up) (+0.37) and attenuated by low LST (temperature) (-35.02)" }, "geometry": { "type": "Polygon", "coordinates": [ [ [ 72.8, 19.05 ], [ 72.8, 19.06 ], [ 72.79, 19.06 ], [ 72.79, 19.05 ], [ 72.8, 19.05 ] ] ] } },
{ "type": "Feature", "properties": { "cell_id": "r16_c3", "mean_ndvi": -0.16298828059315934, "mean_lst": 30.73028959334745, "mean_ndbi": -0.071070443242030851, "mean_dem": 0.0, "uhi_intensity": -8.278132936636176, "risk_score": 7.7691974385173568, "sustainability_score": 92.230802561482648, "cluster_id": 0, "cluster": "Cluster 0: Coastal/Lowland Urban", "top_positive_driver": "mean_ndbi", "top_positive_shap": 0.36399404960776338, "top_negative_driver": "mean_lst", "top_negative_shap": -35.009416413853479, "explanation_text": "Low composite risk index — dominated by high NDBI (built-up) (+0.36) and attenuated by low LST (temperature) (-35.01)" }, "geometry": { "type": "Polygon", "coordinates": [ [ [ 72.81, 19.05 ], [ 72.81, 19.06 ], [ 72.8, 19.06 ], [ 72.8, 19.05 ], [ 72.81, 19.05 ] ] ] } },
{ "type": "Feature", "properties": { "cell_id": "r16_c4", "mean_ndvi": -0.15453737627758027, "mean_lst": 31.115809978597063, "mean_ndbi": -0.092926857439490251, "mean_dem": 0.0, "uhi_intensity": -7.8926125513865628, "risk_score": 8.8677089308636798, "sustainability_score": 91.132291069136315, "cluster_id": 0, "cluster": "Cluster 0: Coastal/Lowland Urban", "top_positive_driver": "mean_ndbi", "top_positive_shap": 0.1758112174868221, "top_negative_driver": "mean_lst", "top_negative_shap": -34.03297293777824, "explanation_text": "Low composite risk index — dominated by high NDBI (built-up) (+0.18) and attenuated by low LST (temperature) (-34.03)" }, "geometry": { "type": "Polygon", "coordinates": [ [ [ 72.82, 19.05 ], [ 72.82, 19.06 ], [ 72.81, 19.06 ], [ 72.81, 19.05 ], [ 72.82, 19.05 ] ] ] } },
{ "type": "Feature", "properties": { "cell_id": "r16_c5", "mean_ndvi": 0.13227007028855409, "mean_lst": 39.491099088078194, "mean_ndbi": -0.038455200926961315, "mean_dem": 10.091830979496303, "uhi_intensity": 0.48267655809456755, "risk_score": 63.51603735503484, "sustainability_score": 36.48396264496516, "cluster_id": 2, "cluster": "Cluster 2: Dense Urban Heat", "top_positive_driver": "mean_lst", "top_positive_shap": 14.780243960463165, "top_negative_driver": "mean_dem", "top_negative_shap": -1.7743138914820209, "explanation_text": "Moderate composite risk index — dominated by high LST (temperature) (+14.78) and attenuated by high DEM (elevation) (-1.77)" }, "geometry": { "type": "Polygon", "coordinates": [ [ [ 72.83, 19.05 ], [ 72.83, 19.06 ], [ 72.82, 19.06 ], [ 72.82, 19.05 ], [ 72.83, 19.05 ] ] ] } },
{ "type": "Feature", "properties": { "cell_id": "r16_c6", "mean_ndvi": 0.13417879391259227, "mean_lst": 42.498252182546352, "mean_ndbi": -0.0035551666906483053, "mean_dem": 9.6886461178306966, "uhi_intensity": 3.4898296525627259, "risk_score": 75.849412758926334, "sustainability_score": 24.150587241073666, "cluster_id": 2, "cluster": "Cluster 2: Dense Urban Heat", "top_positive_driver": "mean_lst", "top_positive_shap": 22.786925182143296, "top_negative_driver": "mean_dem", "top_negative_shap": -1.0868951418770736, "explanation_text": "High composite risk index — dominated by high LST (temperature) (+22.79) and attenuated by high DEM (elevation) (-1.09)" }, "geometry": { "type": "Polygon", "coordinates": [ [ [ 72.84, 19.05 ], [ 72.84, 19.06 ], [ 72.83, 19.06 ], [ 72.83, 19.05 ], [ 72.84, 19.05 ] ] ] } },
{ "type": "Feature", "properties": { "cell_id": "r16_c7", "mean_ndvi": 0.14253747934878253, "mean_lst": 41.692759644053183, "mean_ndbi": -0.024381325345626176, "mean_dem": 5.6284349579602333, "uhi_intensity": 2.6843371140695567, "risk_score": 72.575883169385534, "sustainability_score": 27.424116830614466, "cluster_id": 2, "cluster": "Cluster 2: Dense Urban Heat", "top_positive_driver": "mean_lst", "top_positive_shap": 19.820552231180564, "top_negative_driver": "mean_dem", "top_negative_shap": -1.2385752489605135, "explanation_text": "High composite risk index — dominated by high LST (temperature) (+19.82) and attenuated by high DEM (elevation) (-1.24)" }, "geometry": { "type": "Polygon", "coordinates": [ [ [ 72.85, 19.05 ], [ 72.85, 19.06 ], [ 72.84, 19.06 ], [ 72.84, 19.05 ], [ 72.85, 19.05 ] ] ] } },
{ "type": "Feature", "properties": { "cell_id": "r16_c8", "mean_ndvi": 0.19736465639684334, "mean_lst": 38.557518239411721, "mean_ndbi": -0.11691332512692522, "mean_dem": 4.3015015836124668, "uhi_intensity": -0.45090429057190562, "risk_score": 61.640007584034215, "sustainability_score": 38.359992415965785, "cluster_id": 3, "cluster": "Cluster 3: Green/Forested", "top_positive_driver": "mean_lst", "top_positive_shap": 10.427110405781855, "top_negative_driver": "mean_dem", "top_negative_shap": -2.3686954134216132, "explanation_text": "Moderate composite risk index — dominated by high LST (temperature) (+10.43) and attenuated by high DEM (elevation) (-2.37)" }, "geometry": { "type": "Polygon", "coordinates": [ [ [ 72.86, 19.05 ], [ 72.86, 19.06 ], [ 72.85, 19.06 ], [ 72.85, 19.05 ], [ 72.86, 19.05 ] ] ] } },
{ "type": "Feature", "properties": { "cell_id": "r16_c9", "mean_ndvi": 0.12722739653640217, "mean_lst": 41.659346141443208, "mean_ndbi": -0.046612939399511499, "mean_dem": 3.2465230208348239, "uhi_intensity": 2.6509236114595822, "risk_score": 70.241180971254522, "sustainability_score": 29.758819028745478, "cluster_id": 2, "cluster": "Cluster 2: Dense Urban Heat", "top_positive_driver": "mean_lst", "top_positive_shap": 20.207337504344874, "top_negative_driver": "mean_dem", "top_negative_shap": -1.3486159533058175, "explanation_text": "High composite risk index — dominated by high LST (temperature) (+20.21) and attenuated by high DEM (elevation) (-1.35)" }, "geometry": { "type": "Polygon", "coordinates": [ [ [ 72.87, 19.05 ], [ 72.87, 19.06 ], [ 72.86, 19.06 ], [ 72.86, 19.05 ], [ 72.87, 19.05 ] ] ] } },
{ "type": "Feature", "properties": { "cell_id": "r16_c10", "mean_ndvi": 0.18727129972644765, "mean_lst": 42.632817915509882, "mean_ndbi": -0.022540990262166393, "mean_dem": 7.5125537550195336, "uhi_intensity": 3.6243953855262561, "risk_score": 79.523677463423397, "sustainability_score": 20.476322536576603, "cluster_id": 2, "cluster": "Cluster 2: Dense Urban Heat", "top_positive_driver": "mean_lst", "top_positive_shap": 22.470707325991491, "top_negative_driver": "mean_dem", "top_negative_shap": -1.080918030822561, "explanation_text": "High composite risk index — dominated by high LST (temperature) (+22.47) and attenuated by high DEM (elevation) (-1.08)" }, "geometry": { "type": "Polygon", "coordinates": [ [ [ 72.88, 19.05 ], [ 72.88, 19.06 ], [ 72.87, 19.06 ], [ 72.87, 19.05 ], [ 72.88, 19.05 ] ] ] } },
{ "type": "Feature", "properties": { "cell_id": "r16_c11", "mean_ndvi": 0.16937589015427806, "mean_lst": 43.129236342651971, "mean_ndbi": -0.025209845957605986, "mean_dem": 7.2100286247312084, "uhi_intensity": 4.1208138126683451, "risk_score": 79.791426403856349, "sustainability_score": 20.208573596143651, "cluster_id": 2, "cluster": "Cluster 2: Dense Urban Heat", "top_positive_driver": "mean_lst", "top_positive_shap": 25.944743059353492, "top_negative_driver": "mean_dem", "top_negative_shap": -0.95738096631670144, "explanation_text": "High composite risk index — dominated by high LST (temperature) (+25.94) and attenuated by high DEM (elevation) (-0.96)" }, "geometry": { "type": "Polygon", "coordinates": [ [ [ 72.89, 19.05 ], [ 72.89, 19.06 ], [ 72.88, 19.06 ], [ 72.88, 19.05 ], [ 72.89, 19.05 ] ] ] } },
{ "type": "Feature", "properties": { "cell_id": "r16_c12", "mean_ndvi": 0.17926083846563101, "mean_lst": 41.339865064685014, "mean_ndbi": -0.044587977925595976, "mean_dem": 12.2348075739969, "uhi_intensity": 2.3314425347013881, "risk_score": 73.550127082030187, "sustainability_score": 26.449872917969813, "cluster_id": 2, "cluster": "Cluster 2: Dense Urban Heat", "top_positive_driver": "mean_lst", "top_positive_shap": 19.437313920771849, "top_negative_driver": "mean_dem", "top_negative_shap": -1.1430083518588359, "explanation_text": "High composite risk index — dominated by high LST (temperature) (+19.44) and attenuated by high DEM (elevation) (-1.14)" }, "geometry": { "type": "Polygon", "coordinates": [ [ [ 72.9, 19.05 ], [ 72.9, 19.06 ], [ 72.89, 19.06 ], [ 72.89, 19.05 ], [ 72.9, 19.05 ] ] ] } },
{ "type": "Feature", "properties": { "cell_id": "r16_c13", "mean_ndvi": 0.16667959967248744, "mean_lst": 42.155493449606716, "mean_ndbi": -0.031224420271948987, "mean_dem": 11.127546312119796, "uhi_intensity": 3.1470709196230899, "risk_score": 76.012721726725076, "sustainability_score": 23.987278273274924, "cluster_id": 2, "cluster": "Cluster 2: Dense Urban Heat", "top_positive_driver": "mean_lst", "top_positive_shap": 22.094138744329921, "top_negative_driver": "mean_dem", "top_negative_shap": -1.0378353524010764, "explanation_text": "High composite risk index — dominated by high LST (temperature) (+22.09) and attenuated by high DEM (elevation) (-1.04)" }, "geometry": { "type": "Polygon", "coordinates": [ [ [ 72.91, 19.05 ], [ 72.91, 19.06 ], [ 72.9, 19.06 ], [ 72.9, 19.05 ], [ 72.91, 19.05 ] ] ] } },
{ "type": "Feature", "properties": { "cell_id": "r16_c14", "mean_ndvi": 0.12410942992518278, "mean_lst": 45.285829391966701, "mean_ndbi": 0.015395902554779139, "mean_dem": 8.7790420798988578, "uhi_intensity": 6.2774068619830743, "risk_score": 85.781705443431264, "sustainability_score": 14.218294556568736, "cluster_id": 2, "cluster": "Cluster 2: Dense Urban Heat", "top_positive_driver": "mean_lst", "top_positive_shap": 28.205981110214054, "top_negative_driver": "mean_dem", "top_negative_shap": -0.88545844888818859, "explanation_text": "High composite risk index — dominated by high LST (temperature) (+28.21) and attenuated by high DEM (elevation) (-0.89)" }, "geometry": { "type": "Polygon", "coordinates": [ [ [ 72.92, 19.05 ], [ 72.92, 19.06 ], [ 72.91, 19.06 ], [ 72.91, 19.05 ], [ 72.92, 19.05 ] ] ] } },
{ "type": "Feature", "properties": { "cell_id": "r16_c15", "mean_ndvi": 0.084695391360527048, "mean_lst": 46.129596232884403, "mean_ndbi": 0.017609909421120579, "mean_dem": 5.4761546699478352, "uhi_intensity": 7.1211737029007764, "risk_score": 85.719527812863078, "sustainability_score": 14.280472187136922, "cluster_id": 2, "cluster": "Cluster 2: Dense Urban Heat", "top_positive_driver": "mean_lst", "top_positive_shap": 29.280318675167059, "top_negative_driver": "mean_dem", "top_negative_shap": -0.92044086917079515, "explanation_text": "High composite risk index — dominated by high LST (temperature) (+29.28) and attenuated by high DEM (elevation) (-0.92)" }, "geometry": { "type": "Polygon", "coordinates": [ [ [ 72.93, 19.05 ], [ 72.93, 19.06 ], [ 72.92, 19.06 ], [ 72.92, 19.05 ], [ 72.93, 19.05 ] ] ] } },
{ "type": "Feature", "properties": { "cell_id": "r16_c16", "mean_ndvi": 0.068134268787302027, "mean_lst": 46.290699401230917, "mean_ndbi": 0.017138457017208081, "mean_dem": 3.3190048277531772, "uhi_intensity": 7.2822768712472907, "risk_score": 84.913592983785975, "sustainability_score": 15.086407016214025, "cluster_id": 2, "cluster": "Cluster 2: Dense Urban Heat", "top_positive_driver": "mean_lst", "top_positive_shap": 29.439107646238224, "top_negative_driver": "mean_dem", "top_negative_shap": -1.0841306050608062, "explanation_text": "High composite risk index — dominated by high LST (temperature) (+29.44) and attenuated by high DEM (elevation) (-1.08)" }, "geometry": { "type": "Polygon", "coordinates": [ [ [ 72.94, 19.05 ], [ 72.94, 19.06 ], [ 72.93, 19.06 ], [ 72.93, 19.05 ], [ 72.94, 19.05 ] ] ] } },
{ "type": "Feature", "properties": { "cell_id": "r16_c17", "mean_ndvi": 0.1912605617526921, "mean_lst": 38.144855975364514, "mean_ndbi": -0.16775680273213625, "mean_dem": 1.8540313760339104, "uhi_intensity": -0.86356655461911203, "risk_score": 57.445891269500237, "sustainability_score": 42.554108730499763, "cluster_id": 3, "cluster": "Cluster 3: Green/Forested", "top_positive_driver": "mean_lst", "top_positive_shap": 7.9581073969231859, "top_negative_driver": "mean_dem", "top_negative_shap": -2.7256268065034117, "explanation_text": "Moderate composite risk index — dominated by high LST (temperature) (+7.96) and attenuated by high DEM (elevation) (-2.73)" }, "geometry": { "type": "Polygon", "coordinates": [ [ [ 72.95, 19.05 ], [ 72.95, 19.06 ], [ 72.94, 19.06 ], [ 72.94, 19.05 ], [ 72.95, 19.05 ] ] ] } },
{ "type": "Feature", "properties": { "cell_id": "r16_c18", "mean_ndvi": 0.15093804887773649, "mean_lst": 38.158994423968828, "mean_ndbi": -0.12075020993549668, "mean_dem": 1.8502528963466776, "uhi_intensity": -0.84942810601479835, "risk_score": 56.38573964935172, "sustainability_score": 43.61426035064828, "cluster_id": 3, "cluster": "Cluster 3: Green/Forested", "top_positive_driver": "mean_lst", "top_positive_shap": 7.9723738894303713, "top_negative_driver": "mean_dem", "top_negative_shap": -2.6840767484621271, "explanation_text": "Moderate composite risk index — dominated by high LST (temperature) (+7.97) and attenuated by high DEM (elevation) (-2.68)" }, "geometry": { "type": "Polygon", "coordinates": [ [ [ 72.96, 19.05 ], [ 72.96, 19.06 ], [ 72.95, 19.06 ], [ 72.95, 19.05 ], [ 72.96, 19.05 ] ] ] } },
{ "type": "Feature", "properties": { "cell_id": "r16_c19", "mean_ndvi": -0.035767786482243012, "mean_lst": 33.316693550177469, "mean_ndbi": -0.15642607676680509, "mean_dem": 1.0441333542203703, "uhi_intensity": -5.6917289798061574, "risk_score": 23.205711496028027, "sustainability_score": 76.79428850397197, "cluster_id": 0, "cluster": "Cluster 0: Coastal/Lowland Urban", "top_positive_driver": null, "top_positive_shap": 0.0, "top_negative_driver": "mean_lst", "top_negative_shap": -20.060094857994802, "explanation_text": "Low composite risk index — dominated by low LST (temperature) (-20.06)" }, "geometry": { "type": "Polygon", "coordinates": [ [ [ 72.97, 19.05 ], [ 72.97, 19.06 ], [ 72.96, 19.06 ], [ 72.96, 19.05 ], [ 72.97, 19.05 ] ] ] } },
{ "type": "Feature", "properties": { "cell_id": "r16_c20", "mean_ndvi": -0.11598008812514571, "mean_lst": 31.38554324944181, "mean_ndbi": -0.11916489997411886, "mean_dem": 0.0030248223415315027, "uhi_intensity": -7.6228792805418166, "risk_score": 11.684665369749291, "sustainability_score": 88.315334630250703, "cluster_id": 0, "cluster": "Cluster 0: Coastal/Lowland Urban", "top_positive_driver": null, "top_positive_shap": 0.0, "top_negative_driver": "mean_lst", "top_negative_shap": -33.033007171995969, "explanation_text": "Low composite risk index — dominated by low LST (temperature) (-33.03)" }, "geometry": { "type": "Polygon", "coordinates": [ [ [ 72.980000000000103, 19.05 ], [ 72.980000000000103, 19.06 ], [ 72.97, 19.06 ], [ 72.97, 19.05 ], [ 72.980000000000103, 19.05 ] ] ] } },
{ "type": "Feature", "properties": { "cell_id": "r16_c21", "mean_ndvi": -0.073675155075854343, "mean_lst": 32.374668025455421, "mean_ndbi": -0.13681548450329128, "mean_dem": 0.0, "uhi_intensity": -6.6337545045282056, "risk_score": 17.719076634695533, "sustainability_score": 82.28092336530446, "cluster_id": 0, "cluster": "Cluster 0: Coastal/Lowland Urban", "top_positive_driver": null, "top_positive_shap": 0.0, "top_negative_driver": "mean_lst", "top_negative_shap": -28.495152348027442, "explanation_text": "Low composite risk index — dominated by low LST (temperature) (-28.50)" }, "geometry": { "type": "Polygon", "coordinates": [ [ [ 72.99, 19.05 ], [ 72.99, 19.06 ], [ 72.980000000000103, 19.06 ], [ 72.980000000000103, 19.05 ], [ 72.99, 19.05 ] ] ] } },
{ "type": "Feature", "properties": { "cell_id": "r17_c0", "mean_ndvi": -0.163399787672591, "mean_lst": 31.026085506460969, "mean_ndbi": -0.069085782915629654, "mean_dem": 0.0, "uhi_intensity": -7.9823370235226569, "risk_score": 8.8764238539287437, "sustainability_score": 91.123576146071258, "cluster_id": 0, "cluster": "Cluster 0: Coastal/Lowland Urban", "top_positive_driver": "mean_ndbi", "top_positive_shap": 0.33535398931019378, "top_negative_driver": "mean_lst", "top_negative_shap": -34.382393066613503, "explanation_text": "Low composite risk index — dominated by high NDBI (built-up) (+0.34) and attenuated by low LST (temperature) (-34.38)" }, "geometry": { "type": "Polygon", "coordinates": [ [ [ 72.78, 19.06 ], [ 72.78, 19.07 ], [ 72.77, 19.07 ], [ 72.77, 19.06 ], [ 72.78, 19.06 ] ] ] } },
{ "type": "Feature", "properties": { "cell_id": "r17_c1", "mean_ndvi": -0.15871966633854828, "mean_lst": 30.685467270385566, "mean_ndbi": -0.061327910462034133, "mean_dem": 0.0, "uhi_intensity": -8.3229552595980607, "risk_score": 8.3508930519533173, "sustainability_score": 91.649106948046679, "cluster_id": 0, "cluster": "Cluster 0: Coastal/Lowland Urban", "top_positive_driver": "mean_ndbi", "top_positive_shap": 0.40817031647380364, "top_negative_driver": "mean_lst", "top_negative_shap": -35.00880581560898, "explanation_text": "Low composite risk index — dominated by high NDBI (built-up) (+0.41) and attenuated by low LST (temperature) (-35.01)" }, "geometry": { "type": "Polygon", "coordinates": [ [ [ 72.79, 19.06 ], [ 72.79, 19.07 ], [ 72.78, 19.07 ], [ 72.78, 19.06 ], [ 72.79, 19.06 ] ] ] } },
{ "type": "Feature", "properties": { "cell_id": "r17_c2", "mean_ndvi": -0.16434104195467042, "mean_lst": 30.752095493480581, "mean_ndbi": -0.07014999850501015, "mean_dem": 0.0, "uhi_intensity": -8.2563270365030448, "risk_score": 7.7818672672951106, "sustainability_score": 92.218132732704888, "cluster_id": 0, "cluster": "Cluster 0: Coastal/Lowland Urban", "top_positive_driver": "mean_ndbi", "top_positive_shap": 0.36621293094353946, "top_negative_driver": "mean_lst", "top_negative_shap": -35.014410831588435, "explanation_text": "Low composite risk index — dominated by high NDBI (built-up) (+0.37) and attenuated by low LST (temperature) (-35.01)" }, "geometry": { "type": "Polygon", "coordinates": [ [ [ 72.8, 19.06 ], [ 72.8, 19.07 ], [ 72.79, 19.07 ], [ 72.79, 19.06 ], [ 72.8, 19.06 ] ] ] } },
{ "type": "Feature", "properties": { "cell_id": "r17_c3", "mean_ndvi": -0.16911483865871654, "mean_lst": 30.782866029025801, "mean_ndbi": -0.077357850474596507, "mean_dem": 0.0, "uhi_intensity": -8.2255565009578255, "risk_score": 7.2186401862895861, "sustainability_score": 92.781359813710409, "cluster_id": 0, "cluster": "Cluster 0: Coastal/Lowland Urban", "top_positive_driver": "mean_ndbi", "top_positive_shap": 0.36628741310190222, "top_negative_driver": "mean_lst", "top_negative_shap": -34.937062449245275, "explanation_text": "Low composite risk index — dominated by high NDBI (built-up) (+0.37) and attenuated by low LST (temperature) (-34.94)" }, "geometry": { "type": "Polygon", "coordinates": [ [ [ 72.81, 19.06 ], [ 72.81, 19.07 ], [ 72.8, 19.07 ], [ 72.8, 19.06 ], [ 72.81, 19.06 ] ] ] } },
{ "type": "Feature", "properties": { "cell_id": "r17_c4", "mean_ndvi": -0.14694097355512067, "mean_lst": 31.276411268166665, "mean_ndbi": -0.095839313715047558, "mean_dem": 0.0, "uhi_intensity": -7.732011261816961, "risk_score": 9.9015290048712608, "sustainability_score": 90.098470995128736, "cluster_id": 0, "cluster": "Cluster 0: Coastal/Lowland Urban", "top_positive_driver": null, "top_positive_shap": 0.0, "top_negative_driver": "mean_lst", "top_negative_shap": -33.23817413448139, "explanation_text": "Low composite risk index — dominated by low LST (temperature) (-33.24)" }, "geometry": { "type": "Polygon", "coordinates": [ [ [ 72.82, 19.06 ], [ 72.82, 19.07 ], [ 72.81, 19.07 ], [ 72.81, 19.06 ], [ 72.82, 19.06 ] ] ] } },
{ "type": "Feature", "properties": { "cell_id": "r17_c5", "mean_ndvi": 0.1722643447562805, "mean_lst": 38.159944709140042, "mean_ndbi": -0.080904261889161153, "mean_dem": 17.237237151695748, "uhi_intensity": -0.84847782084358414, "risk_score": 60.332230202850269, "sustainability_score": 39.667769797149731, "cluster_id": 2, "cluster": "Cluster 2: Dense Urban Heat", "top_positive_driver": "mean_lst", "top_positive_shap": 8.2025308663501306, "top_negative_driver": "mean_dem", "top_negative_shap": -1.3237335842773359, "explanation_text": "Moderate composite risk index — dominated by high LST (temperature) (+8.20) and attenuated by high DEM (elevation) (-1.32)" }, "geometry": { "type": "Polygon", "coordinates": [ [ [ 72.83, 19.06 ], [ 72.83, 19.07 ], [ 72.82, 19.07 ], [ 72.82, 19.06 ], [ 72.83, 19.06 ] ] ] } },
{ "type": "Feature", "properties": { "cell_id": "r17_c6", "mean_ndvi": 0.14925739497631788, "mean_lst": 40.799571766741749, "mean_ndbi": -0.012237840493087931, "mean_dem": 12.78976852010071, "uhi_intensity": 1.7911492367581232, "risk_score": 70.708020644723334, "sustainability_score": 29.291979355276666, "cluster_id": 2, "cluster": "Cluster 2: Dense Urban Heat", "top_positive_driver": "mean_lst", "top_positive_shap": 18.16434408115672, "top_negative_driver": "mean_dem", "top_negative_shap": -1.3034177892557008, "explanation_text": "High composite risk index — dominated by high LST (temperature) (+18.16) and attenuated by high DEM (elevation) (-1.30)" }, "geometry": { "type": "Polygon", "coordinates": [ [ [ 72.84, 19.06 ], [ 72.84, 19.07 ], [ 72.83, 19.07 ], [ 72.83, 19.06 ], [ 72.84, 19.06 ] ] ] } },
{ "type": "Feature", "properties": { "cell_id": "r17_c7", "mean_ndvi": 0.15594753797060656, "mean_lst": 43.967997600247173, "mean_ndbi": 0.013886755799872034, "mean_dem": 5.8939777154966251, "uhi_intensity": 4.959575070263547, "risk_score": 83.353908271209733, "sustainability_score": 16.646091728790267, "cluster_id": 2, "cluster": "Cluster 2: Dense Urban Heat", "top_positive_driver": "mean_lst", "top_positive_shap": 27.449988720687884, "top_negative_driver": "mean_dem", "top_negative_shap": -0.89602763549077613, "explanation_text": "High composite risk index — dominated by high LST (temperature) (+27.45) and attenuated by high DEM (elevation) (-0.90)" }, "geometry": { "type": "Polygon", "coordinates": [ [ [ 72.85, 19.06 ], [ 72.85, 19.07 ], [ 72.84, 19.07 ], [ 72.84, 19.06 ], [ 72.85, 19.06 ] ] ] } },
{ "type": "Feature", "properties": { "cell_id": "r17_c8", "mean_ndvi": 0.15216441624418939, "mean_lst": 42.664273090353625, "mean_ndbi": -0.0096881214873141587, "mean_dem": 4.1454701847927682, "uhi_intensity": 3.6558505603699984, "risk_score": 77.344863129033968, "sustainability_score": 22.655136870966032, "cluster_id": 2, "cluster": "Cluster 2: Dense Urban Heat", "top_positive_driver": "mean_lst", "top_positive_shap": 22.959960064038416, "top_negative_driver": "mean_dem", "top_negative_shap": -1.1579444221866151, "explanation_text": "High composite risk index — dominated by high LST (temperature) (+22.96) and attenuated by high DEM (elevation) (-1.16)" }, "geometry": { "type": "Polygon", "coordinates": [ [ [ 72.86, 19.06 ], [ 72.86, 19.07 ], [ 72.85, 19.07 ], [ 72.85, 19.06 ], [ 72.86, 19.06 ] ] ] } },
{ "type": "Feature", "properties": { "cell_id": "r17_c9", "mean_ndvi": 0.10142192263670989, "mean_lst": 43.713323571240053, "mean_ndbi": 0.016906962832622861, "mean_dem": 5.8261672021327575, "uhi_intensity": 4.7049010412564272, "risk_score": 78.374888842124406, "sustainability_score": 21.625111157875594, "cluster_id": 2, "cluster": "Cluster 2: Dense Urban Heat", "top_positive_driver": "mean_lst", "top_positive_shap": 28.231808218705233, "top_negative_driver": "mean_dem", "top_negative_shap": -0.9474791721848258, "explanation_text": "High composite risk index — dominated by high LST (temperature) (+28.23) and attenuated by high DEM (elevation) (-0.95)" }, "geometry": { "type": "Polygon", "coordinates": [ [ [ 72.87, 19.06 ], [ 72.87, 19.07 ], [ 72.86, 19.07 ], [ 72.86, 19.06 ], [ 72.87, 19.06 ] ] ] } },
{ "type": "Feature", "properties": { "cell_id": "r17_c10", "mean_ndvi": 0.10259927162185786, "mean_lst": 43.471561887029139, "mean_ndbi": 0.011030468088172046, "mean_dem": 7.1819572126721605, "uhi_intensity": 4.4631393570455131, "risk_score": 77.408273710703952, "sustainability_score": 22.591726289296048, "cluster_id": 2, "cluster": "Cluster 2: Dense Urban Heat", "top_positive_driver": "mean_lst", "top_positive_shap": 27.79076025822441, "top_negative_driver": "mean_dem", "top_negative_shap": -0.95901723254022564, "explanation_text": "High composite risk index — dominated by high LST (temperature) (+27.79) and attenuated by high DEM (elevation) (-0.96)" }, "geometry": { "type": "Polygon", "coordinates": [ [ [ 72.88, 19.06 ], [ 72.88, 19.07 ], [ 72.87, 19.07 ], [ 72.87, 19.06 ], [ 72.88, 19.06 ] ] ] } },
{ "type": "Feature", "properties": { "cell_id": "r17_c11", "mean_ndvi": 0.15631061590791212, "mean_lst": 42.458446313003712, "mean_ndbi": -0.015171194588883791, "mean_dem": 6.1529068972588687, "uhi_intensity": 3.4500237830200859, "risk_score": 76.77749013750288, "sustainability_score": 23.22250986249712, "cluster_id": 2, "cluster": "Cluster 2: Dense Urban Heat", "top_positive_driver": "mean_lst", "top_positive_shap": 22.454856613203258, "top_negative_driver": "mean_dem", "top_negative_shap": -1.1018669854974179, "explanation_text": "High composite risk index — dominated by high LST (temperature) (+22.45) and attenuated by high DEM (elevation) (-1.10)" }, "geometry": { "type": "Polygon", "coordinates": [ [ [ 72.89, 19.06 ], [ 72.89, 19.07 ], [ 72.88, 19.07 ], [ 72.88, 19.06 ], [ 72.89, 19.06 ] ] ] } },
{ "type": "Feature", "properties": { "cell_id": "r17_c12", "mean_ndvi": 0.13845612858309411, "mean_lst": 42.371543552674446, "mean_ndbi": -0.017449653444700973, "mean_dem": 7.0190830997789906, "uhi_intensity": 3.3631210226908195, "risk_score": 75.031445094544864, "sustainability_score": 24.968554905455136, "cluster_id": 2, "cluster": "Cluster 2: Dense Urban Heat", "top_positive_driver": "mean_lst", "top_positive_shap": 22.634278039002346, "top_negative_driver": "mean_dem", "top_negative_shap": -1.1177172205496839, "explanation_text": "High composite risk index — dominated by high LST (temperature) (+22.63) and attenuated by high DEM (elevation) (-1.12)" }, "geometry": { "type": "Polygon", "coordinates": [ [ [ 72.9, 19.06 ], [ 72.9, 19.07 ], [ 72.89, 19.07 ], [ 72.89, 19.06 ], [ 72.9, 19.06 ] ] ] } },
{ "type": "Feature", "properties": { "cell_id": "r17_c13", "mean_ndvi": 0.20615835356157861, "mean_lst": 42.701096083156287, "mean_ndbi": -0.049901568741323989, "mean_dem": 6.1990372975975241, "uhi_intensity": 3.6926735531726607, "risk_score": 80.008470990711146, "sustainability_score": 19.991529009288854, "cluster_id": 2, "cluster": "Cluster 2: Dense Urban Heat", "top_positive_driver": "mean_lst", "top_positive_shap": 22.403337541901269, "top_negative_driver": "mean_dem", "top_negative_shap": -1.1047257516542925, "explanation_text": "High composite risk index — dominated by high LST (temperature) (+22.40) and attenuated by high DEM (elevation) (-1.10)" }, "geometry": { "type": "Polygon", "coordinates": [ [ [ 72.91, 19.06 ], [ 72.91, 19.07 ], [ 72.9, 19.07 ], [ 72.9, 19.06 ], [ 72.91, 19.06 ] ] ] } },
{ "type": "Feature", "properties": { "cell_id": "r17_c14", "mean_ndvi": 0.13716995507498758, "mean_lst": 43.329169220470931, "mean_ndbi": -0.015805543020995318, "mean_dem": 4.1541723868821512, "uhi_intensity": 4.3207466904873044, "risk_score": 78.302825899057922, "sustainability_score": 21.697174100942078, "cluster_id": 2, "cluster": "Cluster 2: Dense Urban Heat", "top_positive_driver": "mean_lst", "top_positive_shap": 26.246378966716595, "top_negative_driver": "mean_dem", "top_negative_shap": -1.0953099559697448, "explanation_text": "High composite risk index — dominated by high LST (temperature) (+26.25) and attenuated by high DEM (elevation) (-1.10)" }, "geometry": { "type": "Polygon", "coordinates": [ [ [ 72.92, 19.06 ], [ 72.92, 19.07 ], [ 72.91, 19.07 ], [ 72.91, 19.06 ], [ 72.92, 19.06 ] ] ] } },
{ "type": "Feature", "properties": { "cell_id": "r17_c15", "mean_ndvi": 0.059590188932600992, "mean_lst": 48.333986626087516, "mean_ndbi": 0.077102470007521948, "mean_dem": 6.9278115609735265, "uhi_intensity": 9.3255640961038893, "risk_score": 94.227831169548253, "sustainability_score": 5.7721688304517471, "cluster_id": 2, "cluster": "Cluster 2: Dense Urban Heat", "top_positive_driver": "mean_lst", "top_positive_shap": 34.381201892783658, "top_negative_driver": "mean_dem", "top_negative_shap": -0.69946732661132593, "explanation_text": "High composite risk index — dominated by high LST (temperature) (+34.38) and attenuated by high DEM (elevation) (-0.70)" }, "geometry": { "type": "Polygon", "coordinates": [ [ [ 72.93, 19.06 ], [ 72.93, 19.07 ], [ 72.92, 19.07 ], [ 72.92, 19.06 ], [ 72.93, 19.06 ] ] ] } },
{ "type": "Feature", "properties": { "cell_id": "r17_c16", "mean_ndvi": 0.11927645276593861, "mean_lst": 44.249397446627711, "mean_ndbi": -0.016655290758401494, "mean_dem": 4.8202993491789989, "uhi_intensity": 5.2409749166440847, "risk_score": 80.19764376662134, "sustainability_score": 19.80235623337866, "cluster_id": 2, "cluster": "Cluster 2: Dense Urban Heat", "top_positive_driver": "mean_lst", "top_positive_shap": 27.991324930247405, "top_negative_driver": "mean_dem", "top_negative_shap": -0.97025087365778628, "explanation_text": "High composite risk index — dominated by high LST (temperature) (+27.99) and attenuated by high DEM (elevation) (-0.97)" }, "geometry": { "type": "Polygon", "coordinates": [ [ [ 72.94, 19.06 ], [ 72.94, 19.07 ], [ 72.93, 19.07 ], [ 72.93, 19.06 ], [ 72.94, 19.06 ] ] ] } },
{ "type": "Feature", "properties": { "cell_id": "r17_c17", "mean_ndvi": 0.19492884699967403, "mean_lst": 37.669401691142404, "mean_ndbi": -0.12337301777323975, "mean_dem": 2.2847556494841856, "uhi_intensity": -1.3390208388412219, "risk_score": 57.931526233592876, "sustainability_score": 42.068473766407124, "cluster_id": 3, "cluster": "Cluster 3: Green/Forested", "top_positive_driver": "mean_lst", "top_positive_shap": 5.9018400680258605, "top_negative_driver": "mean_dem", "top_negative_shap": -2.4148244795538085, "explanation_text": "Moderate composite risk index — dominated by high LST (temperature) (+5.90) and attenuated by high DEM (elevation) (-2.41)" }, "geometry": { "type": "Polygon", "coordinates": [ [ [ 72.95, 19.06 ], [ 72.95, 19.07 ], [ 72.94, 19.07 ], [ 72.94, 19.06 ], [ 72.95, 19.06 ] ] ] } },
{ "type": "Feature", "properties": { "cell_id": "r17_c18", "mean_ndvi": 0.26254985077291498, "mean_lst": 34.910483310905946, "mean_ndbi": -0.21614176671930688, "mean_dem": 1.4916541119980864, "uhi_intensity": -4.0979392190776807, "risk_score": 49.333373892789375, "sustainability_score": 50.666626107210625, "cluster_id": 3, "cluster": "Cluster 3: Green/Forested", "top_positive_driver": "mean_ndvi", "top_positive_shap": 7.6806019849511067, "top_negative_driver": "mean_lst", "top_negative_shap": -5.9697702620997424, "explanation_text": "Moderate composite risk index — dominated by low NDVI (vegetation) (+7.68) and attenuated by low LST (temperature) (-5.97)" }, "geometry": { "type": "Polygon", "coordinates": [ [ [ 72.96, 19.06 ], [ 72.96, 19.07 ], [ 72.95, 19.07 ], [ 72.95, 19.06 ], [ 72.96, 19.06 ] ] ] } },
{ "type": "Feature", "properties": { "cell_id": "r17_c19", "mean_ndvi": -0.056051715579994742, "mean_lst": 32.035124808704637, "mean_ndbi": -0.14773165381121403, "mean_dem": 0.32021532633617711, "uhi_intensity": -6.9732977212789891, "risk_score": 17.414580375600838, "sustainability_score": 82.585419624399165, "cluster_id": 0, "cluster": "Cluster 0: Coastal/Lowland Urban", "top_positive_driver": null, "top_positive_shap": 0.0, "top_negative_driver": "mean_lst", "top_negative_shap": -29.002534939700197, "explanation_text": "Low composite risk index — dominated by low LST (temperature) (-29.00)" }, "geometry": { "type": "Polygon", "coordinates": [ [ [ 72.97, 19.06 ], [ 72.97, 19.07 ], [ 72.96, 19.07 ], [ 72.96, 19.06 ], [ 72.97, 19.06 ] ] ] } },
{ "type": "Feature", "properties": { "cell_id": "r17_c20", "mean_ndvi": -0.082404478313785848, "mean_lst": 32.385042238757549, "mean_ndbi": -0.11996291764912427, "mean_dem": 0.47433600592432279, "uhi_intensity": -6.6233802912260771, "risk_score": 17.817590740252484, "sustainability_score": 82.182409259747516, "cluster_id": 0, "cluster": "Cluster 0: Coastal/Lowland Urban", "top_positive_driver": null, "top_positive_shap": 0.0, "top_negative_driver": "mean_lst", "top_negative_shap": -28.315022360615885, "explanation_text": "Low composite risk index — dominated by low LST (temperature) (-28.32)" }, "geometry": { "type": "Polygon", "coordinates": [ [ [ 72.980000000000103, 19.06 ], [ 72.980000000000103, 19.07 ], [ 72.97, 19.07 ], [ 72.97, 19.06 ], [ 72.980000000000103, 19.06 ] ] ] } },
{ "type": "Feature", "properties": { "cell_id": "r17_c21", "mean_ndvi": 0.20508263001102248, "mean_lst": 36.40579938483134, "mean_ndbi": -0.16359790863579823, "mean_dem": 1.6085902675913941, "uhi_intensity": -2.6026231451522861, "risk_score": 52.474968908186966, "sustainability_score": 47.525031091813034, "cluster_id": 3, "cluster": "Cluster 3: Green/Forested", "top_positive_driver": "mean_ndvi", "top_positive_shap": 4.3786915015304064, "top_negative_driver": "mean_dem", "top_negative_shap": -2.8135629904873793, "explanation_text": "Moderate composite risk index — dominated by low NDVI (vegetation) (+4.38) and attenuated by high DEM (elevation) (-2.81)" }, "geometry": { "type": "Polygon", "coordinates": [ [ [ 72.99, 19.06 ], [ 72.99, 19.07 ], [ 72.980000000000103, 19.07 ], [ 72.980000000000103, 19.06 ], [ 72.99, 19.06 ] ] ] } },
{ "type": "Feature", "properties": { "cell_id": "r18_c0", "mean_ndvi": -0.16252889489059014, "mean_lst": 30.842502775044391, "mean_ndbi": -0.061978265572663456, "mean_dem": 0.0, "uhi_intensity": -8.1659197549392353, "risk_score": 8.5901312279001267, "sustainability_score": 91.40986877209987, "cluster_id": 0, "cluster": "Cluster 0: Coastal/Lowland Urban", "top_positive_driver": "mean_ndbi", "top_positive_shap": 0.41050108069025049, "top_negative_driver": "mean_lst", "top_negative_shap": -34.867664483895318, "explanation_text": "Low composite risk index — dominated by high NDBI (built-up) (+0.41) and attenuated by low LST (temperature) (-34.87)" }, "geometry": { "type": "Polygon", "coordinates": [ [ [ 72.78, 19.07 ], [ 72.78, 19.08 ], [ 72.77, 19.08 ], [ 72.77, 19.07 ], [ 72.78, 19.07 ] ] ] } },
{ "type": "Feature", "properties": { "cell_id": "r18_c1", "mean_ndvi": -0.15957341231656558, "mean_lst": 30.654078351468453, "mean_ndbi": -0.058862155381159784, "mean_dem": 0.0, "uhi_intensity": -8.3543441785151735, "risk_score": 8.2777931929142987, "sustainability_score": 91.722206807085698, "cluster_id": 0, "cluster": "Cluster 0: Coastal/Lowland Urban", "top_positive_driver": "mean_ndbi", "top_positive_shap": 0.41268025367318117, "top_negative_driver": "mean_lst", "top_negative_shap": -35.025743303683107, "explanation_text": "Low composite risk index — dominated by high NDBI (built-up) (+0.41) and attenuated by low LST (temperature) (-35.03)" }, "geometry": { "type": "Polygon", "coordinates": [ [ [ 72.79, 19.07 ], [ 72.79, 19.08 ], [ 72.78, 19.08 ], [ 72.78, 19.07 ], [ 72.79, 19.07 ] ] ] } },
{ "type": "Feature", "properties": { "cell_id": "r18_c2", "mean_ndvi": -0.16372151608590663, "mean_lst": 30.586005231887889, "mean_ndbi": -0.06295127974826617, "mean_dem": 0.0, "uhi_intensity": -8.4224172980957377, "risk_score": 7.5424713090660056, "sustainability_score": 92.457528690933998, "cluster_id": 0, "cluster": "Cluster 0: Coastal/Lowland Urban", "top_positive_driver": "mean_ndbi", "top_positive_shap": 0.38550759619456942, "top_negative_driver": "mean_lst", "top_negative_shap": -35.065300245267245, "explanation_text": "Low composite risk index — dominated by high NDBI (built-up) (+0.39) and attenuated by low LST (temperature) (-35.07)" }, "geometry": { "type": "Polygon", "coordinates": [ [ [ 72.8, 19.07 ], [ 72.8, 19.08 ], [ 72.79, 19.08 ], [ 72.79, 19.07 ], [ 72.8, 19.07 ] ] ] } },
{ "type": "Feature", "properties": { "cell_id": "r18_c3", "mean_ndvi": -0.16711752825810058, "mean_lst": 30.800812712358749, "mean_ndbi": -0.086769249517698738, "mean_dem": 0.0, "uhi_intensity": -8.2076098176248777, "risk_score": 7.037366788464972, "sustainability_score": 92.962633211535035, "cluster_id": 0, "cluster": "Cluster 0: Coastal/Lowland Urban", "top_positive_driver": "mean_ndbi", "top_positive_shap": 0.34636667351841832, "top_negative_driver": "mean_lst", "top_negative_shap": -34.92334950729073, "explanation_text": "Low composite risk index — dominated by high NDBI (built-up) (+0.35) and attenuated by low LST (temperature) (-34.92)" }, "geometry": { "type": "Polygon", "coordinates": [ [ [ 72.81, 19.07 ], [ 72.81, 19.08 ], [ 72.8, 19.08 ], [ 72.8, 19.07 ], [ 72.81, 19.07 ] ] ] } },
{ "type": "Feature", "properties": { "cell_id": "r18_c4", "mean_ndvi": -0.14948094109550378, "mean_lst": 31.081650284539379, "mean_ndbi": -0.090145567065905041, "mean_dem": 0.0, "uhi_intensity": -7.9267722454442477, "risk_score": 9.2529463758994765, "sustainability_score": 90.747053624100516, "cluster_id": 0, "cluster": "Cluster 0: Coastal/Lowland Urban", "top_positive_driver": null, "top_positive_shap": 0.0, "top_negative_driver": "mean_lst", "top_negative_shap": -33.57765980364794, "explanation_text": "Low composite risk index — dominated by low LST (temperature) (-33.58)" }, "geometry": { "type": "Polygon", "coordinates": [ [ [ 72.82, 19.07 ], [ 72.82, 19.08 ], [ 72.81, 19.08 ], [ 72.81, 19.07 ], [ 72.82, 19.07 ] ] ] } },
{ "type": "Feature", "properties": { "cell_id": "r18_c5", "mean_ndvi": 0.096720051841461166, "mean_lst": 40.494259541427745, "mean_ndbi": 0.0034962371689931529, "mean_dem": 7.2427825522205591, "uhi_intensity": 1.4858370114441186, "risk_score": 66.022267887909308, "sustainability_score": 33.977732112090692, "cluster_id": 2, "cluster": "Cluster 2: Dense Urban Heat", "top_positive_driver": "mean_lst", "top_positive_shap": 17.079468778014832, "top_negative_driver": "mean_dem", "top_negative_shap": -1.6633657187669415, "explanation_text": "High composite risk index — dominated by high LST (temperature) (+17.08) and attenuated by high DEM (elevation) (-1.66)" }, "geometry": { "type": "Polygon", "coordinates": [ [ [ 72.83, 19.07 ], [ 72.83, 19.08 ], [ 72.82, 19.08 ], [ 72.82, 19.07 ], [ 72.83, 19.07 ] ] ] } },
{ "type": "Feature", "properties": { "cell_id": "r18_c6", "mean_ndvi": 0.17974668507266037, "mean_lst": 39.60063773896227, "mean_ndbi": -0.036567937570210512, "mean_dem": 11.596957839217128, "uhi_intensity": 0.59221520897864366, "risk_score": 67.700317150042792, "sustainability_score": 32.299682849957208, "cluster_id": 2, "cluster": "Cluster 2: Dense Urban Heat", "top_positive_driver": "mean_lst", "top_positive_shap": 14.952020241432809, "top_negative_driver": "mean_dem", "top_negative_shap": -1.6682249295951361, "explanation_text": "High composite risk index — dominated by high LST (temperature) (+14.95) and attenuated by high DEM (elevation) (-1.67)" }, "geometry": { "type": "Polygon", "coordinates": [ [ [ 72.84, 19.07 ], [ 72.84, 19.08 ], [ 72.83, 19.08 ], [ 72.83, 19.07 ], [ 72.84, 19.07 ] ] ] } },
{ "type": "Feature", "properties": { "cell_id": "r18_c7", "mean_ndvi": 0.12370926100714147, "mean_lst": 43.71829952621993, "mean_ndbi": 0.016850080484149186, "mean_dem": 6.9382562034315249, "uhi_intensity": 4.7098769962363036, "risk_score": 80.149708979367801, "sustainability_score": 19.850291020632199, "cluster_id": 2, "cluster": "Cluster 2: Dense Urban Heat", "top_positive_driver": "mean_lst", "top_positive_shap": 27.673503292419515, "top_negative_driver": "mean_dem", "top_negative_shap": -0.92622622688382805, "explanation_text": "High composite risk index — dominated by high LST (temperature) (+27.67) and attenuated by high DEM (elevation) (-0.93)" }, "geometry": { "type": "Polygon", "coordinates": [ [ [ 72.85, 19.07 ], [ 72.85, 19.08 ], [ 72.84, 19.08 ], [ 72.84, 19.07 ], [ 72.85, 19.07 ] ] ] } },
{ "type": "Feature", "properties": { "cell_id": "r18_c8", "mean_ndvi": 0.19857078908300863, "mean_lst": 42.267489829069525, "mean_ndbi": -0.028725409259051454, "mean_dem": 5.4572098309014141, "uhi_intensity": 3.2590672990858991, "risk_score": 78.746559638904756, "sustainability_score": 21.253440361095244, "cluster_id": 2, "cluster": "Cluster 2: Dense Urban Heat", "top_positive_driver": "mean_lst", "top_positive_shap": 21.825069066251785, "top_negative_driver": "mean_dem", "top_negative_shap": -1.1639273775300574, "explanation_text": "High composite risk index — dominated by high LST (temperature) (+21.83) and attenuated by high DEM (elevation) (-1.16)" }, "geometry": { "type": "Polygon", "coordinates": [ [ [ 72.86, 19.07 ], [ 72.86, 19.08 ], [ 72.85, 19.08 ], [ 72.85, 19.07 ], [ 72.86, 19.07 ] ] ] } },
{ "type": "Feature", "properties": { "cell_id": "r18_c9", "mean_ndvi": 0.16410258613753587, "mean_lst": 42.516520685854701, "mean_ndbi": -0.0089373192220438442, "mean_dem": 9.009436192483502, "uhi_intensity": 3.5080981558710747, "risk_score": 77.962246210706766, "sustainability_score": 22.037753789293234, "cluster_id": 2, "cluster": "Cluster 2: Dense Urban Heat", "top_positive_driver": "mean_lst", "top_positive_shap": 22.469270206779999, "top_negative_driver": "mean_dem", "top_negative_shap": -1.0729474905026719, "explanation_text": "High composite risk index — dominated by high LST (temperature) (+22.47) and attenuated by high DEM (elevation) (-1.07)" }, "geometry": { "type": "Polygon", "coordinates": [ [ [ 72.87, 19.07 ], [ 72.87, 19.08 ], [ 72.86, 19.08 ], [ 72.86, 19.07 ], [ 72.87, 19.07 ] ] ] } },
{ "type": "Feature", "properties": { "cell_id": "r18_c10", "mean_ndvi": 0.082906522015006756, "mean_lst": 45.117805753024122, "mean_ndbi": 0.02378049484451572, "mean_dem": 6.3959320025859165, "uhi_intensity": 6.1093832230404956, "risk_score": 82.27219345121172, "sustainability_score": 17.72780654878828, "cluster_id": 2, "cluster": "Cluster 2: Dense Urban Heat", "top_positive_driver": "mean_lst", "top_positive_shap": 29.233347320342897, "top_negative_driver": "mean_dem", "top_negative_shap": -0.93013260207461601, "explanation_text": "High composite risk index — dominated by high LST (temperature) (+29.23) and attenuated by high DEM (elevation) (-0.93)" }, "geometry": { "type": "Polygon", "coordinates": [ [ [ 72.88, 19.07 ], [ 72.88, 19.08 ], [ 72.87, 19.08 ], [ 72.87, 19.07 ], [ 72.88, 19.07 ] ] ] } },
{ "type": "Feature", "properties": { "cell_id": "r18_c11", "mean_ndvi": 0.11998263411583659, "mean_lst": 44.283012776586794, "mean_ndbi": 0.026451602810441198, "mean_dem": 6.2876942138167529, "uhi_intensity": 5.274590246603168, "risk_score": 82.257722178326546, "sustainability_score": 17.742277821673454, "cluster_id": 2, "cluster": "Cluster 2: Dense Urban Heat", "top_positive_driver": "mean_lst", "top_positive_shap": 28.138522838401691, "top_negative_driver": "mean_dem", "top_negative_shap": -0.91044816165097486, "explanation_text": "High composite risk index — dominated by high LST (temperature) (+28.14) and attenuated by high DEM (elevation) (-0.91)" }, "geometry": { "type": "Polygon", "coordinates": [ [ [ 72.89, 19.07 ], [ 72.89, 19.08 ], [ 72.88, 19.08 ], [ 72.88, 19.07 ], [ 72.89, 19.07 ] ] ] } },
{ "type": "Feature", "properties": { "cell_id": "r18_c12", "mean_ndvi": 0.19525694221832185, "mean_lst": 42.849472072781154, "mean_ndbi": -0.01914704963375502, "mean_dem": 6.0992067673991253, "uhi_intensity": 3.8410495427975277, "risk_score": 80.998401727142465, "sustainability_score": 19.001598272857535, "cluster_id": 2, "cluster": "Cluster 2: Dense Urban Heat", "top_positive_driver": "mean_lst", "top_positive_shap": 24.213259131626181, "top_negative_driver": "mean_dem", "top_negative_shap": -1.0184318085391151, "explanation_text": "High composite risk index — dominated by high LST (temperature) (+24.21) and attenuated by high DEM (elevation) (-1.02)" }, "geometry": { "type": "Polygon", "coordinates": [ [ [ 72.9, 19.07 ], [ 72.9, 19.08 ], [ 72.89, 19.08 ], [ 72.89, 19.07 ], [ 72.9, 19.07 ] ] ] } },
{ "type": "Feature", "properties": { "cell_id": "r18_c13", "mean_ndvi": 0.18887420031561894, "mean_lst": 40.198244141673229, "mean_ndbi": -0.043115648997256902, "mean_dem": 8.5488713880858285, "uhi_intensity": 1.1898216116896023, "risk_score": 70.134783571295472, "sustainability_score": 29.865216428704528, "cluster_id": 2, "cluster": "Cluster 2: Dense Urban Heat", "top_positive_driver": "mean_lst", "top_positive_shap": 16.582300288778651, "top_negative_driver": "mean_dem", "top_negative_shap": -1.6077652297204528, "explanation_text": "High composite risk index — dominated by high LST (temperature) (+16.58) and attenuated by high DEM (elevation) (-1.61)" }, "geometry": { "type": "Polygon", "coordinates": [ [ [ 72.91, 19.07 ], [ 72.91, 19.08 ], [ 72.9, 19.08 ], [ 72.9, 19.07 ], [ 72.91, 19.07 ] ] ] } },
{ "type": "Feature", "properties": { "cell_id": "r18_c14", "mean_ndvi": 0.15681347642318919, "mean_lst": 43.614582998283097, "mean_ndbi": -0.0048965809321863743, "mean_dem": 4.3771525574347496, "uhi_intensity": 4.6061604682994712, "risk_score": 81.303651539450613, "sustainability_score": 18.696348460549387, "cluster_id": 2, "cluster": "Cluster 2: Dense Urban Heat", "top_positive_driver": "mean_lst", "top_positive_shap": 27.389795136404459, "top_negative_driver": "mean_dem", "top_negative_shap": -1.0163429697056598, "explanation_text": "High composite risk index — dominated by high LST (temperature) (+27.39) and attenuated by high DEM (elevation) (-1.02)" }, "geometry": { "type": "Polygon", "coordinates": [ [ [ 72.92, 19.07 ], [ 72.92, 19.08 ], [ 72.91, 19.08 ], [ 72.91, 19.07 ], [ 72.92, 19.07 ] ] ] } },
{ "type": "Feature", "properties": { "cell_id": "r18_c15", "mean_ndvi": 0.18474064481165356, "mean_lst": 43.631063926514862, "mean_ndbi": -0.043256798815675304, "mean_dem": 3.8418633133482287, "uhi_intensity": 4.6226413965312361, "risk_score": 81.864138458607613, "sustainability_score": 18.135861541392387, "cluster_id": 2, "cluster": "Cluster 2: Dense Urban Heat", "top_positive_driver": "mean_lst", "top_positive_shap": 27.287128241996385, "top_negative_driver": "mean_dem", "top_negative_shap": -1.0166509286639347, "explanation_text": "High composite risk index — dominated by high LST (temperature) (+27.29) and attenuated by high DEM (elevation) (-1.02)" }, "geometry": { "type": "Polygon", "coordinates": [ [ [ 72.93, 19.07 ], [ 72.93, 19.08 ], [ 72.92, 19.08 ], [ 72.92, 19.07 ], [ 72.93, 19.07 ] ] ] } },
{ "type": "Feature", "properties": { "cell_id": "r18_c16", "mean_ndvi": 0.20656605059049032, "mean_lst": 39.316241035036256, "mean_ndbi": -0.11108031029977607, "mean_dem": 2.9332773181047802, "uhi_intensity": 0.30781850505263009, "risk_score": 65.24641890809923, "sustainability_score": 34.75358109190077, "cluster_id": 2, "cluster": "Cluster 2: Dense Urban Heat", "top_positive_driver": "mean_lst", "top_positive_shap": 14.267382585282062, "top_negative_driver": "mean_dem", "top_negative_shap": -2.2254116921976146, "explanation_text": "High composite risk index — dominated by high LST (temperature) (+14.27) and attenuated by high DEM (elevation) (-2.23)" }, "geometry": { "type": "Polygon", "coordinates": [ [ [ 72.94, 19.07 ], [ 72.94, 19.08 ], [ 72.93, 19.08 ], [ 72.93, 19.07 ], [ 72.94, 19.07 ] ] ] } },
{ "type": "Feature", "properties": { "cell_id": "r18_c17", "mean_ndvi": 0.27654192605340455, "mean_lst": 37.669579146387576, "mean_ndbi": -0.14614314611653559, "mean_dem": 2.398654499054385, "uhi_intensity": -1.3388433835960498, "risk_score": 63.252246771049613, "sustainability_score": 36.747753228950387, "cluster_id": 3, "cluster": "Cluster 3: Green/Forested", "top_positive_driver": "mean_ndvi", "top_positive_shap": 6.7008719928626679, "top_negative_driver": "mean_dem", "top_negative_shap": -2.8747337164653572, "explanation_text": "Moderate composite risk index — dominated by low NDVI (vegetation) (+6.70) and attenuated by high DEM (elevation) (-2.87)" }, "geometry": { "type": "Polygon", "coordinates": [ [ [ 72.95, 19.07 ], [ 72.95, 19.08 ], [ 72.94, 19.08 ], [ 72.94, 19.07 ], [ 72.95, 19.07 ] ] ] } },
{ "type": "Feature", "properties": { "cell_id": "r18_c18", "mean_ndvi": 0.32493851212578284, "mean_lst": 33.481276503956529, "mean_ndbi": -0.26129537920743756, "mean_dem": 1.9990829659501212, "uhi_intensity": -5.527146026027097, "risk_score": 47.144418242420656, "sustainability_score": 52.855581757579344, "cluster_id": 3, "cluster": "Cluster 3: Green/Forested", "top_positive_driver": "mean_ndvi", "top_positive_shap": 13.523863204876035, "top_negative_driver": "mean_lst", "top_negative_shap": -17.877286089598851, "explanation_text": "Moderate composite risk index — dominated by low NDVI (vegetation) (+13.52) and attenuated by low LST (temperature) (-17.88)" }, "geometry": { "type": "Polygon", "coordinates": [ [ [ 72.96, 19.07 ], [ 72.96, 19.08 ], [ 72.95, 19.08 ], [ 72.95, 19.07 ], [ 72.96, 19.07 ] ] ] } },
{ "type": "Feature", "properties": { "cell_id": "r18_c19", "mean_ndvi": -0.091742950483373012, "mean_lst": 31.393676156875362, "mean_ndbi": -0.16629558843699069, "mean_dem": 0.0, "uhi_intensity": -7.6147463731082645, "risk_score": 11.58078891074989, "sustainability_score": 88.419211089250112, "cluster_id": 0, "cluster": "Cluster 0: Coastal/Lowland Urban", "top_positive_driver": null, "top_positive_shap": 0.0, "top_negative_driver": "mean_lst", "top_negative_shap": -32.95938723383356, "explanation_text": "Low composite risk index — dominated by low LST (temperature) (-32.96)" }, "geometry": { "type": "Polygon", "coordinates": [ [ [ 72.97, 19.07 ], [ 72.97, 19.08 ], [ 72.96, 19.08 ], [ 72.96, 19.07 ], [ 72.97, 19.07 ] ] ] } },
{ "type": "Feature", "properties": { "cell_id": "r18_c20", "mean_ndvi": -0.11237158905293565, "mean_lst": 31.969050070265297, "mean_ndbi": -0.17341180722595131, "mean_dem": 0.0, "uhi_intensity": -7.0393724597183294, "risk_score": 11.74324157818579, "sustainability_score": 88.256758421814212, "cluster_id": 0, "cluster": "Cluster 0: Coastal/Lowland Urban", "top_positive_driver": null, "top_positive_shap": 0.0, "top_negative_driver": "mean_lst", "top_negative_shap": -31.552943913822375, "explanation_text": "Low composite risk index — dominated by low LST (temperature) (-31.55)" }, "geometry": { "type": "Polygon", "coordinates": [ [ [ 72.980000000000103, 19.07 ], [ 72.980000000000103, 19.08 ], [ 72.97, 19.08 ], [ 72.97, 19.07 ], [ 72.980000000000103, 19.07 ] ] ] } },
{ "type": "Feature", "properties": { "cell_id": "r18_c21", "mean_ndvi": 0.16858605755565734, "mean_lst": 36.738656223180584, "mean_ndbi": -0.15000166165670009, "mean_dem": 2.3686295731924374, "uhi_intensity": -2.2697663068030423, "risk_score": 51.459796687954416, "sustainability_score": 48.540203312045584, "cluster_id": 3, "cluster": "Cluster 3: Green/Forested", "top_positive_driver": "mean_ndvi", "top_positive_shap": 3.8622921349379018, "top_negative_driver": "mean_dem", "top_negative_shap": -2.597516238978911, "explanation_text": "Moderate composite risk index — dominated by low NDVI (vegetation) (+3.86) and attenuated by high DEM (elevation) (-2.60)" }, "geometry": { "type": "Polygon", "coordinates": [ [ [ 72.99, 19.07 ], [ 72.99, 19.08 ], [ 72.980000000000103, 19.08 ], [ 72.980000000000103, 19.07 ], [ 72.99, 19.07 ] ] ] } },
{ "type": "Feature", "properties": { "cell_id": "r19_c0", "mean_ndvi": -0.16294334564079027, "mean_lst": 31.000587586432808, "mean_ndbi": -0.060071459584188816, "mean_dem": 0.0, "uhi_intensity": -8.0078349435508187, "risk_score": 9.2027755114585457, "sustainability_score": 90.79722448854146, "cluster_id": 0, "cluster": "Cluster 0: Coastal/Lowland Urban", "top_positive_driver": "mean_ndbi", "top_positive_shap": 0.37424028352920358, "top_negative_driver": "mean_lst", "top_negative_shap": -34.475572509562909, "explanation_text": "Low composite risk index — dominated by high NDBI (built-up) (+0.37) and attenuated by low LST (temperature) (-34.48)" }, "geometry": { "type": "Polygon", "coordinates": [ [ [ 72.78, 19.08 ], [ 72.78, 19.09 ], [ 72.77, 19.09 ], [ 72.77, 19.08 ], [ 72.78, 19.08 ] ] ] } },
{ "type": "Feature", "properties": { "cell_id": "r19_c1", "mean_ndvi": -0.16504106469730057, "mean_lst": 30.87203240375629, "mean_ndbi": -0.061793580889464114, "mean_dem": 0.0, "uhi_intensity": -8.1363901262273366, "risk_score": 8.5099246275878553, "sustainability_score": 91.49007537241215, "cluster_id": 0, "cluster": "Cluster 0: Coastal/Lowland Urban", "top_positive_driver": "mean_ndbi", "top_positive_shap": 0.40785596406245106, "top_negative_driver": "mean_lst", "top_negative_shap": -34.838256171782739, "explanation_text": "Low composite risk index — dominated by high NDBI (built-up) (+0.41) and attenuated by low LST (temperature) (-34.84)" }, "geometry": { "type": "Polygon", "coordinates": [ [ [ 72.79, 19.08 ], [ 72.79, 19.09 ], [ 72.78, 19.09 ], [ 72.78, 19.08 ], [ 72.79, 19.08 ] ] ] } },
{ "type": "Feature", "properties": { "cell_id": "r19_c2", "mean_ndvi": -0.16658305816767582, "mean_lst": 30.591486678924184, "mean_ndbi": -0.065283623251380082, "mean_dem": 0.0, "uhi_intensity": -8.4169358510594421, "risk_score": 7.24292074545167, "sustainability_score": 92.75707925454833, "cluster_id": 0, "cluster": "Cluster 0: Coastal/Lowland Urban", "top_positive_driver": "mean_ndbi", "top_positive_shap": 0.37201642243921573, "top_negative_driver": "mean_lst", "top_negative_shap": -35.068273342761358, "explanation_text": "Low composite risk index — dominated by high NDBI (built-up) (+0.37) and attenuated by low LST (temperature) (-35.07)" }, "geometry": { "type": "Polygon", "coordinates": [ [ [ 72.8, 19.08 ], [ 72.8, 19.09 ], [ 72.79, 19.09 ], [ 72.79, 19.08 ], [ 72.8, 19.08 ] ] ] } },
{ "type": "Feature", "properties": { "cell_id": "r19_c3", "mean_ndvi": -0.16345948657587978, "mean_lst": 30.714835860630409, "mean_ndbi": -0.071597067956820887, "mean_dem": 0.0, "uhi_intensity": -8.2935866693532176, "risk_score": 7.6555031990145475, "sustainability_score": 92.344496800985453, "cluster_id": 0, "cluster": "Cluster 0: Coastal/Lowland Urban", "top_positive_driver": "mean_ndbi", "top_positive_shap": 0.36399404960776338, "top_negative_driver": "mean_lst", "top_negative_shap": -35.01287043453781, "explanation_text": "Low composite risk index — dominated by high NDBI (built-up) (+0.36) and attenuated by low LST (temperature) (-35.01)" }, "geometry": { "type": "Polygon", "coordinates": [ [ [ 72.81, 19.08 ], [ 72.81, 19.09 ], [ 72.8, 19.09 ], [ 72.8, 19.08 ], [ 72.81, 19.08 ] ] ] } },
{ "type": "Feature", "properties": { "cell_id": "r19_c4", "mean_ndvi": -0.15665582201671288, "mean_lst": 31.107437288506144, "mean_ndbi": -0.08490578255389554, "mean_dem": 0.0, "uhi_intensity": -7.9009852414774819, "risk_score": 9.0148589183730472, "sustainability_score": 90.985141081626949, "cluster_id": 0, "cluster": "Cluster 0: Coastal/Lowland Urban", "top_positive_driver": "mean_ndbi", "top_positive_shap": 0.30332558736195048, "top_negative_driver": "mean_lst", "top_negative_shap": -34.276589857579829, "explanation_text": "Low composite risk index — dominated by high NDBI (built-up) (+0.30) and attenuated by low LST (temperature) (-34.28)" }, "geometry": { "type": "Polygon", "coordinates": [ [ [ 72.82, 19.08 ], [ 72.82, 19.09 ], [ 72.81, 19.09 ], [ 72.81, 19.08 ], [ 72.82, 19.08 ] ] ] } },
{ "type": "Feature", "properties": { "cell_id": "r19_c5", "mean_ndvi": 0.025924417544773991, "mean_lst": 37.62504240753487, "mean_ndbi": -0.028615218169681374, "mean_dem": 2.7919480482490546, "uhi_intensity": -1.3833801224487559, "risk_score": 48.804236237311159, "sustainability_score": 51.195763762688841, "cluster_id": 2, "cluster": "Cluster 2: Dense Urban Heat", "top_positive_driver": "mean_lst", "top_positive_shap": 5.1548366278635145, "top_negative_driver": "mean_ndvi", "top_negative_shap": -6.4336272866855957, "explanation_text": "Moderate composite risk index — dominated by high LST (temperature) (+5.15) and attenuated by high NDVI (vegetation) (-6.43)" }, "geometry": { "type": "Polygon", "coordinates": [ [ [ 72.83, 19.08 ], [ 72.83, 19.09 ], [ 72.82, 19.09 ], [ 72.82, 19.08 ], [ 72.83, 19.08 ] ] ] } },
{ "type": "Feature", "properties": { "cell_id": "r19_c6", "mean_ndvi": 0.18508447919845386, "mean_lst": 41.116008435230782, "mean_ndbi": -0.029326374014438935, "mean_dem": 8.335201385092045, "uhi_intensity": 2.1075859052471557, "risk_score": 73.691790654850749, "sustainability_score": 26.308209345149251, "cluster_id": 2, "cluster": "Cluster 2: Dense Urban Heat", "top_positive_driver": "mean_lst", "top_positive_shap": 18.592197346132949, "top_negative_driver": "mean_dem", "top_negative_shap": -1.3795654838037532, "explanation_text": "High composite risk index — dominated by high LST (temperature) (+18.59) and attenuated by high DEM (elevation) (-1.38)" }, "geometry": { "type": "Polygon", "coordinates": [ [ [ 72.84, 19.08 ], [ 72.84, 19.09 ], [ 72.83, 19.09 ], [ 72.83, 19.08 ], [ 72.84, 19.08 ] ] ] } },
{ "type": "Feature", "properties": { "cell_id": "r19_c7", "mean_ndvi": 0.13264165429303845, "mean_lst": 44.344241698847505, "mean_ndbi": 0.029096794545937468, "mean_dem": 7.3621127157670676, "uhi_intensity": 5.3358191688638783, "risk_score": 83.605196180927948, "sustainability_score": 16.394803819072052, "cluster_id": 2, "cluster": "Cluster 2: Dense Urban Heat", "top_positive_driver": "mean_lst", "top_positive_shap": 28.233725177555943, "top_negative_driver": "mean_dem", "top_negative_shap": -0.87989953121711828, "explanation_text": "High composite risk index — dominated by high LST (temperature) (+28.23) and attenuated by high DEM (elevation) (-0.88)" }, "geometry": { "type": "Polygon", "coordinates": [ [ [ 72.85, 19.08 ], [ 72.85, 19.09 ], [ 72.84, 19.09 ], [ 72.84, 19.08 ], [ 72.85, 19.08 ] ] ] } },
{ "type": "Feature", "properties": { "cell_id": "r19_c8", "mean_ndvi": 0.12842625172414651, "mean_lst": 45.951272029898661, "mean_ndbi": 0.044469415690183478, "mean_dem": 7.7268740156807567, "uhi_intensity": 6.9428494999150345, "risk_score": 89.67740667900614, "sustainability_score": 10.32259332099386, "cluster_id": 2, "cluster": "Cluster 2: Dense Urban Heat", "top_positive_driver": "mean_lst", "top_positive_shap": 30.45246148525721, "top_negative_driver": "mean_dem", "top_negative_shap": -0.7034122466907029, "explanation_text": "High composite risk index — dominated by high LST (temperature) (+30.45) and attenuated by high DEM (elevation) (-0.70)" }, "geometry": { "type": "Polygon", "coordinates": [ [ [ 72.86, 19.08 ], [ 72.86, 19.09 ], [ 72.85, 19.09 ], [ 72.85, 19.08 ], [ 72.86, 19.08 ] ] ] } },
{ "type": "Feature", "properties": { "cell_id": "r19_c9", "mean_ndvi": 0.1396568327178212, "mean_lst": 46.949782732788201, "mean_ndbi": 0.041617057835868262, "mean_dem": 11.378072571205637, "uhi_intensity": 7.9413602028045744, "risk_score": 94.126682161721234, "sustainability_score": 5.8733178382787656, "cluster_id": 2, "cluster": "Cluster 2: Dense Urban Heat", "top_positive_driver": "mean_lst", "top_positive_shap": 33.076223259328707, "top_negative_driver": "mean_dem", "top_negative_shap": -0.58241134940359052, "explanation_text": "High composite risk index — dominated by high LST (temperature) (+33.08) and attenuated by high DEM (elevation) (-0.58)" }, "geometry": { "type": "Polygon", "coordinates": [ [ [ 72.87, 19.08 ], [ 72.87, 19.09 ], [ 72.86, 19.09 ], [ 72.86, 19.08 ], [ 72.87, 19.08 ] ] ] } },
{ "type": "Feature", "properties": { "cell_id": "r19_c10", "mean_ndvi": 0.090961227408297304, "mean_lst": 47.808473845775644, "mean_ndbi": 0.064274624790122692, "mean_dem": 5.7780657066296213, "uhi_intensity": 8.8000513157920182, "risk_score": 94.178626901959078, "sustainability_score": 5.8213730980409224, "cluster_id": 2, "cluster": "Cluster 2: Dense Urban Heat", "top_positive_driver": "mean_lst", "top_positive_shap": 34.31901354671048, "top_negative_driver": "mean_dem", "top_negative_shap": -0.69391688630009563, "explanation_text": "High composite risk index — dominated by high LST (temperature) (+34.32) and attenuated by high DEM (elevation) (-0.69)" }, "geometry": { "type": "Polygon", "coordinates": [ [ [ 72.88, 19.08 ], [ 72.88, 19.09 ], [ 72.87, 19.09 ], [ 72.87, 19.08 ], [ 72.88, 19.08 ] ] ] } },
{ "type": "Feature", "properties": { "cell_id": "r19_c11", "mean_ndvi": 0.11341567257274769, "mean_lst": 44.647035156746796, "mean_ndbi": 0.033565570422331152, "mean_dem": 11.542582276750634, "uhi_intensity": 5.6386126267631695, "risk_score": 83.561195708604686, "sustainability_score": 16.438804291395314, "cluster_id": 2, "cluster": "Cluster 2: Dense Urban Heat", "top_positive_driver": "mean_lst", "top_positive_shap": 29.487363372084427, "top_negative_driver": "mean_dem", "top_negative_shap": -0.72406529533945263, "explanation_text": "High composite risk index — dominated by high LST (temperature) (+29.49) and attenuated by high DEM (elevation) (-0.72)" }, "geometry": { "type": "Polygon", "coordinates": [ [ [ 72.89, 19.08 ], [ 72.89, 19.09 ], [ 72.88, 19.09 ], [ 72.88, 19.08 ], [ 72.89, 19.08 ] ] ] } },
{ "type": "Feature", "properties": { "cell_id": "r19_c12", "mean_ndvi": 0.19650970756647096, "mean_lst": 43.677351257894273, "mean_ndbi": 0.00063301574694509379, "mean_dem": 15.379433886498234, "uhi_intensity": 4.6689287279106466, "risk_score": 85.254941146535643, "sustainability_score": 14.745058853464357, "cluster_id": 2, "cluster": "Cluster 2: Dense Urban Heat", "top_positive_driver": "mean_lst", "top_positive_shap": 27.214076528780073, "top_negative_driver": "mean_dem", "top_negative_shap": -0.4513357473532586, "explanation_text": "High composite risk index — dominated by high LST (temperature) (+27.21) and attenuated by high DEM (elevation) (-0.45)" }, "geometry": { "type": "Polygon", "coordinates": [ [ [ 72.9, 19.08 ], [ 72.9, 19.09 ], [ 72.89, 19.09 ], [ 72.89, 19.08 ], [ 72.9, 19.08 ] ] ] } },
{ "type": "Feature", "properties": { "cell_id": "r19_c13", "mean_ndvi": 0.1611078039756374, "mean_lst": 41.029521141422507, "mean_ndbi": -0.028043585536672678, "mean_dem": 16.087537130017033, "uhi_intensity": 2.0210986114388803, "risk_score": 71.901226747747543, "sustainability_score": 28.098773252252457, "cluster_id": 2, "cluster": "Cluster 2: Dense Urban Heat", "top_positive_driver": "mean_lst", "top_positive_shap": 18.352801969854823, "top_negative_driver": "mean_dem", "top_negative_shap": -1.0860446163009883, "explanation_text": "High composite risk index — dominated by high LST (temperature) (+18.35) and attenuated by high DEM (elevation) (-1.09)" }, "geometry": { "type": "Polygon", "coordinates": [ [ [ 72.91, 19.08 ], [ 72.91, 19.09 ], [ 72.9, 19.09 ], [ 72.9, 19.08 ], [ 72.91, 19.08 ] ] ] } },
{ "type": "Feature", "properties": { "cell_id": "r19_c14", "mean_ndvi": 0.16818486429745799, "mean_lst": 41.390812736348984, "mean_ndbi": -0.035120699104869799, "mean_dem": 7.0795201790784779, "uhi_intensity": 2.3823902063653577, "risk_score": 73.075485331800422, "sustainability_score": 26.924514668199578, "cluster_id": 2, "cluster": "Cluster 2: Dense Urban Heat", "top_positive_driver": "mean_lst", "top_positive_shap": 19.629656957222799, "top_negative_driver": "mean_dem", "top_negative_shap": -1.2220587712054443, "explanation_text": "High composite risk index — dominated by high LST (temperature) (+19.63) and attenuated by high DEM (elevation) (-1.22)" }, "geometry": { "type": "Polygon", "coordinates": [ [ [ 72.92, 19.08 ], [ 72.92, 19.09 ], [ 72.91, 19.09 ], [ 72.91, 19.08 ], [ 72.92, 19.08 ] ] ] } },
{ "type": "Feature", "properties": { "cell_id": "r19_c15", "mean_ndvi": 0.30150005067874885, "mean_lst": 37.698769915804498, "mean_ndbi": -0.1734584078005916, "mean_dem": 4.1061398737223485, "uhi_intensity": -1.3096526141791287, "risk_score": 64.187091128190701, "sustainability_score": 35.812908871809299, "cluster_id": 3, "cluster": "Cluster 3: Green/Forested", "top_positive_driver": "mean_ndvi", "top_positive_shap": 7.4630989045645126, "top_negative_driver": "mean_dem", "top_negative_shap": -3.1597958798389998, "explanation_text": "Moderate composite risk index — dominated by low NDVI (vegetation) (+7.46) and attenuated by high DEM (elevation) (-3.16)" }, "geometry": { "type": "Polygon", "coordinates": [ [ [ 72.93, 19.08 ], [ 72.93, 19.09 ], [ 72.92, 19.09 ], [ 72.92, 19.08 ], [ 72.93, 19.08 ] ] ] } },
{ "type": "Feature", "properties": { "cell_id": "r19_c16", "mean_ndvi": 0.25293944008822161, "mean_lst": 38.700429822785487, "mean_ndbi": -0.11344627531196744, "mean_dem": 2.8499994304136376, "uhi_intensity": -0.30799270719813876, "risk_score": 66.515764837325051, "sustainability_score": 33.484235162674949, "cluster_id": 3, "cluster": "Cluster 3: Green/Forested", "top_positive_driver": "mean_lst", "top_positive_shap": 11.719338093930894, "top_negative_driver": "mean_dem", "top_negative_shap": -2.4896946931674582, "explanation_text": "High composite risk index — dominated by high LST (temperature) (+11.72) and attenuated by high DEM (elevation) (-2.49)" }, "geometry": { "type": "Polygon", "coordinates": [ [ [ 72.94, 19.08 ], [ 72.94, 19.09 ], [ 72.93, 19.09 ], [ 72.93, 19.08 ], [ 72.94, 19.08 ] ] ] } },
{ "type": "Feature", "properties": { "cell_id": "r19_c17", "mean_ndvi": 0.27875484519134741, "mean_lst": 36.647331401246241, "mean_ndbi": -0.14992600774937667, "mean_dem": 1.8844989476861946, "uhi_intensity": -2.3610911287373852, "risk_score": 59.596544057138424, "sustainability_score": 40.403455942861576, "cluster_id": 3, "cluster": "Cluster 3: Green/Forested", "top_positive_driver": "mean_ndvi", "top_positive_shap": 6.7578074236580701, "top_negative_driver": "mean_dem", "top_negative_shap": -3.4051599636490404, "explanation_text": "Moderate composite risk index — dominated by low NDVI (vegetation) (+6.76) and attenuated by high DEM (elevation) (-3.41)" }, "geometry": { "type": "Polygon", "coordinates": [ [ [ 72.95, 19.08 ], [ 72.95, 19.09 ], [ 72.94, 19.09 ], [ 72.94, 19.08 ], [ 72.95, 19.08 ] ] ] } },
{ "type": "Feature", "properties": { "cell_id": "r19_c18", "mean_ndvi": 0.33123311974147596, "mean_lst": 32.439100165488853, "mean_ndbi": -0.2847359980527856, "mean_dem": 1.8121890724356238, "uhi_intensity": -6.5693223644947736, "risk_score": 42.911451345542687, "sustainability_score": 57.088548654457313, "cluster_id": 3, "cluster": "Cluster 3: Green/Forested", "top_positive_driver": "mean_ndvi", "top_positive_shap": 14.120392540853713, "top_negative_driver": "mean_lst", "top_negative_shap": -20.485752543940567, "explanation_text": "Moderate composite risk index — dominated by low NDVI (vegetation) (+14.12) and attenuated by low LST (temperature) (-20.49)" }, "geometry": { "type": "Polygon", "coordinates": [ [ [ 72.96, 19.08 ], [ 72.96, 19.09 ], [ 72.95, 19.09 ], [ 72.95, 19.08 ], [ 72.96, 19.08 ] ] ] } },
{ "type": "Feature", "properties": { "cell_id": "r19_c19", "mean_ndvi": -0.094053810372298985, "mean_lst": 31.63736631114665, "mean_ndbi": -0.19819358030207934, "mean_dem": 0.0, "uhi_intensity": -7.3710562188369764, "risk_score": 10.91964956453598, "sustainability_score": 89.080350435464027, "cluster_id": 0, "cluster": "Cluster 0: Coastal/Lowland Urban", "top_positive_driver": null, "top_positive_shap": 0.0, "top_negative_driver": "mean_lst", "top_negative_shap": -31.664280581138222, "explanation_text": "Low composite risk index — dominated by low LST (temperature) (-31.66)" }, "geometry": { "type": "Polygon", "coordinates": [ [ [ 72.97, 19.08 ], [ 72.97, 19.09 ], [ 72.96, 19.09 ], [ 72.96, 19.08 ], [ 72.97, 19.08 ] ] ] } },
{ "type": "Feature", "properties": { "cell_id": "r19_c20", "mean_ndvi": -0.099722694992434469, "mean_lst": 31.847303672803797, "mean_ndbi": -0.24952154007741034, "mean_dem": 0.0, "uhi_intensity": -7.1611188571798294, "risk_score": 9.0560255150544489, "sustainability_score": 90.943974484945556, "cluster_id": 0, "cluster": "Cluster 0: Coastal/Lowland Urban", "top_positive_driver": null, "top_positive_shap": 0.0, "top_negative_driver": "mean_lst", "top_negative_shap": -31.518178323922832, "explanation_text": "Low composite risk index — dominated by low LST (temperature) (-31.52)" }, "geometry": { "type": "Polygon", "coordinates": [ [ [ 72.980000000000103, 19.08 ], [ 72.980000000000103, 19.09 ], [ 72.97, 19.09 ], [ 72.97, 19.08 ], [ 72.980000000000103, 19.08 ] ] ] } },
{ "type": "Feature", "properties": { "cell_id": "r19_c21", "mean_ndvi": 0.18036837807679029, "mean_lst": 33.170734223923894, "mean_ndbi": -0.26210233472214273, "mean_dem": 0.39346629339879829, "uhi_intensity": -5.8376883060597322, "risk_score": 34.812981188018036, "sustainability_score": 65.187018811981972, "cluster_id": 3, "cluster": "Cluster 3: Green/Forested", "top_positive_driver": "mean_ndvi", "top_positive_shap": 7.1570061061881205, "top_negative_driver": "mean_lst", "top_negative_shap": -20.959948263215772, "explanation_text": "Low composite risk index — dominated by low NDVI (vegetation) (+7.16) and attenuated by low LST (temperature) (-20.96)" }, "geometry": { "type": "Polygon", "coordinates": [ [ [ 72.99, 19.08 ], [ 72.99, 19.09 ], [ 72.980000000000103, 19.09 ], [ 72.980000000000103, 19.08 ], [ 72.99, 19.08 ] ] ] } },
{ "type": "Feature", "properties": { "cell_id": "r20_c0", "mean_ndvi": -0.16595460209498783, "mean_lst": 30.854032605080494, "mean_ndbi": -0.062040148614617839, "mean_dem": 0.0, "uhi_intensity": -8.154389924903132, "risk_score": 8.3649827131997263, "sustainability_score": 91.635017286800277, "cluster_id": 0, "cluster": "Cluster 0: Coastal/Lowland Urban", "top_positive_driver": "mean_ndbi", "top_positive_shap": 0.41426123324973729, "top_negative_driver": "mean_lst", "top_negative_shap": -34.873951633781331, "explanation_text": "Low composite risk index — dominated by high NDBI (built-up) (+0.41) and attenuated by low LST (temperature) (-34.87)" }, "geometry": { "type": "Polygon", "coordinates": [ [ [ 72.78, 19.09 ], [ 72.78, 19.1 ], [ 72.77, 19.1 ], [ 72.77, 19.09 ], [ 72.78, 19.09 ] ] ] } },
{ "type": "Feature", "properties": { "cell_id": "r20_c1", "mean_ndvi": -0.17209661908705531, "mean_lst": 30.97428206147455, "mean_ndbi": -0.0658792954588895, "mean_dem": 0.0, "uhi_intensity": -8.0341404685090758, "risk_score": 8.1583361283352076, "sustainability_score": 91.841663871664792, "cluster_id": 0, "cluster": "Cluster 0: Coastal/Lowland Urban", "top_positive_driver": "mean_ndbi", "top_positive_shap": 0.36402200080454683, "top_negative_driver": "mean_lst", "top_negative_shap": -34.752954170907607, "explanation_text": "Low composite risk index — dominated by high NDBI (built-up) (+0.36) and attenuated by low LST (temperature) (-34.75)" }, "geometry": { "type": "Polygon", "coordinates": [ [ [ 72.79, 19.09 ], [ 72.79, 19.1 ], [ 72.78, 19.1 ], [ 72.78, 19.09 ], [ 72.79, 19.09 ] ] ] } },
{ "type": "Feature", "properties": { "cell_id": "r20_c2", "mean_ndvi": -0.17518212030651875, "mean_lst": 30.89364143463073, "mean_ndbi": -0.076275777923792767, "mean_dem": 0.0, "uhi_intensity": -8.114781095352896, "risk_score": 7.1925883535640418, "sustainability_score": 92.807411646435952, "cluster_id": 0, "cluster": "Cluster 0: Coastal/Lowland Urban", "top_positive_driver": "mean_ndbi", "top_positive_shap": 0.36726825909394684, "top_negative_driver": "mean_lst", "top_negative_shap": -34.854984141534317, "explanation_text": "Low composite risk index — dominated by high NDBI (built-up) (+0.37) and attenuated by low LST (temperature) (-34.85)" }, "geometry": { "type": "Polygon", "coordinates": [ [ [ 72.8, 19.09 ], [ 72.8, 19.1 ], [ 72.79, 19.1 ], [ 72.79, 19.09 ], [ 72.8, 19.09 ] ] ] } },
{ "type": "Feature", "properties": { "cell_id": "r20_c3", "mean_ndvi": -0.16790882566456611, "mean_lst": 30.699437640304581, "mean_ndbi": -0.077818030904140204, "mean_dem": 0.0, "uhi_intensity": -8.3089848896790457, "risk_score": 6.9944531924089777, "sustainability_score": 93.005546807591017, "cluster_id": 0, "cluster": "Cluster 0: Coastal/Lowland Urban", "top_positive_driver": "mean_ndbi", "top_positive_shap": 0.36587101642251979, "top_negative_driver": "mean_lst", "top_negative_shap": -35.018182401625573, "explanation_text": "Low composite risk index — dominated by high NDBI (built-up) (+0.37) and attenuated by low LST (temperature) (-35.02)" }, "geometry": { "type": "Polygon", "coordinates": [ [ [ 72.81, 19.09 ], [ 72.81, 19.1 ], [ 72.8, 19.1 ], [ 72.8, 19.09 ], [ 72.81, 19.09 ] ] ] } },
{ "type": "Feature", "properties": { "cell_id": "r20_c4", "mean_ndvi": -0.15979934018722899, "mean_lst": 30.91736916862104, "mean_ndbi": -0.079097169259779526, "mean_dem": 0.0, "uhi_intensity": -8.0910533613625866, "risk_score": 8.3414312527729795, "sustainability_score": 91.658568747227022, "cluster_id": 0, "cluster": "Cluster 0: Coastal/Lowland Urban", "top_positive_driver": "mean_ndbi", "top_positive_shap": 0.34706483610464739, "top_negative_driver": "mean_lst", "top_negative_shap": -34.821569369271678, "explanation_text": "Low composite risk index — dominated by high NDBI (built-up) (+0.35) and attenuated by low LST (temperature) (-34.82)" }, "geometry": { "type": "Polygon", "coordinates": [ [ [ 72.82, 19.09 ], [ 72.82, 19.1 ], [ 72.81, 19.1 ], [ 72.81, 19.09 ], [ 72.82, 19.09 ] ] ] } },
{ "type": "Feature", "properties": { "cell_id": "r20_c5", "mean_ndvi": -0.010640451844087569, "mean_lst": 35.303770719410998, "mean_ndbi": -0.058013374139968564, "mean_dem": 3.0457901543334702, "uhi_intensity": -3.7046518105726278, "risk_score": 36.476798700450566, "sustainability_score": 63.523201299549434, "cluster_id": 0, "cluster": "Cluster 0: Coastal/Lowland Urban", "top_positive_driver": "mean_lst", "top_positive_shap": 0.93725613973239363, "top_negative_driver": "mean_ndvi", "top_negative_shap": -9.8465523878069998, "explanation_text": "Low composite risk index — dominated by high LST (temperature) (+0.94) and attenuated by high NDVI (vegetation) (-9.85)" }, "geometry": { "type": "Polygon", "coordinates": [ [ [ 72.83, 19.09 ], [ 72.83, 19.1 ], [ 72.82, 19.1 ], [ 72.82, 19.09 ], [ 72.83, 19.09 ] ] ] } },
{ "type": "Feature", "properties": { "cell_id": "r20_c6", "mean_ndvi": 0.20130200387222644, "mean_lst": 43.993711358002315, "mean_ndbi": 0.033356972801319183, "mean_dem": 3.493203391326881, "uhi_intensity": 4.9852888280186889, "risk_score": 87.665841449606575, "sustainability_score": 12.334158550393425, "cluster_id": 2, "cluster": "Cluster 2: Dense Urban Heat", "top_positive_driver": "mean_lst", "top_positive_shap": 28.434032041580782, "top_negative_driver": "mean_dem", "top_negative_shap": -0.95505645722046029, "explanation_text": "High composite risk index — dominated by high LST (temperature) (+28.43) and attenuated by high DEM (elevation) (-0.96)" }, "geometry": { "type": "Polygon", "coordinates": [ [ [ 72.84, 19.09 ], [ 72.84, 19.1 ], [ 72.83, 19.1 ], [ 72.83, 19.09 ], [ 72.84, 19.09 ] ] ] } },
{ "type": "Feature", "properties": { "cell_id": "r20_c7", "mean_ndvi": 0.15911354988809043, "mean_lst": 42.054971115403326, "mean_ndbi": -0.016639516841680763, "mean_dem": 10.253868611059673, "uhi_intensity": 3.0465485854196999, "risk_score": 75.655514400901069, "sustainability_score": 24.344485599098931, "cluster_id": 2, "cluster": "Cluster 2: Dense Urban Heat", "top_positive_driver": "mean_lst", "top_positive_shap": 21.812677148490504, "top_negative_driver": "mean_dem", "top_negative_shap": -1.0574325768240695, "explanation_text": "High composite risk index — dominated by high LST (temperature) (+21.81) and attenuated by high DEM (elevation) (-1.06)" }, "geometry": { "type": "Polygon", "coordinates": [ [ [ 72.85, 19.09 ], [ 72.85, 19.1 ], [ 72.84, 19.1 ], [ 72.84, 19.09 ], [ 72.85, 19.09 ] ] ] } },
{ "type": "Feature", "properties": { "cell_id": "r20_c8", "mean_ndvi": 0.079127076808734514, "mean_lst": 46.859020964051709, "mean_ndbi": 0.032167367463440698, "mean_dem": 11.040880673322011, "uhi_intensity": 7.8505984340680826, "risk_score": 88.73071055614561, "sustainability_score": 11.26928944385439, "cluster_id": 2, "cluster": "Cluster 2: Dense Urban Heat", "top_positive_driver": "mean_lst", "top_positive_shap": 33.186813649449711, "top_negative_driver": "mean_dem", "top_negative_shap": -0.68933076391629544, "explanation_text": "High composite risk index — dominated by high LST (temperature) (+33.19) and attenuated by high DEM (elevation) (-0.69)" }, "geometry": { "type": "Polygon", "coordinates": [ [ [ 72.86, 19.09 ], [ 72.86, 19.1 ], [ 72.85, 19.1 ], [ 72.85, 19.09 ], [ 72.86, 19.09 ] ] ] } },
{ "type": "Feature", "properties": { "cell_id": "r20_c9", "mean_ndvi": 0.064197253819188407, "mean_lst": 48.929549092015939, "mean_ndbi": 0.063292661406124565, "mean_dem": 10.603928839975387, "uhi_intensity": 9.9211265620323132, "risk_score": 96.266992358135212, "sustainability_score": 3.7330076418647877, "cluster_id": 2, "cluster": "Cluster 2: Dense Urban Heat", "top_positive_driver": "mean_lst", "top_positive_shap": 34.448275242079994, "top_negative_driver": "mean_dem", "top_negative_shap": -0.62198969835005946, "explanation_text": "High composite risk index — dominated by high LST (temperature) (+34.45) and attenuated by high DEM (elevation) (-0.62)" }, "geometry": { "type": "Polygon", "coordinates": [ [ [ 72.87, 19.09 ], [ 72.87, 19.1 ], [ 72.86, 19.1 ], [ 72.86, 19.09 ], [ 72.87, 19.09 ] ] ] } },
{ "type": "Feature", "properties": { "cell_id": "r20_c10", "mean_ndvi": 0.017012137447512433, "mean_lst": 48.562542182387276, "mean_ndbi": 0.059189391375487128, "mean_dem": 9.2339468745283, "uhi_intensity": 9.5541196524036494, "risk_score": 91.098494026217281, "sustainability_score": 8.9015059737827187, "cluster_id": 2, "cluster": "Cluster 2: Dense Urban Heat", "top_positive_driver": "mean_lst", "top_positive_shap": 36.346929271593091, "top_negative_driver": "mean_ndvi", "top_negative_shap": -2.3440005455495507, "explanation_text": "High composite risk index — dominated by high LST (temperature) (+36.35) and attenuated by high NDVI (vegetation) (-2.34)" }, "geometry": { "type": "Polygon", "coordinates": [ [ [ 72.88, 19.09 ], [ 72.88, 19.1 ], [ 72.87, 19.1 ], [ 72.87, 19.09 ], [ 72.88, 19.09 ] ] ] } },
{ "type": "Feature", "properties": { "cell_id": "r20_c11", "mean_ndvi": 0.092135089121840832, "mean_lst": 46.161238838853926, "mean_ndbi": 0.064457965734916703, "mean_dem": 13.92191024677008, "uhi_intensity": 7.1528163088702996, "risk_score": 88.727230325513389, "sustainability_score": 11.272769674486611, "cluster_id": 2, "cluster": "Cluster 2: Dense Urban Heat", "top_positive_driver": "mean_lst", "top_positive_shap": 31.34846169950254, "top_negative_driver": "mean_dem", "top_negative_shap": -0.47467395590844302, "explanation_text": "High composite risk index — dominated by high LST (temperature) (+31.35) and attenuated by high DEM (elevation) (-0.47)" }, "geometry": { "type": "Polygon", "coordinates": [ [ [ 72.89, 19.09 ], [ 72.89, 19.1 ], [ 72.88, 19.1 ], [ 72.88, 19.09 ], [ 72.89, 19.09 ] ] ] } },
{ "type": "Feature", "properties": { "cell_id": "r20_c12", "mean_ndvi": 0.11459964696581414, "mean_lst": 46.712093562113537, "mean_ndbi": 0.075597486792377405, "mean_dem": 28.468578394513155, "uhi_intensity": 7.7036710321299111, "risk_score": 93.471773745253955, "sustainability_score": 6.5282262547460448, "cluster_id": 2, "cluster": "Cluster 2: Dense Urban Heat", "top_positive_driver": "mean_lst", "top_positive_shap": 33.132202641670759, "top_negative_driver": null, "top_negative_shap": 0.0, "explanation_text": "High composite risk index — dominated by high LST (temperature) (+33.13)" }, "geometry": { "type": "Polygon", "coordinates": [ [ [ 72.9, 19.09 ], [ 72.9, 19.1 ], [ 72.89, 19.1 ], [ 72.89, 19.09 ], [ 72.9, 19.09 ] ] ] } },
{ "type": "Feature", "properties": { "cell_id": "r20_c13", "mean_ndvi": 0.16626760662698686, "mean_lst": 44.323469251173563, "mean_ndbi": 0.017150316326267328, "mean_dem": 36.123855366781029, "uhi_intensity": 5.3150467211899368, "risk_score": 86.75768743943236, "sustainability_score": 13.24231256056764, "cluster_id": 2, "cluster": "Cluster 2: Dense Urban Heat", "top_positive_driver": "mean_lst", "top_positive_shap": 27.898451630915762, "top_negative_driver": "mean_ndbi", "top_negative_shap": -0.26921940285569895, "explanation_text": "High composite risk index — dominated by high LST (temperature) (+27.90) and attenuated by low NDBI (built-up) (-0.27)" }, "geometry": { "type": "Polygon", "coordinates": [ [ [ 72.91, 19.09 ], [ 72.91, 19.1 ], [ 72.9, 19.1 ], [ 72.9, 19.09 ], [ 72.91, 19.09 ] ] ] } },
{ "type": "Feature", "properties": { "cell_id": "r20_c14", "mean_ndvi": 0.15639868086172765, "mean_lst": 42.970378661664228, "mean_ndbi": -0.00066733961958734039, "mean_dem": 14.653759392071615, "uhi_intensity": 3.9619561316806013, "risk_score": 79.56307378004314, "sustainability_score": 20.43692621995686, "cluster_id": 2, "cluster": "Cluster 2: Dense Urban Heat", "top_positive_driver": "mean_lst", "top_positive_shap": 25.646947017098068, "top_negative_driver": "mean_dem", "top_negative_shap": -0.69247933986200993, "explanation_text": "High composite risk index — dominated by high LST (temperature) (+25.65) and attenuated by high DEM (elevation) (-0.69)" }, "geometry": { "type": "Polygon", "coordinates": [ [ [ 72.92, 19.09 ], [ 72.92, 19.1 ], [ 72.91, 19.1 ], [ 72.91, 19.09 ], [ 72.92, 19.09 ] ] ] } },
{ "type": "Feature", "properties": { "cell_id": "r20_c15", "mean_ndvi": 0.18301133878361764, "mean_lst": 43.910566404614535, "mean_ndbi": -0.0074397485797879775, "mean_dem": 7.1817138332535659, "uhi_intensity": 4.9021438746309087, "risk_score": 84.379092864408463, "sustainability_score": 15.620907135591537, "cluster_id": 2, "cluster": "Cluster 2: Dense Urban Heat", "top_positive_driver": "mean_lst", "top_positive_shap": 27.276644823674427, "top_negative_driver": "mean_dem", "top_negative_shap": -0.88422916422847542, "explanation_text": "High composite risk index — dominated by high LST (temperature) (+27.28) and attenuated by high DEM (elevation) (-0.88)" }, "geometry": { "type": "Polygon", "coordinates": [ [ [ 72.93, 19.09 ], [ 72.93, 19.1 ], [ 72.92, 19.1 ], [ 72.92, 19.09 ], [ 72.93, 19.09 ] ] ] } },
{ "type": "Feature", "properties": { "cell_id": "r20_c16", "mean_ndvi": 0.3004600549909503, "mean_lst": 38.299525710196917, "mean_ndbi": -0.12655760317849774, "mean_dem": 3.342063139426251, "uhi_intensity": -0.70889681978670893, "risk_score": 68.207101387521234, "sustainability_score": 31.792898612478766, "cluster_id": 3, "cluster": "Cluster 3: Green/Forested", "top_positive_driver": "mean_lst", "top_positive_shap": 8.6452054392301729, "top_negative_driver": "mean_dem", "top_negative_shap": -3.2814949380055993, "explanation_text": "High composite risk index — dominated by high LST (temperature) (+8.65) and attenuated by high DEM (elevation) (-3.28)" }, "geometry": { "type": "Polygon", "coordinates": [ [ [ 72.94, 19.09 ], [ 72.94, 19.1 ], [ 72.93, 19.1 ], [ 72.93, 19.09 ], [ 72.94, 19.09 ] ] ] } },
{ "type": "Feature", "properties": { "cell_id": "r20_c17", "mean_ndvi": 0.37276556959973217, "mean_lst": 33.992950590151537, "mean_ndbi": -0.2789744090543661, "mean_dem": 3.0073370455289878, "uhi_intensity": -5.0154719398320893, "risk_score": 51.940355342508504, "sustainability_score": 48.059644657491496, "cluster_id": 3, "cluster": "Cluster 3: Green/Forested", "top_positive_driver": "mean_ndvi", "top_positive_shap": 14.68181210591654, "top_negative_driver": "mean_lst", "top_negative_shap": -15.229155187196865, "explanation_text": "Moderate composite risk index — dominated by low NDVI (vegetation) (+14.68) and attenuated by low LST (temperature) (-15.23)" }, "geometry": { "type": "Polygon", "coordinates": [ [ [ 72.95, 19.09 ], [ 72.95, 19.1 ], [ 72.94, 19.1 ], [ 72.94, 19.09 ], [ 72.95, 19.09 ] ] ] } },
{ "type": "Feature", "properties": { "cell_id": "r20_c18", "mean_ndvi": 0.3674049624596567, "mean_lst": 33.004741995542332, "mean_ndbi": -0.29958725596710128, "mean_dem": 2.0214791630474047, "uhi_intensity": -6.003680534441294, "risk_score": 47.090922481778748, "sustainability_score": 52.909077518221252, "cluster_id": 3, "cluster": "Cluster 3: Green/Forested", "top_positive_driver": "mean_ndvi", "top_positive_shap": 14.681306087787853, "top_negative_driver": "mean_lst", "top_negative_shap": -17.659195397257431, "explanation_text": "Moderate composite risk index — dominated by low NDVI (vegetation) (+14.68) and attenuated by low LST (temperature) (-17.66)" }, "geometry": { "type": "Polygon", "coordinates": [ [ [ 72.96, 19.09 ], [ 72.96, 19.1 ], [ 72.95, 19.1 ], [ 72.95, 19.09 ], [ 72.96, 19.09 ] ] ] } },
{ "type": "Feature", "properties": { "cell_id": "r20_c19", "mean_ndvi": -0.066904136547603202, "mean_lst": 31.590840525531515, "mean_ndbi": -0.17744762162015734, "mean_dem": 0.0, "uhi_intensity": -7.417582004452111, "risk_score": 13.722641643728389, "sustainability_score": 86.277358356271606, "cluster_id": 0, "cluster": "Cluster 0: Coastal/Lowland Urban", "top_positive_driver": null, "top_positive_shap": 0.0, "top_negative_driver": "mean_lst", "top_negative_shap": -31.645549291066828, "explanation_text": "Low composite risk index — dominated by low LST (temperature) (-31.65)" }, "geometry": { "type": "Polygon", "coordinates": [ [ [ 72.97, 19.09 ], [ 72.97, 19.1 ], [ 72.96, 19.1 ], [ 72.96, 19.09 ], [ 72.97, 19.09 ] ] ] } },
{ "type": "Feature", "properties": { "cell_id": "r20_c20", "mean_ndvi": -0.064474470624949293, "mean_lst": 31.937836344873531, "mean_ndbi": -0.25670957028236285, "mean_dem": 0.0, "uhi_intensity": -7.0705861851100948, "risk_score": 11.786790363793818, "sustainability_score": 88.213209636206187, "cluster_id": 0, "cluster": "Cluster 0: Coastal/Lowland Urban", "top_positive_driver": null, "top_positive_shap": 0.0, "top_negative_driver": "mean_lst", "top_negative_shap": -31.175484373604959, "explanation_text": "Low composite risk index — dominated by low LST (temperature) (-31.18)" }, "geometry": { "type": "Polygon", "coordinates": [ [ [ 72.980000000000103, 19.09 ], [ 72.980000000000103, 19.1 ], [ 72.97, 19.1 ], [ 72.97, 19.09 ], [ 72.980000000000103, 19.09 ] ] ] } },
{ "type": "Feature", "properties": { "cell_id": "r20_c21", "mean_ndvi": 0.27781294877361901, "mean_lst": 33.713180388383066, "mean_ndbi": -0.2601420193391899, "mean_dem": 0.97797462225323517, "uhi_intensity": -5.2952421416005606, "risk_score": 44.352856452399017, "sustainability_score": 55.647143547600983, "cluster_id": 3, "cluster": "Cluster 3: Green/Forested", "top_positive_driver": "mean_ndvi", "top_positive_shap": 12.167989011656164, "top_negative_driver": "mean_lst", "top_negative_shap": -18.398214948799367, "explanation_text": "Moderate composite risk index — dominated by low NDVI (vegetation) (+12.17) and attenuated by low LST (temperature) (-18.40)" }, "geometry": { "type": "Polygon", "coordinates": [ [ [ 72.99, 19.09 ], [ 72.99, 19.1 ], [ 72.980000000000103, 19.1 ], [ 72.980000000000103, 19.09 ], [ 72.99, 19.09 ] ] ] } },
{ "type": "Feature", "properties": { "cell_id": "r21_c0", "mean_ndvi": -0.16780729125899954, "mean_lst": 30.890932444620933, "mean_ndbi": -0.065116195494455784, "mean_dem": 0.0, "uhi_intensity": -8.117490085362693, "risk_score": 8.2235771989366295, "sustainability_score": 91.776422801063376, "cluster_id": 0, "cluster": "Cluster 0: Coastal/Lowland Urban", "top_positive_driver": "mean_ndbi", "top_positive_shap": 0.37275449274967876, "top_negative_driver": "mean_lst", "top_negative_shap": -34.848016266865173, "explanation_text": "Low composite risk index — dominated by high NDBI (built-up) (+0.37) and attenuated by low LST (temperature) (-34.85)" }, "geometry": { "type": "Polygon", "coordinates": [ [ [ 72.78, 19.1 ], [ 72.78, 19.11 ], [ 72.77, 19.11 ], [ 72.77, 19.1 ], [ 72.78, 19.1 ] ] ] } },
{ "type": "Feature", "properties": { "cell_id": "r21_c1", "mean_ndvi": -0.17227541176801903, "mean_lst": 30.948069849052818, "mean_ndbi": -0.06996576296116129, "mean_dem": 0.0, "uhi_intensity": -8.0603526809308086, "risk_score": 7.8778696881079524, "sustainability_score": 92.12213031189205, "cluster_id": 0, "cluster": "Cluster 0: Coastal/Lowland Urban", "top_positive_driver": "mean_ndbi", "top_positive_shap": 0.35905152506308158, "top_negative_driver": "mean_lst", "top_negative_shap": -34.779145576675475, "explanation_text": "Low composite risk index — dominated by high NDBI (built-up) (+0.36) and attenuated by low LST (temperature) (-34.78)" }, "geometry": { "type": "Polygon", "coordinates": [ [ [ 72.79, 19.1 ], [ 72.79, 19.11 ], [ 72.78, 19.11 ], [ 72.78, 19.1 ], [ 72.79, 19.1 ] ] ] } },
{ "type": "Feature", "properties": { "cell_id": "r21_c2", "mean_ndvi": -0.16784473528945965, "mean_lst": 31.09907415728194, "mean_ndbi": -0.068949433071390467, "mean_dem": 0.0, "uhi_intensity": -7.909348372701686, "risk_score": 8.8003914937804435, "sustainability_score": 91.199608506219562, "cluster_id": 0, "cluster": "Cluster 0: Coastal/Lowland Urban", "top_positive_driver": "mean_ndbi", "top_positive_shap": 0.33269960270308807, "top_negative_driver": "mean_lst", "top_negative_shap": -34.301902561675753, "explanation_text": "Low composite risk index — dominated by high NDBI (built-up) (+0.33) and attenuated by low LST (temperature) (-34.30)" }, "geometry": { "type": "Polygon", "coordinates": [ [ [ 72.8, 19.1 ], [ 72.8, 19.11 ], [ 72.79, 19.11 ], [ 72.79, 19.1 ], [ 72.8, 19.1 ] ] ] } },
{ "type": "Feature", "properties": { "cell_id": "r21_c3", "mean_ndvi": -0.16307712524350468, "mean_lst": 30.921571496773566, "mean_ndbi": -0.072863617951115872, "mean_dem": 0.0, "uhi_intensity": -8.0868510332100598, "risk_score": 8.3684214371568757, "sustainability_score": 91.631578562843117, "cluster_id": 0, "cluster": "Cluster 0: Coastal/Lowland Urban", "top_positive_driver": "mean_ndbi", "top_positive_shap": 0.36040157891047292, "top_negative_driver": "mean_lst", "top_negative_shap": -34.811432133626539, "explanation_text": "Low composite risk index — dominated by high NDBI (built-up) (+0.36) and attenuated by low LST (temperature) (-34.81)" }, "geometry": { "type": "Polygon", "coordinates": [ [ [ 72.81, 19.1 ], [ 72.81, 19.11 ], [ 72.8, 19.11 ], [ 72.8, 19.1 ], [ 72.81, 19.1 ] ] ] } },
{ "type": "Feature", "properties": { "cell_id": "r21_c4", "mean_ndvi": -0.15608281622471851, "mean_lst": 30.850790321667358, "mean_ndbi": -0.08067362174413463, "mean_dem": 0.0, "uhi_intensity": -8.1576322083162687, "risk_score": 8.3232107316226251, "sustainability_score": 91.676789268377377, "cluster_id": 0, "cluster": "Cluster 0: Coastal/Lowland Urban", "top_positive_driver": "mean_ndbi", "top_positive_shap": 0.33056860115033415, "top_negative_driver": "mean_lst", "top_negative_shap": -34.842450145937519, "explanation_text": "Low composite risk index — dominated by high NDBI (built-up) (+0.33) and attenuated by low LST (temperature) (-34.84)" }, "geometry": { "type": "Polygon", "coordinates": [ [ [ 72.82, 19.1 ], [ 72.82, 19.11 ], [ 72.81, 19.11 ], [ 72.81, 19.1 ], [ 72.82, 19.1 ] ] ] } },
{ "type": "Feature", "properties": { "cell_id": "r21_c5", "mean_ndvi": 0.091040407955406619, "mean_lst": 36.291403019276942, "mean_ndbi": -0.082129340817081342, "mean_dem": 5.1389835337017953, "uhi_intensity": -2.7170195107066846, "risk_score": 46.88476883310576, "sustainability_score": 53.11523116689424, "cluster_id": 3, "cluster": "Cluster 3: Green/Forested", "top_positive_driver": null, "top_positive_shap": 0.0, "top_negative_driver": "mean_dem", "top_negative_shap": -2.7782368924866776, "explanation_text": "Moderate composite risk index — dominated by high DEM (elevation) (-2.78)" }, "geometry": { "type": "Polygon", "coordinates": [ [ [ 72.83, 19.1 ], [ 72.83, 19.11 ], [ 72.82, 19.11 ], [ 72.82, 19.1 ], [ 72.83, 19.1 ] ] ] } },
{ "type": "Feature", "properties": { "cell_id": "r21_c6", "mean_ndvi": 0.21238183793776388, "mean_lst": 40.322380013742389, "mean_ndbi": -0.038415825703689316, "mean_dem": 7.7102664520998694, "uhi_intensity": 1.3139574837587631, "risk_score": 72.55240295740866, "sustainability_score": 27.44759704259134, "cluster_id": 2, "cluster": "Cluster 2: Dense Urban Heat", "top_positive_driver": "mean_lst", "top_positive_shap": 16.77164923420596, "top_negative_driver": "mean_dem", "top_negative_shap": -1.693468459681408, "explanation_text": "High composite risk index — dominated by high LST (temperature) (+16.77) and attenuated by high DEM (elevation) (-1.69)" }, "geometry": { "type": "Polygon", "coordinates": [ [ [ 72.84, 19.1 ], [ 72.84, 19.11 ], [ 72.83, 19.11 ], [ 72.83, 19.1 ], [ 72.84, 19.1 ] ] ] } },
{ "type": "Feature", "properties": { "cell_id": "r21_c7", "mean_ndvi": 0.185045073391127, "mean_lst": 40.30901992935825, "mean_ndbi": -0.036746920397165705, "mean_dem": 13.763774077218034, "uhi_intensity": 1.3005973993746238, "risk_score": 70.712737020959466, "sustainability_score": 29.287262979040534, "cluster_id": 2, "cluster": "Cluster 2: Dense Urban Heat", "top_positive_driver": "mean_lst", "top_positive_shap": 16.726837720974952, "top_negative_driver": "mean_dem", "top_negative_shap": -1.3023320277838653, "explanation_text": "High composite risk index — dominated by high LST (temperature) (+16.73) and attenuated by high DEM (elevation) (-1.30)" }, "geometry": { "type": "Polygon", "coordinates": [ [ [ 72.85, 19.1 ], [ 72.85, 19.11 ], [ 72.84, 19.11 ], [ 72.84, 19.1 ], [ 72.85, 19.1 ] ] ] } },
{ "type": "Feature", "properties": { "cell_id": "r21_c8", "mean_ndvi": 0.19526208331919656, "mean_lst": 42.090231578772126, "mean_ndbi": -0.032163157368046182, "mean_dem": 17.665401914788781, "uhi_intensity": 3.0818090487885001, "risk_score": 78.200203840634813, "sustainability_score": 21.799796159365187, "cluster_id": 2, "cluster": "Cluster 2: Dense Urban Heat", "top_positive_driver": "mean_lst", "top_positive_shap": 21.632727386231462, "top_negative_driver": "mean_dem", "top_negative_shap": -0.81335414515020488, "explanation_text": "High composite risk index — dominated by high LST (temperature) (+21.63) and attenuated by high DEM (elevation) (-0.81)" }, "geometry": { "type": "Polygon", "coordinates": [ [ [ 72.86, 19.1 ], [ 72.86, 19.11 ], [ 72.85, 19.11 ], [ 72.85, 19.1 ], [ 72.86, 19.1 ] ] ] } },
{ "type": "Feature", "properties": { "cell_id": "r21_c9", "mean_ndvi": 0.19916879330391485, "mean_lst": 42.278205807011147, "mean_ndbi": -0.024461211867914889, "mean_dem": 16.65886548661479, "uhi_intensity": 3.2697832770275213, "risk_score": 79.457577978524142, "sustainability_score": 20.542422021475858, "cluster_id": 2, "cluster": "Cluster 2: Dense Urban Heat", "top_positive_driver": "mean_lst", "top_positive_shap": 21.6752059084404, "top_negative_driver": "mean_dem", "top_negative_shap": -0.87161735725258649, "explanation_text": "High composite risk index — dominated by high LST (temperature) (+21.68) and attenuated by high DEM (elevation) (-0.87)" }, "geometry": { "type": "Polygon", "coordinates": [ [ [ 72.87, 19.1 ], [ 72.87, 19.11 ], [ 72.86, 19.11 ], [ 72.86, 19.1 ], [ 72.87, 19.1 ] ] ] } },
{ "type": "Feature", "properties": { "cell_id": "r21_c10", "mean_ndvi": 0.12628416015348798, "mean_lst": 44.221528661288986, "mean_ndbi": 0.0053608481922892805, "mean_dem": 12.656517466782526, "uhi_intensity": 5.2131061313053593, "risk_score": 81.882919450719598, "sustainability_score": 18.117080549280402, "cluster_id": 2, "cluster": "Cluster 2: Dense Urban Heat", "top_positive_driver": "mean_lst", "top_positive_shap": 27.784865147114822, "top_negative_driver": "mean_dem", "top_negative_shap": -0.77298281979250805, "explanation_text": "High composite risk index — dominated by high LST (temperature) (+27.78) and attenuated by high DEM (elevation) (-0.77)" }, "geometry": { "type": "Polygon", "coordinates": [ [ [ 72.88, 19.1 ], [ 72.88, 19.11 ], [ 72.87, 19.11 ], [ 72.87, 19.1 ], [ 72.88, 19.1 ] ] ] } },
{ "type": "Feature", "properties": { "cell_id": "r21_c11", "mean_ndvi": 0.13445323916572494, "mean_lst": 43.488942110458567, "mean_ndbi": 0.011975644056001853, "mean_dem": 13.494713124327054, "uhi_intensity": 4.4805195804749403, "risk_score": 80.213115973123465, "sustainability_score": 19.786884026876535, "cluster_id": 2, "cluster": "Cluster 2: Dense Urban Heat", "top_positive_driver": "mean_lst", "top_positive_shap": 27.109836169677724, "top_negative_driver": "mean_dem", "top_negative_shap": -0.73057898080350392, "explanation_text": "High composite risk index — dominated by high LST (temperature) (+27.11) and attenuated by high DEM (elevation) (-0.73)" }, "geometry": { "type": "Polygon", "coordinates": [ [ [ 72.89, 19.1 ], [ 72.89, 19.11 ], [ 72.88, 19.11 ], [ 72.88, 19.1 ], [ 72.89, 19.1 ] ] ] } },
{ "type": "Feature", "properties": { "cell_id": "r21_c12", "mean_ndvi": 0.09926514187683412, "mean_lst": 47.131364467088687, "mean_ndbi": 0.064864931456449962, "mean_dem": 19.457693600487712, "uhi_intensity": 8.1229419371050611, "risk_score": 92.972928183931529, "sustainability_score": 7.0270718160684709, "cluster_id": 2, "cluster": "Cluster 2: Dense Urban Heat", "top_positive_driver": "mean_lst", "top_positive_shap": 33.739333758453924, "top_negative_driver": "mean_dem", "top_negative_shap": -0.098806135015333377, "explanation_text": "High composite risk index — dominated by high LST (temperature) (+33.74) and attenuated by high DEM (elevation) (-0.10)" }, "geometry": { "type": "Polygon", "coordinates": [ [ [ 72.9, 19.1 ], [ 72.9, 19.11 ], [ 72.89, 19.11 ], [ 72.89, 19.1 ], [ 72.9, 19.1 ] ] ] } },
{ "type": "Feature", "properties": { "cell_id": "r21_c13", "mean_ndvi": 0.17212505007064408, "mean_lst": 43.585591465463722, "mean_ndbi": 0.015482136521987355, "mean_dem": 84.95822615700601, "uhi_intensity": 4.5771689354800955, "risk_score": 86.451020413998364, "sustainability_score": 13.548979586001636, "cluster_id": 2, "cluster": "Cluster 2: Dense Urban Heat", "top_positive_driver": "mean_lst", "top_positive_shap": 27.420007754758061, "top_negative_driver": "mean_ndbi", "top_negative_shap": -0.26521184349260957, "explanation_text": "High composite risk index — dominated by high LST (temperature) (+27.42) and attenuated by low NDBI (built-up) (-0.27)" }, "geometry": { "type": "Polygon", "coordinates": [ [ [ 72.91, 19.1 ], [ 72.91, 19.11 ], [ 72.9, 19.11 ], [ 72.9, 19.1 ], [ 72.91, 19.1 ] ] ] } },
{ "type": "Feature", "properties": { "cell_id": "r21_c14", "mean_ndvi": 0.1763456485281325, "mean_lst": 44.803197024877875, "mean_ndbi": 0.02164801799463479, "mean_dem": 45.274924015188518, "uhi_intensity": 5.7947744948942486, "risk_score": 89.798949085665328, "sustainability_score": 10.201050914334672, "cluster_id": 2, "cluster": "Cluster 2: Dense Urban Heat", "top_positive_driver": "mean_lst", "top_positive_shap": 28.173915219990118, "top_negative_driver": "mean_ndbi", "top_negative_shap": -0.1697809329323734, "explanation_text": "High composite risk index — dominated by high LST (temperature) (+28.17) and attenuated by low NDBI (built-up) (-0.17)" }, "geometry": { "type": "Polygon", "coordinates": [ [ [ 72.92, 19.1 ], [ 72.92, 19.11 ], [ 72.91, 19.11 ], [ 72.91, 19.1 ], [ 72.92, 19.1 ] ] ] } },
{ "type": "Feature", "properties": { "cell_id": "r21_c15", "mean_ndvi": 0.19688109329019249, "mean_lst": 43.943968664437513, "mean_ndbi": -0.034163925901928453, "mean_dem": 18.213759549704047, "uhi_intensity": 4.9355461344538867, "risk_score": 84.871936861749589, "sustainability_score": 15.128063138250411, "cluster_id": 2, "cluster": "Cluster 2: Dense Urban Heat", "top_positive_driver": "mean_lst", "top_positive_shap": 27.226938818786309, "top_negative_driver": "mean_ndbi", "top_negative_shap": -0.47394743650115034, "explanation_text": "High composite risk index — dominated by high LST (temperature) (+27.23) and attenuated by low NDBI (built-up) (-0.47)" }, "geometry": { "type": "Polygon", "coordinates": [ [ [ 72.93, 19.1 ], [ 72.93, 19.11 ], [ 72.92, 19.11 ], [ 72.92, 19.1 ], [ 72.93, 19.1 ] ] ] } },
{ "type": "Feature", "properties": { "cell_id": "r21_c16", "mean_ndvi": 0.27237182408881067, "mean_lst": 42.560737593289325, "mean_ndbi": -0.058932031027508561, "mean_dem": 4.8114533454490598, "uhi_intensity": 3.5523150633056986, "risk_score": 84.165611009163996, "sustainability_score": 15.834388990836004, "cluster_id": 2, "cluster": "Cluster 2: Dense Urban Heat", "top_positive_driver": "mean_lst", "top_positive_shap": 21.585243235788798, "top_negative_driver": "mean_dem", "top_negative_shap": -1.2886313283065991, "explanation_text": "High composite risk index — dominated by high LST (temperature) (+21.59) and attenuated by high DEM (elevation) (-1.29)" }, "geometry": { "type": "Polygon", "coordinates": [ [ [ 72.94, 19.1 ], [ 72.94, 19.11 ], [ 72.93, 19.11 ], [ 72.93, 19.1 ], [ 72.94, 19.1 ] ] ] } },
{ "type": "Feature", "properties": { "cell_id": "r21_c17", "mean_ndvi": 0.33799237176407659, "mean_lst": 36.371010820265219, "mean_ndbi": -0.18317063814753393, "mean_dem": 2.8644920910279597, "uhi_intensity": -2.6374117097184069, "risk_score": 61.79975840891877, "sustainability_score": 38.20024159108123, "cluster_id": 3, "cluster": "Cluster 3: Green/Forested", "top_positive_driver": "mean_ndvi", "top_positive_shap": 8.4418493405098545, "top_negative_driver": "mean_dem", "top_negative_shap": -3.9869616874181175, "explanation_text": "Moderate composite risk index — dominated by low NDVI (vegetation) (+8.44) and attenuated by high DEM (elevation) (-3.99)" }, "geometry": { "type": "Polygon", "coordinates": [ [ [ 72.95, 19.1 ], [ 72.95, 19.11 ], [ 72.94, 19.11 ], [ 72.94, 19.1 ], [ 72.95, 19.1 ] ] ] } },
{ "type": "Feature", "properties": { "cell_id": "r21_c18", "mean_ndvi": 0.42402812808882512, "mean_lst": 32.551521746944708, "mean_ndbi": -0.32238639643122385, "mean_dem": 3.0362521931323627, "uhi_intensity": -6.4569007830389182, "risk_score": 48.906345778299873, "sustainability_score": 51.093654221700127, "cluster_id": 3, "cluster": "Cluster 3: Green/Forested", "top_positive_driver": "mean_ndvi", "top_positive_shap": 17.427224886706302, "top_negative_driver": "mean_lst", "top_negative_shap": -17.804724186000762, "explanation_text": "Moderate composite risk index — dominated by low NDVI (vegetation) (+17.43) and attenuated by low LST (temperature) (-17.80)" }, "geometry": { "type": "Polygon", "coordinates": [ [ [ 72.96, 19.1 ], [ 72.96, 19.11 ], [ 72.95, 19.11 ], [ 72.95, 19.1 ], [ 72.96, 19.1 ] ] ] } },
{ "type": "Feature", "properties": { "cell_id": "r21_c19", "mean_ndvi": 0.035046849593308803, "mean_lst": 31.731850226256391, "mean_ndbi": -0.20360352570145709, "mean_dem": 0.027271846817335101, "uhi_intensity": -7.2765723037272352, "risk_score": 20.963746223996658, "sustainability_score": 79.036253776003349, "cluster_id": 0, "cluster": "Cluster 0: Coastal/Lowland Urban", "top_positive_driver": "mean_ndvi", "top_positive_shap": 0.95588853676919461, "top_negative_driver": "mean_lst", "top_negative_shap": -30.812505294512029, "explanation_text": "Low composite risk index — dominated by low NDVI (vegetation) (+0.96) and attenuated by low LST (temperature) (-30.81)" }, "geometry": { "type": "Polygon", "coordinates": [ [ [ 72.97, 19.1 ], [ 72.97, 19.11 ], [ 72.96, 19.11 ], [ 72.96, 19.1 ], [ 72.97, 19.1 ] ] ] } },
{ "type": "Feature", "properties": { "cell_id": "r21_c20", "mean_ndvi": 0.023781591738951776, "mean_lst": 32.242980166940754, "mean_ndbi": -0.23230509021065363, "mean_dem": 0.35178417303074494, "uhi_intensity": -6.7654423630428724, "risk_score": 20.715560393319606, "sustainability_score": 79.284439606680394, "cluster_id": 0, "cluster": "Cluster 0: Coastal/Lowland Urban", "top_positive_driver": "mean_ndvi", "top_positive_shap": 0.32981802201076116, "top_negative_driver": "mean_lst", "top_negative_shap": -28.964975836299999, "explanation_text": "Low composite risk index — dominated by low NDVI (vegetation) (+0.33) and attenuated by low LST (temperature) (-28.96)" }, "geometry": { "type": "Polygon", "coordinates": [ [ [ 72.980000000000103, 19.1 ], [ 72.980000000000103, 19.11 ], [ 72.97, 19.11 ], [ 72.97, 19.1 ], [ 72.980000000000103, 19.1 ] ] ] } },
{ "type": "Feature", "properties": { "cell_id": "r21_c21", "mean_ndvi": 0.39341180859239788, "mean_lst": 34.325774826330445, "mean_ndbi": -0.2887750380871752, "mean_dem": 2.1038318454500451, "uhi_intensity": -4.6826477036531813, "risk_score": 54.26460872772563, "sustainability_score": 45.73539127227437, "cluster_id": 3, "cluster": "Cluster 3: Green/Forested", "top_positive_driver": "mean_ndvi", "top_positive_shap": 15.022840423373246, "top_negative_driver": "mean_lst", "top_negative_shap": -12.286521597129362, "explanation_text": "Moderate composite risk index — dominated by low NDVI (vegetation) (+15.02) and attenuated by low LST (temperature) (-12.29)" }, "geometry": { "type": "Polygon", "coordinates": [ [ [ 72.99, 19.1 ], [ 72.99, 19.11 ], [ 72.980000000000103, 19.11 ], [ 72.980000000000103, 19.1 ], [ 72.99, 19.1 ] ] ] } },
{ "type": "Feature", "properties": { "cell_id": "r22_c0", "mean_ndvi": -0.17077610878527683, "mean_lst": 30.715750130698517, "mean_ndbi": -0.069343887317183092, "mean_dem": 0.0, "uhi_intensity": -8.2926723992851095, "risk_score": 7.1912038042641555, "sustainability_score": 92.808796195735852, "cluster_id": 0, "cluster": "Cluster 0: Coastal/Lowland Urban", "top_positive_driver": "mean_ndbi", "top_positive_shap": 0.36898088039881127, "top_negative_driver": "mean_lst", "top_negative_shap": -35.023151320257071, "explanation_text": "Low composite risk index — dominated by high NDBI (built-up) (+0.37) and attenuated by low LST (temperature) (-35.02)" }, "geometry": { "type": "Polygon", "coordinates": [ [ [ 72.78, 19.11 ], [ 72.78, 19.12 ], [ 72.77, 19.12 ], [ 72.77, 19.11 ], [ 72.78, 19.11 ] ] ] } },
{ "type": "Feature", "properties": { "cell_id": "r22_c1", "mean_ndvi": -0.16999938742299531, "mean_lst": 30.804517426045276, "mean_ndbi": -0.079726624963478765, "mean_dem": 0.0, "uhi_intensity": -8.2039051039383502, "risk_score": 7.1273517551474601, "sustainability_score": 92.872648244852542, "cluster_id": 0, "cluster": "Cluster 0: Coastal/Lowland Urban", "top_positive_driver": "mean_ndbi", "top_positive_shap": 0.35126877857955346, "top_negative_driver": "mean_lst", "top_negative_shap": -34.924130784979042, "explanation_text": "Low composite risk index — dominated by high NDBI (built-up) (+0.35) and attenuated by low LST (temperature) (-34.92)" }, "geometry": { "type": "Polygon", "coordinates": [ [ [ 72.79, 19.11 ], [ 72.79, 19.12 ], [ 72.78, 19.12 ], [ 72.78, 19.11 ], [ 72.79, 19.11 ] ] ] } },
{ "type": "Feature", "properties": { "cell_id": "r22_c2", "mean_ndvi": -0.15249915045120402, "mean_lst": 31.173774428398762, "mean_ndbi": -0.05971255655067418, "mean_dem": 0.0, "uhi_intensity": -7.8346481015848646, "risk_score": 10.639319797345278, "sustainability_score": 89.36068020265472, "cluster_id": 0, "cluster": "Cluster 0: Coastal/Lowland Urban", "top_positive_driver": "mean_ndbi", "top_positive_shap": 0.21072058161485607, "top_negative_driver": "mean_lst", "top_negative_shap": -33.794278671567497, "explanation_text": "Low composite risk index — dominated by high NDBI (built-up) (+0.21) and attenuated by low LST (temperature) (-33.79)" }, "geometry": { "type": "Polygon", "coordinates": [ [ [ 72.8, 19.11 ], [ 72.8, 19.12 ], [ 72.79, 19.12 ], [ 72.79, 19.11 ], [ 72.8, 19.11 ] ] ] } },
{ "type": "Feature", "properties": { "cell_id": "r22_c3", "mean_ndvi": -0.15023654824786767, "mean_lst": 31.031161006143105, "mean_ndbi": -0.061415499140361353, "mean_dem": 0.0, "uhi_intensity": -7.9772615238405216, "risk_score": 10.232718010084898, "sustainability_score": 89.767281989915105, "cluster_id": 0, "cluster": "Cluster 0: Coastal/Lowland Urban", "top_positive_driver": "mean_ndbi", "top_positive_shap": 0.049401529282795641, "top_negative_driver": "mean_lst", "top_negative_shap": -33.654023137068506, "explanation_text": "Low composite risk index — dominated by high NDBI (built-up) (+0.05) and attenuated by low LST (temperature) (-33.65)" }, "geometry": { "type": "Polygon", "coordinates": [ [ [ 72.81, 19.11 ], [ 72.81, 19.12 ], [ 72.8, 19.12 ], [ 72.8, 19.11 ], [ 72.81, 19.11 ] ] ] } },
{ "type": "Feature", "properties": { "cell_id": "r22_c4", "mean_ndvi": -0.14523053105027686, "mean_lst": 31.294563015460881, "mean_ndbi": -0.076894161174500472, "mean_dem": 0.0, "uhi_intensity": -7.7138595145227455, "risk_score": 10.901034015480009, "sustainability_score": 89.098965984519992, "cluster_id": 0, "cluster": "Cluster 0: Coastal/Lowland Urban", "top_positive_driver": null, "top_positive_shap": 0.0, "top_negative_driver": "mean_lst", "top_negative_shap": -33.221416929048608, "explanation_text": "Low composite risk index — dominated by low LST (temperature) (-33.22)" }, "geometry": { "type": "Polygon", "coordinates": [ [ [ 72.82, 19.11 ], [ 72.82, 19.12 ], [ 72.81, 19.12 ], [ 72.81, 19.11 ], [ 72.82, 19.11 ] ] ] } },
{ "type": "Feature", "properties": { "cell_id": "r22_c5", "mean_ndvi": 0.16833345014353349, "mean_lst": 39.58083949434377, "mean_ndbi": -0.051770114786462873, "mean_dem": 7.784431564106586, "uhi_intensity": 0.57241696436014422, "risk_score": 65.95509961950043, "sustainability_score": 34.04490038049957, "cluster_id": 2, "cluster": "Cluster 2: Dense Urban Heat", "top_positive_driver": "mean_lst", "top_positive_shap": 14.6605727274406, "top_negative_driver": "mean_dem", "top_negative_shap": -1.779581536916204, "explanation_text": "High composite risk index — dominated by high LST (temperature) (+14.66) and attenuated by high DEM (elevation) (-1.78)" }, "geometry": { "type": "Polygon", "coordinates": [ [ [ 72.83, 19.11 ], [ 72.83, 19.12 ], [ 72.82, 19.12 ], [ 72.82, 19.11 ], [ 72.83, 19.11 ] ] ] } },
{ "type": "Feature", "properties": { "cell_id": "r22_c6", "mean_ndvi": 0.17984513452571516, "mean_lst": 41.51126630642829, "mean_ndbi": 0.00093145130946735194, "mean_dem": 8.058228706000282, "uhi_intensity": 2.5028437764446636, "risk_score": 75.969698147430265, "sustainability_score": 24.030301852569735, "cluster_id": 2, "cluster": "Cluster 2: Dense Urban Heat", "top_positive_driver": "mean_lst", "top_positive_shap": 19.686397443704635, "top_negative_driver": "mean_dem", "top_negative_shap": -1.2495676616939966, "explanation_text": "High composite risk index — dominated by high LST (temperature) (+19.69) and attenuated by high DEM (elevation) (-1.25)" }, "geometry": { "type": "Polygon", "coordinates": [ [ [ 72.84, 19.11 ], [ 72.84, 19.12 ], [ 72.83, 19.12 ], [ 72.83, 19.11 ], [ 72.84, 19.11 ] ] ] } },
{ "type": "Feature", "properties": { "cell_id": "r22_c7", "mean_ndvi": 0.16428183976029459, "mean_lst": 40.896073857331366, "mean_ndbi": -0.022494049111085129, "mean_dem": 17.052530102639469, "uhi_intensity": 1.88765132734774, "risk_score": 71.94333118506006, "sustainability_score": 28.05666881493994, "cluster_id": 2, "cluster": "Cluster 2: Dense Urban Heat", "top_positive_driver": "mean_lst", "top_positive_shap": 18.222965209162357, "top_negative_driver": "mean_dem", "top_negative_shap": -1.0701295118084171, "explanation_text": "High composite risk index — dominated by high LST (temperature) (+18.22) and attenuated by high DEM (elevation) (-1.07)" }, "geometry": { "type": "Polygon", "coordinates": [ [ [ 72.85, 19.11 ], [ 72.85, 19.12 ], [ 72.84, 19.12 ], [ 72.84, 19.11 ], [ 72.85, 19.11 ] ] ] } },
{ "type": "Feature", "properties": { "cell_id": "r22_c8", "mean_ndvi": 0.16938610295671364, "mean_lst": 41.728763902953567, "mean_ndbi": -0.019676682443547103, "mean_dem": 23.565979648621141, "uhi_intensity": 2.7203413729699406, "risk_score": 75.684165849918514, "sustainability_score": 24.315834150081486, "cluster_id": 2, "cluster": "Cluster 2: Dense Urban Heat", "top_positive_driver": "mean_lst", "top_positive_shap": 19.532693734393522, "top_negative_driver": "mean_dem", "top_negative_shap": -0.14969868213727491, "explanation_text": "High composite risk index — dominated by high LST (temperature) (+19.53) and attenuated by high DEM (elevation) (-0.15)" }, "geometry": { "type": "Polygon", "coordinates": [ [ [ 72.86, 19.11 ], [ 72.86, 19.12 ], [ 72.85, 19.12 ], [ 72.85, 19.11 ], [ 72.86, 19.11 ] ] ] } },
{ "type": "Feature", "properties": { "cell_id": "r22_c9", "mean_ndvi": 0.17090157762871874, "mean_lst": 41.90452588818583, "mean_ndbi": -0.013012505189001771, "mean_dem": 25.897089983254126, "uhi_intensity": 2.896103358202204, "risk_score": 76.802865967219205, "sustainability_score": 23.197134032780795, "cluster_id": 2, "cluster": "Cluster 2: Dense Urban Heat", "top_positive_driver": "mean_lst", "top_positive_shap": 20.969079892716376, "top_negative_driver": null, "top_negative_shap": 0.0, "explanation_text": "High composite risk index — dominated by high LST (temperature) (+20.97)" }, "geometry": { "type": "Polygon", "coordinates": [ [ [ 72.87, 19.11 ], [ 72.87, 19.12 ], [ 72.86, 19.12 ], [ 72.86, 19.11 ], [ 72.87, 19.11 ] ] ] } },
{ "type": "Feature", "properties": { "cell_id": "r22_c10", "mean_ndvi": 0.15737160555404112, "mean_lst": 42.776561172751663, "mean_ndbi": 0.0039935672148988348, "mean_dem": 21.985576662955228, "uhi_intensity": 3.7681386427680366, "risk_score": 79.436346730556693, "sustainability_score": 20.563653269443307, "cluster_id": 2, "cluster": "Cluster 2: Dense Urban Heat", "top_positive_driver": "mean_lst", "top_positive_shap": 22.866168326416847, "top_negative_driver": "mean_dem", "top_negative_shap": -0.20416921950079886, "explanation_text": "High composite risk index — dominated by high LST (temperature) (+22.87) and attenuated by high DEM (elevation) (-0.20)" }, "geometry": { "type": "Polygon", "coordinates": [ [ [ 72.88, 19.11 ], [ 72.88, 19.12 ], [ 72.87, 19.12 ], [ 72.87, 19.11 ], [ 72.88, 19.11 ] ] ] } },
{ "type": "Feature", "properties": { "cell_id": "r22_c11", "mean_ndvi": 0.17709565486898179, "mean_lst": 41.564935630009913, "mean_ndbi": -0.03015469671299878, "mean_dem": 18.220957420449906, "uhi_intensity": 2.5565131000262866, "risk_score": 75.036282534223886, "sustainability_score": 24.963717465776114, "cluster_id": 2, "cluster": "Cluster 2: Dense Urban Heat", "top_positive_driver": "mean_lst", "top_positive_shap": 19.52121063121136, "top_negative_driver": "mean_dem", "top_negative_shap": -0.80370261894189099, "explanation_text": "High composite risk index — dominated by high LST (temperature) (+19.52) and attenuated by high DEM (elevation) (-0.80)" }, "geometry": { "type": "Polygon", "coordinates": [ [ [ 72.89, 19.11 ], [ 72.89, 19.12 ], [ 72.88, 19.12 ], [ 72.88, 19.11 ], [ 72.89, 19.11 ] ] ] } },
{ "type": "Feature", "properties": { "cell_id": "r22_c12", "mean_ndvi": 0.17879314380745928, "mean_lst": 41.697780230966856, "mean_ndbi": -0.024957809431103234, "mean_dem": 29.00003987104563, "uhi_intensity": 2.6893577009832299, "risk_score": 76.290120763921465, "sustainability_score": 23.709879236078535, "cluster_id": 2, "cluster": "Cluster 2: Dense Urban Heat", "top_positive_driver": "mean_lst", "top_positive_shap": 19.595656321304869, "top_negative_driver": null, "top_negative_shap": 0.0, "explanation_text": "High composite risk index — dominated by high LST (temperature) (+19.60)" }, "geometry": { "type": "Polygon", "coordinates": [ [ [ 72.9, 19.11 ], [ 72.9, 19.12 ], [ 72.89, 19.12 ], [ 72.89, 19.11 ], [ 72.9, 19.11 ] ] ] } },
{ "type": "Feature", "properties": { "cell_id": "r22_c13", "mean_ndvi": 0.20084615697866509, "mean_lst": 40.873102040963268, "mean_ndbi": -0.053615715915968087, "mean_dem": 49.711529315269743, "uhi_intensity": 1.8646795109796415, "risk_score": 74.656391689522692, "sustainability_score": 25.343608310477308, "cluster_id": 2, "cluster": "Cluster 2: Dense Urban Heat", "top_positive_driver": "mean_lst", "top_positive_shap": 19.006956399729972, "top_negative_driver": "mean_ndbi", "top_negative_shap": -0.26279216257935845, "explanation_text": "High composite risk index — dominated by high LST (temperature) (+19.01) and attenuated by low NDBI (built-up) (-0.26)" }, "geometry": { "type": "Polygon", "coordinates": [ [ [ 72.91, 19.11 ], [ 72.91, 19.12 ], [ 72.9, 19.12 ], [ 72.9, 19.11 ], [ 72.91, 19.11 ] ] ] } },
{ "type": "Feature", "properties": { "cell_id": "r22_c14", "mean_ndvi": 0.16893175209152472, "mean_lst": 43.420489668759757, "mean_ndbi": 0.0098574380752124834, "mean_dem": 72.654077822806869, "uhi_intensity": 4.4120671387761305, "risk_score": 84.888183280938378, "sustainability_score": 15.111816719061622, "cluster_id": 2, "cluster": "Cluster 2: Dense Urban Heat", "top_positive_driver": "mean_lst", "top_positive_shap": 26.819148291012972, "top_negative_driver": "mean_ndbi", "top_negative_shap": -0.23752306574549889, "explanation_text": "High composite risk index — dominated by high LST (temperature) (+26.82) and attenuated by low NDBI (built-up) (-0.24)" }, "geometry": { "type": "Polygon", "coordinates": [ [ [ 72.92, 19.11 ], [ 72.92, 19.12 ], [ 72.91, 19.12 ], [ 72.91, 19.11 ], [ 72.92, 19.11 ] ] ] } },
{ "type": "Feature", "properties": { "cell_id": "r22_c15", "mean_ndvi": 0.17449344709449913, "mean_lst": 44.949113521249664, "mean_ndbi": 0.015869261161577698, "mean_dem": 39.714536739849137, "uhi_intensity": 5.9406909912660382, "risk_score": 89.710344128766366, "sustainability_score": 10.289655871233634, "cluster_id": 2, "cluster": "Cluster 2: Dense Urban Heat", "top_positive_driver": "mean_lst", "top_positive_shap": 28.156190814078098, "top_negative_driver": "mean_ndbi", "top_negative_shap": -0.29390487198729415, "explanation_text": "High composite risk index — dominated by high LST (temperature) (+28.16) and attenuated by low NDBI (built-up) (-0.29)" }, "geometry": { "type": "Polygon", "coordinates": [ [ [ 72.93, 19.11 ], [ 72.93, 19.12 ], [ 72.92, 19.12 ], [ 72.92, 19.11 ], [ 72.93, 19.11 ] ] ] } },
{ "type": "Feature", "properties": { "cell_id": "r22_c16", "mean_ndvi": 0.17165815517604741, "mean_lst": 44.602624367642839, "mean_ndbi": -0.013486696782242886, "mean_dem": 5.7696643133189616, "uhi_intensity": 5.5942018376592131, "risk_score": 85.660556899963041, "sustainability_score": 14.339443100036959, "cluster_id": 2, "cluster": "Cluster 2: Dense Urban Heat", "top_positive_driver": "mean_lst", "top_positive_shap": 27.752730416040421, "top_negative_driver": "mean_dem", "top_negative_shap": -0.89089804407812512, "explanation_text": "High composite risk index — dominated by high LST (temperature) (+27.75) and attenuated by high DEM (elevation) (-0.89)" }, "geometry": { "type": "Polygon", "coordinates": [ [ [ 72.94, 19.11 ], [ 72.94, 19.12 ], [ 72.93, 19.12 ], [ 72.93, 19.11 ], [ 72.94, 19.11 ] ] ] } },
{ "type": "Feature", "properties": { "cell_id": "r22_c17", "mean_ndvi": 0.34012802970824596, "mean_lst": 37.609884370402987, "mean_ndbi": -0.22548185133609011, "mean_dem": 2.6168364034038496, "uhi_intensity": -1.3985381595806388, "risk_score": 64.578167763203012, "sustainability_score": 35.421832236796988, "cluster_id": 3, "cluster": "Cluster 3: Green/Forested", "top_positive_driver": "mean_ndvi", "top_positive_shap": 8.0999750235310355, "top_negative_driver": "mean_dem", "top_negative_shap": -3.83953484851724, "explanation_text": "Moderate composite risk index — dominated by low NDVI (vegetation) (+8.10) and attenuated by high DEM (elevation) (-3.84)" }, "geometry": { "type": "Polygon", "coordinates": [ [ [ 72.95, 19.11 ], [ 72.95, 19.12 ], [ 72.94, 19.12 ], [ 72.94, 19.11 ], [ 72.95, 19.11 ] ] ] } },
{ "type": "Feature", "properties": { "cell_id": "r22_c18", "mean_ndvi": 0.41892531989049225, "mean_lst": 33.81260361172729, "mean_ndbi": -0.29757671717226108, "mean_dem": 2.8348872043421043, "uhi_intensity": -5.1958189182563359, "risk_score": 54.054192904180397, "sustainability_score": 45.945807095819603, "cluster_id": 3, "cluster": "Cluster 3: Green/Forested", "top_positive_driver": "mean_ndvi", "top_positive_shap": 17.23093824671319, "top_negative_driver": "mean_lst", "top_negative_shap": -15.068700896064318, "explanation_text": "Moderate composite risk index — dominated by low NDVI (vegetation) (+17.23) and attenuated by low LST (temperature) (-15.07)" }, "geometry": { "type": "Polygon", "coordinates": [ [ [ 72.96, 19.11 ], [ 72.96, 19.12 ], [ 72.95, 19.12 ], [ 72.95, 19.11 ], [ 72.96, 19.11 ] ] ] } },
{ "type": "Feature", "properties": { "cell_id": "r22_c19", "mean_ndvi": 0.17660827515871286, "mean_lst": 32.199735621636705, "mean_ndbi": -0.27590288885880088, "mean_dem": 1.0858765364592236, "uhi_intensity": -6.808686908346921, "risk_score": 30.503707042438304, "sustainability_score": 69.496292957561693, "cluster_id": 3, "cluster": "Cluster 3: Green/Forested", "top_positive_driver": "mean_ndvi", "top_positive_shap": 9.0648265010551619, "top_negative_driver": "mean_lst", "top_negative_shap": -29.952660309916229, "explanation_text": "Low composite risk index — dominated by low NDVI (vegetation) (+9.06) and attenuated by low LST (temperature) (-29.95)" }, "geometry": { "type": "Polygon", "coordinates": [ [ [ 72.97, 19.11 ], [ 72.97, 19.12 ], [ 72.96, 19.12 ], [ 72.96, 19.11 ], [ 72.97, 19.11 ] ] ] } },
{ "type": "Feature", "properties": { "cell_id": "r22_c20", "mean_ndvi": 0.045805569972304061, "mean_lst": 32.552493482256928, "mean_ndbi": -0.23386372992827464, "mean_dem": 0.39982228854757895, "uhi_intensity": -6.4559290477266984, "risk_score": 23.450011482310675, "sustainability_score": 76.549988517689329, "cluster_id": 3, "cluster": "Cluster 3: Green/Forested", "top_positive_driver": null, "top_positive_shap": 0.0, "top_negative_driver": "mean_lst", "top_negative_shap": -23.114461519661472, "explanation_text": "Low composite risk index — dominated by low LST (temperature) (-23.11)" }, "geometry": { "type": "Polygon", "coordinates": [ [ [ 72.980000000000103, 19.11 ], [ 72.980000000000103, 19.12 ], [ 72.97, 19.12 ], [ 72.97, 19.11 ], [ 72.980000000000103, 19.11 ] ] ] } },
{ "type": "Feature", "properties": { "cell_id": "r22_c21", "mean_ndvi": 0.38315913000349811, "mean_lst": 34.317163904978365, "mean_ndbi": -0.28144287383687738, "mean_dem": 2.2364324527528137, "uhi_intensity": -4.6912586250052613, "risk_score": 53.760982421076321, "sustainability_score": 46.239017578923679, "cluster_id": 3, "cluster": "Cluster 3: Green/Forested", "top_positive_driver": "mean_ndvi", "top_positive_shap": 14.668393770489162, "top_negative_driver": "mean_lst", "top_negative_shap": -12.49469045671051, "explanation_text": "Moderate composite risk index — dominated by low NDVI (vegetation) (+14.67) and attenuated by low LST (temperature) (-12.49)" }, "geometry": { "type": "Polygon", "coordinates": [ [ [ 72.99, 19.11 ], [ 72.99, 19.12 ], [ 72.980000000000103, 19.12 ], [ 72.980000000000103, 19.11 ], [ 72.99, 19.11 ] ] ] } },
{ "type": "Feature", "properties": { "cell_id": "r23_c0", "mean_ndvi": -0.17524341334601043, "mean_lst": 30.751458378049275, "mean_ndbi": -0.082875929567761616, "mean_dem": 0.0, "uhi_intensity": -8.2569641519343513, "risk_score": 6.4010685837313357, "sustainability_score": 93.59893141626867, "cluster_id": 0, "cluster": "Cluster 0: Coastal/Lowland Urban", "top_positive_driver": "mean_ndbi", "top_positive_shap": 0.35059552153885676, "top_negative_driver": "mean_lst", "top_negative_shap": -35.028657600883037, "explanation_text": "Low composite risk index — dominated by high NDBI (built-up) (+0.35) and attenuated by low LST (temperature) (-35.03)" }, "geometry": { "type": "Polygon", "coordinates": [ [ [ 72.78, 19.12 ], [ 72.78, 19.13 ], [ 72.77, 19.13 ], [ 72.77, 19.12 ], [ 72.78, 19.12 ] ] ] } },
{ "type": "Feature", "properties": { "cell_id": "r23_c1", "mean_ndvi": -0.1558794102285555, "mean_lst": 30.940772562241147, "mean_ndbi": -0.071234550871426147, "mean_dem": 0.041860584344933352, "uhi_intensity": -8.0676499677424793, "risk_score": 9.0615453897229479, "sustainability_score": 90.938454610277049, "cluster_id": 0, "cluster": "Cluster 0: Coastal/Lowland Urban", "top_positive_driver": "mean_ndbi", "top_positive_shap": 0.33033358049235784, "top_negative_driver": "mean_lst", "top_negative_shap": -34.737579460909544, "explanation_text": "Low composite risk index — dominated by high NDBI (built-up) (+0.33) and attenuated by low LST (temperature) (-34.74)" }, "geometry": { "type": "Polygon", "coordinates": [ [ [ 72.79, 19.12 ], [ 72.79, 19.13 ], [ 72.78, 19.13 ], [ 72.78, 19.12 ], [ 72.79, 19.12 ] ] ] } },
{ "type": "Feature", "properties": { "cell_id": "r23_c2", "mean_ndvi": -0.13898331150391774, "mean_lst": 31.092566243216069, "mean_ndbi": -0.056437813935462086, "mean_dem": 0.0035289593984534221, "uhi_intensity": -7.915856286767557, "risk_score": 11.528875784549074, "sustainability_score": 88.471124215450928, "cluster_id": 0, "cluster": "Cluster 0: Coastal/Lowland Urban", "top_positive_driver": null, "top_positive_shap": 0.0, "top_negative_driver": "mean_lst", "top_negative_shap": -33.341026988324323, "explanation_text": "Low composite risk index — dominated by low LST (temperature) (-33.34)" }, "geometry": { "type": "Polygon", "coordinates": [ [ [ 72.8, 19.12 ], [ 72.8, 19.13 ], [ 72.79, 19.13 ], [ 72.79, 19.12 ], [ 72.8, 19.12 ] ] ] } },
{ "type": "Feature", "properties": { "cell_id": "r23_c3", "mean_ndvi": -0.13886957562644744, "mean_lst": 31.017068308242543, "mean_ndbi": -0.05720298344257687, "mean_dem": 0.0, "uhi_intensity": -7.9913542217410836, "risk_score": 11.235837098409482, "sustainability_score": 88.764162901590524, "cluster_id": 0, "cluster": "Cluster 0: Coastal/Lowland Urban", "top_positive_driver": null, "top_positive_shap": 0.0, "top_negative_driver": "mean_lst", "top_negative_shap": -33.488266945046348, "explanation_text": "Low composite risk index — dominated by low LST (temperature) (-33.49)" }, "geometry": { "type": "Polygon", "coordinates": [ [ [ 72.81, 19.12 ], [ 72.81, 19.13 ], [ 72.8, 19.13 ], [ 72.8, 19.12 ], [ 72.81, 19.12 ] ] ] } },
{ "type": "Feature", "properties": { "cell_id": "r23_c4", "mean_ndvi": -0.0061370165653144076, "mean_lst": 34.919586666971917, "mean_ndbi": -0.06272904247678264, "mean_dem": 2.3272865541048651, "uhi_intensity": -4.0888358630117096, "risk_score": 35.224920433382337, "sustainability_score": 64.775079566617663, "cluster_id": 0, "cluster": "Cluster 0: Coastal/Lowland Urban", "top_positive_driver": null, "top_positive_shap": 0.0, "top_negative_driver": "mean_ndvi", "top_negative_shap": -7.6314786360558875, "explanation_text": "Low composite risk index — dominated by high NDVI (vegetation) (-7.63)" }, "geometry": { "type": "Polygon", "coordinates": [ [ [ 72.82, 19.12 ], [ 72.82, 19.13 ], [ 72.81, 19.13 ], [ 72.81, 19.12 ], [ 72.82, 19.12 ] ] ] } },
{ "type": "Feature", "properties": { "cell_id": "r23_c5", "mean_ndvi": 0.22449208170147403, "mean_lst": 40.144223301890435, "mean_ndbi": -0.061740712778783811, "mean_dem": 6.8334491736408554, "uhi_intensity": 1.1358007719068084, "risk_score": 71.825388297407741, "sustainability_score": 28.174611702592259, "cluster_id": 2, "cluster": "Cluster 2: Dense Urban Heat", "top_positive_driver": "mean_lst", "top_positive_shap": 16.438188537146893, "top_negative_driver": "mean_dem", "top_negative_shap": -1.7044926633386559, "explanation_text": "High composite risk index — dominated by high LST (temperature) (+16.44) and attenuated by high DEM (elevation) (-1.70)" }, "geometry": { "type": "Polygon", "coordinates": [ [ [ 72.83, 19.12 ], [ 72.83, 19.13 ], [ 72.82, 19.13 ], [ 72.82, 19.12 ], [ 72.83, 19.12 ] ] ] } },
{ "type": "Feature", "properties": { "cell_id": "r23_c6", "mean_ndvi": 0.18346154202277895, "mean_lst": 42.092273286503108, "mean_ndbi": -0.0065727807882801793, "mean_dem": 7.9824452981935758, "uhi_intensity": 3.0838507565194817, "risk_score": 77.998642299591154, "sustainability_score": 22.001357700408846, "cluster_id": 2, "cluster": "Cluster 2: Dense Urban Heat", "top_positive_driver": "mean_lst", "top_positive_shap": 21.858543696195984, "top_negative_driver": "mean_dem", "top_negative_shap": -1.0890461452619919, "explanation_text": "High composite risk index — dominated by high LST (temperature) (+21.86) and attenuated by high DEM (elevation) (-1.09)" }, "geometry": { "type": "Polygon", "coordinates": [ [ [ 72.84, 19.12 ], [ 72.84, 19.13 ], [ 72.83, 19.13 ], [ 72.83, 19.12 ], [ 72.84, 19.12 ] ] ] } },
{ "type": "Feature", "properties": { "cell_id": "r23_c7", "mean_ndvi": 0.1570784475470228, "mean_lst": 42.424697215750356, "mean_ndbi": 0.0070802637926181966, "mean_dem": 15.954246132112067, "uhi_intensity": 3.4162746857667301, "risk_score": 78.049804250110128, "sustainability_score": 21.950195749889872, "cluster_id": 2, "cluster": "Cluster 2: Dense Urban Heat", "top_positive_driver": "mean_lst", "top_positive_shap": 22.292068881418242, "top_negative_driver": "mean_dem", "top_negative_shap": -0.825578403428187, "explanation_text": "High composite risk index — dominated by high LST (temperature) (+22.29) and attenuated by high DEM (elevation) (-0.83)" }, "geometry": { "type": "Polygon", "coordinates": [ [ [ 72.85, 19.12 ], [ 72.85, 19.13 ], [ 72.84, 19.13 ], [ 72.84, 19.12 ], [ 72.85, 19.12 ] ] ] } },
{ "type": "Feature", "properties": { "cell_id": "r23_c8", "mean_ndvi": 0.1528165804999623, "mean_lst": 42.742724894503745, "mean_ndbi": 0.0058949074842938338, "mean_dem": 22.044255828194686, "uhi_intensity": 3.7343023645201185, "risk_score": 79.048082792424154, "sustainability_score": 20.951917207575846, "cluster_id": 2, "cluster": "Cluster 2: Dense Urban Heat", "top_positive_driver": "mean_lst", "top_positive_shap": 22.496906099267591, "top_negative_driver": "mean_dem", "top_negative_shap": -0.2350324195188056, "explanation_text": "High composite risk index — dominated by high LST (temperature) (+22.50) and attenuated by high DEM (elevation) (-0.24)" }, "geometry": { "type": "Polygon", "coordinates": [ [ [ 72.86, 19.12 ], [ 72.86, 19.13 ], [ 72.85, 19.13 ], [ 72.85, 19.12 ], [ 72.86, 19.12 ] ] ] } },
{ "type": "Feature", "properties": { "cell_id": "r23_c9", "mean_ndvi": 0.18081543025451882, "mean_lst": 41.510540990980012, "mean_ndbi": -0.012003050189413717, "mean_dem": 41.405804696734613, "uhi_intensity": 2.5021184609963854, "risk_score": 76.821238654355014, "sustainability_score": 23.178761345644986, "cluster_id": 2, "cluster": "Cluster 2: Dense Urban Heat", "top_positive_driver": "mean_lst", "top_positive_shap": 19.83207881867952, "top_negative_driver": null, "top_negative_shap": 0.0, "explanation_text": "High composite risk index — dominated by high LST (temperature) (+19.83)" }, "geometry": { "type": "Polygon", "coordinates": [ [ [ 72.87, 19.12 ], [ 72.87, 19.13 ], [ 72.86, 19.13 ], [ 72.86, 19.12 ], [ 72.87, 19.12 ] ] ] } },
{ "type": "Feature", "properties": { "cell_id": "r23_c10", "mean_ndvi": 0.17438028134288394, "mean_lst": 41.758280690110709, "mean_ndbi": -0.016369139695192679, "mean_dem": 36.558502215691107, "uhi_intensity": 2.7498581601270828, "risk_score": 76.831300076492553, "sustainability_score": 23.168699923507447, "cluster_id": 2, "cluster": "Cluster 2: Dense Urban Heat", "top_positive_driver": "mean_lst", "top_positive_shap": 19.737413504816459, "top_negative_driver": null, "top_negative_shap": 0.0, "explanation_text": "High composite risk index — dominated by high LST (temperature) (+19.74)" }, "geometry": { "type": "Polygon", "coordinates": [ [ [ 72.88, 19.12 ], [ 72.88, 19.13 ], [ 72.87, 19.13 ], [ 72.87, 19.12 ], [ 72.88, 19.12 ] ] ] } },
{ "type": "Feature", "properties": { "cell_id": "r23_c11", "mean_ndvi": 0.19442327912354959, "mean_lst": 42.113715227584059, "mean_ndbi": -0.025610221237936555, "mean_dem": 26.415125777565212, "uhi_intensity": 3.1052926976004329, "risk_score": 78.845573635747854, "sustainability_score": 21.154426364252146, "cluster_id": 2, "cluster": "Cluster 2: Dense Urban Heat", "top_positive_driver": "mean_lst", "top_positive_shap": 21.572459564208266, "top_negative_driver": "mean_ndbi", "top_negative_shap": -0.04275389444127943, "explanation_text": "High composite risk index — dominated by high LST (temperature) (+21.57) and attenuated by low NDBI (built-up) (-0.04)" }, "geometry": { "type": "Polygon", "coordinates": [ [ [ 72.89, 19.12 ], [ 72.89, 19.13 ], [ 72.88, 19.13 ], [ 72.88, 19.12 ], [ 72.89, 19.12 ] ] ] } },
{ "type": "Feature", "properties": { "cell_id": "r23_c12", "mean_ndvi": 0.17477534687962579, "mean_lst": 40.024451451887479, "mean_ndbi": -0.078162589932561477, "mean_dem": 37.559720303621681, "uhi_intensity": 1.0160289219038532, "risk_score": 68.099399178609914, "sustainability_score": 31.900600821390086, "cluster_id": 2, "cluster": "Cluster 2: Dense Urban Heat", "top_positive_driver": "mean_lst", "top_positive_shap": 16.982461934595769, "top_negative_driver": "mean_ndbi", "top_negative_shap": -0.25875918397166847, "explanation_text": "High composite risk index — dominated by high LST (temperature) (+16.98) and attenuated by low NDBI (built-up) (-0.26)" }, "geometry": { "type": "Polygon", "coordinates": [ [ [ 72.9, 19.12 ], [ 72.9, 19.13 ], [ 72.89, 19.13 ], [ 72.89, 19.12 ], [ 72.9, 19.12 ] ] ] } },
{ "type": "Feature", "properties": { "cell_id": "r23_c13", "mean_ndvi": 0.18829096048747967, "mean_lst": 33.500710616143927, "mean_ndbi": -0.25528550179772774, "mean_dem": 33.953628067537132, "uhi_intensity": -5.5077119138396995, "risk_score": 38.224575853047703, "sustainability_score": 61.775424146952297, "cluster_id": 3, "cluster": "Cluster 3: Green/Forested", "top_positive_driver": "mean_ndvi", "top_positive_shap": 8.1800840184356982, "top_negative_driver": "mean_lst", "top_negative_shap": -20.735508638346388, "explanation_text": "Low composite risk index — dominated by low NDVI (vegetation) (+8.18) and attenuated by low LST (temperature) (-20.74)" }, "geometry": { "type": "Polygon", "coordinates": [ [ [ 72.91, 19.12 ], [ 72.91, 19.13 ], [ 72.9, 19.13 ], [ 72.9, 19.12 ], [ 72.91, 19.12 ] ] ] } },
{ "type": "Feature", "properties": { "cell_id": "r23_c14", "mean_ndvi": 0.3145462831936528, "mean_lst": 38.789111160605081, "mean_ndbi": -0.12841172850157614, "mean_dem": 46.338973782024929, "uhi_intensity": -0.2193113693785449, "risk_score": 72.670333129121801, "sustainability_score": 27.329666870878199, "cluster_id": 3, "cluster": "Cluster 3: Green/Forested", "top_positive_driver": "mean_lst", "top_positive_shap": 14.992405482653915, "top_negative_driver": "mean_ndbi", "top_negative_shap": -0.85295157837751046, "explanation_text": "High composite risk index — dominated by high LST (temperature) (+14.99) and attenuated by low NDBI (built-up) (-0.85)" }, "geometry": { "type": "Polygon", "coordinates": [ [ [ 72.92, 19.12 ], [ 72.92, 19.13 ], [ 72.91, 19.13 ], [ 72.91, 19.12 ], [ 72.92, 19.12 ] ] ] } },
{ "type": "Feature", "properties": { "cell_id": "r23_c15", "mean_ndvi": 0.17522026032872157, "mean_lst": 44.323961763592258, "mean_ndbi": -0.00057005629881734868, "mean_dem": 20.97378487304011, "uhi_intensity": 5.3155392336086322, "risk_score": 86.093982011473287, "sustainability_score": 13.906017988526713, "cluster_id": 2, "cluster": "Cluster 2: Dense Urban Heat", "top_positive_driver": "mean_lst", "top_positive_shap": 27.628760655422724, "top_negative_driver": "mean_ndbi", "top_negative_shap": -0.37640807829470552, "explanation_text": "High composite risk index — dominated by high LST (temperature) (+27.63) and attenuated by low NDBI (built-up) (-0.38)" }, "geometry": { "type": "Polygon", "coordinates": [ [ [ 72.93, 19.12 ], [ 72.93, 19.13 ], [ 72.92, 19.13 ], [ 72.92, 19.12 ], [ 72.93, 19.12 ] ] ] } },
{ "type": "Feature", "properties": { "cell_id": "r23_c16", "mean_ndvi": 0.25761593394190302, "mean_lst": 42.229225512975553, "mean_ndbi": -0.088255197969761293, "mean_dem": 3.5207621868725072, "uhi_intensity": 3.2208029829919269, "risk_score": 80.553403761480851, "sustainability_score": 19.446596238519149, "cluster_id": 2, "cluster": "Cluster 2: Dense Urban Heat", "top_positive_driver": "mean_lst", "top_positive_shap": 21.387292216993217, "top_negative_driver": "mean_dem", "top_negative_shap": -1.3178528506995242, "explanation_text": "High composite risk index — dominated by high LST (temperature) (+21.39) and attenuated by high DEM (elevation) (-1.32)" }, "geometry": { "type": "Polygon", "coordinates": [ [ [ 72.94, 19.12 ], [ 72.94, 19.13 ], [ 72.93, 19.13 ], [ 72.93, 19.12 ], [ 72.94, 19.12 ] ] ] } },
{ "type": "Feature", "properties": { "cell_id": "r23_c17", "mean_ndvi": 0.23932854207471424, "mean_lst": 41.947545096312034, "mean_ndbi": -0.062915323855099278, "mean_dem": 2.4142058012623409, "uhi_intensity": 2.9391225663284075, "risk_score": 79.171779037076334, "sustainability_score": 20.828220962923666, "cluster_id": 2, "cluster": "Cluster 2: Dense Urban Heat", "top_positive_driver": "mean_lst", "top_positive_shap": 20.695967560863313, "top_negative_driver": "mean_dem", "top_negative_shap": -1.507337941653065, "explanation_text": "High composite risk index — dominated by high LST (temperature) (+20.70) and attenuated by high DEM (elevation) (-1.51)" }, "geometry": { "type": "Polygon", "coordinates": [ [ [ 72.95, 19.12 ], [ 72.95, 19.13 ], [ 72.94, 19.13 ], [ 72.94, 19.12 ], [ 72.95, 19.12 ] ] ] } },
{ "type": "Feature", "properties": { "cell_id": "r23_c18", "mean_ndvi": 0.23850129256362476, "mean_lst": 41.169169406064334, "mean_ndbi": -0.087867001445554468, "mean_dem": 2.0515589578847897, "uhi_intensity": 2.160746876080708, "risk_score": 75.260335208687323, "sustainability_score": 24.739664791312677, "cluster_id": 2, "cluster": "Cluster 2: Dense Urban Heat", "top_positive_driver": "mean_lst", "top_positive_shap": 18.78312461211463, "top_negative_driver": "mean_dem", "top_negative_shap": -1.6666145229078115, "explanation_text": "High composite risk index — dominated by high LST (temperature) (+18.78) and attenuated by high DEM (elevation) (-1.67)" }, "geometry": { "type": "Polygon", "coordinates": [ [ [ 72.96, 19.12 ], [ 72.96, 19.13 ], [ 72.95, 19.13 ], [ 72.95, 19.12 ], [ 72.96, 19.12 ] ] ] } },
{ "type": "Feature", "properties": { "cell_id": "r23_c19", "mean_ndvi": 0.33485273776797342, "mean_lst": 33.087570154088851, "mean_ndbi": -0.27468109001033103, "mean_dem": 2.7168373232316108, "uhi_intensity": -5.9208523758947749, "risk_score": 45.964629723708946, "sustainability_score": 54.035370276291054, "cluster_id": 3, "cluster": "Cluster 3: Green/Forested", "top_positive_driver": "mean_ndvi", "top_positive_shap": 13.843144730734897, "top_negative_driver": "mean_lst", "top_negative_shap": -18.043607435050784, "explanation_text": "Moderate composite risk index — dominated by low NDVI (vegetation) (+13.84) and attenuated by low LST (temperature) (-18.04)" }, "geometry": { "type": "Polygon", "coordinates": [ [ [ 72.97, 19.12 ], [ 72.97, 19.13 ], [ 72.96, 19.13 ], [ 72.96, 19.12 ], [ 72.97, 19.12 ] ] ] } },
{ "type": "Feature", "properties": { "cell_id": "r23_c20", "mean_ndvi": -0.001631064470228757, "mean_lst": 32.284079404635555, "mean_ndbi": -0.28215252717874995, "mean_dem": 0.00043008180098890462, "uhi_intensity": -6.7243431253480708, "risk_score": 16.779203296492323, "sustainability_score": 83.220796703507673, "cluster_id": 0, "cluster": "Cluster 0: Coastal/Lowland Urban", "top_positive_driver": null, "top_positive_shap": 0.0, "top_negative_driver": "mean_lst", "top_negative_shap": -28.56148922048013, "explanation_text": "Low composite risk index — dominated by low LST (temperature) (-28.56)" }, "geometry": { "type": "Polygon", "coordinates": [ [ [ 72.980000000000103, 19.12 ], [ 72.980000000000103, 19.13 ], [ 72.97, 19.13 ], [ 72.97, 19.12 ], [ 72.980000000000103, 19.12 ] ] ] } },
{ "type": "Feature", "properties": { "cell_id": "r23_c21", "mean_ndvi": 0.39347712422467762, "mean_lst": 35.149826282643232, "mean_ndbi": -0.27479782205778785, "mean_dem": 1.7145131659522388, "uhi_intensity": -3.8585962473403939, "risk_score": 57.785104240299404, "sustainability_score": 42.214895759700596, "cluster_id": 3, "cluster": "Cluster 3: Green/Forested", "top_positive_driver": "mean_ndvi", "top_positive_shap": 9.1200182116360438, "top_negative_driver": "mean_dem", "top_negative_shap": -4.5392221603209677, "explanation_text": "Moderate composite risk index — dominated by low NDVI (vegetation) (+9.12) and attenuated by high DEM (elevation) (-4.54)" }, "geometry": { "type": "Polygon", "coordinates": [ [ [ 72.99, 19.12 ], [ 72.99, 19.13 ], [ 72.980000000000103, 19.13 ], [ 72.980000000000103, 19.12 ], [ 72.99, 19.12 ] ] ] } },
{ "type": "Feature", "properties": { "cell_id": "r24_c0", "mean_ndvi": -0.17654075517454981, "mean_lst": 30.497350907597205, "mean_ndbi": -0.092015018665607684, "mean_dem": 0.0, "uhi_intensity": -8.5110716223864209, "risk_score": 5.007686256338423, "sustainability_score": 94.992313743661583, "cluster_id": 0, "cluster": "Cluster 0: Coastal/Lowland Urban", "top_positive_driver": "mean_ndbi", "top_positive_shap": 0.26952347490985329, "top_negative_driver": "mean_lst", "top_negative_shap": -35.138428995351006, "explanation_text": "Low composite risk index — dominated by high NDBI (built-up) (+0.27) and attenuated by low LST (temperature) (-35.14)" }, "geometry": { "type": "Polygon", "coordinates": [ [ [ 72.78, 19.13 ], [ 72.78, 19.14 ], [ 72.77, 19.14 ], [ 72.77, 19.13 ], [ 72.78, 19.13 ] ] ] } },
{ "type": "Feature", "properties": { "cell_id": "r24_c1", "mean_ndvi": -0.066316247126678593, "mean_lst": 34.409746929445667, "mean_ndbi": -0.067181342552060597, "mean_dem": 1.7435715587759475, "uhi_intensity": -4.598675600537959, "risk_score": 28.563601391744527, "sustainability_score": 71.436398608255473, "cluster_id": 0, "cluster": "Cluster 0: Coastal/Lowland Urban", "top_positive_driver": null, "top_positive_shap": 0.0, "top_negative_driver": "mean_lst", "top_negative_shap": -14.446187110946315, "explanation_text": "Low composite risk index — dominated by low LST (temperature) (-14.45)" }, "geometry": { "type": "Polygon", "coordinates": [ [ [ 72.79, 19.13 ], [ 72.79, 19.14 ], [ 72.78, 19.14 ], [ 72.78, 19.13 ], [ 72.79, 19.13 ] ] ] } },
{ "type": "Feature", "properties": { "cell_id": "r24_c2", "mean_ndvi": 0.060441981254217195, "mean_lst": 38.363801164072186, "mean_ndbi": -0.010806079859605964, "mean_dem": 10.215909608767982, "uhi_intensity": -0.64462136591144059, "risk_score": 55.145544211549065, "sustainability_score": 44.854455788450935, "cluster_id": 2, "cluster": "Cluster 2: Dense Urban Heat", "top_positive_driver": "mean_lst", "top_positive_shap": 8.0468097553761311, "top_negative_driver": "mean_dem", "top_negative_shap": -2.4806260607539321, "explanation_text": "Moderate composite risk index — dominated by high LST (temperature) (+8.05) and attenuated by high DEM (elevation) (-2.48)" }, "geometry": { "type": "Polygon", "coordinates": [ [ [ 72.8, 19.13 ], [ 72.8, 19.14 ], [ 72.79, 19.14 ], [ 72.79, 19.13 ], [ 72.8, 19.13 ] ] ] } },
{ "type": "Feature", "properties": { "cell_id": "r24_c3", "mean_ndvi": -0.075090722881421892, "mean_lst": 33.213408946613747, "mean_ndbi": -0.052985733894631869, "mean_dem": 1.4296215077037004, "uhi_intensity": -5.7950135833698795, "risk_score": 24.21167995609909, "sustainability_score": 75.78832004390091, "cluster_id": 0, "cluster": "Cluster 0: Coastal/Lowland Urban", "top_positive_driver": "mean_ndbi", "top_positive_shap": 0.16306373606456398, "top_negative_driver": "mean_lst", "top_negative_shap": -19.901972468561773, "explanation_text": "Low composite risk index — dominated by high NDBI (built-up) (+0.16) and attenuated by low LST (temperature) (-19.90)" }, "geometry": { "type": "Polygon", "coordinates": [ [ [ 72.81, 19.13 ], [ 72.81, 19.14 ], [ 72.8, 19.14 ], [ 72.8, 19.13 ], [ 72.81, 19.13 ] ] ] } },
{ "type": "Feature", "properties": { "cell_id": "r24_c4", "mean_ndvi": 0.22231931979421618, "mean_lst": 39.329506776764447, "mean_ndbi": -0.065694684016590787, "mean_dem": 8.6440877825089988, "uhi_intensity": 0.32108424678082059, "risk_score": 68.657502264612489, "sustainability_score": 31.342497735387511, "cluster_id": 2, "cluster": "Cluster 2: Dense Urban Heat", "top_positive_driver": "mean_lst", "top_positive_shap": 14.241201416511386, "top_negative_driver": "mean_dem", "top_negative_shap": -1.9201523358642532, "explanation_text": "High composite risk index — dominated by high LST (temperature) (+14.24) and attenuated by high DEM (elevation) (-1.92)" }, "geometry": { "type": "Polygon", "coordinates": [ [ [ 72.82, 19.13 ], [ 72.82, 19.14 ], [ 72.81, 19.14 ], [ 72.81, 19.13 ], [ 72.82, 19.13 ] ] ] } },
{ "type": "Feature", "properties": { "cell_id": "r24_c5", "mean_ndvi": 0.18742800061862869, "mean_lst": 41.493507759017923, "mean_ndbi": -0.017738637012024123, "mean_dem": 6.7844373294441507, "uhi_intensity": 2.4850852290342971, "risk_score": 75.647740538776006, "sustainability_score": 24.352259461223994, "cluster_id": 2, "cluster": "Cluster 2: Dense Urban Heat", "top_positive_driver": "mean_lst", "top_positive_shap": 19.44782218960674, "top_negative_driver": "mean_dem", "top_negative_shap": -1.2867242325660628, "explanation_text": "High composite risk index — dominated by high LST (temperature) (+19.45) and attenuated by high DEM (elevation) (-1.29)" }, "geometry": { "type": "Polygon", "coordinates": [ [ [ 72.83, 19.13 ], [ 72.83, 19.14 ], [ 72.82, 19.14 ], [ 72.82, 19.13 ], [ 72.83, 19.13 ] ] ] } },
{ "type": "Feature", "properties": { "cell_id": "r24_c6", "mean_ndvi": 0.15624149988042968, "mean_lst": 43.503119402193917, "mean_ndbi": -0.0057679527506475595, "mean_dem": 8.2002101779677687, "uhi_intensity": 4.4946968722102909, "risk_score": 80.977453158659543, "sustainability_score": 19.022546841340457, "cluster_id": 2, "cluster": "Cluster 2: Dense Urban Heat", "top_positive_driver": "mean_lst", "top_positive_shap": 27.049715012573511, "top_negative_driver": "mean_dem", "top_negative_shap": -0.90113016266203649, "explanation_text": "High composite risk index — dominated by high LST (temperature) (+27.05) and attenuated by high DEM (elevation) (-0.90)" }, "geometry": { "type": "Polygon", "coordinates": [ [ [ 72.84, 19.13 ], [ 72.84, 19.14 ], [ 72.83, 19.14 ], [ 72.83, 19.13 ], [ 72.84, 19.13 ] ] ] } },
{ "type": "Feature", "properties": { "cell_id": "r24_c7", "mean_ndvi": 0.17423793300342158, "mean_lst": 43.445386075988665, "mean_ndbi": -0.0069693479088195724, "mean_dem": 19.525921685237087, "uhi_intensity": 4.4369635460050389, "risk_score": 82.556591735655985, "sustainability_score": 17.443408264344015, "cluster_id": 2, "cluster": "Cluster 2: Dense Urban Heat", "top_positive_driver": "mean_lst", "top_positive_shap": 26.924094722486004, "top_negative_driver": "mean_ndbi", "top_negative_shap": -0.42183418124364924, "explanation_text": "High composite risk index — dominated by high LST (temperature) (+26.92) and attenuated by low NDBI (built-up) (-0.42)" }, "geometry": { "type": "Polygon", "coordinates": [ [ [ 72.85, 19.13 ], [ 72.85, 19.14 ], [ 72.84, 19.14 ], [ 72.84, 19.13 ], [ 72.85, 19.13 ] ] ] } },
{ "type": "Feature", "properties": { "cell_id": "r24_c8", "mean_ndvi": 0.15303584468646897, "mean_lst": 42.850695071243194, "mean_ndbi": 0.013282093691660847, "mean_dem": 23.518934992138906, "uhi_intensity": 3.8422725412595682, "risk_score": 79.821844019960267, "sustainability_score": 20.178155980039733, "cluster_id": 2, "cluster": "Cluster 2: Dense Urban Heat", "top_positive_driver": "mean_lst", "top_positive_shap": 24.295201176713462, "top_negative_driver": "mean_ndbi", "top_negative_shap": -0.20238095014163845, "explanation_text": "High composite risk index — dominated by high LST (temperature) (+24.30) and attenuated by low NDBI (built-up) (-0.20)" }, "geometry": { "type": "Polygon", "coordinates": [ [ [ 72.86, 19.13 ], [ 72.86, 19.14 ], [ 72.85, 19.14 ], [ 72.85, 19.13 ], [ 72.86, 19.13 ] ] ] } },
{ "type": "Feature", "properties": { "cell_id": "r24_c9", "mean_ndvi": 0.14207731743417756, "mean_lst": 42.888540341694068, "mean_ndbi": 0.013565411238673426, "mean_dem": 35.510631025790758, "uhi_intensity": 3.8801178117104413, "risk_score": 79.602917919176448, "sustainability_score": 20.397082080823552, "cluster_id": 2, "cluster": "Cluster 2: Dense Urban Heat", "top_positive_driver": "mean_lst", "top_positive_shap": 24.842066060589165, "top_negative_driver": "mean_ndbi", "top_negative_shap": -0.10103805131878045, "explanation_text": "High composite risk index — dominated by high LST (temperature) (+24.84) and attenuated by low NDBI (built-up) (-0.10)" }, "geometry": { "type": "Polygon", "coordinates": [ [ [ 72.87, 19.13 ], [ 72.87, 19.14 ], [ 72.86, 19.14 ], [ 72.86, 19.13 ], [ 72.87, 19.13 ] ] ] } },
{ "type": "Feature", "properties": { "cell_id": "r24_c10", "mean_ndvi": 0.23797456761699801, "mean_lst": 42.530111938916818, "mean_ndbi": -0.024978703742769271, "mean_dem": 54.403866363266118, "uhi_intensity": 3.5216894089331916, "risk_score": 84.82322358828776, "sustainability_score": 15.17677641171224, "cluster_id": 2, "cluster": "Cluster 2: Dense Urban Heat", "top_positive_driver": "mean_lst", "top_positive_shap": 22.615388062894954, "top_negative_driver": null, "top_negative_shap": 0.0, "explanation_text": "High composite risk index — dominated by high LST (temperature) (+22.62)" }, "geometry": { "type": "Polygon", "coordinates": [ [ [ 72.88, 19.13 ], [ 72.88, 19.14 ], [ 72.87, 19.14 ], [ 72.87, 19.13 ], [ 72.88, 19.13 ] ] ] } },
{ "type": "Feature", "properties": { "cell_id": "r24_c11", "mean_ndvi": 0.25040476695920894, "mean_lst": 41.520635721187467, "mean_ndbi": -0.042330041393872905, "mean_dem": 30.31711644996367, "uhi_intensity": 2.5122131912038412, "risk_score": 80.48558006162925, "sustainability_score": 19.51441993837075, "cluster_id": 2, "cluster": "Cluster 2: Dense Urban Heat", "top_positive_driver": "mean_lst", "top_positive_shap": 18.962050018387689, "top_negative_driver": "mean_ndbi", "top_negative_shap": -0.073935947055434104, "explanation_text": "High composite risk index — dominated by high LST (temperature) (+18.96) and attenuated by low NDBI (built-up) (-0.07)" }, "geometry": { "type": "Polygon", "coordinates": [ [ [ 72.89, 19.13 ], [ 72.89, 19.14 ], [ 72.88, 19.14 ], [ 72.88, 19.13 ], [ 72.89, 19.13 ] ] ] } },
{ "type": "Feature", "properties": { "cell_id": "r24_c12", "mean_ndvi": 0.26438845133343036, "mean_lst": 41.569356912664823, "mean_ndbi": -0.038799173307158513, "mean_dem": 42.61659949586295, "uhi_intensity": 2.5609343826811966, "risk_score": 82.374889253301959, "sustainability_score": 17.625110746698041, "cluster_id": 2, "cluster": "Cluster 2: Dense Urban Heat", "top_positive_driver": "mean_lst", "top_positive_shap": 19.579648048529876, "top_negative_driver": "mean_ndbi", "top_negative_shap": -0.0023464511565836899, "explanation_text": "High composite risk index — dominated by high LST (temperature) (+19.58) and attenuated by low NDBI (built-up) (-0.00)" }, "geometry": { "type": "Polygon", "coordinates": [ [ [ 72.9, 19.13 ], [ 72.9, 19.14 ], [ 72.89, 19.14 ], [ 72.89, 19.13 ], [ 72.9, 19.13 ] ] ] } },
{ "type": "Feature", "properties": { "cell_id": "r24_c13", "mean_ndvi": 0.33071924196860997, "mean_lst": 36.064373464486664, "mean_ndbi": -0.15909568199118307, "mean_dem": 42.579794642475719, "uhi_intensity": -2.9440490654969622, "risk_score": 62.74855210244403, "sustainability_score": 37.25144789755597, "cluster_id": 3, "cluster": "Cluster 3: Green/Forested", "top_positive_driver": "mean_ndvi", "top_positive_shap": 8.781402102446032, "top_negative_driver": "mean_ndbi", "top_negative_shap": -0.64338746491061116, "explanation_text": "Moderate composite risk index — dominated by low NDVI (vegetation) (+8.78) and attenuated by low NDBI (built-up) (-0.64)" }, "geometry": { "type": "Polygon", "coordinates": [ [ [ 72.91, 19.13 ], [ 72.91, 19.14 ], [ 72.9, 19.14 ], [ 72.9, 19.13 ], [ 72.91, 19.13 ] ] ] } },
{ "type": "Feature", "properties": { "cell_id": "r24_c14", "mean_ndvi": 0.36314796391424342, "mean_lst": 38.437119132009414, "mean_ndbi": -0.10393667647489095, "mean_dem": 54.095119554536474, "uhi_intensity": -0.57130339797421215, "risk_score": 76.501917018210619, "sustainability_score": 23.498082981789381, "cluster_id": 3, "cluster": "Cluster 3: Green/Forested", "top_positive_driver": "mean_lst", "top_positive_shap": 11.971074041276093, "top_negative_driver": "mean_ndbi", "top_negative_shap": -0.31838438221871773, "explanation_text": "High composite risk index — dominated by high LST (temperature) (+11.97) and attenuated by low NDBI (built-up) (-0.32)" }, "geometry": { "type": "Polygon", "coordinates": [ [ [ 72.92, 19.13 ], [ 72.92, 19.14 ], [ 72.91, 19.14 ], [ 72.91, 19.13 ], [ 72.92, 19.13 ] ] ] } },
{ "type": "Feature", "properties": { "cell_id": "r24_c15", "mean_ndvi": 0.28024141614325632, "mean_lst": 41.797089154837572, "mean_ndbi": -0.032004868681776898, "mean_dem": 24.601520955866619, "uhi_intensity": 2.7886666248539456, "risk_score": 83.977703397650274, "sustainability_score": 16.022296602349726, "cluster_id": 2, "cluster": "Cluster 2: Dense Urban Heat", "top_positive_driver": "mean_lst", "top_positive_shap": 19.599367883734235, "top_negative_driver": null, "top_negative_shap": 0.0, "explanation_text": "High composite risk index — dominated by high LST (temperature) (+19.60)" }, "geometry": { "type": "Polygon", "coordinates": [ [ [ 72.93, 19.13 ], [ 72.93, 19.14 ], [ 72.92, 19.14 ], [ 72.92, 19.13 ], [ 72.93, 19.13 ] ] ] } },
{ "type": "Feature", "properties": { "cell_id": "r24_c16", "mean_ndvi": 0.16897462003988886, "mean_lst": 44.196317825076683, "mean_ndbi": 0.011115405426466033, "mean_dem": 8.6863526965636133, "uhi_intensity": 5.1878952950930568, "risk_score": 85.164306807265177, "sustainability_score": 14.835693192734823, "cluster_id": 2, "cluster": "Cluster 2: Dense Urban Heat", "top_positive_driver": "mean_lst", "top_positive_shap": 27.676086225718151, "top_negative_driver": "mean_dem", "top_negative_shap": -0.86702545768370731, "explanation_text": "High composite risk index — dominated by high LST (temperature) (+27.68) and attenuated by high DEM (elevation) (-0.87)" }, "geometry": { "type": "Polygon", "coordinates": [ [ [ 72.94, 19.13 ], [ 72.94, 19.14 ], [ 72.93, 19.14 ], [ 72.93, 19.13 ], [ 72.94, 19.13 ] ] ] } },
{ "type": "Feature", "properties": { "cell_id": "r24_c17", "mean_ndvi": 0.25041425981889548, "mean_lst": 40.627635767873535, "mean_ndbi": -0.12819140723040984, "mean_dem": 1.9656474743303116, "uhi_intensity": 1.6192132378899089, "risk_score": 72.533223792160754, "sustainability_score": 27.466776207839246, "cluster_id": 2, "cluster": "Cluster 2: Dense Urban Heat", "top_positive_driver": "mean_lst", "top_positive_shap": 17.418275168175814, "top_negative_driver": "mean_dem", "top_negative_shap": -1.9210238771784904, "explanation_text": "High composite risk index — dominated by high LST (temperature) (+17.42) and attenuated by high DEM (elevation) (-1.92)" }, "geometry": { "type": "Polygon", "coordinates": [ [ [ 72.95, 19.13 ], [ 72.95, 19.14 ], [ 72.94, 19.14 ], [ 72.94, 19.13 ], [ 72.95, 19.13 ] ] ] } },
{ "type": "Feature", "properties": { "cell_id": "r24_c18", "mean_ndvi": 0.40855627955109691, "mean_lst": 34.77657759022599, "mean_ndbi": -0.27893672798575242, "mean_dem": 2.7423375957622569, "uhi_intensity": -4.2318449397576359, "risk_score": 57.480098885930097, "sustainability_score": 42.519901114069903, "cluster_id": 3, "cluster": "Cluster 3: Green/Forested", "top_positive_driver": "mean_ndvi", "top_positive_shap": 12.416338729567027, "top_negative_driver": "mean_lst", "top_negative_shap": -6.1395626467883071, "explanation_text": "Moderate composite risk index — dominated by low NDVI (vegetation) (+12.42) and attenuated by low LST (temperature) (-6.14)" }, "geometry": { "type": "Polygon", "coordinates": [ [ [ 72.96, 19.13 ], [ 72.96, 19.14 ], [ 72.95, 19.14 ], [ 72.95, 19.13 ], [ 72.96, 19.13 ] ] ] } },
{ "type": "Feature", "properties": { "cell_id": "r24_c19", "mean_ndvi": 0.40744271870758081, "mean_lst": 33.124067185443032, "mean_ndbi": -0.33403980031650909, "mean_dem": 2.5990515387573172, "uhi_intensity": -5.8843553445405945, "risk_score": 49.160121399008425, "sustainability_score": 50.839878600991575, "cluster_id": 3, "cluster": "Cluster 3: Green/Forested", "top_positive_driver": "mean_ndvi", "top_positive_shap": 17.420274241876719, "top_negative_driver": "mean_lst", "top_negative_shap": -15.866063877099323, "explanation_text": "Moderate composite risk index — dominated by low NDVI (vegetation) (+17.42) and attenuated by low LST (temperature) (-15.87)" }, "geometry": { "type": "Polygon", "coordinates": [ [ [ 72.97, 19.13 ], [ 72.97, 19.14 ], [ 72.96, 19.14 ], [ 72.96, 19.13 ], [ 72.97, 19.13 ] ] ] } },
{ "type": "Feature", "properties": { "cell_id": "r24_c20", "mean_ndvi": 0.13024829132357624, "mean_lst": 32.583278372215645, "mean_ndbi": -0.29798762100056914, "mean_dem": 0.67741779290505422, "uhi_intensity": -6.4251441577679813, "risk_score": 27.351039783037535, "sustainability_score": 72.648960216962465, "cluster_id": 3, "cluster": "Cluster 3: Green/Forested", "top_positive_driver": "mean_ndvi", "top_positive_shap": 5.2631334140491974, "top_negative_driver": "mean_lst", "top_negative_shap": -23.09423501592013, "explanation_text": "Low composite risk index — dominated by low NDVI (vegetation) (+5.26) and attenuated by low LST (temperature) (-23.09)" }, "geometry": { "type": "Polygon", "coordinates": [ [ [ 72.980000000000103, 19.13 ], [ 72.980000000000103, 19.14 ], [ 72.97, 19.14 ], [ 72.97, 19.13 ], [ 72.980000000000103, 19.13 ] ] ] } },
{ "type": "Feature", "properties": { "cell_id": "r24_c21", "mean_ndvi": 0.37065586548658253, "mean_lst": 35.326225852963965, "mean_ndbi": -0.24953072369404222, "mean_dem": 1.3838419800908588, "uhi_intensity": -3.682196677019661, "risk_score": 57.7158039296392, "sustainability_score": 42.2841960703608, "cluster_id": 3, "cluster": "Cluster 3: Green/Forested", "top_positive_driver": "mean_ndvi", "top_positive_shap": 8.61120581827916, "top_negative_driver": "mean_dem", "top_negative_shap": -4.5613016340075481, "explanation_text": "Moderate composite risk index — dominated by low NDVI (vegetation) (+8.61) and attenuated by high DEM (elevation) (-4.56)" }, "geometry": { "type": "Polygon", "coordinates": [ [ [ 72.99, 19.13 ], [ 72.99, 19.14 ], [ 72.980000000000103, 19.14 ], [ 72.980000000000103, 19.13 ], [ 72.99, 19.13 ] ] ] } },
{ "type": "Feature", "properties": { "cell_id": "r25_c0", "mean_ndvi": -0.17581987940407826, "mean_lst": 30.567136028551985, "mean_ndbi": -0.11274706945899562, "mean_dem": 0.0, "uhi_intensity": -8.4412865014316409, "risk_score": 4.4331088581240419, "sustainability_score": 95.566891141875956, "cluster_id": 0, "cluster": "Cluster 0: Coastal/Lowland Urban", "top_positive_driver": null, "top_positive_shap": 0.0, "top_negative_driver": "mean_lst", "top_negative_shap": -35.863504358977771, "explanation_text": "Low composite risk index — dominated by low LST (temperature) (-35.86)" }, "geometry": { "type": "Polygon", "coordinates": [ [ [ 72.78, 19.14 ], [ 72.78, 19.15 ], [ 72.77, 19.15 ], [ 72.77, 19.14 ], [ 72.78, 19.14 ] ] ] } },
{ "type": "Feature", "properties": { "cell_id": "r25_c1", "mean_ndvi": -0.10060494410421839, "mean_lst": 33.156100691969634, "mean_ndbi": -0.074293418045792411, "mean_dem": 1.3844105315924951, "uhi_intensity": -5.8523218380139923, "risk_score": 21.138681914893624, "sustainability_score": 78.861318085106376, "cluster_id": 0, "cluster": "Cluster 0: Coastal/Lowland Urban", "top_positive_driver": null, "top_positive_shap": 0.0, "top_negative_driver": "mean_lst", "top_negative_shap": -20.414367773604042, "explanation_text": "Low composite risk index — dominated by low LST (temperature) (-20.41)" }, "geometry": { "type": "Polygon", "coordinates": [ [ [ 72.79, 19.14 ], [ 72.79, 19.15 ], [ 72.78, 19.15 ], [ 72.78, 19.14 ], [ 72.79, 19.14 ] ] ] } },
{ "type": "Feature", "properties": { "cell_id": "r25_c2", "mean_ndvi": 0.2349661886050203, "mean_lst": 40.572116976595723, "mean_ndbi": -0.030461990390273724, "mean_dem": 12.445749880374576, "uhi_intensity": 1.5636944466120966, "risk_score": 75.706729401733355, "sustainability_score": 24.293270598266645, "cluster_id": 2, "cluster": "Cluster 2: Dense Urban Heat", "top_positive_driver": "mean_lst", "top_positive_shap": 16.896968755569461, "top_negative_driver": "mean_dem", "top_negative_shap": -1.5998244233160284, "explanation_text": "High composite risk index — dominated by high LST (temperature) (+16.90) and attenuated by high DEM (elevation) (-1.60)" }, "geometry": { "type": "Polygon", "coordinates": [ [ [ 72.8, 19.14 ], [ 72.8, 19.15 ], [ 72.79, 19.15 ], [ 72.79, 19.14 ], [ 72.8, 19.14 ] ] ] } },
{ "type": "Feature", "properties": { "cell_id": "r25_c3", "mean_ndvi": 0.15151981283958851, "mean_lst": 37.694280312376002, "mean_ndbi": -0.08985244940392477, "mean_dem": 3.7178297620268084, "uhi_intensity": -1.3141422176076247, "risk_score": 56.15763236887561, "sustainability_score": 43.84236763112439, "cluster_id": 2, "cluster": "Cluster 2: Dense Urban Heat", "top_positive_driver": "mean_lst", "top_positive_shap": 5.7441789322583334, "top_negative_driver": "mean_dem", "top_negative_shap": -2.2065054826527399, "explanation_text": "Moderate composite risk index — dominated by high LST (temperature) (+5.74) and attenuated by high DEM (elevation) (-2.21)" }, "geometry": { "type": "Polygon", "coordinates": [ [ [ 72.81, 19.14 ], [ 72.81, 19.15 ], [ 72.8, 19.15 ], [ 72.8, 19.14 ], [ 72.81, 19.14 ] ] ] } },
{ "type": "Feature", "properties": { "cell_id": "r25_c4", "mean_ndvi": 0.30501796398229608, "mean_lst": 37.362493167322533, "mean_ndbi": -0.15204559271809498, "mean_dem": 4.5940614363633649, "uhi_intensity": -1.6459293626610929, "risk_score": 64.18590288662503, "sustainability_score": 35.81409711337497, "cluster_id": 3, "cluster": "Cluster 3: Green/Forested", "top_positive_driver": "mean_ndvi", "top_positive_shap": 7.8125078784736317, "top_negative_driver": "mean_dem", "top_negative_shap": -3.1206339586488241, "explanation_text": "Moderate composite risk index — dominated by low NDVI (vegetation) (+7.81) and attenuated by high DEM (elevation) (-3.12)" }, "geometry": { "type": "Polygon", "coordinates": [ [ [ 72.82, 19.14 ], [ 72.82, 19.15 ], [ 72.81, 19.15 ], [ 72.81, 19.14 ], [ 72.82, 19.14 ] ] ] } },
{ "type": "Feature", "properties": { "cell_id": "r25_c5", "mean_ndvi": 0.21857436190979171, "mean_lst": 39.034247381782357, "mean_ndbi": -0.086438459438273246, "mean_dem": 8.5655931498498674, "uhi_intensity": 0.025824851798731174, "risk_score": 66.43392830360466, "sustainability_score": 33.56607169639534, "cluster_id": 2, "cluster": "Cluster 2: Dense Urban Heat", "top_positive_driver": "mean_lst", "top_positive_shap": 14.135566264388073, "top_negative_driver": "mean_dem", "top_negative_shap": -1.933796115094095, "explanation_text": "High composite risk index — dominated by high LST (temperature) (+14.14) and attenuated by high DEM (elevation) (-1.93)" }, "geometry": { "type": "Polygon", "coordinates": [ [ [ 72.83, 19.14 ], [ 72.83, 19.15 ], [ 72.82, 19.15 ], [ 72.82, 19.14 ], [ 72.83, 19.14 ] ] ] } },
{ "type": "Feature", "properties": { "cell_id": "r25_c6", "mean_ndvi": 0.1081442597656459, "mean_lst": 43.922635627029706, "mean_ndbi": 0.039636515187683609, "mean_dem": 8.6075549935636602, "uhi_intensity": 4.9142130970460798, "risk_score": 80.712928029535362, "sustainability_score": 19.287071970464638, "cluster_id": 2, "cluster": "Cluster 2: Dense Urban Heat", "top_positive_driver": "mean_lst", "top_positive_shap": 29.388725374673676, "top_negative_driver": "mean_dem", "top_negative_shap": -0.79601864078135198, "explanation_text": "High composite risk index — dominated by high LST (temperature) (+29.39) and attenuated by high DEM (elevation) (-0.80)" }, "geometry": { "type": "Polygon", "coordinates": [ [ [ 72.84, 19.14 ], [ 72.84, 19.15 ], [ 72.83, 19.15 ], [ 72.83, 19.14 ], [ 72.84, 19.14 ] ] ] } },
{ "type": "Feature", "properties": { "cell_id": "r25_c7", "mean_ndvi": 0.12328118005124288, "mean_lst": 43.572697537335543, "mean_ndbi": 0.026997952203713829, "mean_dem": 9.4893618839291562, "uhi_intensity": 4.5642750073519167, "risk_score": 80.129348604116814, "sustainability_score": 19.870651395883186, "cluster_id": 2, "cluster": "Cluster 2: Dense Urban Heat", "top_positive_driver": "mean_lst", "top_positive_shap": 27.77629364737302, "top_negative_driver": "mean_dem", "top_negative_shap": -0.90413184761761423, "explanation_text": "High composite risk index — dominated by high LST (temperature) (+27.78) and attenuated by high DEM (elevation) (-0.90)" }, "geometry": { "type": "Polygon", "coordinates": [ [ [ 72.85, 19.14 ], [ 72.85, 19.15 ], [ 72.84, 19.15 ], [ 72.84, 19.14 ], [ 72.85, 19.14 ] ] ] } },
{ "type": "Feature", "properties": { "cell_id": "r25_c8", "mean_ndvi": 0.15355023157058026, "mean_lst": 44.746305388692249, "mean_ndbi": 0.0071362577423275658, "mean_dem": 17.720985143664354, "uhi_intensity": 5.7378828587086232, "risk_score": 86.129468308080405, "sustainability_score": 13.870531691919595, "cluster_id": 2, "cluster": "Cluster 2: Dense Urban Heat", "top_positive_driver": "mean_lst", "top_positive_shap": 27.709082981429596, "top_negative_driver": "mean_ndbi", "top_negative_shap": -0.47617683835404884, "explanation_text": "High composite risk index — dominated by high LST (temperature) (+27.71) and attenuated by low NDBI (built-up) (-0.48)" }, "geometry": { "type": "Polygon", "coordinates": [ [ [ 72.86, 19.14 ], [ 72.86, 19.15 ], [ 72.85, 19.15 ], [ 72.85, 19.14 ], [ 72.86, 19.14 ] ] ] } },
{ "type": "Feature", "properties": { "cell_id": "r25_c9", "mean_ndvi": 0.27345650981609188, "mean_lst": 41.174457327209012, "mean_ndbi": -0.05230538071184531, "mean_dem": 41.8497647367101, "uhi_intensity": 2.1660347972253859, "risk_score": 81.061506191233207, "sustainability_score": 18.938493808766793, "cluster_id": 2, "cluster": "Cluster 2: Dense Urban Heat", "top_positive_driver": "mean_lst", "top_positive_shap": 19.014842995924433, "top_negative_driver": "mean_ndbi", "top_negative_shap": -0.28179863669708605, "explanation_text": "High composite risk index — dominated by high LST (temperature) (+19.01) and attenuated by low NDBI (built-up) (-0.28)" }, "geometry": { "type": "Polygon", "coordinates": [ [ [ 72.87, 19.14 ], [ 72.87, 19.15 ], [ 72.86, 19.15 ], [ 72.86, 19.14 ], [ 72.87, 19.14 ] ] ] } },
{ "type": "Feature", "properties": { "cell_id": "r25_c10", "mean_ndvi": 0.31461751598482929, "mean_lst": 39.931674824519462, "mean_ndbi": -0.044750824635800664, "mean_dem": 57.34474784411551, "uhi_intensity": 0.92325229453583546, "risk_score": 80.734873098244265, "sustainability_score": 19.265126901755735, "cluster_id": 2, "cluster": "Cluster 2: Dense Urban Heat", "top_positive_driver": "mean_lst", "top_positive_shap": 17.008597722125579, "top_negative_driver": "mean_ndbi", "top_negative_shap": -0.12415596820025772, "explanation_text": "High composite risk index — dominated by high LST (temperature) (+17.01) and attenuated by low NDBI (built-up) (-0.12)" }, "geometry": { "type": "Polygon", "coordinates": [ [ [ 72.88, 19.14 ], [ 72.88, 19.15 ], [ 72.87, 19.15 ], [ 72.87, 19.14 ], [ 72.88, 19.14 ] ] ] } },
{ "type": "Feature", "properties": { "cell_id": "r25_c11", "mean_ndvi": 0.31199585480266662, "mean_lst": 41.880589322455677, "mean_ndbi": -0.019115740785493454, "mean_dem": 62.402616378426252, "uhi_intensity": 2.8721667924720506, "risk_score": 88.770760889015136, "sustainability_score": 11.229239110984864, "cluster_id": 2, "cluster": "Cluster 2: Dense Urban Heat", "top_positive_driver": "mean_lst", "top_positive_shap": 20.667989283380916, "top_negative_driver": null, "top_negative_shap": 0.0, "explanation_text": "High composite risk index — dominated by high LST (temperature) (+20.67)" }, "geometry": { "type": "Polygon", "coordinates": [ [ [ 72.89, 19.14 ], [ 72.89, 19.15 ], [ 72.88, 19.15 ], [ 72.88, 19.14 ], [ 72.89, 19.14 ] ] ] } },
{ "type": "Feature", "properties": { "cell_id": "r25_c12", "mean_ndvi": 0.23681307692947254, "mean_lst": 43.456438350126135, "mean_ndbi": 0.040778393486417451, "mean_dem": 48.079106569143335, "uhi_intensity": 4.4480158201425084, "risk_score": 90.572785252048831, "sustainability_score": 9.4272147479511688, "cluster_id": 2, "cluster": "Cluster 2: Dense Urban Heat", "top_positive_driver": "mean_lst", "top_positive_shap": 27.442497732578346, "top_negative_driver": null, "top_negative_shap": 0.0, "explanation_text": "High composite risk index — dominated by high LST (temperature) (+27.44)" }, "geometry": { "type": "Polygon", "coordinates": [ [ [ 72.9, 19.14 ], [ 72.9, 19.15 ], [ 72.89, 19.15 ], [ 72.89, 19.14 ], [ 72.9, 19.14 ] ] ] } },
{ "type": "Feature", "properties": { "cell_id": "r25_c13", "mean_ndvi": -0.010662662779771785, "mean_lst": 32.449119873563177, "mean_ndbi": -0.13466740706400757, "mean_dem": 54.307223665322191, "uhi_intensity": -6.5593026564204493, "risk_score": 25.087325347490193, "sustainability_score": 74.912674652509807, "cluster_id": 0, "cluster": "Cluster 0: Coastal/Lowland Urban", "top_positive_driver": "mean_dem", "top_positive_shap": 1.6613996280634311, "top_negative_driver": "mean_lst", "top_negative_shap": -23.492652073670172, "explanation_text": "Low composite risk index — dominated by low DEM (elevation) (+1.66) and attenuated by low LST (temperature) (-23.49)" }, "geometry": { "type": "Polygon", "coordinates": [ [ [ 72.91, 19.14 ], [ 72.91, 19.15 ], [ 72.9, 19.15 ], [ 72.9, 19.14 ], [ 72.91, 19.14 ] ] ] } },
{ "type": "Feature", "properties": { "cell_id": "r25_c14", "mean_ndvi": 0.15461189102796799, "mean_lst": 36.995865333276917, "mean_ndbi": -0.078007944398713294, "mean_dem": 69.045078967230978, "uhi_intensity": -2.0125571967067089, "risk_score": 57.008400474523889, "sustainability_score": 42.991599525476111, "cluster_id": 2, "cluster": "Cluster 2: Dense Urban Heat", "top_positive_driver": "mean_lst", "top_positive_shap": 5.1862375036891635, "top_negative_driver": "mean_ndbi", "top_negative_shap": -0.10854641648541097, "explanation_text": "Moderate composite risk index — dominated by high LST (temperature) (+5.19) and attenuated by low NDBI (built-up) (-0.11)" }, "geometry": { "type": "Polygon", "coordinates": [ [ [ 72.92, 19.14 ], [ 72.92, 19.15 ], [ 72.91, 19.15 ], [ 72.91, 19.14 ], [ 72.92, 19.14 ] ] ] } },
{ "type": "Feature", "properties": { "cell_id": "r25_c15", "mean_ndvi": 0.18112672759109164, "mean_lst": 44.908393739083309, "mean_ndbi": 0.059351349352693809, "mean_dem": 44.768291293549233, "uhi_intensity": 5.8999712090996823, "risk_score": 92.120201155338762, "sustainability_score": 7.8797988446612379, "cluster_id": 2, "cluster": "Cluster 2: Dense Urban Heat", "top_positive_driver": "mean_lst", "top_positive_shap": 29.572305166390198, "top_negative_driver": null, "top_negative_shap": 0.0, "explanation_text": "High composite risk index — dominated by high LST (temperature) (+29.57)" }, "geometry": { "type": "Polygon", "coordinates": [ [ [ 72.93, 19.14 ], [ 72.93, 19.15 ], [ 72.92, 19.15 ], [ 72.92, 19.14 ], [ 72.93, 19.14 ] ] ] } },
{ "type": "Feature", "properties": { "cell_id": "r25_c16", "mean_ndvi": 0.18593279415425995, "mean_lst": 43.702505002914805, "mean_ndbi": -0.0075456674831119947, "mean_dem": 12.616312917264761, "uhi_intensity": 4.6940824729311785, "risk_score": 84.073909364219588, "sustainability_score": 15.926090635780412, "cluster_id": 2, "cluster": "Cluster 2: Dense Urban Heat", "top_positive_driver": "mean_lst", "top_positive_shap": 27.149188107384756, "top_negative_driver": "mean_dem", "top_negative_shap": -0.77057592015995646, "explanation_text": "High composite risk index — dominated by high LST (temperature) (+27.15) and attenuated by high DEM (elevation) (-0.77)" }, "geometry": { "type": "Polygon", "coordinates": [ [ [ 72.94, 19.14 ], [ 72.94, 19.15 ], [ 72.93, 19.15 ], [ 72.93, 19.14 ], [ 72.94, 19.14 ] ] ] } },
{ "type": "Feature", "properties": { "cell_id": "r25_c17", "mean_ndvi": 0.26407495789352797, "mean_lst": 40.432783066424932, "mean_ndbi": -0.082594124466699267, "mean_dem": 3.5409061908993507, "uhi_intensity": 1.4243605364413057, "risk_score": 74.885458151911394, "sustainability_score": 25.114541848088606, "cluster_id": 2, "cluster": "Cluster 2: Dense Urban Heat", "top_positive_driver": "mean_lst", "top_positive_shap": 16.516954297134223, "top_negative_driver": "mean_dem", "top_negative_shap": -2.0613600279576958, "explanation_text": "High composite risk index — dominated by high LST (temperature) (+16.52) and attenuated by high DEM (elevation) (-2.06)" }, "geometry": { "type": "Polygon", "coordinates": [ [ [ 72.95, 19.14 ], [ 72.95, 19.15 ], [ 72.94, 19.15 ], [ 72.94, 19.14 ], [ 72.95, 19.14 ] ] ] } },
{ "type": "Feature", "properties": { "cell_id": "r25_c18", "mean_ndvi": 0.35954828269767974, "mean_lst": 35.231024550440871, "mean_ndbi": -0.25584377937301694, "mean_dem": 2.5967841153754088, "uhi_intensity": -3.777397979542755, "risk_score": 56.302169523068343, "sustainability_score": 43.697830476931657, "cluster_id": 3, "cluster": "Cluster 3: Green/Forested", "top_positive_driver": "mean_ndvi", "top_positive_shap": 8.5453789421068667, "top_negative_driver": "mean_dem", "top_negative_shap": -4.4761194193115372, "explanation_text": "Moderate composite risk index — dominated by low NDVI (vegetation) (+8.55) and attenuated by high DEM (elevation) (-4.48)" }, "geometry": { "type": "Polygon", "coordinates": [ [ [ 72.96, 19.14 ], [ 72.96, 19.15 ], [ 72.95, 19.15 ], [ 72.95, 19.14 ], [ 72.96, 19.14 ] ] ] } },
{ "type": "Feature", "properties": { "cell_id": "r25_c19", "mean_ndvi": 0.2452895936214062, "mean_lst": 37.815328516072917, "mean_ndbi": -0.16309414729610158, "mean_dem": 2.0248279672796001, "uhi_intensity": -1.1930940139107094, "risk_score": 60.633329429464553, "sustainability_score": 39.366670570535447, "cluster_id": 3, "cluster": "Cluster 3: Green/Forested", "top_positive_driver": "mean_lst", "top_positive_shap": 6.9889933469893171, "top_negative_driver": "mean_dem", "top_negative_shap": -2.7334531044384081, "explanation_text": "Moderate composite risk index — dominated by high LST (temperature) (+6.99) and attenuated by high DEM (elevation) (-2.73)" }, "geometry": { "type": "Polygon", "coordinates": [ [ [ 72.97, 19.14 ], [ 72.97, 19.15 ], [ 72.96, 19.15 ], [ 72.96, 19.14 ], [ 72.97, 19.14 ] ] ] } },
{ "type": "Feature", "properties": { "cell_id": "r25_c20", "mean_ndvi": 0.27962370018888288, "mean_lst": 33.494236728473624, "mean_ndbi": -0.29945381421117673, "mean_dem": 1.7852154396518287, "uhi_intensity": -5.5141858015100027, "risk_score": 42.077082702665955, "sustainability_score": 57.922917297334045, "cluster_id": 3, "cluster": "Cluster 3: Green/Forested", "top_positive_driver": "mean_ndvi", "top_positive_shap": 12.233407623686048, "top_negative_driver": "mean_lst", "top_negative_shap": -18.481220696906394, "explanation_text": "Moderate composite risk index — dominated by low NDVI (vegetation) (+12.23) and attenuated by low LST (temperature) (-18.48)" }, "geometry": { "type": "Polygon", "coordinates": [ [ [ 72.980000000000103, 19.14 ], [ 72.980000000000103, 19.15 ], [ 72.97, 19.15 ], [ 72.97, 19.14 ], [ 72.980000000000103, 19.14 ] ] ] } },
{ "type": "Feature", "properties": { "cell_id": "r25_c21", "mean_ndvi": 0.22646993861809264, "mean_lst": 39.338129114019722, "mean_ndbi": -0.1404076203072909, "mean_dem": 2.1986123453414423, "uhi_intensity": 0.32970658403609576, "risk_score": 65.58371937023098, "sustainability_score": 34.41628062976902, "cluster_id": 3, "cluster": "Cluster 3: Green/Forested", "top_positive_driver": "mean_lst", "top_positive_shap": 14.382400084485203, "top_negative_driver": "mean_dem", "top_negative_shap": -2.3412576933148777, "explanation_text": "High composite risk index — dominated by high LST (temperature) (+14.38) and attenuated by high DEM (elevation) (-2.34)" }, "geometry": { "type": "Polygon", "coordinates": [ [ [ 72.99, 19.14 ], [ 72.99, 19.15 ], [ 72.980000000000103, 19.15 ], [ 72.980000000000103, 19.14 ], [ 72.99, 19.14 ] ] ] } },
{ "type": "Feature", "properties": { "cell_id": "r26_c0", "mean_ndvi": -0.16701271801049386, "mean_lst": 30.507530889614632, "mean_ndbi": -0.13527996877904927, "mean_dem": 0.0, "uhi_intensity": -8.5008916403689945, "risk_score": 3.9431148679497401, "sustainability_score": 96.056885132050255, "cluster_id": 0, "cluster": "Cluster 0: Coastal/Lowland Urban", "top_positive_driver": null, "top_positive_shap": 0.0, "top_negative_driver": "mean_lst", "top_negative_shap": -35.912190130294675, "explanation_text": "Low composite risk index — dominated by low LST (temperature) (-35.91)" }, "geometry": { "type": "Polygon", "coordinates": [ [ [ 72.78, 19.15 ], [ 72.78, 19.16 ], [ 72.77, 19.16 ], [ 72.77, 19.15 ], [ 72.78, 19.15 ] ] ] } },
{ "type": "Feature", "properties": { "cell_id": "r26_c1", "mean_ndvi": 0.038916242122423818, "mean_lst": 36.964837118001633, "mean_ndbi": -0.056864087921799832, "mean_dem": 4.3377685251373448, "uhi_intensity": -2.0435854119819936, "risk_score": 46.313879297187242, "sustainability_score": 53.686120702812758, "cluster_id": 2, "cluster": "Cluster 2: Dense Urban Heat", "top_positive_driver": "mean_lst", "top_positive_shap": 3.0162496335159483, "top_negative_driver": "mean_ndvi", "top_negative_shap": -5.6093798839729843, "explanation_text": "Moderate composite risk index — dominated by high LST (temperature) (+3.02) and attenuated by high NDVI (vegetation) (-5.61)" }, "geometry": { "type": "Polygon", "coordinates": [ [ [ 72.79, 19.15 ], [ 72.79, 19.16 ], [ 72.78, 19.16 ], [ 72.78, 19.15 ], [ 72.79, 19.15 ] ] ] } },
{ "type": "Feature", "properties": { "cell_id": "r26_c2", "mean_ndvi": 0.36237070350809641, "mean_lst": 35.96354294367044, "mean_ndbi": -0.22847589388353173, "mean_dem": 2.4146999268079479, "uhi_intensity": -3.0448795863131863, "risk_score": 60.284381282970671, "sustainability_score": 39.715618717029329, "cluster_id": 3, "cluster": "Cluster 3: Green/Forested", "top_positive_driver": "mean_ndvi", "top_positive_shap": 8.5905098888545179, "top_negative_driver": "mean_dem", "top_negative_shap": -4.4413071555807262, "explanation_text": "Moderate composite risk index — dominated by low NDVI (vegetation) (+8.59) and attenuated by high DEM (elevation) (-4.44)" }, "geometry": { "type": "Polygon", "coordinates": [ [ [ 72.8, 19.15 ], [ 72.8, 19.16 ], [ 72.79, 19.16 ], [ 72.79, 19.15 ], [ 72.8, 19.15 ] ] ] } },
{ "type": "Feature", "properties": { "cell_id": "r26_c3", "mean_ndvi": 0.26330433701196826, "mean_lst": 35.524597760802401, "mean_ndbi": -0.20100619433560019, "mean_dem": 4.4374101211104744, "uhi_intensity": -3.4838247691812256, "risk_score": 52.340204310151485, "sustainability_score": 47.659795689848515, "cluster_id": 3, "cluster": "Cluster 3: Green/Forested", "top_positive_driver": "mean_ndvi", "top_positive_shap": 5.6950191609316807, "top_negative_driver": "mean_dem", "top_negative_shap": -2.8467187350263266, "explanation_text": "Moderate composite risk index — dominated by low NDVI (vegetation) (+5.70) and attenuated by high DEM (elevation) (-2.85)" }, "geometry": { "type": "Polygon", "coordinates": [ [ [ 72.81, 19.15 ], [ 72.81, 19.16 ], [ 72.8, 19.16 ], [ 72.8, 19.15 ], [ 72.81, 19.15 ] ] ] } },
{ "type": "Feature", "properties": { "cell_id": "r26_c4", "mean_ndvi": 0.28695318681110893, "mean_lst": 33.956372423533203, "mean_ndbi": -0.25833697340789741, "mean_dem": 2.3618496747661859, "uhi_intensity": -5.0520501064504231, "risk_score": 46.055084494968668, "sustainability_score": 53.944915505031332, "cluster_id": 3, "cluster": "Cluster 3: Green/Forested", "top_positive_driver": "mean_ndvi", "top_positive_shap": 12.453739578899304, "top_negative_driver": "mean_lst", "top_negative_shap": -16.757101284670711, "explanation_text": "Moderate composite risk index — dominated by low NDVI (vegetation) (+12.45) and attenuated by low LST (temperature) (-16.76)" }, "geometry": { "type": "Polygon", "coordinates": [ [ [ 72.82, 19.15 ], [ 72.82, 19.16 ], [ 72.81, 19.16 ], [ 72.81, 19.15 ], [ 72.82, 19.15 ] ] ] } },
{ "type": "Feature", "properties": { "cell_id": "r26_c5", "mean_ndvi": 0.13812234578294261, "mean_lst": 41.44033272635307, "mean_ndbi": 0.06908577025978993, "mean_dem": 2.9785898403566029, "uhi_intensity": 2.4319101963694436, "risk_score": 75.192845536203066, "sustainability_score": 24.807154463796934, "cluster_id": 2, "cluster": "Cluster 2: Dense Urban Heat", "top_positive_driver": "mean_lst", "top_positive_shap": 19.380115375162262, "top_negative_driver": "mean_dem", "top_negative_shap": -1.4262436184109137, "explanation_text": "High composite risk index — dominated by high LST (temperature) (+19.38) and attenuated by high DEM (elevation) (-1.43)" }, "geometry": { "type": "Polygon", "coordinates": [ [ [ 72.83, 19.15 ], [ 72.83, 19.16 ], [ 72.82, 19.16 ], [ 72.82, 19.15 ], [ 72.83, 19.15 ] ] ] } },
{ "type": "Feature", "properties": { "cell_id": "r26_c6", "mean_ndvi": 0.13835150172523039, "mean_lst": 43.929037782472939, "mean_ndbi": 0.017512159692848396, "mean_dem": 5.3349878121013372, "uhi_intensity": 4.9206152524893128, "risk_score": 81.992248112869746, "sustainability_score": 18.007751887130254, "cluster_id": 2, "cluster": "Cluster 2: Dense Urban Heat", "top_positive_driver": "mean_lst", "top_positive_shap": 27.60946178049511, "top_negative_driver": "mean_dem", "top_negative_shap": -0.91930019540830843, "explanation_text": "High composite risk index — dominated by high LST (temperature) (+27.61) and attenuated by high DEM (elevation) (-0.92)" }, "geometry": { "type": "Polygon", "coordinates": [ [ [ 72.84, 19.15 ], [ 72.84, 19.16 ], [ 72.83, 19.16 ], [ 72.83, 19.15 ], [ 72.84, 19.15 ] ] ] } },
{ "type": "Feature", "properties": { "cell_id": "r26_c7", "mean_ndvi": 0.16246713516724484, "mean_lst": 41.659474967457527, "mean_ndbi": -0.02495073382584137, "mean_dem": 9.7456113370470483, "uhi_intensity": 2.6510524374739006, "risk_score": 74.130752488617375, "sustainability_score": 25.869247511382625, "cluster_id": 2, "cluster": "Cluster 2: Dense Urban Heat", "top_positive_driver": "mean_lst", "top_positive_shap": 19.714592649114042, "top_negative_driver": "mean_dem", "top_negative_shap": -1.2060255752876456, "explanation_text": "High composite risk index — dominated by high LST (temperature) (+19.71) and attenuated by high DEM (elevation) (-1.21)" }, "geometry": { "type": "Polygon", "coordinates": [ [ [ 72.85, 19.15 ], [ 72.85, 19.16 ], [ 72.84, 19.16 ], [ 72.84, 19.15 ], [ 72.85, 19.15 ] ] ] } },
{ "type": "Feature", "properties": { "cell_id": "r26_c8", "mean_ndvi": 0.1774304107550333, "mean_lst": 42.575643970595188, "mean_ndbi": -0.028886319375861488, "mean_dem": 14.84619985133755, "uhi_intensity": 3.5672214406115614, "risk_score": 78.585463396154125, "sustainability_score": 21.414536603845875, "cluster_id": 2, "cluster": "Cluster 2: Dense Urban Heat", "top_positive_driver": "mean_lst", "top_positive_shap": 22.49506655188689, "top_negative_driver": "mean_dem", "top_negative_shap": -0.82621948011497959, "explanation_text": "High composite risk index — dominated by high LST (temperature) (+22.50) and attenuated by high DEM (elevation) (-0.83)" }, "geometry": { "type": "Polygon", "coordinates": [ [ [ 72.86, 19.15 ], [ 72.86, 19.16 ], [ 72.85, 19.16 ], [ 72.85, 19.15 ], [ 72.86, 19.15 ] ] ] } },
{ "type": "Feature", "properties": { "cell_id": "r26_c9", "mean_ndvi": 0.37454300741567781, "mean_lst": 38.827906272551722, "mean_ndbi": -0.09460061461292045, "mean_dem": 34.77374605561446, "uhi_intensity": -0.18051625743190414, "risk_score": 78.398822331874953, "sustainability_score": 21.601177668125047, "cluster_id": 3, "cluster": "Cluster 3: Green/Forested", "top_positive_driver": "mean_lst", "top_positive_shap": 14.308482088866757, "top_negative_driver": "mean_ndbi", "top_negative_shap": -0.36186517046439015, "explanation_text": "High composite risk index — dominated by high LST (temperature) (+14.31) and attenuated by low NDBI (built-up) (-0.36)" }, "geometry": { "type": "Polygon", "coordinates": [ [ [ 72.87, 19.15 ], [ 72.87, 19.16 ], [ 72.86, 19.16 ], [ 72.86, 19.15 ], [ 72.87, 19.15 ] ] ] } },
{ "type": "Feature", "properties": { "cell_id": "r26_c10", "mean_ndvi": 0.36188758375986574, "mean_lst": 38.527736847013792, "mean_ndbi": -0.095867683149962829, "mean_dem": 48.380427601603827, "uhi_intensity": -0.48068568296983472, "risk_score": 76.842577800353808, "sustainability_score": 23.157422199646192, "cluster_id": 3, "cluster": "Cluster 3: Green/Forested", "top_positive_driver": "mean_lst", "top_positive_shap": 12.249866716952019, "top_negative_driver": "mean_ndbi", "top_negative_shap": -0.27798407373056994, "explanation_text": "High composite risk index — dominated by high LST (temperature) (+12.25) and attenuated by low NDBI (built-up) (-0.28)" }, "geometry": { "type": "Polygon", "coordinates": [ [ [ 72.88, 19.15 ], [ 72.88, 19.16 ], [ 72.87, 19.16 ], [ 72.87, 19.15 ], [ 72.88, 19.15 ] ] ] } },
{ "type": "Feature", "properties": { "cell_id": "r26_c11", "mean_ndvi": 0.23485793388403195, "mean_lst": 41.587588295880622, "mean_ndbi": -0.029239186387504775, "mean_dem": 72.958722076028408, "uhi_intensity": 2.5791657658969953, "risk_score": 81.780663659768692, "sustainability_score": 18.219336340231308, "cluster_id": 2, "cluster": "Cluster 2: Dense Urban Heat", "top_positive_driver": "mean_lst", "top_positive_shap": 19.830597511463825, "top_negative_driver": null, "top_negative_shap": 0.0, "explanation_text": "High composite risk index — dominated by high LST (temperature) (+19.83)" }, "geometry": { "type": "Polygon", "coordinates": [ [ [ 72.89, 19.15 ], [ 72.89, 19.16 ], [ 72.88, 19.16 ], [ 72.88, 19.15 ], [ 72.89, 19.15 ] ] ] } },
{ "type": "Feature", "properties": { "cell_id": "r26_c12", "mean_ndvi": 0.29111930746273773, "mean_lst": 40.869349255543447, "mean_ndbi": 0.015249163844186377, "mean_dem": 106.21715195425104, "uhi_intensity": 1.8609267255598212, "risk_score": 86.759594986442863, "sustainability_score": 13.240405013557137, "cluster_id": 1, "cluster": "Cluster 1: Green/Forested", "top_positive_driver": "mean_lst", "top_positive_shap": 18.969288539522115, "top_negative_driver": null, "top_negative_shap": 0.0, "explanation_text": "High composite risk index — dominated by high LST (temperature) (+18.97)" }, "geometry": { "type": "Polygon", "coordinates": [ [ [ 72.9, 19.15 ], [ 72.9, 19.16 ], [ 72.89, 19.16 ], [ 72.89, 19.15 ], [ 72.9, 19.15 ] ] ] } },
{ "type": "Feature", "properties": { "cell_id": "r26_c13", "mean_ndvi": 0.070450728585241706, "mean_lst": 33.408210706325903, "mean_ndbi": -0.073517050134553064, "mean_dem": 58.094263427248372, "uhi_intensity": -5.6002118236577232, "risk_score": 37.492825431387082, "sustainability_score": 62.507174568612918, "cluster_id": 0, "cluster": "Cluster 0: Coastal/Lowland Urban", "top_positive_driver": "mean_ndvi", "top_positive_shap": 3.2208013611888471, "top_negative_driver": "mean_lst", "top_negative_shap": -22.491085087159931, "explanation_text": "Low composite risk index — dominated by low NDVI (vegetation) (+3.22) and attenuated by low LST (temperature) (-22.49)" }, "geometry": { "type": "Polygon", "coordinates": [ [ [ 72.91, 19.15 ], [ 72.91, 19.16 ], [ 72.9, 19.16 ], [ 72.9, 19.15 ], [ 72.91, 19.15 ] ] ] } },
{ "type": "Feature", "properties": { "cell_id": "r26_c14", "mean_ndvi": -0.076333482930405677, "mean_lst": 31.166271244266564, "mean_ndbi": -0.15359586367978642, "mean_dem": 52.000484148411374, "uhi_intensity": -7.8421512857170619, "risk_score": 14.564662143400536, "sustainability_score": 85.43533785659946, "cluster_id": 0, "cluster": "Cluster 0: Coastal/Lowland Urban", "top_positive_driver": "mean_dem", "top_positive_shap": 1.5833249590422145, "top_negative_driver": "mean_lst", "top_negative_shap": -34.662926904292377, "explanation_text": "Low composite risk index — dominated by low DEM (elevation) (+1.58) and attenuated by low LST (temperature) (-34.66)" }, "geometry": { "type": "Polygon", "coordinates": [ [ [ 72.92, 19.15 ], [ 72.92, 19.16 ], [ 72.91, 19.16 ], [ 72.91, 19.15 ], [ 72.92, 19.15 ] ] ] } },
{ "type": "Feature", "properties": { "cell_id": "r26_c15", "mean_ndvi": 0.21437462136457153, "mean_lst": 41.351694811723519, "mean_ndbi": -0.00048074920979583683, "mean_dem": 67.831744666550946, "uhi_intensity": 2.3432722817398925, "risk_score": 80.378156075372402, "sustainability_score": 19.621843924627598, "cluster_id": 2, "cluster": "Cluster 2: Dense Urban Heat", "top_positive_driver": "mean_lst", "top_positive_shap": 20.130337099476115, "top_negative_driver": null, "top_negative_shap": 0.0, "explanation_text": "High composite risk index — dominated by high LST (temperature) (+20.13)" }, "geometry": { "type": "Polygon", "coordinates": [ [ [ 72.93, 19.15 ], [ 72.93, 19.16 ], [ 72.92, 19.16 ], [ 72.92, 19.15 ], [ 72.93, 19.15 ] ] ] } },
{ "type": "Feature", "properties": { "cell_id": "r26_c16", "mean_ndvi": 0.17698097161205431, "mean_lst": 44.919354325533362, "mean_ndbi": 0.023092425624457805, "mean_dem": 20.676081929302967, "uhi_intensity": 5.910931795549736, "risk_score": 89.343830313910473, "sustainability_score": 10.656169686089527, "cluster_id": 2, "cluster": "Cluster 2: Dense Urban Heat", "top_positive_driver": "mean_lst", "top_positive_shap": 28.006973675537175, "top_negative_driver": "mean_ndbi", "top_negative_shap": -0.26688907027040715, "explanation_text": "High composite risk index — dominated by high LST (temperature) (+28.01) and attenuated by low NDBI (built-up) (-0.27)" }, "geometry": { "type": "Polygon", "coordinates": [ [ [ 72.94, 19.15 ], [ 72.94, 19.16 ], [ 72.93, 19.16 ], [ 72.93, 19.15 ], [ 72.94, 19.15 ] ] ] } },
{ "type": "Feature", "properties": { "cell_id": "r26_c17", "mean_ndvi": 0.18299559747741209, "mean_lst": 43.780205441102062, "mean_ndbi": -0.019641519417349085, "mean_dem": 6.8972266839821046, "uhi_intensity": 4.7717829111184358, "risk_score": 83.384436602055629, "sustainability_score": 16.615563397944371, "cluster_id": 2, "cluster": "Cluster 2: Dense Urban Heat", "top_positive_driver": "mean_lst", "top_positive_shap": 27.269922185716801, "top_negative_driver": "mean_dem", "top_negative_shap": -0.89206728591011042, "explanation_text": "High composite risk index — dominated by high LST (temperature) (+27.27) and attenuated by high DEM (elevation) (-0.89)" }, "geometry": { "type": "Polygon", "coordinates": [ [ [ 72.95, 19.15 ], [ 72.95, 19.16 ], [ 72.94, 19.16 ], [ 72.94, 19.15 ], [ 72.95, 19.15 ] ] ] } },
{ "type": "Feature", "properties": { "cell_id": "r26_c18", "mean_ndvi": 0.18080155280701643, "mean_lst": 40.119826895584147, "mean_ndbi": -0.089539484821263879, "mean_dem": 2.0313554519644512, "uhi_intensity": 1.1114043656005208, "risk_score": 67.006339383350095, "sustainability_score": 32.993660616649905, "cluster_id": 2, "cluster": "Cluster 2: Dense Urban Heat", "top_positive_driver": "mean_lst", "top_positive_shap": 16.336250874759806, "top_negative_driver": "mean_dem", "top_negative_shap": -1.9766236910318622, "explanation_text": "High composite risk index — dominated by high LST (temperature) (+16.34) and attenuated by high DEM (elevation) (-1.98)" }, "geometry": { "type": "Polygon", "coordinates": [ [ [ 72.96, 19.15 ], [ 72.96, 19.16 ], [ 72.95, 19.16 ], [ 72.95, 19.15 ], [ 72.96, 19.15 ] ] ] } },
{ "type": "Feature", "properties": { "cell_id": "r26_c19", "mean_ndvi": 0.15788576771662199, "mean_lst": 37.966654007474396, "mean_ndbi": -0.2043593654648215, "mean_dem": 1.9913735899137384, "uhi_intensity": -1.0417685225092299, "risk_score": 52.695735543607825, "sustainability_score": 47.304264456392175, "cluster_id": 3, "cluster": "Cluster 3: Green/Forested", "top_positive_driver": "mean_lst", "top_positive_shap": 7.2838228910754497, "top_negative_driver": "mean_dem", "top_negative_shap": -2.5609229616659741, "explanation_text": "Moderate composite risk index — dominated by high LST (temperature) (+7.28) and attenuated by high DEM (elevation) (-2.56)" }, "geometry": { "type": "Polygon", "coordinates": [ [ [ 72.97, 19.15 ], [ 72.97, 19.16 ], [ 72.96, 19.16 ], [ 72.96, 19.15 ], [ 72.97, 19.15 ] ] ] } },
{ "type": "Feature", "properties": { "cell_id": "r26_c20", "mean_ndvi": 0.22377058870158073, "mean_lst": 36.78341593517699, "mean_ndbi": -0.19652735413662287, "mean_dem": 1.8559654374008567, "uhi_intensity": -2.2250065948066364, "risk_score": 53.873557519431039, "sustainability_score": 46.126442480568961, "cluster_id": 3, "cluster": "Cluster 3: Green/Forested", "top_positive_driver": "mean_ndvi", "top_positive_shap": 4.9358783647674107, "top_negative_driver": "mean_dem", "top_negative_shap": -2.8250237121085764, "explanation_text": "Moderate composite risk index — dominated by low NDVI (vegetation) (+4.94) and attenuated by high DEM (elevation) (-2.83)" }, "geometry": { "type": "Polygon", "coordinates": [ [ [ 72.980000000000103, 19.15 ], [ 72.980000000000103, 19.16 ], [ 72.97, 19.16 ], [ 72.97, 19.15 ], [ 72.980000000000103, 19.15 ] ] ] } },
{ "type": "Feature", "properties": { "cell_id": "r26_c21", "mean_ndvi": 0.25806070025936295, "mean_lst": 36.140342058264281, "mean_ndbi": -0.23737817236759581, "mean_dem": 1.9006157228620613, "uhi_intensity": -2.8680804717193453, "risk_score": 52.489372416375147, "sustainability_score": 47.510627583624853, "cluster_id": 3, "cluster": "Cluster 3: Green/Forested", "top_positive_driver": "mean_ndvi", "top_positive_shap": 5.7088433720586638, "top_negative_driver": "mean_dem", "top_negative_shap": -3.034049219321322, "explanation_text": "Moderate composite risk index — dominated by low NDVI (vegetation) (+5.71) and attenuated by high DEM (elevation) (-3.03)" }, "geometry": { "type": "Polygon", "coordinates": [ [ [ 72.99, 19.15 ], [ 72.99, 19.16 ], [ 72.980000000000103, 19.16 ], [ 72.980000000000103, 19.15 ], [ 72.99, 19.15 ] ] ] } },
{ "type": "Feature", "properties": { "cell_id": "r27_c0", "mean_ndvi": -0.16625399693479653, "mean_lst": 30.69179984849994, "mean_ndbi": -0.12341383073306059, "mean_dem": 0.0, "uhi_intensity": -8.3166226814836861, "risk_score": 5.1616211832226879, "sustainability_score": 94.838378816777308, "cluster_id": 0, "cluster": "Cluster 0: Coastal/Lowland Urban", "top_positive_driver": null, "top_positive_shap": 0.0, "top_negative_driver": "mean_lst", "top_negative_shap": -35.845911882096274, "explanation_text": "Low composite risk index — dominated by low LST (temperature) (-35.85)" }, "geometry": { "type": "Polygon", "coordinates": [ [ [ 72.78, 19.16 ], [ 72.78, 19.17 ], [ 72.77, 19.17 ], [ 72.77, 19.16 ], [ 72.78, 19.16 ] ] ] } },
{ "type": "Feature", "properties": { "cell_id": "r27_c1", "mean_ndvi": 0.13236996581878854, "mean_lst": 36.629612467759031, "mean_ndbi": -0.072121423044505445, "mean_dem": 4.3858101083752148, "uhi_intensity": -2.3788100622245949, "risk_score": 51.665722806587929, "sustainability_score": 48.334277193412071, "cluster_id": 2, "cluster": "Cluster 2: Dense Urban Heat", "top_positive_driver": "mean_ndvi", "top_positive_shap": 1.7736730383829529, "top_negative_driver": "mean_dem", "top_negative_shap": -2.7032370197086273, "explanation_text": "Moderate composite risk index — dominated by low NDVI (vegetation) (+1.77) and attenuated by high DEM (elevation) (-2.70)" }, "geometry": { "type": "Polygon", "coordinates": [ [ [ 72.79, 19.16 ], [ 72.79, 19.17 ], [ 72.78, 19.17 ], [ 72.78, 19.16 ], [ 72.79, 19.16 ] ] ] } },
{ "type": "Feature", "properties": { "cell_id": "r27_c2", "mean_ndvi": 0.37035669004819632, "mean_lst": 37.186700659370274, "mean_ndbi": -0.17189227256065046, "mean_dem": 7.5161921525736402, "uhi_intensity": -1.8217218706133522, "risk_score": 67.862436272170797, "sustainability_score": 32.137563727829203, "cluster_id": 3, "cluster": "Cluster 3: Green/Forested", "top_positive_driver": "mean_ndvi", "top_positive_shap": 8.6431857627164632, "top_negative_driver": "mean_dem", "top_negative_shap": -3.0226855945907625, "explanation_text": "High composite risk index — dominated by low NDVI (vegetation) (+8.64) and attenuated by high DEM (elevation) (-3.02)" }, "geometry": { "type": "Polygon", "coordinates": [ [ [ 72.8, 19.16 ], [ 72.8, 19.17 ], [ 72.79, 19.17 ], [ 72.79, 19.16 ], [ 72.8, 19.16 ] ] ] } },
{ "type": "Feature", "properties": { "cell_id": "r27_c3", "mean_ndvi": 0.23064578857658447, "mean_lst": 41.224898161305113, "mean_ndbi": -0.022752414871911139, "mean_dem": 4.0803460816618244, "uhi_intensity": 2.2164756313214866, "risk_score": 77.695697491500908, "sustainability_score": 22.304302508499092, "cluster_id": 2, "cluster": "Cluster 2: Dense Urban Heat", "top_positive_driver": "mean_lst", "top_positive_shap": 19.027443062936058, "top_negative_driver": "mean_dem", "top_negative_shap": -1.5751752865676008, "explanation_text": "High composite risk index — dominated by high LST (temperature) (+19.03) and attenuated by high DEM (elevation) (-1.58)" }, "geometry": { "type": "Polygon", "coordinates": [ [ [ 72.81, 19.16 ], [ 72.81, 19.17 ], [ 72.8, 19.17 ], [ 72.8, 19.16 ], [ 72.81, 19.16 ] ] ] } },
{ "type": "Feature", "properties": { "cell_id": "r27_c4", "mean_ndvi": 0.28530680667979885, "mean_lst": 33.486650100307081, "mean_ndbi": -0.2718423249539702, "mean_dem": 1.5326592517694622, "uhi_intensity": -5.5217724296765454, "risk_score": 43.647878233075801, "sustainability_score": 56.352121766924199, "cluster_id": 3, "cluster": "Cluster 3: Green/Forested", "top_positive_driver": "mean_ndvi", "top_positive_shap": 12.44846437811205, "top_negative_driver": "mean_lst", "top_negative_shap": -18.41881104453195, "explanation_text": "Moderate composite risk index — dominated by low NDVI (vegetation) (+12.45) and attenuated by low LST (temperature) (-18.42)" }, "geometry": { "type": "Polygon", "coordinates": [ [ [ 72.82, 19.16 ], [ 72.82, 19.17 ], [ 72.81, 19.17 ], [ 72.81, 19.16 ], [ 72.82, 19.16 ] ] ] } },
{ "type": "Feature", "properties": { "cell_id": "r27_c5", "mean_ndvi": 0.1294281720157554, "mean_lst": 37.352157573221334, "mean_ndbi": -0.091527419455388781, "mean_dem": 0.76511573586131032, "uhi_intensity": -1.6562649567622927, "risk_score": 53.048956783654646, "sustainability_score": 46.951043216345354, "cluster_id": 3, "cluster": "Cluster 3: Green/Forested", "top_positive_driver": "mean_lst", "top_positive_shap": 4.5080207150664426, "top_negative_driver": "mean_dem", "top_negative_shap": -2.6759976002726829, "explanation_text": "Moderate composite risk index — dominated by high LST (temperature) (+4.51) and attenuated by high DEM (elevation) (-2.68)" }, "geometry": { "type": "Polygon", "coordinates": [ [ [ 72.83, 19.16 ], [ 72.83, 19.17 ], [ 72.82, 19.17 ], [ 72.82, 19.16 ], [ 72.83, 19.16 ] ] ] } },
{ "type": "Feature", "properties": { "cell_id": "r27_c6", "mean_ndvi": 0.1732630326972153, "mean_lst": 42.662824138397795, "mean_ndbi": -0.0037336241888213479, "mean_dem": 7.9463962270599007, "uhi_intensity": 3.6544016084141688, "risk_score": 79.367192334527573, "sustainability_score": 20.632807665472427, "cluster_id": 2, "cluster": "Cluster 2: Dense Urban Heat", "top_positive_driver": "mean_lst", "top_positive_shap": 22.739398319128266, "top_negative_driver": "mean_dem", "top_negative_shap": -1.0583686153588907, "explanation_text": "High composite risk index — dominated by high LST (temperature) (+22.74) and attenuated by high DEM (elevation) (-1.06)" }, "geometry": { "type": "Polygon", "coordinates": [ [ [ 72.84, 19.16 ], [ 72.84, 19.17 ], [ 72.83, 19.17 ], [ 72.83, 19.16 ], [ 72.84, 19.16 ] ] ] } },
{ "type": "Feature", "properties": { "cell_id": "r27_c7", "mean_ndvi": 0.17549068722048652, "mean_lst": 41.165355189557374, "mean_ndbi": -0.023503734649136673, "mean_dem": 13.759352881698675, "uhi_intensity": 2.1569326595737479, "risk_score": 73.592237289424816, "sustainability_score": 26.407762710575184, "cluster_id": 2, "cluster": "Cluster 2: Dense Urban Heat", "top_positive_driver": "mean_lst", "top_positive_shap": 19.248736856492858, "top_negative_driver": "mean_dem", "top_negative_shap": -1.0957929982117069, "explanation_text": "High composite risk index — dominated by high LST (temperature) (+19.25) and attenuated by high DEM (elevation) (-1.10)" }, "geometry": { "type": "Polygon", "coordinates": [ [ [ 72.85, 19.16 ], [ 72.85, 19.17 ], [ 72.84, 19.17 ], [ 72.84, 19.16 ], [ 72.85, 19.16 ] ] ] } },
{ "type": "Feature", "properties": { "cell_id": "r27_c8", "mean_ndvi": 0.20605871481480695, "mean_lst": 40.672937645588519, "mean_ndbi": -0.054484424468453863, "mean_dem": 20.604671100414389, "uhi_intensity": 1.6645151156048925, "risk_score": 73.148026295387965, "sustainability_score": 26.851973704612035, "cluster_id": 2, "cluster": "Cluster 2: Dense Urban Heat", "top_positive_driver": "mean_lst", "top_positive_shap": 17.559338965189557, "top_negative_driver": "mean_dem", "top_negative_shap": -0.42205229071127942, "explanation_text": "High composite risk index — dominated by high LST (temperature) (+17.56) and attenuated by high DEM (elevation) (-0.42)" }, "geometry": { "type": "Polygon", "coordinates": [ [ [ 72.86, 19.16 ], [ 72.86, 19.17 ], [ 72.85, 19.17 ], [ 72.85, 19.16 ], [ 72.86, 19.16 ] ] ] } },
{ "type": "Feature", "properties": { "cell_id": "r27_c9", "mean_ndvi": 0.39609521222487792, "mean_lst": 37.061627912890032, "mean_ndbi": -0.15698345684665507, "mean_dem": 22.979082584485663, "uhi_intensity": -1.9467946170935946, "risk_score": 70.644967577852498, "sustainability_score": 29.355032422147502, "cluster_id": 3, "cluster": "Cluster 3: Green/Forested", "top_positive_driver": "mean_ndvi", "top_positive_shap": 9.0985845691050464, "top_negative_driver": "mean_ndbi", "top_negative_shap": -0.58589168130832991, "explanation_text": "High composite risk index — dominated by low NDVI (vegetation) (+9.10) and attenuated by low NDBI (built-up) (-0.59)" }, "geometry": { "type": "Polygon", "coordinates": [ [ [ 72.87, 19.16 ], [ 72.87, 19.17 ], [ 72.86, 19.17 ], [ 72.86, 19.16 ], [ 72.87, 19.16 ] ] ] } },
{ "type": "Feature", "properties": { "cell_id": "r27_c10", "mean_ndvi": 0.30201540858703912, "mean_lst": 39.646923459445887, "mean_ndbi": -0.070092786232071505, "mean_dem": 44.43379697663552, "uhi_intensity": 0.63850092946226056, "risk_score": 77.161255737110409, "sustainability_score": 22.838744262889591, "cluster_id": 2, "cluster": "Cluster 2: Dense Urban Heat", "top_positive_driver": "mean_lst", "top_positive_shap": 16.193603284277547, "top_negative_driver": "mean_ndbi", "top_negative_shap": -0.39194421797955692, "explanation_text": "High composite risk index — dominated by high LST (temperature) (+16.19) and attenuated by low NDBI (built-up) (-0.39)" }, "geometry": { "type": "Polygon", "coordinates": [ [ [ 72.88, 19.16 ], [ 72.88, 19.17 ], [ 72.87, 19.17 ], [ 72.87, 19.16 ], [ 72.88, 19.16 ] ] ] } },
{ "type": "Feature", "properties": { "cell_id": "r27_c11", "mean_ndvi": 0.2616713299160115, "mean_lst": 40.811003561039819, "mean_ndbi": -0.016220346701193919, "mean_dem": 78.524259815719248, "uhi_intensity": 1.8025810310561923, "risk_score": 81.848530196947252, "sustainability_score": 18.151469803052748, "cluster_id": 2, "cluster": "Cluster 2: Dense Urban Heat", "top_positive_driver": "mean_lst", "top_positive_shap": 19.238082564396677, "top_negative_driver": null, "top_negative_shap": 0.0, "explanation_text": "High composite risk index — dominated by high LST (temperature) (+19.24)" }, "geometry": { "type": "Polygon", "coordinates": [ [ [ 72.89, 19.16 ], [ 72.89, 19.17 ], [ 72.88, 19.17 ], [ 72.88, 19.16 ], [ 72.89, 19.16 ] ] ] } },
{ "type": "Feature", "properties": { "cell_id": "r27_c12", "mean_ndvi": 0.31569232042777856, "mean_lst": 39.046116869194826, "mean_ndbi": -0.026955387591076133, "mean_dem": 134.63388826386006, "uhi_intensity": 0.03769433921119969, "risk_score": 81.491634329645592, "sustainability_score": 18.508365670354408, "cluster_id": 1, "cluster": "Cluster 1: Green/Forested", "top_positive_driver": "mean_lst", "top_positive_shap": 16.807595254035942, "top_negative_driver": null, "top_negative_shap": 0.0, "explanation_text": "High composite risk index — dominated by high LST (temperature) (+16.81)" }, "geometry": { "type": "Polygon", "coordinates": [ [ [ 72.9, 19.16 ], [ 72.9, 19.17 ], [ 72.89, 19.17 ], [ 72.89, 19.16 ], [ 72.9, 19.16 ] ] ] } },
{ "type": "Feature", "properties": { "cell_id": "r27_c13", "mean_ndvi": 0.342300426867853, "mean_lst": 36.752896324398868, "mean_ndbi": -0.079853481249976641, "mean_dem": 76.891601988065759, "uhi_intensity": -2.2555262055847578, "risk_score": 70.820495518312825, "sustainability_score": 29.179504481687175, "cluster_id": 1, "cluster": "Cluster 1: Green/Forested", "top_positive_driver": "mean_ndvi", "top_positive_shap": 8.7096477127841982, "top_negative_driver": "mean_ndbi", "top_negative_shap": -0.090509429379077064, "explanation_text": "High composite risk index — dominated by low NDVI (vegetation) (+8.71) and attenuated by low NDBI (built-up) (-0.09)" }, "geometry": { "type": "Polygon", "coordinates": [ [ [ 72.91, 19.16 ], [ 72.91, 19.17 ], [ 72.9, 19.17 ], [ 72.9, 19.16 ], [ 72.91, 19.16 ] ] ] } },
{ "type": "Feature", "properties": { "cell_id": "r27_c14", "mean_ndvi": 0.12957704983780233, "mean_lst": 33.744462562918848, "mean_ndbi": -0.12612946676801887, "mean_dem": 54.567228243068051, "uhi_intensity": -5.2639599670647783, "risk_score": 40.871297257356787, "sustainability_score": 59.128702742643213, "cluster_id": 3, "cluster": "Cluster 3: Green/Forested", "top_positive_driver": "mean_ndvi", "top_positive_shap": 6.1985143417462361, "top_negative_driver": "mean_lst", "top_negative_shap": -21.502985601404134, "explanation_text": "Moderate composite risk index — dominated by low NDVI (vegetation) (+6.20) and attenuated by low LST (temperature) (-21.50)" }, "geometry": { "type": "Polygon", "coordinates": [ [ [ 72.92, 19.16 ], [ 72.92, 19.17 ], [ 72.91, 19.17 ], [ 72.91, 19.16 ], [ 72.92, 19.16 ] ] ] } },
{ "type": "Feature", "properties": { "cell_id": "r27_c15", "mean_ndvi": 0.23096502125873339, "mean_lst": 40.92896112023422, "mean_ndbi": -0.014918461549673551, "mean_dem": 73.070593429128721, "uhi_intensity": 1.9205385902505938, "risk_score": 79.744068817491211, "sustainability_score": 20.255931182508789, "cluster_id": 2, "cluster": "Cluster 2: Dense Urban Heat", "top_positive_driver": "mean_lst", "top_positive_shap": 19.224026304341169, "top_negative_driver": null, "top_negative_shap": 0.0, "explanation_text": "High composite risk index — dominated by high LST (temperature) (+19.22)" }, "geometry": { "type": "Polygon", "coordinates": [ [ [ 72.93, 19.16 ], [ 72.93, 19.17 ], [ 72.92, 19.17 ], [ 72.92, 19.16 ], [ 72.93, 19.16 ] ] ] } },
{ "type": "Feature", "properties": { "cell_id": "r27_c16", "mean_ndvi": 0.16193973547452167, "mean_lst": 45.630126862443682, "mean_ndbi": 0.025456910644437079, "mean_dem": 25.651541605548328, "uhi_intensity": 6.6217043324600553, "risk_score": 91.019115594029927, "sustainability_score": 8.9808844059700732, "cluster_id": 2, "cluster": "Cluster 2: Dense Urban Heat", "top_positive_driver": "mean_lst", "top_positive_shap": 28.324899961493823, "top_negative_driver": null, "top_negative_shap": 0.0, "explanation_text": "High composite risk index — dominated by high LST (temperature) (+28.32)" }, "geometry": { "type": "Polygon", "coordinates": [ [ [ 72.94, 19.16 ], [ 72.94, 19.17 ], [ 72.93, 19.17 ], [ 72.93, 19.16 ], [ 72.94, 19.16 ] ] ] } },
{ "type": "Feature", "properties": { "cell_id": "r27_c17", "mean_ndvi": 0.20830761137570863, "mean_lst": 42.744649147691966, "mean_ndbi": -0.029775847674584285, "mean_dem": 13.53102721485638, "uhi_intensity": 3.7362266177083399, "risk_score": 81.474306924583431, "sustainability_score": 18.525693075416569, "cluster_id": 2, "cluster": "Cluster 2: Dense Urban Heat", "top_positive_driver": "mean_lst", "top_positive_shap": 22.365192306847597, "top_negative_driver": "mean_dem", "top_negative_shap": -0.98686893333345138, "explanation_text": "High composite risk index — dominated by high LST (temperature) (+22.37) and attenuated by high DEM (elevation) (-0.99)" }, "geometry": { "type": "Polygon", "coordinates": [ [ [ 72.95, 19.16 ], [ 72.95, 19.17 ], [ 72.94, 19.17 ], [ 72.94, 19.16 ], [ 72.95, 19.16 ] ] ] } },
{ "type": "Feature", "properties": { "cell_id": "r27_c18", "mean_ndvi": 0.20498320755836724, "mean_lst": 42.116505243238223, "mean_ndbi": -0.031971202385286397, "mean_dem": 7.2801823815544902, "uhi_intensity": 3.1080827132545963, "risk_score": 78.636651169174115, "sustainability_score": 21.363348830825885, "cluster_id": 2, "cluster": "Cluster 2: Dense Urban Heat", "top_positive_driver": "mean_lst", "top_positive_shap": 21.799597464473607, "top_negative_driver": "mean_dem", "top_negative_shap": -1.1737166541945723, "explanation_text": "High composite risk index — dominated by high LST (temperature) (+21.80) and attenuated by high DEM (elevation) (-1.17)" }, "geometry": { "type": "Polygon", "coordinates": [ [ [ 72.96, 19.16 ], [ 72.96, 19.17 ], [ 72.95, 19.17 ], [ 72.95, 19.16 ], [ 72.96, 19.16 ] ] ] } },
{ "type": "Feature", "properties": { "cell_id": "r27_c19", "mean_ndvi": 0.22042117274931045, "mean_lst": 39.513966919474214, "mean_ndbi": -0.088507883816544231, "mean_dem": 5.0973155413776894, "uhi_intensity": 0.50554438949058778, "risk_score": 68.060832971995737, "sustainability_score": 31.939167028004263, "cluster_id": 2, "cluster": "Cluster 2: Dense Urban Heat", "top_positive_driver": "mean_lst", "top_positive_shap": 14.485097362200429, "top_negative_driver": "mean_dem", "top_negative_shap": -1.9877682675591208, "explanation_text": "High composite risk index — dominated by high LST (temperature) (+14.49) and attenuated by high DEM (elevation) (-1.99)" }, "geometry": { "type": "Polygon", "coordinates": [ [ [ 72.97, 19.16 ], [ 72.97, 19.17 ], [ 72.96, 19.17 ], [ 72.96, 19.16 ], [ 72.97, 19.16 ] ] ] } },
{ "type": "Feature", "properties": { "cell_id": "r27_c20", "mean_ndvi": 0.29899132922175126, "mean_lst": 38.03364160640519, "mean_ndbi": -0.13935390314293294, "mean_dem": 2.6518919380794341, "uhi_intensity": -0.97478092357843593, "risk_score": 66.57601493467061, "sustainability_score": 33.42398506532939, "cluster_id": 3, "cluster": "Cluster 3: Green/Forested", "top_positive_driver": "mean_ndvi", "top_positive_shap": 7.3780219465269745, "top_negative_driver": "mean_dem", "top_negative_shap": -3.5364132101554757, "explanation_text": "High composite risk index — dominated by low NDVI (vegetation) (+7.38) and attenuated by high DEM (elevation) (-3.54)" }, "geometry": { "type": "Polygon", "coordinates": [ [ [ 72.980000000000103, 19.16 ], [ 72.980000000000103, 19.17 ], [ 72.97, 19.17 ], [ 72.97, 19.16 ], [ 72.980000000000103, 19.16 ] ] ] } },
{ "type": "Feature", "properties": { "cell_id": "r27_c21", "mean_ndvi": 0.30439356403138984, "mean_lst": 35.308543819151993, "mean_ndbi": -0.27976153097218731, "mean_dem": 1.9584756262550036, "uhi_intensity": -3.6998787108316336, "risk_score": 51.294580701129853, "sustainability_score": 48.705419298870147, "cluster_id": 3, "cluster": "Cluster 3: Green/Forested", "top_positive_driver": "mean_ndvi", "top_positive_shap": 7.3574670809332838, "top_negative_driver": "mean_dem", "top_negative_shap": -4.0585481258054621, "explanation_text": "Moderate composite risk index — dominated by low NDVI (vegetation) (+7.36) and attenuated by high DEM (elevation) (-4.06)" }, "geometry": { "type": "Polygon", "coordinates": [ [ [ 72.99, 19.16 ], [ 72.99, 19.17 ], [ 72.980000000000103, 19.17 ], [ 72.980000000000103, 19.16 ], [ 72.99, 19.16 ] ] ] } },
{ "type": "Feature", "properties": { "cell_id": "r28_c0", "mean_ndvi": -0.17645796550281356, "mean_lst": 30.571760377639837, "mean_ndbi": -0.11165079256106131, "mean_dem": 0.0, "uhi_intensity": -8.4366621523437892, "risk_score": 4.4469667939830346, "sustainability_score": 95.553033206016963, "cluster_id": 0, "cluster": "Cluster 0: Coastal/Lowland Urban", "top_positive_driver": null, "top_positive_shap": 0.0, "top_negative_driver": "mean_lst", "top_negative_shap": -35.763560834189377, "explanation_text": "Low composite risk index — dominated by low LST (temperature) (-35.76)" }, "geometry": { "type": "Polygon", "coordinates": [ [ [ 72.78, 19.17 ], [ 72.78, 19.18 ], [ 72.77, 19.18 ], [ 72.77, 19.17 ], [ 72.78, 19.17 ] ] ] } },
{ "type": "Feature", "properties": { "cell_id": "r28_c1", "mean_ndvi": -0.16048339823104929, "mean_lst": 31.024074803989453, "mean_ndbi": -0.096505223118364875, "mean_dem": 0.0, "uhi_intensity": -7.9843477259941729, "risk_score": 7.9312989797750797, "sustainability_score": 92.068701020224921, "cluster_id": 0, "cluster": "Cluster 0: Coastal/Lowland Urban", "top_positive_driver": "mean_ndbi", "top_positive_shap": 0.23199630770125354, "top_negative_driver": "mean_lst", "top_negative_shap": -34.420499542738035, "explanation_text": "Low composite risk index — dominated by high NDBI (built-up) (+0.23) and attenuated by low LST (temperature) (-34.42)" }, "geometry": { "type": "Polygon", "coordinates": [ [ [ 72.79, 19.17 ], [ 72.79, 19.18 ], [ 72.78, 19.18 ], [ 72.78, 19.17 ], [ 72.79, 19.17 ] ] ] } },
{ "type": "Feature", "properties": { "cell_id": "r28_c2", "mean_ndvi": 0.083174124163749363, "mean_lst": 37.37128607235632, "mean_ndbi": -0.039833570599164592, "mean_dem": 3.18519151457151, "uhi_intensity": -1.6371364576273066, "risk_score": 51.845332008671477, "sustainability_score": 48.154667991328523, "cluster_id": 2, "cluster": "Cluster 2: Dense Urban Heat", "top_positive_driver": "mean_lst", "top_positive_shap": 3.4982675959394909, "top_negative_driver": "mean_dem", "top_negative_shap": -2.8824868498621092, "explanation_text": "Moderate composite risk index — dominated by high LST (temperature) (+3.50) and attenuated by high DEM (elevation) (-2.88)" }, "geometry": { "type": "Polygon", "coordinates": [ [ [ 72.8, 19.17 ], [ 72.8, 19.18 ], [ 72.79, 19.18 ], [ 72.79, 19.17 ], [ 72.8, 19.17 ] ] ] } },
{ "type": "Feature", "properties": { "cell_id": "r28_c3", "mean_ndvi": 0.20359049031185908, "mean_lst": 44.370292944104271, "mean_ndbi": 0.063374745577020858, "mean_dem": 3.7281335793946386, "uhi_intensity": 5.361870414120645, "risk_score": 90.46669146039838, "sustainability_score": 9.5333085396016202, "cluster_id": 2, "cluster": "Cluster 2: Dense Urban Heat", "top_positive_driver": "mean_lst", "top_positive_shap": 29.360405440045803, "top_negative_driver": "mean_dem", "top_negative_shap": -0.85894514993283, "explanation_text": "High composite risk index — dominated by high LST (temperature) (+29.36) and attenuated by high DEM (elevation) (-0.86)" }, "geometry": { "type": "Polygon", "coordinates": [ [ [ 72.81, 19.17 ], [ 72.81, 19.18 ], [ 72.8, 19.18 ], [ 72.8, 19.17 ], [ 72.81, 19.17 ] ] ] } },
{ "type": "Feature", "properties": { "cell_id": "r28_c4", "mean_ndvi": 0.31746245721127209, "mean_lst": 38.476654817729639, "mean_ndbi": -0.14768340150022308, "mean_dem": 3.4412908187242746, "uhi_intensity": -0.53176771225398767, "risk_score": 69.255561612138095, "sustainability_score": 30.744438387861905, "cluster_id": 3, "cluster": "Cluster 3: Green/Forested", "top_positive_driver": "mean_lst", "top_positive_shap": 9.6167595951784719, "top_negative_driver": "mean_dem", "top_negative_shap": -3.3621613944126465, "explanation_text": "High composite risk index — dominated by high LST (temperature) (+9.62) and attenuated by high DEM (elevation) (-3.36)" }, "geometry": { "type": "Polygon", "coordinates": [ [ [ 72.82, 19.17 ], [ 72.82, 19.18 ], [ 72.81, 19.18 ], [ 72.81, 19.17 ], [ 72.82, 19.17 ] ] ] } },
{ "type": "Feature", "properties": { "cell_id": "r28_c5", "mean_ndvi": 0.31855721751337379, "mean_lst": 33.801994168901821, "mean_ndbi": -0.2801113252187824, "mean_dem": 1.9194862387411753, "uhi_intensity": -5.2064283610818052, "risk_score": 46.996110399480138, "sustainability_score": 53.003889600519862, "cluster_id": 3, "cluster": "Cluster 3: Green/Forested", "top_positive_driver": "mean_ndvi", "top_positive_shap": 13.334128247159638, "top_negative_driver": "mean_lst", "top_negative_shap": -17.493593919259521, "explanation_text": "Moderate composite risk index — dominated by low NDVI (vegetation) (+13.33) and attenuated by low LST (temperature) (-17.49)" }, "geometry": { "type": "Polygon", "coordinates": [ [ [ 72.83, 19.17 ], [ 72.83, 19.18 ], [ 72.82, 19.18 ], [ 72.82, 19.17 ], [ 72.83, 19.17 ] ] ] } },
{ "type": "Feature", "properties": { "cell_id": "r28_c6", "mean_ndvi": 0.21520117209263351, "mean_lst": 40.67377708823421, "mean_ndbi": -0.057919311885436794, "mean_dem": 5.4764005456652916, "uhi_intensity": 1.6653545582505842, "risk_score": 73.106640088064324, "sustainability_score": 26.893359911935676, "cluster_id": 2, "cluster": "Cluster 2: Dense Urban Heat", "top_positive_driver": "mean_lst", "top_positive_shap": 17.674505239323366, "top_negative_driver": "mean_dem", "top_negative_shap": -1.5252298799955046, "explanation_text": "High composite risk index — dominated by high LST (temperature) (+17.67) and attenuated by high DEM (elevation) (-1.53)" }, "geometry": { "type": "Polygon", "coordinates": [ [ [ 72.84, 19.17 ], [ 72.84, 19.18 ], [ 72.83, 19.18 ], [ 72.83, 19.17 ], [ 72.84, 19.17 ] ] ] } },
{ "type": "Feature", "properties": { "cell_id": "r28_c7", "mean_ndvi": 0.16536869156123007, "mean_lst": 41.441361858732527, "mean_ndbi": -0.025634450525663814, "mean_dem": 12.532867172702529, "uhi_intensity": 2.4329393287489012, "risk_score": 73.658291848490322, "sustainability_score": 26.341708151509678, "cluster_id": 2, "cluster": "Cluster 2: Dense Urban Heat", "top_positive_driver": "mean_lst", "top_positive_shap": 19.624798643238758, "top_negative_driver": "mean_dem", "top_negative_shap": -1.1173824347358658, "explanation_text": "High composite risk index — dominated by high LST (temperature) (+19.62) and attenuated by high DEM (elevation) (-1.12)" }, "geometry": { "type": "Polygon", "coordinates": [ [ [ 72.85, 19.17 ], [ 72.85, 19.18 ], [ 72.84, 19.18 ], [ 72.84, 19.17 ], [ 72.85, 19.17 ] ] ] } },
{ "type": "Feature", "properties": { "cell_id": "r28_c8", "mean_ndvi": 0.13766178965964457, "mean_lst": 42.696484834235214, "mean_ndbi": -0.020870765097618458, "mean_dem": 31.426804710975652, "uhi_intensity": 3.6880623042515879, "risk_score": 76.955802516964127, "sustainability_score": 23.044197483035873, "cluster_id": 2, "cluster": "Cluster 2: Dense Urban Heat", "top_positive_driver": "mean_lst", "top_positive_shap": 22.834931177323298, "top_negative_driver": "mean_ndbi", "top_negative_shap": -0.069886493025137261, "explanation_text": "High composite risk index — dominated by high LST (temperature) (+22.83) and attenuated by low NDBI (built-up) (-0.07)" }, "geometry": { "type": "Polygon", "coordinates": [ [ [ 72.86, 19.17 ], [ 72.86, 19.18 ], [ 72.85, 19.18 ], [ 72.85, 19.17 ], [ 72.86, 19.17 ] ] ] } },
{ "type": "Feature", "properties": { "cell_id": "r28_c9", "mean_ndvi": 0.14986541015993937, "mean_lst": 41.601236590451187, "mean_ndbi": -0.015987377070131339, "mean_dem": 41.585731537812983, "uhi_intensity": 2.5928140604675605, "risk_score": 74.601021332428147, "sustainability_score": 25.398978667571853, "cluster_id": 2, "cluster": "Cluster 2: Dense Urban Heat", "top_positive_driver": "mean_lst", "top_positive_shap": 19.963663074499767, "top_negative_driver": null, "top_negative_shap": 0.0, "explanation_text": "High composite risk index — dominated by high LST (temperature) (+19.96)" }, "geometry": { "type": "Polygon", "coordinates": [ [ [ 72.87, 19.17 ], [ 72.87, 19.18 ], [ 72.86, 19.18 ], [ 72.86, 19.17 ], [ 72.87, 19.17 ] ] ] } },
{ "type": "Feature", "properties": { "cell_id": "r28_c10", "mean_ndvi": 0.14349425872675062, "mean_lst": 42.303610854358233, "mean_ndbi": 0.0014496999985203587, "mean_dem": 52.384559083193722, "uhi_intensity": 3.2951883243746067, "risk_score": 77.784441691272548, "sustainability_score": 22.215558308727452, "cluster_id": 2, "cluster": "Cluster 2: Dense Urban Heat", "top_positive_driver": "mean_lst", "top_positive_shap": 23.075932163277454, "top_negative_driver": null, "top_negative_shap": 0.0, "explanation_text": "High composite risk index — dominated by high LST (temperature) (+23.08)" }, "geometry": { "type": "Polygon", "coordinates": [ [ [ 72.88, 19.17 ], [ 72.88, 19.18 ], [ 72.87, 19.18 ], [ 72.87, 19.17 ], [ 72.88, 19.17 ] ] ] } },
{ "type": "Feature", "properties": { "cell_id": "r28_c11", "mean_ndvi": 0.16881693247454768, "mean_lst": 43.595906259197193, "mean_ndbi": 0.070649254177520035, "mean_dem": 136.94428304509302, "uhi_intensity": 4.5874837292135666, "risk_score": 90.641831781558238, "sustainability_score": 9.3581682184417616, "cluster_id": 2, "cluster": "Cluster 2: Dense Urban Heat", "top_positive_driver": "mean_lst", "top_positive_shap": 28.34167249207302, "top_negative_driver": null, "top_negative_shap": 0.0, "explanation_text": "High composite risk index — dominated by high LST (temperature) (+28.34)" }, "geometry": { "type": "Polygon", "coordinates": [ [ [ 72.89, 19.17 ], [ 72.89, 19.18 ], [ 72.88, 19.18 ], [ 72.88, 19.17 ], [ 72.89, 19.17 ] ] ] } },
{ "type": "Feature", "properties": { "cell_id": "r28_c12", "mean_ndvi": 0.35144626755292502, "mean_lst": 36.773797366016169, "mean_ndbi": -0.090662572307510417, "mean_dem": 266.56083965878145, "uhi_intensity": -2.2346251639674577, "risk_score": 78.692639641303103, "sustainability_score": 21.307360358696897, "cluster_id": 1, "cluster": "Cluster 1: Green/Forested", "top_positive_driver": "mean_lst", "top_positive_shap": 10.000042076390917, "top_negative_driver": "mean_ndbi", "top_negative_shap": -0.1283084004315273, "explanation_text": "High composite risk index — dominated by high LST (temperature) (+10.00) and attenuated by low NDBI (built-up) (-0.13)" }, "geometry": { "type": "Polygon", "coordinates": [ [ [ 72.9, 19.17 ], [ 72.9, 19.18 ], [ 72.89, 19.18 ], [ 72.89, 19.17 ], [ 72.9, 19.17 ] ] ] } },
{ "type": "Feature", "properties": { "cell_id": "r28_c13", "mean_ndvi": 0.38020243021027961, "mean_lst": 38.360164743566074, "mean_ndbi": -0.061947776665490673, "mean_dem": 166.82908044831163, "uhi_intensity": -0.6482577864175525, "risk_score": 83.808733589729272, "sustainability_score": 16.191266410270728, "cluster_id": 1, "cluster": "Cluster 1: Green/Forested", "top_positive_driver": "mean_lst", "top_positive_shap": 13.37483072413858, "top_negative_driver": "mean_ndbi", "top_negative_shap": -0.15097598797748979, "explanation_text": "High composite risk index — dominated by high LST (temperature) (+13.37) and attenuated by low NDBI (built-up) (-0.15)" }, "geometry": { "type": "Polygon", "coordinates": [ [ [ 72.91, 19.17 ], [ 72.91, 19.18 ], [ 72.9, 19.18 ], [ 72.9, 19.17 ], [ 72.91, 19.17 ] ] ] } },
{ "type": "Feature", "properties": { "cell_id": "r28_c14", "mean_ndvi": 0.32334947692218519, "mean_lst": 36.826349867667204, "mean_ndbi": -0.044359779740469549, "mean_dem": 77.56434743971694, "uhi_intensity": -2.1820726623164219, "risk_score": 71.15545209159697, "sustainability_score": 28.84454790840303, "cluster_id": 1, "cluster": "Cluster 1: Green/Forested", "top_positive_driver": "mean_ndvi", "top_positive_shap": 8.4670130381059003, "top_negative_driver": null, "top_negative_shap": 0.0, "explanation_text": "High composite risk index — dominated by low NDVI (vegetation) (+8.47)" }, "geometry": { "type": "Polygon", "coordinates": [ [ [ 72.92, 19.17 ], [ 72.92, 19.18 ], [ 72.91, 19.18 ], [ 72.91, 19.17 ], [ 72.92, 19.17 ] ] ] } },
{ "type": "Feature", "properties": { "cell_id": "r28_c15", "mean_ndvi": 0.32258381368283384, "mean_lst": 37.704269163582332, "mean_ndbi": -0.064335259782846543, "mean_dem": 130.5116449963684, "uhi_intensity": -1.3041533664012945, "risk_score": 75.488402769512234, "sustainability_score": 24.511597230487766, "cluster_id": 1, "cluster": "Cluster 1: Green/Forested", "top_positive_driver": "mean_lst", "top_positive_shap": 9.3677197076520482, "top_negative_driver": "mean_ndbi", "top_negative_shap": -0.059845026594619828, "explanation_text": "High composite risk index — dominated by high LST (temperature) (+9.37) and attenuated by low NDBI (built-up) (-0.06)" }, "geometry": { "type": "Polygon", "coordinates": [ [ [ 72.93, 19.17 ], [ 72.93, 19.18 ], [ 72.92, 19.18 ], [ 72.92, 19.17 ], [ 72.93, 19.17 ] ] ] } },
{ "type": "Feature", "properties": { "cell_id": "r28_c16", "mean_ndvi": 0.21464716190109698, "mean_lst": 42.81185783148365, "mean_ndbi": -0.0096191777155410427, "mean_dem": 81.499816289038478, "uhi_intensity": 3.8034353015000235, "risk_score": 85.762640978880356, "sustainability_score": 14.237359021119644, "cluster_id": 2, "cluster": "Cluster 2: Dense Urban Heat", "top_positive_driver": "mean_lst", "top_positive_shap": 24.514202998922261, "top_negative_driver": "mean_ndbi", "top_negative_shap": -0.08189509615118773, "explanation_text": "High composite risk index — dominated by high LST (temperature) (+24.51) and attenuated by low NDBI (built-up) (-0.08)" }, "geometry": { "type": "Polygon", "coordinates": [ [ [ 72.94, 19.17 ], [ 72.94, 19.18 ], [ 72.93, 19.18 ], [ 72.93, 19.17 ], [ 72.94, 19.17 ] ] ] } },
{ "type": "Feature", "properties": { "cell_id": "r28_c17", "mean_ndvi": 0.26358790323389214, "mean_lst": 40.550023927070981, "mean_ndbi": -0.081744680718661686, "mean_dem": 24.425488827810103, "uhi_intensity": 1.541601397087355, "risk_score": 76.133601173737603, "sustainability_score": 23.866398826262397, "cluster_id": 2, "cluster": "Cluster 2: Dense Urban Heat", "top_positive_driver": "mean_lst", "top_positive_shap": 17.14940087347723, "top_negative_driver": "mean_ndbi", "top_negative_shap": -0.25803617864593481, "explanation_text": "High composite risk index — dominated by high LST (temperature) (+17.15) and attenuated by low NDBI (built-up) (-0.26)" }, "geometry": { "type": "Polygon", "coordinates": [ [ [ 72.95, 19.17 ], [ 72.95, 19.18 ], [ 72.94, 19.18 ], [ 72.94, 19.17 ], [ 72.95, 19.17 ] ] ] } },
{ "type": "Feature", "properties": { "cell_id": "r28_c18", "mean_ndvi": 0.20627418254380506, "mean_lst": 41.360277475874192, "mean_ndbi": -0.034815788713568892, "mean_dem": 15.620584281694621, "uhi_intensity": 2.3518549458905653, "risk_score": 76.250915309250701, "sustainability_score": 23.749084690749299, "cluster_id": 2, "cluster": "Cluster 2: Dense Urban Heat", "top_positive_driver": "mean_lst", "top_positive_shap": 19.233812176768016, "top_negative_driver": "mean_dem", "top_negative_shap": -1.0575659876520376, "explanation_text": "High composite risk index — dominated by high LST (temperature) (+19.23) and attenuated by high DEM (elevation) (-1.06)" }, "geometry": { "type": "Polygon", "coordinates": [ [ [ 72.96, 19.17 ], [ 72.96, 19.18 ], [ 72.95, 19.18 ], [ 72.95, 19.17 ], [ 72.96, 19.17 ] ] ] } },
{ "type": "Feature", "properties": { "cell_id": "r28_c19", "mean_ndvi": 0.20599826480072217, "mean_lst": 41.799485035757797, "mean_ndbi": -0.046870220708119824, "mean_dem": 8.7904219928452498, "uhi_intensity": 2.7910625057741711, "risk_score": 77.012843010691157, "sustainability_score": 22.987156989308843, "cluster_id": 2, "cluster": "Cluster 2: Dense Urban Heat", "top_positive_driver": "mean_lst", "top_positive_shap": 20.268389317508362, "top_negative_driver": "mean_dem", "top_negative_shap": -1.2220809906527796, "explanation_text": "High composite risk index — dominated by high LST (temperature) (+20.27) and attenuated by high DEM (elevation) (-1.22)" }, "geometry": { "type": "Polygon", "coordinates": [ [ [ 72.97, 19.17 ], [ 72.97, 19.18 ], [ 72.96, 19.18 ], [ 72.96, 19.17 ], [ 72.97, 19.17 ] ] ] } },
{ "type": "Feature", "properties": { "cell_id": "r28_c20", "mean_ndvi": 0.19144713422277509, "mean_lst": 42.660757806357047, "mean_ndbi": -0.065767557093386039, "mean_dem": 3.2903744000911406, "uhi_intensity": 3.6523352763734209, "risk_score": 77.944049667713998, "sustainability_score": 22.055950332286002, "cluster_id": 2, "cluster": "Cluster 2: Dense Urban Heat", "top_positive_driver": "mean_lst", "top_positive_shap": 22.564156881327001, "top_negative_driver": "mean_dem", "top_negative_shap": -1.133895840121887, "explanation_text": "High composite risk index — dominated by high LST (temperature) (+22.56) and attenuated by high DEM (elevation) (-1.13)" }, "geometry": { "type": "Polygon", "coordinates": [ [ [ 72.980000000000103, 19.17 ], [ 72.980000000000103, 19.18 ], [ 72.97, 19.18 ], [ 72.97, 19.17 ], [ 72.980000000000103, 19.17 ] ] ] } },
{ "type": "Feature", "properties": { "cell_id": "r28_c21", "mean_ndvi": 0.21370072370135132, "mean_lst": 40.767268316651503, "mean_ndbi": -0.11659578791096177, "mean_dem": 1.2627038265996375, "uhi_intensity": 1.7588457866678766, "risk_score": 70.669284286867466, "sustainability_score": 29.330715713132534, "cluster_id": 2, "cluster": "Cluster 2: Dense Urban Heat", "top_positive_driver": "mean_lst", "top_positive_shap": 18.05053542536373, "top_negative_driver": "mean_dem", "top_negative_shap": -1.8082447635856882, "explanation_text": "High composite risk index — dominated by high LST (temperature) (+18.05) and attenuated by high DEM (elevation) (-1.81)" }, "geometry": { "type": "Polygon", "coordinates": [ [ [ 72.99, 19.17 ], [ 72.99, 19.18 ], [ 72.980000000000103, 19.18 ], [ 72.980000000000103, 19.17 ], [ 72.99, 19.17 ] ] ] } },
{ "type": "Feature", "properties": { "cell_id": "r29_c0", "mean_ndvi": -0.17266489981912614, "mean_lst": 30.637719054279554, "mean_ndbi": -0.10955960569818168, "mean_dem": 0.0, "uhi_intensity": -8.3707034757040724, "risk_score": 5.0627266797917674, "sustainability_score": 94.937273320208234, "cluster_id": 0, "cluster": "Cluster 0: Coastal/Lowland Urban", "top_positive_driver": null, "top_positive_shap": 0.0, "top_negative_driver": "mean_lst", "top_negative_shap": -35.715340554409082, "explanation_text": "Low composite risk index — dominated by low LST (temperature) (-35.72)" }, "geometry": { "type": "Polygon", "coordinates": [ [ [ 72.78, 19.18 ], [ 72.78, 19.19 ], [ 72.77, 19.19 ], [ 72.77, 19.18 ], [ 72.78, 19.18 ] ] ] } },
{ "type": "Feature", "properties": { "cell_id": "r29_c1", "mean_ndvi": -0.15720404926829906, "mean_lst": 30.810023711210558, "mean_ndbi": -0.097549691295088156, "mean_dem": 0.0, "uhi_intensity": -8.1983988187730681, "risk_score": 7.3761247365722458, "sustainability_score": 92.623875263427749, "cluster_id": 0, "cluster": "Cluster 0: Coastal/Lowland Urban", "top_positive_driver": "mean_ndbi", "top_positive_shap": 0.25818731533368666, "top_negative_driver": "mean_lst", "top_negative_shap": -34.945274344637468, "explanation_text": "Low composite risk index — dominated by high NDBI (built-up) (+0.26) and attenuated by low LST (temperature) (-34.95)" }, "geometry": { "type": "Polygon", "coordinates": [ [ [ 72.79, 19.18 ], [ 72.79, 19.19 ], [ 72.78, 19.19 ], [ 72.78, 19.18 ], [ 72.79, 19.18 ] ] ] } },
{ "type": "Feature", "properties": { "cell_id": "r29_c2", "mean_ndvi": 0.026076883782376901, "mean_lst": 36.021292810860061, "mean_ndbi": -0.040833235177428165, "mean_dem": 3.0643415599766448, "uhi_intensity": -2.9871297191235655, "risk_score": 42.590148338058334, "sustainability_score": 57.409851661941666, "cluster_id": 0, "cluster": "Cluster 0: Coastal/Lowland Urban", "top_positive_driver": "mean_lst", "top_positive_shap": 0.58704489765926449, "top_negative_driver": "mean_ndvi", "top_negative_shap": -6.840234699918903, "explanation_text": "Moderate composite risk index — dominated by high LST (temperature) (+0.59) and attenuated by high NDVI (vegetation) (-6.84)" }, "geometry": { "type": "Polygon", "coordinates": [ [ [ 72.8, 19.18 ], [ 72.8, 19.19 ], [ 72.79, 19.19 ], [ 72.79, 19.18 ], [ 72.8, 19.18 ] ] ] } },
{ "type": "Feature", "properties": { "cell_id": "r29_c3", "mean_ndvi": 0.25396500635138697, "mean_lst": 42.923869908452026, "mean_ndbi": 0.030364448538502262, "mean_dem": 6.7416776075026137, "uhi_intensity": 3.9154473784684001, "risk_score": 87.90632925171289, "sustainability_score": 12.09367074828711, "cluster_id": 2, "cluster": "Cluster 2: Dense Urban Heat", "top_positive_driver": "mean_lst", "top_positive_shap": 25.302847767481808, "top_negative_driver": "mean_dem", "top_negative_shap": -0.97460482258049164, "explanation_text": "High composite risk index — dominated by high LST (temperature) (+25.30) and attenuated by high DEM (elevation) (-0.97)" }, "geometry": { "type": "Polygon", "coordinates": [ [ [ 72.81, 19.18 ], [ 72.81, 19.19 ], [ 72.8, 19.19 ], [ 72.8, 19.18 ], [ 72.81, 19.18 ] ] ] } },
{ "type": "Feature", "properties": { "cell_id": "r29_c4", "mean_ndvi": 0.16522252501035742, "mean_lst": 45.594507985473655, "mean_ndbi": 0.058960768397823514, "mean_dem": 6.1526106819787083, "uhi_intensity": 6.5860854554900286, "risk_score": 91.788697201915497, "sustainability_score": 8.2113027980845033, "cluster_id": 2, "cluster": "Cluster 2: Dense Urban Heat", "top_positive_driver": "mean_lst", "top_positive_shap": 30.210321926656594, "top_negative_driver": "mean_dem", "top_negative_shap": -0.69018459775665653, "explanation_text": "High composite risk index — dominated by high LST (temperature) (+30.21) and attenuated by high DEM (elevation) (-0.69)" }, "geometry": { "type": "Polygon", "coordinates": [ [ [ 72.82, 19.18 ], [ 72.82, 19.19 ], [ 72.81, 19.19 ], [ 72.81, 19.18 ], [ 72.82, 19.18 ] ] ] } },
{ "type": "Feature", "properties": { "cell_id": "r29_c5", "mean_ndvi": 0.26209609085196256, "mean_lst": 41.553805942610708, "mean_ndbi": -0.092837088031460707, "mean_dem": 3.5238137287855502, "uhi_intensity": 2.545383412627082, "risk_score": 78.295637337829959, "sustainability_score": 21.704362662170041, "cluster_id": 2, "cluster": "Cluster 2: Dense Urban Heat", "top_positive_driver": "mean_lst", "top_positive_shap": 19.032161038681476, "top_negative_driver": "mean_dem", "top_negative_shap": -1.6276257365751143, "explanation_text": "High composite risk index — dominated by high LST (temperature) (+19.03) and attenuated by high DEM (elevation) (-1.63)" }, "geometry": { "type": "Polygon", "coordinates": [ [ [ 72.83, 19.18 ], [ 72.83, 19.19 ], [ 72.82, 19.19 ], [ 72.82, 19.18 ], [ 72.83, 19.18 ] ] ] } },
{ "type": "Feature", "properties": { "cell_id": "r29_c6", "mean_ndvi": 0.15240642343014496, "mean_lst": 42.545384289513144, "mean_ndbi": 0.0058758830840058953, "mean_dem": 5.6562621927428731, "uhi_intensity": 3.5369617595295182, "risk_score": 77.659512070991667, "sustainability_score": 22.340487929008333, "cluster_id": 2, "cluster": "Cluster 2: Dense Urban Heat", "top_positive_driver": "mean_lst", "top_positive_shap": 22.791486196759635, "top_negative_driver": "mean_dem", "top_negative_shap": -1.0850277427744883, "explanation_text": "High composite risk index — dominated by high LST (temperature) (+22.79) and attenuated by high DEM (elevation) (-1.09)" }, "geometry": { "type": "Polygon", "coordinates": [ [ [ 72.84, 19.18 ], [ 72.84, 19.19 ], [ 72.83, 19.19 ], [ 72.83, 19.18 ], [ 72.84, 19.18 ] ] ] } },
{ "type": "Feature", "properties": { "cell_id": "r29_c7", "mean_ndvi": 0.16439403571684608, "mean_lst": 41.734743322774953, "mean_ndbi": -0.013566068229005466, "mean_dem": 16.500155228641834, "uhi_intensity": 2.7263207927913271, "risk_score": 75.299014513847496, "sustainability_score": 24.700985486152504, "cluster_id": 2, "cluster": "Cluster 2: Dense Urban Heat", "top_positive_driver": "mean_lst", "top_positive_shap": 19.645984853087725, "top_negative_driver": "mean_dem", "top_negative_shap": -0.91845756621008112, "explanation_text": "High composite risk index — dominated by high LST (temperature) (+19.65) and attenuated by high DEM (elevation) (-0.92)" }, "geometry": { "type": "Polygon", "coordinates": [ [ [ 72.85, 19.18 ], [ 72.85, 19.19 ], [ 72.84, 19.19 ], [ 72.84, 19.18 ], [ 72.85, 19.18 ] ] ] } },
{ "type": "Feature", "properties": { "cell_id": "r29_c8", "mean_ndvi": 0.14590625616951455, "mean_lst": 42.193317653274384, "mean_ndbi": -0.0096958103008553034, "mean_dem": 27.85039661630039, "uhi_intensity": 3.1848951232907581, "risk_score": 76.127417350538522, "sustainability_score": 23.872582649461478, "cluster_id": 2, "cluster": "Cluster 2: Dense Urban Heat", "top_positive_driver": "mean_lst", "top_positive_shap": 21.962964135992706, "top_negative_driver": null, "top_negative_shap": 0.0, "explanation_text": "High composite risk index — dominated by high LST (temperature) (+21.96)" }, "geometry": { "type": "Polygon", "coordinates": [ [ [ 72.86, 19.18 ], [ 72.86, 19.19 ], [ 72.85, 19.19 ], [ 72.85, 19.18 ], [ 72.86, 19.18 ] ] ] } },
{ "type": "Feature", "properties": { "cell_id": "r29_c9", "mean_ndvi": 0.12889737102334414, "mean_lst": 45.235030481470467, "mean_ndbi": 0.031287813874352997, "mean_dem": 39.416267915328014, "uhi_intensity": 6.2266079514868409, "risk_score": 87.862619527423746, "sustainability_score": 12.137380472576254, "cluster_id": 2, "cluster": "Cluster 2: Dense Urban Heat", "top_positive_driver": "mean_lst", "top_positive_shap": 29.28405678120324, "top_negative_driver": null, "top_negative_shap": 0.0, "explanation_text": "High composite risk index — dominated by high LST (temperature) (+29.28)" }, "geometry": { "type": "Polygon", "coordinates": [ [ [ 72.87, 19.18 ], [ 72.87, 19.19 ], [ 72.86, 19.19 ], [ 72.86, 19.18 ], [ 72.87, 19.18 ] ] ] } },
{ "type": "Feature", "properties": { "cell_id": "r29_c10", "mean_ndvi": 0.22622420551953379, "mean_lst": 42.979815931184298, "mean_ndbi": 0.0095368054183647844, "mean_dem": 74.231825819497075, "uhi_intensity": 3.9713934012006717, "risk_score": 87.775204062045248, "sustainability_score": 12.224795937954752, "cluster_id": 2, "cluster": "Cluster 2: Dense Urban Heat", "top_positive_driver": "mean_lst", "top_positive_shap": 25.739448615267062, "top_negative_driver": "mean_ndbi", "top_negative_shap": -0.16186090362508809, "explanation_text": "High composite risk index — dominated by high LST (temperature) (+25.74) and attenuated by low NDBI (built-up) (-0.16)" }, "geometry": { "type": "Polygon", "coordinates": [ [ [ 72.88, 19.18 ], [ 72.88, 19.19 ], [ 72.87, 19.19 ], [ 72.87, 19.18 ], [ 72.88, 19.18 ] ] ] } },
{ "type": "Feature", "properties": { "cell_id": "r29_c11", "mean_ndvi": 0.28880257503521189, "mean_lst": 39.925955617753729, "mean_ndbi": -0.0035459457737378073, "mean_dem": 163.6764380011106, "uhi_intensity": 0.9175330877701029, "risk_score": 84.70836719361759, "sustainability_score": 15.29163280638241, "cluster_id": 1, "cluster": "Cluster 1: Green/Forested", "top_positive_driver": "mean_lst", "top_positive_shap": 18.043108109669816, "top_negative_driver": null, "top_negative_shap": 0.0, "explanation_text": "High composite risk index — dominated by high LST (temperature) (+18.04)" }, "geometry": { "type": "Polygon", "coordinates": [ [ [ 72.89, 19.18 ], [ 72.89, 19.19 ], [ 72.88, 19.19 ], [ 72.88, 19.18 ], [ 72.89, 19.18 ] ] ] } },
{ "type": "Feature", "properties": { "cell_id": "r29_c12", "mean_ndvi": 0.40795445212330228, "mean_lst": 35.976017177223724, "mean_ndbi": -0.11348994792286679, "mean_dem": 283.7627771321803, "uhi_intensity": -3.032405352759902, "risk_score": 79.913891739153826, "sustainability_score": 20.086108260846174, "cluster_id": 1, "cluster": "Cluster 1: Green/Forested", "top_positive_driver": "mean_ndvi", "top_positive_shap": 10.076670840757686, "top_negative_driver": "mean_ndbi", "top_negative_shap": -0.33911145428282657, "explanation_text": "High composite risk index — dominated by low NDVI (vegetation) (+10.08) and attenuated by low NDBI (built-up) (-0.34)" }, "geometry": { "type": "Polygon", "coordinates": [ [ [ 72.9, 19.18 ], [ 72.9, 19.19 ], [ 72.89, 19.19 ], [ 72.89, 19.18 ], [ 72.9, 19.18 ] ] ] } },
{ "type": "Feature", "properties": { "cell_id": "r29_c13", "mean_ndvi": 0.40823252836616025, "mean_lst": 36.816170479244889, "mean_ndbi": -0.10211692271901943, "mean_dem": 259.040778020826, "uhi_intensity": -2.1922520507387375, "risk_score": 82.428932008305537, "sustainability_score": 17.571067991694463, "cluster_id": 1, "cluster": "Cluster 1: Green/Forested", "top_positive_driver": "mean_ndvi", "top_positive_shap": 9.8678113335322948, "top_negative_driver": "mean_ndbi", "top_negative_shap": -0.13675576575685572, "explanation_text": "High composite risk index — dominated by low NDVI (vegetation) (+9.87) and attenuated by low NDBI (built-up) (-0.14)" }, "geometry": { "type": "Polygon", "coordinates": [ [ [ 72.91, 19.18 ], [ 72.91, 19.19 ], [ 72.9, 19.19 ], [ 72.9, 19.18 ], [ 72.91, 19.18 ] ] ] } },
{ "type": "Feature", "properties": { "cell_id": "r29_c14", "mean_ndvi": 0.25001303341093012, "mean_lst": 35.728007218320791, "mean_ndbi": -0.052851587496577986, "mean_dem": 121.49983195383575, "uhi_intensity": -3.2804153116628356, "risk_score": 62.984421906719824, "sustainability_score": 37.015578093280176, "cluster_id": 1, "cluster": "Cluster 1: Green/Forested", "top_positive_driver": "mean_dem", "top_positive_shap": 3.8404140758665615, "top_negative_driver": "mean_ndbi", "top_negative_shap": -0.05812906296431946, "explanation_text": "Moderate composite risk index — dominated by low DEM (elevation) (+3.84) and attenuated by low NDBI (built-up) (-0.06)" }, "geometry": { "type": "Polygon", "coordinates": [ [ [ 72.92, 19.18 ], [ 72.92, 19.19 ], [ 72.91, 19.19 ], [ 72.91, 19.18 ], [ 72.92, 19.18 ] ] ] } },
{ "type": "Feature", "properties": { "cell_id": "r29_c15", "mean_ndvi": 0.35269447074614829, "mean_lst": 36.2489243001625, "mean_ndbi": -0.07414977569234546, "mean_dem": 145.77563622381373, "uhi_intensity": -2.7594982298211264, "risk_score": 72.807857488563101, "sustainability_score": 27.192142511436899, "cluster_id": 1, "cluster": "Cluster 1: Green/Forested", "top_positive_driver": "mean_ndvi", "top_positive_shap": 9.1073091438094469, "top_negative_driver": "mean_ndbi", "top_negative_shap": -0.079834572426247974, "explanation_text": "High composite risk index — dominated by low NDVI (vegetation) (+9.11) and attenuated by low NDBI (built-up) (-0.08)" }, "geometry": { "type": "Polygon", "coordinates": [ [ [ 72.93, 19.18 ], [ 72.93, 19.19 ], [ 72.92, 19.19 ], [ 72.92, 19.18 ], [ 72.93, 19.18 ] ] ] } },
{ "type": "Feature", "properties": { "cell_id": "r29_c16", "mean_ndvi": 0.35154167304303102, "mean_lst": 39.028576080787623, "mean_ndbi": -0.059369120462319687, "mean_dem": 160.81568573837373, "uhi_intensity": 0.020153550803996723, "risk_score": 83.85636289680464, "sustainability_score": 16.14363710319536, "cluster_id": 1, "cluster": "Cluster 1: Green/Forested", "top_positive_driver": "mean_lst", "top_positive_shap": 16.395266696962405, "top_negative_driver": "mean_ndbi", "top_negative_shap": -0.30964034679933655, "explanation_text": "High composite risk index — dominated by high LST (temperature) (+16.40) and attenuated by low NDBI (built-up) (-0.31)" }, "geometry": { "type": "Polygon", "coordinates": [ [ [ 72.94, 19.18 ], [ 72.94, 19.19 ], [ 72.93, 19.19 ], [ 72.93, 19.18 ], [ 72.94, 19.18 ] ] ] } },
{ "type": "Feature", "properties": { "cell_id": "r29_c17", "mean_ndvi": 0.22462128374520599, "mean_lst": 41.508268836462307, "mean_ndbi": -0.040315885043405622, "mean_dem": 36.539695695764138, "uhi_intensity": 2.4998463064786804, "risk_score": 78.790362646393092, "sustainability_score": 21.209637353606908, "cluster_id": 2, "cluster": "Cluster 2: Dense Urban Heat", "top_positive_driver": "mean_lst", "top_positive_shap": 19.36664078067183, "top_negative_driver": "mean_ndbi", "top_negative_shap": -0.033769323758042931, "explanation_text": "High composite risk index — dominated by high LST (temperature) (+19.37) and attenuated by low NDBI (built-up) (-0.03)" }, "geometry": { "type": "Polygon", "coordinates": [ [ [ 72.95, 19.18 ], [ 72.95, 19.19 ], [ 72.94, 19.19 ], [ 72.94, 19.18 ], [ 72.95, 19.18 ] ] ] } },
{ "type": "Feature", "properties": { "cell_id": "r29_c18", "mean_ndvi": 0.18227584925804383, "mean_lst": 43.693223408815705, "mean_ndbi": -0.013919738384963194, "mean_dem": 19.533340927861463, "uhi_intensity": 4.6848008788320783, "risk_score": 83.764574114013328, "sustainability_score": 16.235425885986672, "cluster_id": 2, "cluster": "Cluster 2: Dense Urban Heat", "top_positive_driver": "mean_lst", "top_positive_shap": 27.182551447375321, "top_negative_driver": "mean_ndbi", "top_negative_shap": -0.43054094231972395, "explanation_text": "High composite risk index — dominated by high LST (temperature) (+27.18) and attenuated by low NDBI (built-up) (-0.43)" }, "geometry": { "type": "Polygon", "coordinates": [ [ [ 72.96, 19.18 ], [ 72.96, 19.19 ], [ 72.95, 19.19 ], [ 72.95, 19.18 ], [ 72.96, 19.18 ] ] ] } },
{ "type": "Feature", "properties": { "cell_id": "r29_c19", "mean_ndvi": 0.22037772497870214, "mean_lst": 42.186974268616915, "mean_ndbi": -0.068044648979553271, "mean_dem": 14.971842378843334, "uhi_intensity": 3.1785517386332884, "risk_score": 78.849665037799411, "sustainability_score": 21.150334962200589, "cluster_id": 2, "cluster": "Cluster 2: Dense Urban Heat", "top_positive_driver": "mean_lst", "top_positive_shap": 21.560936635678903, "top_negative_driver": "mean_dem", "top_negative_shap": -0.84019995602977504, "explanation_text": "High composite risk index — dominated by high LST (temperature) (+21.56) and attenuated by high DEM (elevation) (-0.84)" }, "geometry": { "type": "Polygon", "coordinates": [ [ [ 72.97, 19.18 ], [ 72.97, 19.19 ], [ 72.96, 19.19 ], [ 72.96, 19.18 ], [ 72.97, 19.18 ] ] ] } },
{ "type": "Feature", "properties": { "cell_id": "r29_c20", "mean_ndvi": 0.1651040074276853, "mean_lst": 43.508016537953878, "mean_ndbi": 0.01524493288756913, "mean_dem": 11.839556702440355, "uhi_intensity": 4.4995940079702521, "risk_score": 82.712673616726235, "sustainability_score": 17.287326383273765, "cluster_id": 2, "cluster": "Cluster 2: Dense Urban Heat", "top_positive_driver": "mean_lst", "top_positive_shap": 27.155883087349558, "top_negative_driver": "mean_dem", "top_negative_shap": -0.84535143484905761, "explanation_text": "High composite risk index — dominated by high LST (temperature) (+27.16) and attenuated by high DEM (elevation) (-0.85)" }, "geometry": { "type": "Polygon", "coordinates": [ [ [ 72.980000000000103, 19.18 ], [ 72.980000000000103, 19.19 ], [ 72.97, 19.19 ], [ 72.97, 19.18 ], [ 72.980000000000103, 19.18 ] ] ] } },
{ "type": "Feature", "properties": { "cell_id": "r29_c21", "mean_ndvi": 0.16834300623991472, "mean_lst": 40.569934791107194, "mean_ndbi": -0.10814704233872992, "mean_dem": 3.9434542119534264, "uhi_intensity": 1.5615122611235677, "risk_score": 66.939854193082098, "sustainability_score": 33.060145806917902, "cluster_id": 2, "cluster": "Cluster 2: Dense Urban Heat", "top_positive_driver": "mean_lst", "top_positive_shap": 17.56945444590761, "top_negative_driver": "mean_dem", "top_negative_shap": -1.6273628814786629, "explanation_text": "High composite risk index — dominated by high LST (temperature) (+17.57) and attenuated by high DEM (elevation) (-1.63)" }, "geometry": { "type": "Polygon", "coordinates": [ [ [ 72.99, 19.18 ], [ 72.99, 19.19 ], [ 72.980000000000103, 19.19 ], [ 72.980000000000103, 19.18 ], [ 72.99, 19.18 ] ] ] } },
{ "type": "Feature", "properties": { "cell_id": "r30_c0", "mean_ndvi": -0.16882491034295127, "mean_lst": 30.623968213046535, "mean_ndbi": -0.10296484316914534, "mean_dem": 0.0, "uhi_intensity": -8.3844543169370915, "risk_score": 5.5887876261383358, "sustainability_score": 94.411212373861659, "cluster_id": 0, "cluster": "Cluster 0: Coastal/Lowland Urban", "top_positive_driver": null, "top_positive_shap": 0.0, "top_negative_driver": "mean_lst", "top_negative_shap": -35.424356097567426, "explanation_text": "Low composite risk index — dominated by low LST (temperature) (-35.42)" }, "geometry": { "type": "Polygon", "coordinates": [ [ [ 72.78, 19.19 ], [ 72.78, 19.2 ], [ 72.77, 19.2 ], [ 72.77, 19.19 ], [ 72.78, 19.19 ] ] ] } },
{ "type": "Feature", "properties": { "cell_id": "r30_c1", "mean_ndvi": 0.014627940786378446, "mean_lst": 37.73758578491573, "mean_ndbi": 0.032925662390351822, "mean_dem": 5.5410658700029156, "uhi_intensity": -1.2708367450678963, "risk_score": 51.054557121589596, "sustainability_score": 48.945442878410404, "cluster_id": 2, "cluster": "Cluster 2: Dense Urban Heat", "top_positive_driver": "mean_lst", "top_positive_shap": 5.7258922313444423, "top_negative_driver": "mean_ndvi", "top_negative_shap": -6.4028899265365569, "explanation_text": "Moderate composite risk index — dominated by high LST (temperature) (+5.73) and attenuated by high NDVI (vegetation) (-6.40)" }, "geometry": { "type": "Polygon", "coordinates": [ [ [ 72.79, 19.19 ], [ 72.79, 19.2 ], [ 72.78, 19.2 ], [ 72.78, 19.19 ], [ 72.79, 19.19 ] ] ] } },
{ "type": "Feature", "properties": { "cell_id": "r30_c2", "mean_ndvi": 0.059856757128517714, "mean_lst": 37.638782215611997, "mean_ndbi": -0.0067504537430739461, "mean_dem": 4.0327113450212382, "uhi_intensity": -1.3696403143716296, "risk_score": 52.440944572076845, "sustainability_score": 47.559055427923155, "cluster_id": 2, "cluster": "Cluster 2: Dense Urban Heat", "top_positive_driver": "mean_lst", "top_positive_shap": 3.5791565872713207, "top_negative_driver": "mean_dem", "top_negative_shap": -2.9155189426586934, "explanation_text": "Moderate composite risk index — dominated by high LST (temperature) (+3.58) and attenuated by high DEM (elevation) (-2.92)" }, "geometry": { "type": "Polygon", "coordinates": [ [ [ 72.8, 19.19 ], [ 72.8, 19.2 ], [ 72.79, 19.2 ], [ 72.79, 19.19 ], [ 72.8, 19.19 ] ] ] } },
{ "type": "Feature", "properties": { "cell_id": "r30_c3", "mean_ndvi": 0.28646821204504702, "mean_lst": 40.35223806794523, "mean_ndbi": -0.08413536096715804, "mean_dem": 6.3219142974302747, "uhi_intensity": 1.3438155379616035, "risk_score": 76.36700009455069, "sustainability_score": 23.63299990544931, "cluster_id": 2, "cluster": "Cluster 2: Dense Urban Heat", "top_positive_driver": "mean_lst", "top_positive_shap": 16.323594440382113, "top_negative_driver": "mean_dem", "top_negative_shap": -1.9500226685114548, "explanation_text": "High composite risk index — dominated by high LST (temperature) (+16.32) and attenuated by high DEM (elevation) (-1.95)" }, "geometry": { "type": "Polygon", "coordinates": [ [ [ 72.81, 19.19 ], [ 72.81, 19.2 ], [ 72.8, 19.2 ], [ 72.8, 19.19 ], [ 72.81, 19.19 ] ] ] } },
{ "type": "Feature", "properties": { "cell_id": "r30_c4", "mean_ndvi": 0.20412595020115201, "mean_lst": 43.768446744401089, "mean_ndbi": 0.0033026876682971883, "mean_dem": 10.891946310636163, "uhi_intensity": 4.7600242144174629, "risk_score": 86.100409271101995, "sustainability_score": 13.899590728898005, "cluster_id": 2, "cluster": "Cluster 2: Dense Urban Heat", "top_positive_driver": "mean_lst", "top_positive_shap": 27.200111687502975, "top_negative_driver": "mean_dem", "top_negative_shap": -0.86739440390487044, "explanation_text": "High composite risk index — dominated by high LST (temperature) (+27.20) and attenuated by high DEM (elevation) (-0.87)" }, "geometry": { "type": "Polygon", "coordinates": [ [ [ 72.82, 19.19 ], [ 72.82, 19.2 ], [ 72.81, 19.2 ], [ 72.81, 19.19 ], [ 72.82, 19.19 ] ] ] } },
{ "type": "Feature", "properties": { "cell_id": "r30_c5", "mean_ndvi": 0.18169535647013604, "mean_lst": 44.032663568227612, "mean_ndbi": 0.0022932426331392398, "mean_dem": 4.7284922884119585, "uhi_intensity": 5.0242410382439857, "risk_score": 85.028128051440859, "sustainability_score": 14.971871948559141, "cluster_id": 2, "cluster": "Cluster 2: Dense Urban Heat", "top_positive_driver": "mean_lst", "top_positive_shap": 27.621585201483377, "top_negative_driver": "mean_dem", "top_negative_shap": -0.94926659485848508, "explanation_text": "High composite risk index — dominated by high LST (temperature) (+27.62) and attenuated by high DEM (elevation) (-0.95)" }, "geometry": { "type": "Polygon", "coordinates": [ [ [ 72.83, 19.19 ], [ 72.83, 19.2 ], [ 72.82, 19.2 ], [ 72.82, 19.19 ], [ 72.83, 19.19 ] ] ] } },
{ "type": "Feature", "properties": { "cell_id": "r30_c6", "mean_ndvi": 0.1565652211344101, "mean_lst": 41.40004670774514, "mean_ndbi": -0.018196725978101336, "mean_dem": 8.9595747892028399, "uhi_intensity": 2.3916241777615141, "risk_score": 73.006495890478334, "sustainability_score": 26.993504109521666, "cluster_id": 2, "cluster": "Cluster 2: Dense Urban Heat", "top_positive_driver": "mean_lst", "top_positive_shap": 19.748206585979009, "top_negative_driver": "mean_dem", "top_negative_shap": -1.2247944290372035, "explanation_text": "High composite risk index — dominated by high LST (temperature) (+19.75) and attenuated by high DEM (elevation) (-1.22)" }, "geometry": { "type": "Polygon", "coordinates": [ [ [ 72.84, 19.19 ], [ 72.84, 19.2 ], [ 72.83, 19.2 ], [ 72.83, 19.19 ], [ 72.84, 19.19 ] ] ] } },
{ "type": "Feature", "properties": { "cell_id": "r30_c7", "mean_ndvi": 0.19214984389134251, "mean_lst": 40.335116856638706, "mean_ndbi": -0.041509920438647138, "mean_dem": 14.852992606768932, "uhi_intensity": 1.3266943266550797, "risk_score": 71.194019842521968, "sustainability_score": 28.805980157478032, "cluster_id": 2, "cluster": "Cluster 2: Dense Urban Heat", "top_positive_driver": "mean_lst", "top_positive_shap": 16.830523974590403, "top_negative_driver": "mean_dem", "top_negative_shap": -1.1978293776119524, "explanation_text": "High composite risk index — dominated by high LST (temperature) (+16.83) and attenuated by high DEM (elevation) (-1.20)" }, "geometry": { "type": "Polygon", "coordinates": [ [ [ 72.85, 19.19 ], [ 72.85, 19.2 ], [ 72.84, 19.2 ], [ 72.84, 19.19 ], [ 72.85, 19.19 ] ] ] } },
{ "type": "Feature", "properties": { "cell_id": "r30_c8", "mean_ndvi": 0.22387288814641457, "mean_lst": 41.448275143972147, "mean_ndbi": -0.031056378258478338, "mean_dem": 21.056329243703143, "uhi_intensity": 2.4398526139885206, "risk_score": 78.294883529548002, "sustainability_score": 21.705116470451998, "cluster_id": 2, "cluster": "Cluster 2: Dense Urban Heat", "top_positive_driver": "mean_lst", "top_positive_shap": 19.036899847567732, "top_negative_driver": "mean_dem", "top_negative_shap": -0.36356420072759038, "explanation_text": "High composite risk index — dominated by high LST (temperature) (+19.04) and attenuated by high DEM (elevation) (-0.36)" }, "geometry": { "type": "Polygon", "coordinates": [ [ [ 72.86, 19.19 ], [ 72.86, 19.2 ], [ 72.85, 19.2 ], [ 72.85, 19.19 ], [ 72.86, 19.19 ] ] ] } },
{ "type": "Feature", "properties": { "cell_id": "r30_c9", "mean_ndvi": 0.14264759842394101, "mean_lst": 45.088408821436005, "mean_ndbi": 0.043842777030583639, "mean_dem": 30.401592002961802, "uhi_intensity": 6.0799862914523786, "risk_score": 88.571303460464151, "sustainability_score": 11.428696539535849, "cluster_id": 2, "cluster": "Cluster 2: Dense Urban Heat", "top_positive_driver": "mean_lst", "top_positive_shap": 29.643767985715233, "top_negative_driver": null, "top_negative_shap": 0.0, "explanation_text": "High composite risk index — dominated by high LST (temperature) (+29.64)" }, "geometry": { "type": "Polygon", "coordinates": [ [ [ 72.87, 19.19 ], [ 72.87, 19.2 ], [ 72.86, 19.2 ], [ 72.86, 19.19 ], [ 72.87, 19.19 ] ] ] } },
{ "type": "Feature", "properties": { "cell_id": "r30_c10", "mean_ndvi": 0.17515851787226613, "mean_lst": 44.24329010433528, "mean_ndbi": 0.01591869632406305, "mean_dem": 45.22376184618178, "uhi_intensity": 5.2348675743516537, "risk_score": 87.466131790934256, "sustainability_score": 12.533868209065744, "cluster_id": 2, "cluster": "Cluster 2: Dense Urban Heat", "top_positive_driver": "mean_lst", "top_positive_shap": 27.888755473546151, "top_negative_driver": "mean_ndbi", "top_negative_shap": -0.24185182964641203, "explanation_text": "High composite risk index — dominated by high LST (temperature) (+27.89) and attenuated by low NDBI (built-up) (-0.24)" }, "geometry": { "type": "Polygon", "coordinates": [ [ [ 72.88, 19.19 ], [ 72.88, 19.2 ], [ 72.87, 19.2 ], [ 72.87, 19.19 ], [ 72.88, 19.19 ] ] ] } },
{ "type": "Feature", "properties": { "cell_id": "r30_c11", "mean_ndvi": 0.26457286264007313, "mean_lst": 41.073237676367931, "mean_ndbi": -0.0038231492198674464, "mean_dem": 126.13415790687756, "uhi_intensity": 2.064815146384305, "risk_score": 85.428135446074236, "sustainability_score": 14.571864553925764, "cluster_id": 1, "cluster": "Cluster 1: Green/Forested", "top_positive_driver": "mean_lst", "top_positive_shap": 19.769318794009813, "top_negative_driver": null, "top_negative_shap": 0.0, "explanation_text": "High composite risk index — dominated by high LST (temperature) (+19.77)" }, "geometry": { "type": "Polygon", "coordinates": [ [ [ 72.89, 19.19 ], [ 72.89, 19.2 ], [ 72.88, 19.2 ], [ 72.88, 19.19 ], [ 72.89, 19.19 ] ] ] } },
{ "type": "Feature", "properties": { "cell_id": "r30_c12", "mean_ndvi": 0.3408166470113369, "mean_lst": 38.088553956395693, "mean_ndbi": -0.05348193167308634, "mean_dem": 185.92221421634619, "uhi_intensity": -0.91986857358793372, "risk_score": 80.928247284029112, "sustainability_score": 19.071752715970888, "cluster_id": 1, "cluster": "Cluster 1: Green/Forested", "top_positive_driver": "mean_lst", "top_positive_shap": 12.927214916749666, "top_negative_driver": "mean_ndbi", "top_negative_shap": -0.059888068147484437, "explanation_text": "High composite risk index — dominated by high LST (temperature) (+12.93) and attenuated by low NDBI (built-up) (-0.06)" }, "geometry": { "type": "Polygon", "coordinates": [ [ [ 72.9, 19.19 ], [ 72.9, 19.2 ], [ 72.89, 19.2 ], [ 72.89, 19.19 ], [ 72.9, 19.19 ] ] ] } },
{ "type": "Feature", "properties": { "cell_id": "r30_c13", "mean_ndvi": 0.33130867733030639, "mean_lst": 38.048667171376941, "mean_ndbi": 0.0028126375914753737, "mean_dem": 111.23285896147003, "uhi_intensity": -0.95975535860668515, "risk_score": 79.466920913503131, "sustainability_score": 20.533079086496869, "cluster_id": 1, "cluster": "Cluster 1: Green/Forested", "top_positive_driver": "mean_lst", "top_positive_shap": 10.768785603307359, "top_negative_driver": null, "top_negative_shap": 0.0, "explanation_text": "High composite risk index — dominated by high LST (temperature) (+10.77)" }, "geometry": { "type": "Polygon", "coordinates": [ [ [ 72.91, 19.19 ], [ 72.91, 19.2 ], [ 72.9, 19.2 ], [ 72.9, 19.19 ], [ 72.91, 19.19 ] ] ] } },
{ "type": "Feature", "properties": { "cell_id": "r30_c14", "mean_ndvi": 0.16905730816951955, "mean_lst": 35.092335698709519, "mean_ndbi": -0.030425326661230587, "mean_dem": 127.21165604859685, "uhi_intensity": -3.9160868312741073, "risk_score": 55.665606558690669, "sustainability_score": 44.334393441309331, "cluster_id": 1, "cluster": "Cluster 1: Green/Forested", "top_positive_driver": "mean_dem", "top_positive_shap": 3.6955214308384656, "top_negative_driver": "mean_ndbi", "top_negative_shap": -0.049614870839482857, "explanation_text": "Moderate composite risk index — dominated by low DEM (elevation) (+3.70) and attenuated by low NDBI (built-up) (-0.05)" }, "geometry": { "type": "Polygon", "coordinates": [ [ [ 72.92, 19.19 ], [ 72.92, 19.2 ], [ 72.91, 19.2 ], [ 72.91, 19.19 ], [ 72.92, 19.19 ] ] ] } },
{ "type": "Feature", "properties": { "cell_id": "r30_c15", "mean_ndvi": 0.31788596354519472, "mean_lst": 36.048814019742451, "mean_ndbi": -0.052854120322397169, "mean_dem": 130.50679091279284, "uhi_intensity": -2.9596085102411749, "risk_score": 69.710309906195661, "sustainability_score": 30.289690093804339, "cluster_id": 1, "cluster": "Cluster 1: Green/Forested", "top_positive_driver": "mean_ndvi", "top_positive_shap": 8.5578155246421019, "top_negative_driver": "mean_ndbi", "top_negative_shap": -0.081121768282833781, "explanation_text": "High composite risk index — dominated by low NDVI (vegetation) (+8.56) and attenuated by low NDBI (built-up) (-0.08)" }, "geometry": { "type": "Polygon", "coordinates": [ [ [ 72.93, 19.19 ], [ 72.93, 19.2 ], [ 72.92, 19.2 ], [ 72.92, 19.19 ], [ 72.93, 19.19 ] ] ] } },
{ "type": "Feature", "properties": { "cell_id": "r30_c16", "mean_ndvi": 0.41788576772043851, "mean_lst": 37.375798263150841, "mean_ndbi": -0.11187546622413877, "mean_dem": 209.669241197042, "uhi_intensity": -1.6326242668327851, "risk_score": 82.787870372447117, "sustainability_score": 17.212129627552883, "cluster_id": 1, "cluster": "Cluster 1: Green/Forested", "top_positive_driver": "mean_lst", "top_positive_shap": 10.808616360502667, "top_negative_driver": "mean_ndbi", "top_negative_shap": -0.27942048970489008, "explanation_text": "High composite risk index — dominated by high LST (temperature) (+10.81) and attenuated by low NDBI (built-up) (-0.28)" }, "geometry": { "type": "Polygon", "coordinates": [ [ [ 72.94, 19.19 ], [ 72.94, 19.2 ], [ 72.93, 19.2 ], [ 72.93, 19.19 ], [ 72.94, 19.19 ] ] ] } },
{ "type": "Feature", "properties": { "cell_id": "r30_c17", "mean_ndvi": 0.22312085764166364, "mean_lst": 43.621696468784776, "mean_ndbi": 0.0013043091392263696, "mean_dem": 52.38501124939468, "uhi_intensity": 4.6132739388011501, "risk_score": 88.606345652446009, "sustainability_score": 11.393654347553991, "cluster_id": 2, "cluster": "Cluster 2: Dense Urban Heat", "top_positive_driver": "mean_lst", "top_positive_shap": 27.013206842861283, "top_negative_driver": "mean_ndbi", "top_negative_shap": -0.25403065205350017, "explanation_text": "High composite risk index — dominated by high LST (temperature) (+27.01) and attenuated by low NDBI (built-up) (-0.25)" }, "geometry": { "type": "Polygon", "coordinates": [ [ [ 72.95, 19.19 ], [ 72.95, 19.2 ], [ 72.94, 19.2 ], [ 72.94, 19.19 ], [ 72.95, 19.19 ] ] ] } },
{ "type": "Feature", "properties": { "cell_id": "r30_c18", "mean_ndvi": 0.16732956032049542, "mean_lst": 43.954307182796235, "mean_ndbi": -0.0077674285652422782, "mean_dem": 28.442930449243566, "uhi_intensity": 4.9458846528126088, "risk_score": 84.160872153367336, "sustainability_score": 15.839127846632664, "cluster_id": 2, "cluster": "Cluster 2: Dense Urban Heat", "top_positive_driver": "mean_lst", "top_positive_shap": 27.635774066680732, "top_negative_driver": "mean_ndbi", "top_negative_shap": -0.36579063065288719, "explanation_text": "High composite risk index — dominated by high LST (temperature) (+27.64) and attenuated by low NDBI (built-up) (-0.37)" }, "geometry": { "type": "Polygon", "coordinates": [ [ [ 72.96, 19.19 ], [ 72.96, 19.2 ], [ 72.95, 19.2 ], [ 72.95, 19.19 ], [ 72.96, 19.19 ] ] ] } },
{ "type": "Feature", "properties": { "cell_id": "r30_c19", "mean_ndvi": 0.17580341312350425, "mean_lst": 42.494327224915395, "mean_ndbi": -0.041214016797959045, "mean_dem": 19.821380054737343, "uhi_intensity": 3.4859046949317687, "risk_score": 77.845774135606831, "sustainability_score": 22.154225864393169, "cluster_id": 2, "cluster": "Cluster 2: Dense Urban Heat", "top_positive_driver": "mean_lst", "top_positive_shap": 22.129939585540217, "top_negative_driver": "mean_dem", "top_negative_shap": -0.4838253706987084, "explanation_text": "High composite risk index — dominated by high LST (temperature) (+22.13) and attenuated by high DEM (elevation) (-0.48)" }, "geometry": { "type": "Polygon", "coordinates": [ [ [ 72.97, 19.19 ], [ 72.97, 19.2 ], [ 72.96, 19.2 ], [ 72.96, 19.19 ], [ 72.97, 19.19 ] ] ] } },
{ "type": "Feature", "properties": { "cell_id": "r30_c20", "mean_ndvi": 0.15818354261501669, "mean_lst": 42.715157943944746, "mean_ndbi": -0.011954942973735562, "mean_dem": 12.965440347219818, "uhi_intensity": 3.7067354139611197, "risk_score": 78.244619178146976, "sustainability_score": 21.755380821853024, "cluster_id": 2, "cluster": "Cluster 2: Dense Urban Heat", "top_positive_driver": "mean_lst", "top_positive_shap": 22.758448703769911, "top_negative_driver": "mean_dem", "top_negative_shap": -0.94258213908741406, "explanation_text": "High composite risk index — dominated by high LST (temperature) (+22.76) and attenuated by high DEM (elevation) (-0.94)" }, "geometry": { "type": "Polygon", "coordinates": [ [ [ 72.980000000000103, 19.19 ], [ 72.980000000000103, 19.2 ], [ 72.97, 19.2 ], [ 72.97, 19.19 ], [ 72.980000000000103, 19.19 ] ] ] } },
{ "type": "Feature", "properties": { "cell_id": "r30_c21", "mean_ndvi": 0.19599513222739437, "mean_lst": 42.1512051068839, "mean_ndbi": -0.055421313382396066, "mean_dem": 5.5529246919240833, "uhi_intensity": 3.1427825769002737, "risk_score": 77.005774773949085, "sustainability_score": 22.994225226050915, "cluster_id": 2, "cluster": "Cluster 2: Dense Urban Heat", "top_positive_driver": "mean_lst", "top_positive_shap": 21.798584210255218, "top_negative_driver": "mean_dem", "top_negative_shap": -1.0908670787334707, "explanation_text": "High composite risk index — dominated by high LST (temperature) (+21.80) and attenuated by high DEM (elevation) (-1.09)" }, "geometry": { "type": "Polygon", "coordinates": [ [ [ 72.99, 19.19 ], [ 72.99, 19.2 ], [ 72.980000000000103, 19.2 ], [ 72.980000000000103, 19.19 ], [ 72.99, 19.19 ] ] ] } },
{ "type": "Feature", "properties": { "cell_id": "r31_c0", "mean_ndvi": -0.1494870462052344, "mean_lst": 31.271877956972858, "mean_ndbi": -0.14039549874031876, "mean_dem": 0.018486921001882914, "uhi_intensity": -7.736544573010768, "risk_score": 7.8012790786166324, "sustainability_score": 92.198720921383369, "cluster_id": 0, "cluster": "Cluster 0: Coastal/Lowland Urban", "top_positive_driver": null, "top_positive_shap": 0.0, "top_negative_driver": "mean_lst", "top_negative_shap": -33.388429791471204, "explanation_text": "Low composite risk index — dominated by low LST (temperature) (-33.39)" }, "geometry": { "type": "Polygon", "coordinates": [ [ [ 72.78, 19.2 ], [ 72.78, 19.21 ], [ 72.77, 19.21 ], [ 72.77, 19.2 ], [ 72.78, 19.2 ] ] ] } },
{ "type": "Feature", "properties": { "cell_id": "r31_c1", "mean_ndvi": 0.11762003880811527, "mean_lst": 38.516986582768737, "mean_ndbi": -0.024259700140321635, "mean_dem": 3.8224504852488326, "uhi_intensity": -0.49143594721488881, "risk_score": 59.267229373823838, "sustainability_score": 40.732770626176162, "cluster_id": 2, "cluster": "Cluster 2: Dense Urban Heat", "top_positive_driver": "mean_lst", "top_positive_shap": 9.2663659458704402, "top_negative_driver": "mean_dem", "top_negative_shap": -2.4987052334166049, "explanation_text": "Moderate composite risk index — dominated by high LST (temperature) (+9.27) and attenuated by high DEM (elevation) (-2.50)" }, "geometry": { "type": "Polygon", "coordinates": [ [ [ 72.79, 19.2 ], [ 72.79, 19.21 ], [ 72.78, 19.21 ], [ 72.78, 19.2 ], [ 72.79, 19.2 ] ] ] } },
{ "type": "Feature", "properties": { "cell_id": "r31_c2", "mean_ndvi": 0.054535061856738239, "mean_lst": 34.071044438221413, "mean_ndbi": -0.10555338972718135, "mean_dem": 0.79745000128183696, "uhi_intensity": -4.9373780917622128, "risk_score": 34.992040575561361, "sustainability_score": 65.007959424438639, "cluster_id": 0, "cluster": "Cluster 0: Coastal/Lowland Urban", "top_positive_driver": "mean_ndvi", "top_positive_shap": 1.2563806425511066, "top_negative_driver": "mean_lst", "top_negative_shap": -17.634081991200077, "explanation_text": "Low composite risk index — dominated by low NDVI (vegetation) (+1.26) and attenuated by low LST (temperature) (-17.63)" }, "geometry": { "type": "Polygon", "coordinates": [ [ [ 72.8, 19.2 ], [ 72.8, 19.21 ], [ 72.79, 19.21 ], [ 72.79, 19.2 ], [ 72.8, 19.2 ] ] ] } },
{ "type": "Feature", "properties": { "cell_id": "r31_c3", "mean_ndvi": 0.23851034734132601, "mean_lst": 35.600157204012177, "mean_ndbi": -0.17252971758146077, "mean_dem": 1.5989643858090095, "uhi_intensity": -3.408265325971449, "risk_score": 51.795710138641859, "sustainability_score": 48.204289861358141, "cluster_id": 3, "cluster": "Cluster 3: Green/Forested", "top_positive_driver": "mean_ndvi", "top_positive_shap": 5.2234230558895334, "top_negative_driver": "mean_dem", "top_negative_shap": -2.9358984512669841, "explanation_text": "Moderate composite risk index — dominated by low NDVI (vegetation) (+5.22) and attenuated by high DEM (elevation) (-2.94)" }, "geometry": { "type": "Polygon", "coordinates": [ [ [ 72.81, 19.2 ], [ 72.81, 19.21 ], [ 72.8, 19.21 ], [ 72.8, 19.2 ], [ 72.81, 19.2 ] ] ] } },
{ "type": "Feature", "properties": { "cell_id": "r31_c4", "mean_ndvi": 0.25343060970166514, "mean_lst": 39.68674551644019, "mean_ndbi": -0.080123461072653709, "mean_dem": 4.5158962789518471, "uhi_intensity": 0.67832298645656408, "risk_score": 71.549594215419788, "sustainability_score": 28.450405784580212, "cluster_id": 2, "cluster": "Cluster 2: Dense Urban Heat", "top_positive_driver": "mean_lst", "top_positive_shap": 15.2178553535774, "top_negative_driver": "mean_dem", "top_negative_shap": -2.1082751385765959, "explanation_text": "High composite risk index — dominated by high LST (temperature) (+15.22) and attenuated by high DEM (elevation) (-2.11)" }, "geometry": { "type": "Polygon", "coordinates": [ [ [ 72.82, 19.2 ], [ 72.82, 19.21 ], [ 72.81, 19.21 ], [ 72.81, 19.2 ], [ 72.82, 19.2 ] ] ] } },
{ "type": "Feature", "properties": { "cell_id": "r31_c5", "mean_ndvi": 0.16056034355019519, "mean_lst": 43.041592935275006, "mean_ndbi": 0.013869222933403032, "mean_dem": 7.5576234972366496, "uhi_intensity": 4.0331704052913793, "risk_score": 80.470995724606041, "sustainability_score": 19.529004275393959, "cluster_id": 2, "cluster": "Cluster 2: Dense Urban Heat", "top_positive_driver": "mean_lst", "top_positive_shap": 25.895380971669493, "top_negative_driver": "mean_dem", "top_negative_shap": -0.96543304737313895, "explanation_text": "High composite risk index — dominated by high LST (temperature) (+25.90) and attenuated by high DEM (elevation) (-0.97)" }, "geometry": { "type": "Polygon", "coordinates": [ [ [ 72.83, 19.2 ], [ 72.83, 19.21 ], [ 72.82, 19.21 ], [ 72.82, 19.2 ], [ 72.83, 19.2 ] ] ] } },
{ "type": "Feature", "properties": { "cell_id": "r31_c6", "mean_ndvi": 0.1299244133774379, "mean_lst": 43.186763256821187, "mean_ndbi": 0.017361034206779629, "mean_dem": 8.3496090801635017, "uhi_intensity": 4.1783407268375612, "risk_score": 78.810505640320628, "sustainability_score": 21.189494359679372, "cluster_id": 2, "cluster": "Cluster 2: Dense Urban Heat", "top_positive_driver": "mean_lst", "top_positive_shap": 26.191658040473484, "top_negative_driver": "mean_dem", "top_negative_shap": -0.98222053384587893, "explanation_text": "High composite risk index — dominated by high LST (temperature) (+26.19) and attenuated by high DEM (elevation) (-0.98)" }, "geometry": { "type": "Polygon", "coordinates": [ [ [ 72.84, 19.2 ], [ 72.84, 19.21 ], [ 72.83, 19.21 ], [ 72.83, 19.2 ], [ 72.84, 19.2 ] ] ] } },
{ "type": "Feature", "properties": { "cell_id": "r31_c7", "mean_ndvi": 0.17454143700408128, "mean_lst": 40.800639492315007, "mean_ndbi": -0.018140344062123386, "mean_dem": 12.58753254447984, "uhi_intensity": 1.7922169623313806, "risk_score": 72.399381175003583, "sustainability_score": 27.600618824996417, "cluster_id": 2, "cluster": "Cluster 2: Dense Urban Heat", "top_positive_driver": "mean_lst", "top_positive_shap": 18.07946931544619, "top_negative_driver": "mean_dem", "top_negative_shap": -1.3111027107283209, "explanation_text": "High composite risk index — dominated by high LST (temperature) (+18.08) and attenuated by high DEM (elevation) (-1.31)" }, "geometry": { "type": "Polygon", "coordinates": [ [ [ 72.85, 19.2 ], [ 72.85, 19.21 ], [ 72.84, 19.21 ], [ 72.84, 19.2 ], [ 72.85, 19.2 ] ] ] } },
{ "type": "Feature", "properties": { "cell_id": "r31_c8", "mean_ndvi": 0.20876647781787169, "mean_lst": 42.621973578632698, "mean_ndbi": 0.00015098469701039342, "mean_dem": 16.484642182653065, "uhi_intensity": 3.6135510486490716, "risk_score": 82.458476340060372, "sustainability_score": 17.541523659939628, "cluster_id": 2, "cluster": "Cluster 2: Dense Urban Heat", "top_positive_driver": "mean_lst", "top_positive_shap": 22.327344753542796, "top_negative_driver": "mean_dem", "top_negative_shap": -0.84929174670007945, "explanation_text": "High composite risk index — dominated by high LST (temperature) (+22.33) and attenuated by high DEM (elevation) (-0.85)" }, "geometry": { "type": "Polygon", "coordinates": [ [ [ 72.86, 19.2 ], [ 72.86, 19.21 ], [ 72.85, 19.21 ], [ 72.85, 19.2 ], [ 72.86, 19.2 ] ] ] } },
{ "type": "Feature", "properties": { "cell_id": "r31_c9", "mean_ndvi": 0.17652235285793236, "mean_lst": 43.476845727618809, "mean_ndbi": -0.017605536899407196, "mean_dem": 20.211167986965105, "uhi_intensity": 4.4684231976351825, "risk_score": 82.42096045179224, "sustainability_score": 17.57903954820776, "cluster_id": 2, "cluster": "Cluster 2: Dense Urban Heat", "top_positive_driver": "mean_lst", "top_positive_shap": 26.878506093246219, "top_negative_driver": "mean_ndbi", "top_negative_shap": -0.42271528460104713, "explanation_text": "High composite risk index — dominated by high LST (temperature) (+26.88) and attenuated by low NDBI (built-up) (-0.42)" }, "geometry": { "type": "Polygon", "coordinates": [ [ [ 72.87, 19.2 ], [ 72.87, 19.21 ], [ 72.86, 19.21 ], [ 72.86, 19.2 ], [ 72.87, 19.2 ] ] ] } },
{ "type": "Feature", "properties": { "cell_id": "r31_c10", "mean_ndvi": 0.13426250421337707, "mean_lst": 44.735873314132753, "mean_ndbi": 0.012365207425226949, "mean_dem": 27.773995642205133, "uhi_intensity": 5.7274507841491271, "risk_score": 85.229856375435816, "sustainability_score": 14.770143624564184, "cluster_id": 2, "cluster": "Cluster 2: Dense Urban Heat", "top_positive_driver": "mean_lst", "top_positive_shap": 27.948626889766189, "top_negative_driver": "mean_ndbi", "top_negative_shap": -0.41519875265272416, "explanation_text": "High composite risk index — dominated by high LST (temperature) (+27.95) and attenuated by low NDBI (built-up) (-0.42)" }, "geometry": { "type": "Polygon", "coordinates": [ [ [ 72.88, 19.2 ], [ 72.88, 19.21 ], [ 72.87, 19.21 ], [ 72.87, 19.2 ], [ 72.88, 19.2 ] ] ] } },
{ "type": "Feature", "properties": { "cell_id": "r31_c11", "mean_ndvi": 0.25645467145510226, "mean_lst": 42.855630895699946, "mean_ndbi": 0.032857648831100615, "mean_dem": 102.26608917589347, "uhi_intensity": 3.8472083657163196, "risk_score": 91.763758165734856, "sustainability_score": 8.2362418342651438, "cluster_id": 2, "cluster": "Cluster 2: Dense Urban Heat", "top_positive_driver": "mean_lst", "top_positive_shap": 24.353628653586323, "top_negative_driver": null, "top_negative_shap": 0.0, "explanation_text": "High composite risk index — dominated by high LST (temperature) (+24.35)" }, "geometry": { "type": "Polygon", "coordinates": [ [ [ 72.89, 19.2 ], [ 72.89, 19.21 ], [ 72.88, 19.21 ], [ 72.88, 19.2 ], [ 72.89, 19.2 ] ] ] } },
{ "type": "Feature", "properties": { "cell_id": "r31_c12", "mean_ndvi": 0.33666997359397949, "mean_lst": 38.148521080195941, "mean_ndbi": -0.043768880031921635, "mean_dem": 88.084202610394939, "uhi_intensity": -0.85990144978768512, "risk_score": 77.339142650682675, "sustainability_score": 22.660857349317325, "cluster_id": 1, "cluster": "Cluster 1: Green/Forested", "top_positive_driver": "mean_lst", "top_positive_shap": 10.919313997541757, "top_negative_driver": null, "top_negative_shap": 0.0, "explanation_text": "High composite risk index — dominated by high LST (temperature) (+10.92)" }, "geometry": { "type": "Polygon", "coordinates": [ [ [ 72.9, 19.2 ], [ 72.9, 19.21 ], [ 72.89, 19.21 ], [ 72.89, 19.2 ], [ 72.9, 19.2 ] ] ] } },
{ "type": "Feature", "properties": { "cell_id": "r31_c13", "mean_ndvi": 0.27149699227958435, "mean_lst": 40.285998634980466, "mean_ndbi": 0.049364904337526369, "mean_dem": 121.41227945239825, "uhi_intensity": 1.2775761049968395, "risk_score": 85.220644997590426, "sustainability_score": 14.779355002409574, "cluster_id": 1, "cluster": "Cluster 1: Green/Forested", "top_positive_driver": "mean_lst", "top_positive_shap": 17.650352077065566, "top_negative_driver": null, "top_negative_shap": 0.0, "explanation_text": "High composite risk index — dominated by high LST (temperature) (+17.65)" }, "geometry": { "type": "Polygon", "coordinates": [ [ [ 72.91, 19.2 ], [ 72.91, 19.21 ], [ 72.9, 19.21 ], [ 72.9, 19.2 ], [ 72.91, 19.2 ] ] ] } },
{ "type": "Feature", "properties": { "cell_id": "r31_c14", "mean_ndvi": 0.33340151903078075, "mean_lst": 38.710482175705252, "mean_ndbi": -0.016625539308227261, "mean_dem": 214.19816155211282, "uhi_intensity": -0.29794035427837429, "risk_score": 85.263593705664022, "sustainability_score": 14.736406294335978, "cluster_id": 1, "cluster": "Cluster 1: Green/Forested", "top_positive_driver": "mean_lst", "top_positive_shap": 15.991907744642717, "top_negative_driver": null, "top_negative_shap": 0.0, "explanation_text": "High composite risk index — dominated by high LST (temperature) (+15.99)" }, "geometry": { "type": "Polygon", "coordinates": [ [ [ 72.92, 19.2 ], [ 72.92, 19.21 ], [ 72.91, 19.21 ], [ 72.91, 19.2 ], [ 72.92, 19.2 ] ] ] } },
{ "type": "Feature", "properties": { "cell_id": "r31_c15", "mean_ndvi": 0.37091554998639059, "mean_lst": 38.217390196148187, "mean_ndbi": -0.035840593369378407, "mean_dem": 164.00662283725183, "uhi_intensity": -0.79103233383543881, "risk_score": 83.57930079484133, "sustainability_score": 16.42069920515867, "cluster_id": 1, "cluster": "Cluster 1: Green/Forested", "top_positive_driver": "mean_lst", "top_positive_shap": 13.356517907052009, "top_negative_driver": null, "top_negative_shap": 0.0, "explanation_text": "High composite risk index — dominated by high LST (temperature) (+13.36)" }, "geometry": { "type": "Polygon", "coordinates": [ [ [ 72.93, 19.2 ], [ 72.93, 19.21 ], [ 72.92, 19.21 ], [ 72.92, 19.2 ], [ 72.93, 19.2 ] ] ] } },
{ "type": "Feature", "properties": { "cell_id": "r31_c16", "mean_ndvi": 0.33642830279013258, "mean_lst": 38.104738144090732, "mean_ndbi": -0.063998297677319765, "mean_dem": 255.69436191637337, "uhi_intensity": -0.90368438589289468, "risk_score": 82.980506038432665, "sustainability_score": 17.019493961567335, "cluster_id": 1, "cluster": "Cluster 1: Green/Forested", "top_positive_driver": "mean_lst", "top_positive_shap": 13.321031752961645, "top_negative_driver": "mean_ndbi", "top_negative_shap": -0.10335981899929768, "explanation_text": "High composite risk index — dominated by high LST (temperature) (+13.32) and attenuated by low NDBI (built-up) (-0.10)" }, "geometry": { "type": "Polygon", "coordinates": [ [ [ 72.94, 19.2 ], [ 72.94, 19.21 ], [ 72.93, 19.21 ], [ 72.93, 19.2 ], [ 72.94, 19.2 ] ] ] } },
{ "type": "Feature", "properties": { "cell_id": "r31_c17", "mean_ndvi": 0.2273214477785381, "mean_lst": 43.014756986631411, "mean_ndbi": 0.0010567107105933929, "mean_dem": 87.956708131681637, "uhi_intensity": 4.0063344566477852, "risk_score": 88.171221263912031, "sustainability_score": 11.828778736087969, "cluster_id": 2, "cluster": "Cluster 2: Dense Urban Heat", "top_positive_driver": "mean_lst", "top_positive_shap": 25.582011386322414, "top_negative_driver": "mean_ndbi", "top_negative_shap": -0.15945575017421915, "explanation_text": "High composite risk index — dominated by high LST (temperature) (+25.58) and attenuated by low NDBI (built-up) (-0.16)" }, "geometry": { "type": "Polygon", "coordinates": [ [ [ 72.95, 19.2 ], [ 72.95, 19.21 ], [ 72.94, 19.21 ], [ 72.94, 19.2 ], [ 72.95, 19.2 ] ] ] } },
{ "type": "Feature", "properties": { "cell_id": "r31_c18", "mean_ndvi": 0.1766040837888444, "mean_lst": 45.359798912056625, "mean_ndbi": 0.028200914476756288, "mean_dem": 33.508197234928517, "uhi_intensity": 6.3513763820729991, "risk_score": 91.612875096117236, "sustainability_score": 8.3871249038827642, "cluster_id": 2, "cluster": "Cluster 2: Dense Urban Heat", "top_positive_driver": "mean_lst", "top_positive_shap": 28.667187929645952, "top_negative_driver": null, "top_negative_shap": 0.0, "explanation_text": "High composite risk index — dominated by high LST (temperature) (+28.67)" }, "geometry": { "type": "Polygon", "coordinates": [ [ [ 72.96, 19.2 ], [ 72.96, 19.21 ], [ 72.95, 19.21 ], [ 72.95, 19.2 ], [ 72.96, 19.2 ] ] ] } },
{ "type": "Feature", "properties": { "cell_id": "r31_c19", "mean_ndvi": 0.18610567569360481, "mean_lst": 44.610830613197926, "mean_ndbi": -0.034924034247963406, "mean_dem": 21.759182929365171, "uhi_intensity": 5.6024080832142999, "risk_score": 86.529536137582852, "sustainability_score": 13.470463862417148, "cluster_id": 2, "cluster": "Cluster 2: Dense Urban Heat", "top_positive_driver": "mean_lst", "top_positive_shap": 27.501627463353724, "top_negative_driver": "mean_ndbi", "top_negative_shap": -0.46164187247660804, "explanation_text": "High composite risk index — dominated by high LST (temperature) (+27.50) and attenuated by low NDBI (built-up) (-0.46)" }, "geometry": { "type": "Polygon", "coordinates": [ [ [ 72.97, 19.2 ], [ 72.97, 19.21 ], [ 72.96, 19.21 ], [ 72.96, 19.2 ], [ 72.97, 19.2 ] ] ] } },
{ "type": "Feature", "properties": { "cell_id": "r31_c20", "mean_ndvi": 0.16920859588153178, "mean_lst": 44.41715890189208, "mean_ndbi": -0.014898478030961011, "mean_dem": 13.191954036085221, "uhi_intensity": 5.4087363719084536, "risk_score": 85.04638306298996, "sustainability_score": 14.95361693701004, "cluster_id": 2, "cluster": "Cluster 2: Dense Urban Heat", "top_positive_driver": "mean_lst", "top_positive_shap": 27.603447053276295, "top_negative_driver": "mean_dem", "top_negative_shap": -0.75077648208427306, "explanation_text": "High composite risk index — dominated by high LST (temperature) (+27.60) and attenuated by high DEM (elevation) (-0.75)" }, "geometry": { "type": "Polygon", "coordinates": [ [ [ 72.980000000000103, 19.2 ], [ 72.980000000000103, 19.21 ], [ 72.97, 19.21 ], [ 72.97, 19.2 ], [ 72.980000000000103, 19.2 ] ] ] } },
{ "type": "Feature", "properties": { "cell_id": "r31_c21", "mean_ndvi": 0.16445877458170216, "mean_lst": 43.414987455090078, "mean_ndbi": -0.016169594653765926, "mean_dem": 5.7090387031165939, "uhi_intensity": 4.4065649251064514, "risk_score": 80.755432669167106, "sustainability_score": 19.244567330832894, "cluster_id": 2, "cluster": "Cluster 2: Dense Urban Heat", "top_positive_driver": "mean_lst", "top_positive_shap": 26.18864816375336, "top_negative_driver": "mean_dem", "top_negative_shap": -0.95540316112152524, "explanation_text": "High composite risk index — dominated by high LST (temperature) (+26.19) and attenuated by high DEM (elevation) (-0.96)" }, "geometry": { "type": "Polygon", "coordinates": [ [ [ 72.99, 19.2 ], [ 72.99, 19.21 ], [ 72.980000000000103, 19.21 ], [ 72.980000000000103, 19.2 ], [ 72.99, 19.2 ] ] ] } },
{ "type": "Feature", "properties": { "cell_id": "r32_c0", "mean_ndvi": -0.15327225186855917, "mean_lst": 31.268391545858911, "mean_ndbi": -0.11416326907249247, "mean_dem": 0.074128084991241641, "uhi_intensity": -7.740030984124715, "risk_score": 8.6118248551517027, "sustainability_score": 91.388175144848304, "cluster_id": 0, "cluster": "Cluster 0: Coastal/Lowland Urban", "top_positive_driver": null, "top_positive_shap": 0.0, "top_negative_driver": "mean_lst", "top_negative_shap": -34.04250930502937, "explanation_text": "Low composite risk index — dominated by low LST (temperature) (-34.04)" }, "geometry": { "type": "Polygon", "coordinates": [ [ [ 72.78, 19.21 ], [ 72.78, 19.22 ], [ 72.77, 19.22 ], [ 72.77, 19.21 ], [ 72.78, 19.21 ] ] ] } },
{ "type": "Feature", "properties": { "cell_id": "r32_c1", "mean_ndvi": 0.22941936185024073, "mean_lst": 39.739798152998283, "mean_ndbi": 0.00013947841204672577, "mean_dem": 8.3632122360044825, "uhi_intensity": 0.73137562301465664, "risk_score": 73.44668050822834, "sustainability_score": 26.55331949177166, "cluster_id": 2, "cluster": "Cluster 2: Dense Urban Heat", "top_positive_driver": "mean_lst", "top_positive_shap": 15.622721291246247, "top_negative_driver": "mean_dem", "top_negative_shap": -1.8514280286747298, "explanation_text": "High composite risk index — dominated by high LST (temperature) (+15.62) and attenuated by high DEM (elevation) (-1.85)" }, "geometry": { "type": "Polygon", "coordinates": [ [ [ 72.79, 19.21 ], [ 72.79, 19.22 ], [ 72.78, 19.22 ], [ 72.78, 19.21 ], [ 72.79, 19.21 ] ] ] } },
{ "type": "Feature", "properties": { "cell_id": "r32_c2", "mean_ndvi": 0.2497131039364803, "mean_lst": 39.621115687729642, "mean_ndbi": -0.0083869158279508953, "mean_dem": 5.5369644596603695, "uhi_intensity": 0.61269315774601552, "risk_score": 74.111269326733819, "sustainability_score": 25.888730673266181, "cluster_id": 2, "cluster": "Cluster 2: Dense Urban Heat", "top_positive_driver": "mean_lst", "top_positive_shap": 14.650597015018967, "top_negative_driver": "mean_dem", "top_negative_shap": -2.0212447152342512, "explanation_text": "High composite risk index — dominated by high LST (temperature) (+14.65) and attenuated by high DEM (elevation) (-2.02)" }, "geometry": { "type": "Polygon", "coordinates": [ [ [ 72.8, 19.21 ], [ 72.8, 19.22 ], [ 72.79, 19.22 ], [ 72.79, 19.21 ], [ 72.8, 19.21 ] ] ] } },
{ "type": "Feature", "properties": { "cell_id": "r32_c3", "mean_ndvi": 0.066609058377124677, "mean_lst": 32.225006561853753, "mean_ndbi": -0.16592853959377035, "mean_dem": 0.34553200942098489, "uhi_intensity": -6.7834159681298729, "risk_score": 26.761086796746596, "sustainability_score": 73.238913203253404, "cluster_id": 0, "cluster": "Cluster 0: Coastal/Lowland Urban", "top_positive_driver": "mean_ndvi", "top_positive_shap": 5.8046393718907092, "top_negative_driver": "mean_lst", "top_negative_shap": -29.466265141774958, "explanation_text": "Low composite risk index — dominated by low NDVI (vegetation) (+5.80) and attenuated by low LST (temperature) (-29.47)" }, "geometry": { "type": "Polygon", "coordinates": [ [ [ 72.81, 19.21 ], [ 72.81, 19.22 ], [ 72.8, 19.22 ], [ 72.8, 19.21 ], [ 72.81, 19.21 ] ] ] } },
{ "type": "Feature", "properties": { "cell_id": "r32_c4", "mean_ndvi": 0.30340478085194428, "mean_lst": 37.89916222435955, "mean_ndbi": -0.12102660449340373, "mean_dem": 3.684962759367115, "uhi_intensity": -1.1092603056240762, "risk_score": 67.25422365292178, "sustainability_score": 32.74577634707822, "cluster_id": 3, "cluster": "Cluster 3: Green/Forested", "top_positive_driver": "mean_ndvi", "top_positive_shap": 7.495387931123342, "top_negative_driver": "mean_dem", "top_negative_shap": -3.3126028866731461, "explanation_text": "High composite risk index — dominated by low NDVI (vegetation) (+7.50) and attenuated by high DEM (elevation) (-3.31)" }, "geometry": { "type": "Polygon", "coordinates": [ [ [ 72.82, 19.21 ], [ 72.82, 19.22 ], [ 72.81, 19.22 ], [ 72.81, 19.21 ], [ 72.82, 19.21 ] ] ] } },
{ "type": "Feature", "properties": { "cell_id": "r32_c5", "mean_ndvi": 0.19569423391867527, "mean_lst": 41.292291646175656, "mean_ndbi": -0.0043798880116703168, "mean_dem": 5.5880566743956699, "uhi_intensity": 2.2838691161920295, "risk_score": 76.08508094800419, "sustainability_score": 23.91491905199581, "cluster_id": 2, "cluster": "Cluster 2: Dense Urban Heat", "top_positive_driver": "mean_lst", "top_positive_shap": 19.274101575210281, "top_negative_driver": "mean_dem", "top_negative_shap": -1.3455163777409895, "explanation_text": "High composite risk index — dominated by high LST (temperature) (+19.27) and attenuated by high DEM (elevation) (-1.35)" }, "geometry": { "type": "Polygon", "coordinates": [ [ [ 72.83, 19.21 ], [ 72.83, 19.22 ], [ 72.82, 19.22 ], [ 72.82, 19.21 ], [ 72.83, 19.21 ] ] ] } },
{ "type": "Feature", "properties": { "cell_id": "r32_c6", "mean_ndvi": 0.16301257847385328, "mean_lst": 42.433042929949607, "mean_ndbi": 0.0065761712830796782, "mean_dem": 7.1877760721781776, "uhi_intensity": 3.4246203999659812, "risk_score": 78.165826228956021, "sustainability_score": 21.834173771043979, "cluster_id": 2, "cluster": "Cluster 2: Dense Urban Heat", "top_positive_driver": "mean_lst", "top_positive_shap": 22.423127100862885, "top_negative_driver": "mean_dem", "top_negative_shap": -1.0919105868896843, "explanation_text": "High composite risk index — dominated by high LST (temperature) (+22.42) and attenuated by high DEM (elevation) (-1.09)" }, "geometry": { "type": "Polygon", "coordinates": [ [ [ 72.84, 19.21 ], [ 72.84, 19.22 ], [ 72.83, 19.22 ], [ 72.83, 19.21 ], [ 72.84, 19.21 ] ] ] } },
{ "type": "Feature", "properties": { "cell_id": "r32_c7", "mean_ndvi": 0.18823276191868557, "mean_lst": 42.22069826893182, "mean_ndbi": -0.025707446391622334, "mean_dem": 10.364171052931377, "uhi_intensity": 3.2122757389481933, "risk_score": 78.107425464046543, "sustainability_score": 21.892574535953457, "cluster_id": 2, "cluster": "Cluster 2: Dense Urban Heat", "top_positive_driver": "mean_lst", "top_positive_shap": 21.867412697055052, "top_negative_driver": "mean_dem", "top_negative_shap": -1.0904827544224078, "explanation_text": "High composite risk index — dominated by high LST (temperature) (+21.87) and attenuated by high DEM (elevation) (-1.09)" }, "geometry": { "type": "Polygon", "coordinates": [ [ [ 72.85, 19.21 ], [ 72.85, 19.22 ], [ 72.84, 19.22 ], [ 72.84, 19.21 ], [ 72.85, 19.21 ] ] ] } },
{ "type": "Feature", "properties": { "cell_id": "r32_c8", "mean_ndvi": 0.16739273981931352, "mean_lst": 44.812347686878489, "mean_ndbi": 0.0086289253804683642, "mean_dem": 15.133151616651805, "uhi_intensity": 5.8039251568948629, "risk_score": 87.390508186311379, "sustainability_score": 12.609491813688621, "cluster_id": 2, "cluster": "Cluster 2: Dense Urban Heat", "top_positive_driver": "mean_lst", "top_positive_shap": 27.959137730091911, "top_negative_driver": "mean_ndbi", "top_negative_shap": -0.4418341487720206, "explanation_text": "High composite risk index — dominated by high LST (temperature) (+27.96) and attenuated by low NDBI (built-up) (-0.44)" }, "geometry": { "type": "Polygon", "coordinates": [ [ [ 72.86, 19.21 ], [ 72.86, 19.22 ], [ 72.85, 19.22 ], [ 72.85, 19.21 ], [ 72.86, 19.21 ] ] ] } },
{ "type": "Feature", "properties": { "cell_id": "r32_c9", "mean_ndvi": 0.14510437458910405, "mean_lst": 42.373889623239776, "mean_ndbi": -0.0079226871392741906, "mean_dem": 21.54327591314054, "uhi_intensity": 3.3654670932561501, "risk_score": 76.533635276480751, "sustainability_score": 23.466364723519249, "cluster_id": 2, "cluster": "Cluster 2: Dense Urban Heat", "top_positive_driver": "mean_lst", "top_positive_shap": 22.04215064244633, "top_negative_driver": "mean_dem", "top_negative_shap": -0.29581182835939945, "explanation_text": "High composite risk index — dominated by high LST (temperature) (+22.04) and attenuated by high DEM (elevation) (-0.30)" }, "geometry": { "type": "Polygon", "coordinates": [ [ [ 72.87, 19.21 ], [ 72.87, 19.22 ], [ 72.86, 19.22 ], [ 72.86, 19.21 ], [ 72.87, 19.21 ] ] ] } },
{ "type": "Feature", "properties": { "cell_id": "r32_c10", "mean_ndvi": 0.20546896328911052, "mean_lst": 42.489662093301661, "mean_ndbi": 0.012905532236471413, "mean_dem": 26.575991365070639, "uhi_intensity": 3.4812395633180344, "risk_score": 82.675411784925529, "sustainability_score": 17.324588215074471, "cluster_id": 2, "cluster": "Cluster 2: Dense Urban Heat", "top_positive_driver": "mean_lst", "top_positive_shap": 21.916325629360177, "top_negative_driver": null, "top_negative_shap": 0.0, "explanation_text": "High composite risk index — dominated by high LST (temperature) (+21.92)" }, "geometry": { "type": "Polygon", "coordinates": [ [ [ 72.88, 19.21 ], [ 72.88, 19.22 ], [ 72.87, 19.22 ], [ 72.87, 19.21 ], [ 72.88, 19.21 ] ] ] } },
{ "type": "Feature", "properties": { "cell_id": "r32_c11", "mean_ndvi": 0.27890520347520631, "mean_lst": 41.657459624462867, "mean_ndbi": 0.046216173159172848, "mean_dem": 67.128401144989112, "uhi_intensity": 2.6490370944792403, "risk_score": 88.386289934648119, "sustainability_score": 11.613710065351881, "cluster_id": 2, "cluster": "Cluster 2: Dense Urban Heat", "top_positive_driver": "mean_lst", "top_positive_shap": 19.260299674346708, "top_negative_driver": null, "top_negative_shap": 0.0, "explanation_text": "High composite risk index — dominated by high LST (temperature) (+19.26)" }, "geometry": { "type": "Polygon", "coordinates": [ [ [ 72.89, 19.21 ], [ 72.89, 19.22 ], [ 72.88, 19.22 ], [ 72.88, 19.21 ], [ 72.89, 19.21 ] ] ] } },
{ "type": "Feature", "properties": { "cell_id": "r32_c12", "mean_ndvi": 0.37341868512822085, "mean_lst": 37.171427344222927, "mean_ndbi": -0.076930269765160139, "mean_dem": 101.52561407706131, "uhi_intensity": -1.8369951857606992, "risk_score": 75.812502202636381, "sustainability_score": 24.187497797363619, "cluster_id": 1, "cluster": "Cluster 1: Green/Forested", "top_positive_driver": "mean_ndvi", "top_positive_shap": 8.8755973069061938, "top_negative_driver": "mean_ndbi", "top_negative_shap": -0.087035025028963015, "explanation_text": "High composite risk index — dominated by low NDVI (vegetation) (+8.88) and attenuated by low NDBI (built-up) (-0.09)" }, "geometry": { "type": "Polygon", "coordinates": [ [ [ 72.9, 19.21 ], [ 72.9, 19.22 ], [ 72.89, 19.22 ], [ 72.89, 19.21 ], [ 72.9, 19.21 ] ] ] } },
{ "type": "Feature", "properties": { "cell_id": "r32_c13", "mean_ndvi": 0.34114684375999543, "mean_lst": 38.801094662442743, "mean_ndbi": -0.017871948392905984, "mean_dem": 177.83794129793898, "uhi_intensity": -0.20732786754088295, "risk_score": 84.682193191599595, "sustainability_score": 15.317806808400405, "cluster_id": 1, "cluster": "Cluster 1: Green/Forested", "top_positive_driver": "mean_lst", "top_positive_shap": 16.485186261160745, "top_negative_driver": null, "top_negative_shap": 0.0, "explanation_text": "High composite risk index — dominated by high LST (temperature) (+16.49)" }, "geometry": { "type": "Polygon", "coordinates": [ [ [ 72.91, 19.21 ], [ 72.91, 19.22 ], [ 72.9, 19.22 ], [ 72.9, 19.21 ], [ 72.91, 19.21 ] ] ] } },
{ "type": "Feature", "properties": { "cell_id": "r32_c14", "mean_ndvi": 0.41637919960502612, "mean_lst": 36.738164927734992, "mean_ndbi": -0.12427171426351616, "mean_dem": 363.19002888115352, "uhi_intensity": -2.270257602248634, "risk_score": 85.985397437418328, "sustainability_score": 14.014602562581672, "cluster_id": 1, "cluster": "Cluster 1: Green/Forested", "top_positive_driver": "mean_ndvi", "top_positive_shap": 9.8994267949591155, "top_negative_driver": "mean_ndbi", "top_negative_shap": -0.53611923928950456, "explanation_text": "High composite risk index — dominated by low NDVI (vegetation) (+9.90) and attenuated by low NDBI (built-up) (-0.54)" }, "geometry": { "type": "Polygon", "coordinates": [ [ [ 72.92, 19.21 ], [ 72.92, 19.22 ], [ 72.91, 19.22 ], [ 72.91, 19.21 ], [ 72.92, 19.21 ] ] ] } },
{ "type": "Feature", "properties": { "cell_id": "r32_c15", "mean_ndvi": 0.36634619220747155, "mean_lst": 38.132971436603441, "mean_ndbi": -0.078173833312189175, "mean_dem": 312.63485096626175, "uhi_intensity": -0.87545109338018534, "risk_score": 87.049861640560593, "sustainability_score": 12.950138359439407, "cluster_id": 1, "cluster": "Cluster 1: Green/Forested", "top_positive_driver": "mean_lst", "top_positive_shap": 13.222563875389046, "top_negative_driver": "mean_ndbi", "top_negative_shap": -0.10945105700890964, "explanation_text": "High composite risk index — dominated by high LST (temperature) (+13.22) and attenuated by low NDBI (built-up) (-0.11)" }, "geometry": { "type": "Polygon", "coordinates": [ [ [ 72.93, 19.21 ], [ 72.93, 19.22 ], [ 72.92, 19.22 ], [ 72.92, 19.21 ], [ 72.93, 19.21 ] ] ] } },
{ "type": "Feature", "properties": { "cell_id": "r32_c16", "mean_ndvi": 0.26555314701696997, "mean_lst": 38.840295566771196, "mean_ndbi": 0.0014468388061435347, "mean_dem": 253.60877651696384, "uhi_intensity": -0.16812696321242981, "risk_score": 82.840296423181925, "sustainability_score": 17.159703576818075, "cluster_id": 1, "cluster": "Cluster 1: Green/Forested", "top_positive_driver": "mean_lst", "top_positive_shap": 16.733519904644247, "top_negative_driver": null, "top_negative_shap": 0.0, "explanation_text": "High composite risk index — dominated by high LST (temperature) (+16.73)" }, "geometry": { "type": "Polygon", "coordinates": [ [ [ 72.94, 19.21 ], [ 72.94, 19.22 ], [ 72.93, 19.22 ], [ 72.93, 19.21 ], [ 72.94, 19.21 ] ] ] } },
{ "type": "Feature", "properties": { "cell_id": "r32_c17", "mean_ndvi": 0.27892317601241462, "mean_lst": 41.948217089297422, "mean_ndbi": -0.021132926504615214, "mean_dem": 174.34460090687429, "uhi_intensity": 2.9397945593137962, "risk_score": 90.8383134783261, "sustainability_score": 9.1616865216739001, "cluster_id": 1, "cluster": "Cluster 1: Green/Forested", "top_positive_driver": "mean_lst", "top_positive_shap": 20.976192591577757, "top_negative_driver": null, "top_negative_shap": 0.0, "explanation_text": "High composite risk index — dominated by high LST (temperature) (+20.98)" }, "geometry": { "type": "Polygon", "coordinates": [ [ [ 72.95, 19.21 ], [ 72.95, 19.22 ], [ 72.94, 19.22 ], [ 72.94, 19.21 ], [ 72.95, 19.21 ] ] ] } },
{ "type": "Feature", "properties": { "cell_id": "r32_c18", "mean_ndvi": 0.1704032405775304, "mean_lst": 46.597242569328458, "mean_ndbi": 0.030676676410826526, "mean_dem": 39.712509825364691, "uhi_intensity": 7.5888200393448315, "risk_score": 95.900175679661515, "sustainability_score": 4.0998243203384845, "cluster_id": 2, "cluster": "Cluster 2: Dense Urban Heat", "top_positive_driver": "mean_lst", "top_positive_shap": 31.439866032230643, "top_negative_driver": null, "top_negative_shap": 0.0, "explanation_text": "High composite risk index — dominated by high LST (temperature) (+31.44)" }, "geometry": { "type": "Polygon", "coordinates": [ [ [ 72.96, 19.21 ], [ 72.96, 19.22 ], [ 72.95, 19.22 ], [ 72.95, 19.21 ], [ 72.96, 19.21 ] ] ] } },
{ "type": "Feature", "properties": { "cell_id": "r32_c19", "mean_ndvi": 0.19268720276275103, "mean_lst": 44.460406052064087, "mean_ndbi": -0.030296391611977044, "mean_dem": 26.82440130334718, "uhi_intensity": 5.4519835220804609, "risk_score": 86.897514307748978, "sustainability_score": 13.102485692251022, "cluster_id": 2, "cluster": "Cluster 2: Dense Urban Heat", "top_positive_driver": "mean_lst", "top_positive_shap": 27.41410168914765, "top_negative_driver": "mean_ndbi", "top_negative_shap": -0.40187505553811942, "explanation_text": "High composite risk index — dominated by high LST (temperature) (+27.41) and attenuated by low NDBI (built-up) (-0.40)" }, "geometry": { "type": "Polygon", "coordinates": [ [ [ 72.97, 19.21 ], [ 72.97, 19.22 ], [ 72.96, 19.22 ], [ 72.96, 19.21 ], [ 72.97, 19.21 ] ] ] } },
{ "type": "Feature", "properties": { "cell_id": "r32_c20", "mean_ndvi": 0.14630317417730759, "mean_lst": 45.452755024407942, "mean_ndbi": -0.012588562827263812, "mean_dem": 15.266944083669387, "uhi_intensity": 6.4443324944243159, "risk_score": 87.156916504221755, "sustainability_score": 12.843083495778245, "cluster_id": 2, "cluster": "Cluster 2: Dense Urban Heat", "top_positive_driver": "mean_lst", "top_positive_shap": 27.924991179683939, "top_negative_driver": "mean_ndbi", "top_negative_shap": -0.50798280729586909, "explanation_text": "High composite risk index — dominated by high LST (temperature) (+27.92) and attenuated by low NDBI (built-up) (-0.51)" }, "geometry": { "type": "Polygon", "coordinates": [ [ [ 72.980000000000103, 19.21 ], [ 72.980000000000103, 19.22 ], [ 72.97, 19.22 ], [ 72.97, 19.21 ], [ 72.980000000000103, 19.21 ] ] ] } },
{ "type": "Feature", "properties": { "cell_id": "r32_c21", "mean_ndvi": 0.15905005816928242, "mean_lst": 44.506575839546919, "mean_ndbi": -0.02919313375933829, "mean_dem": 6.3773668740173592, "uhi_intensity": 5.4981533095632926, "risk_score": 83.706109688530105, "sustainability_score": 16.293890311469895, "cluster_id": 2, "cluster": "Cluster 2: Dense Urban Heat", "top_positive_driver": "mean_lst", "top_positive_shap": 27.559176921179343, "top_negative_driver": "mean_dem", "top_negative_shap": -0.88723040073387627, "explanation_text": "High composite risk index — dominated by high LST (temperature) (+27.56) and attenuated by high DEM (elevation) (-0.89)" }, "geometry": { "type": "Polygon", "coordinates": [ [ [ 72.99, 19.21 ], [ 72.99, 19.22 ], [ 72.980000000000103, 19.22 ], [ 72.980000000000103, 19.21 ], [ 72.99, 19.21 ] ] ] } },
{ "type": "Feature", "properties": { "cell_id": "r33_c0", "mean_ndvi": -0.062942984366414989, "mean_lst": 33.943952263703146, "mean_ndbi": -0.06292229364875318, "mean_dem": 4.5814067417650621, "uhi_intensity": -5.0644702662804804, "risk_score": 27.455804541512922, "sustainability_score": 72.544195458487081, "cluster_id": 0, "cluster": "Cluster 0: Coastal/Lowland Urban", "top_positive_driver": "mean_ndbi", "top_positive_shap": 0.035912919374724947, "top_negative_driver": "mean_lst", "top_negative_shap": -18.682897539217528, "explanation_text": "Low composite risk index — dominated by high NDBI (built-up) (+0.04) and attenuated by low LST (temperature) (-18.68)" }, "geometry": { "type": "Polygon", "coordinates": [ [ [ 72.78, 19.22 ], [ 72.78, 19.23 ], [ 72.77, 19.23 ], [ 72.77, 19.22 ], [ 72.78, 19.22 ] ] ] } },
{ "type": "Feature", "properties": { "cell_id": "r33_c1", "mean_ndvi": 0.25707527819665299, "mean_lst": 39.242478314589512, "mean_ndbi": -0.029113953085391716, "mean_dem": 4.8831316790849293, "uhi_intensity": 0.23405578460588572, "risk_score": 72.422977170651208, "sustainability_score": 27.577022829348792, "cluster_id": 2, "cluster": "Cluster 2: Dense Urban Heat", "top_positive_driver": "mean_lst", "top_positive_shap": 13.75756291995252, "top_negative_driver": "mean_dem", "top_negative_shap": -2.1999530149592372, "explanation_text": "High composite risk index — dominated by high LST (temperature) (+13.76) and attenuated by high DEM (elevation) (-2.20)" }, "geometry": { "type": "Polygon", "coordinates": [ [ [ 72.79, 19.22 ], [ 72.79, 19.23 ], [ 72.78, 19.23 ], [ 72.78, 19.22 ], [ 72.79, 19.22 ] ] ] } },
{ "type": "Feature", "properties": { "cell_id": "r33_c2", "mean_ndvi": 0.34078854086520183, "mean_lst": 35.073250877045432, "mean_ndbi": -0.22525873492810627, "mean_dem": 1.1360083851710083, "uhi_intensity": -3.9351716529381946, "risk_score": 55.534279898062188, "sustainability_score": 44.465720101937812, "cluster_id": 3, "cluster": "Cluster 3: Green/Forested", "top_positive_driver": "mean_ndvi", "top_positive_shap": 8.4417019223722143, "top_negative_driver": "mean_dem", "top_negative_shap": -4.4790132090081327, "explanation_text": "Moderate composite risk index — dominated by low NDVI (vegetation) (+8.44) and attenuated by high DEM (elevation) (-4.48)" }, "geometry": { "type": "Polygon", "coordinates": [ [ [ 72.8, 19.22 ], [ 72.8, 19.23 ], [ 72.79, 19.23 ], [ 72.79, 19.22 ], [ 72.8, 19.22 ] ] ] } },
{ "type": "Feature", "properties": { "cell_id": "r33_c3", "mean_ndvi": 0.23408422850780566, "mean_lst": 34.703934060678215, "mean_ndbi": -0.16724575341975556, "mean_dem": 3.0945399450918791, "uhi_intensity": -4.3044884693054115, "risk_score": 48.542849768764682, "sustainability_score": 51.457150231235318, "cluster_id": 3, "cluster": "Cluster 3: Green/Forested", "top_positive_driver": "mean_ndvi", "top_positive_shap": 7.6112446109201297, "top_negative_driver": "mean_lst", "top_negative_shap": -9.1506038388417714, "explanation_text": "Moderate composite risk index — dominated by low NDVI (vegetation) (+7.61) and attenuated by low LST (temperature) (-9.15)" }, "geometry": { "type": "Polygon", "coordinates": [ [ [ 72.81, 19.22 ], [ 72.81, 19.23 ], [ 72.8, 19.23 ], [ 72.8, 19.22 ], [ 72.81, 19.22 ] ] ] } },
{ "type": "Feature", "properties": { "cell_id": "r33_c4", "mean_ndvi": 0.20718482786265816, "mean_lst": 32.989231455138409, "mean_ndbi": -0.18822094190458605, "mean_dem": 1.7918859799029352, "uhi_intensity": -6.0191910748452173, "risk_score": 39.417283102173492, "sustainability_score": 60.582716897826508, "cluster_id": 3, "cluster": "Cluster 3: Green/Forested", "top_positive_driver": "mean_ndvi", "top_positive_shap": 8.5362020186446852, "top_negative_driver": "mean_lst", "top_negative_shap": -20.592001663314843, "explanation_text": "Low composite risk index — dominated by low NDVI (vegetation) (+8.54) and attenuated by low LST (temperature) (-20.59)" }, "geometry": { "type": "Polygon", "coordinates": [ [ [ 72.82, 19.22 ], [ 72.82, 19.23 ], [ 72.81, 19.23 ], [ 72.81, 19.22 ], [ 72.82, 19.22 ] ] ] } },
{ "type": "Feature", "properties": { "cell_id": "r33_c5", "mean_ndvi": 0.26649014884347227, "mean_lst": 38.943091373146402, "mean_ndbi": -0.079053323831972666, "mean_dem": 3.3815398551240698, "uhi_intensity": -0.065331156837224569, "risk_score": 69.903093753575135, "sustainability_score": 30.096906246424865, "cluster_id": 2, "cluster": "Cluster 2: Dense Urban Heat", "top_positive_driver": "mean_lst", "top_positive_shap": 13.644907619583403, "top_negative_driver": "mean_dem", "top_negative_shap": -2.4516827202284897, "explanation_text": "High composite risk index — dominated by high LST (temperature) (+13.64) and attenuated by high DEM (elevation) (-2.45)" }, "geometry": { "type": "Polygon", "coordinates": [ [ [ 72.83, 19.22 ], [ 72.83, 19.23 ], [ 72.82, 19.23 ], [ 72.82, 19.22 ], [ 72.83, 19.22 ] ] ] } },
{ "type": "Feature", "properties": { "cell_id": "r33_c6", "mean_ndvi": 0.21099350021629526, "mean_lst": 41.27314542580239, "mean_ndbi": 0.012670799196011308, "mean_dem": 5.2417068225055061, "uhi_intensity": 2.264722895818764, "risk_score": 77.903265247753311, "sustainability_score": 22.096734752246689, "cluster_id": 2, "cluster": "Cluster 2: Dense Urban Heat", "top_positive_driver": "mean_lst", "top_positive_shap": 19.318741467172021, "top_negative_driver": "mean_dem", "top_negative_shap": -1.4028569307173022, "explanation_text": "High composite risk index — dominated by high LST (temperature) (+19.32) and attenuated by high DEM (elevation) (-1.40)" }, "geometry": { "type": "Polygon", "coordinates": [ [ [ 72.84, 19.22 ], [ 72.84, 19.23 ], [ 72.83, 19.23 ], [ 72.83, 19.22 ], [ 72.84, 19.22 ] ] ] } },
{ "type": "Feature", "properties": { "cell_id": "r33_c7", "mean_ndvi": 0.18934767165262825, "mean_lst": 40.663342462831629, "mean_ndbi": -0.034725822385556944, "mean_dem": 13.390816187025786, "uhi_intensity": 1.6549199328480029, "risk_score": 72.378146739140163, "sustainability_score": 27.621853260859837, "cluster_id": 2, "cluster": "Cluster 2: Dense Urban Heat", "top_positive_driver": "mean_lst", "top_positive_shap": 17.654440223982853, "top_negative_driver": "mean_dem", "top_negative_shap": -1.3241977169301158, "explanation_text": "High composite risk index — dominated by high LST (temperature) (+17.65) and attenuated by high DEM (elevation) (-1.32)" }, "geometry": { "type": "Polygon", "coordinates": [ [ [ 72.85, 19.22 ], [ 72.85, 19.23 ], [ 72.84, 19.23 ], [ 72.84, 19.22 ], [ 72.85, 19.22 ] ] ] } },
{ "type": "Feature", "properties": { "cell_id": "r33_c8", "mean_ndvi": 0.16748612825893291, "mean_lst": 42.169561531008071, "mean_ndbi": -0.017475706776838146, "mean_dem": 18.426450315583196, "uhi_intensity": 3.1611390010244449, "risk_score": 76.998425179939716, "sustainability_score": 23.001574820060284, "cluster_id": 2, "cluster": "Cluster 2: Dense Urban Heat", "top_positive_driver": "mean_lst", "top_positive_shap": 21.945438736954728, "top_negative_driver": "mean_dem", "top_negative_shap": -0.69883762056575183, "explanation_text": "High composite risk index — dominated by high LST (temperature) (+21.95) and attenuated by high DEM (elevation) (-0.70)" }, "geometry": { "type": "Polygon", "coordinates": [ [ [ 72.86, 19.22 ], [ 72.86, 19.23 ], [ 72.85, 19.23 ], [ 72.85, 19.22 ], [ 72.86, 19.22 ] ] ] } },
{ "type": "Feature", "properties": { "cell_id": "r33_c9", "mean_ndvi": 0.16824815276714719, "mean_lst": 42.214525943652227, "mean_ndbi": -0.019800008160248836, "mean_dem": 28.335008088955721, "uhi_intensity": 3.2061034136686004, "risk_score": 77.513396420678433, "sustainability_score": 22.486603579321567, "cluster_id": 2, "cluster": "Cluster 2: Dense Urban Heat", "top_positive_driver": "mean_lst", "top_positive_shap": 21.91222477565557, "top_negative_driver": null, "top_negative_shap": 0.0, "explanation_text": "High composite risk index — dominated by high LST (temperature) (+21.91)" }, "geometry": { "type": "Polygon", "coordinates": [ [ [ 72.87, 19.22 ], [ 72.87, 19.23 ], [ 72.86, 19.23 ], [ 72.86, 19.22 ], [ 72.87, 19.22 ] ] ] } },
{ "type": "Feature", "properties": { "cell_id": "r33_c10", "mean_ndvi": 0.27635769439051522, "mean_lst": 42.00665238129104, "mean_ndbi": -0.0061717603157525457, "mean_dem": 34.69476918870734, "uhi_intensity": 2.9982298513074142, "risk_score": 85.923111198827385, "sustainability_score": 14.076888801172615, "cluster_id": 2, "cluster": "Cluster 2: Dense Urban Heat", "top_positive_driver": "mean_lst", "top_positive_shap": 21.193233167274162, "top_negative_driver": null, "top_negative_shap": 0.0, "explanation_text": "High composite risk index — dominated by high LST (temperature) (+21.19)" }, "geometry": { "type": "Polygon", "coordinates": [ [ [ 72.88, 19.22 ], [ 72.88, 19.23 ], [ 72.87, 19.23 ], [ 72.87, 19.22 ], [ 72.88, 19.22 ] ] ] } },
{ "type": "Feature", "properties": { "cell_id": "r33_c11", "mean_ndvi": 0.30488058902073473, "mean_lst": 40.304886865247504, "mean_ndbi": 0.017796765707505484, "mean_dem": 52.587439297056306, "uhi_intensity": 1.2964643352638774, "risk_score": 83.778513597595051, "sustainability_score": 16.221486402404949, "cluster_id": 2, "cluster": "Cluster 2: Dense Urban Heat", "top_positive_driver": "mean_lst", "top_positive_shap": 17.70570049440769, "top_negative_driver": null, "top_negative_shap": 0.0, "explanation_text": "High composite risk index — dominated by high LST (temperature) (+17.71)" }, "geometry": { "type": "Polygon", "coordinates": [ [ [ 72.89, 19.22 ], [ 72.89, 19.23 ], [ 72.88, 19.23 ], [ 72.88, 19.22 ], [ 72.89, 19.22 ] ] ] } },
{ "type": "Feature", "properties": { "cell_id": "r33_c12", "mean_ndvi": 0.35156913029358783, "mean_lst": 37.526102900902856, "mean_ndbi": -0.04988375685110908, "mean_dem": 84.315945826628251, "uhi_intensity": -1.4823196290807701, "risk_score": 75.85705593506097, "sustainability_score": 24.14294406493903, "cluster_id": 1, "cluster": "Cluster 1: Green/Forested", "top_positive_driver": "mean_lst", "top_positive_shap": 8.8319201217116845, "top_negative_driver": "mean_ndbi", "top_negative_shap": -0.035939511185308824, "explanation_text": "High composite risk index — dominated by high LST (temperature) (+8.83) and attenuated by low NDBI (built-up) (-0.04)" }, "geometry": { "type": "Polygon", "coordinates": [ [ [ 72.9, 19.22 ], [ 72.9, 19.23 ], [ 72.89, 19.23 ], [ 72.89, 19.22 ], [ 72.9, 19.22 ] ] ] } },
{ "type": "Feature", "properties": { "cell_id": "r33_c13", "mean_ndvi": 0.33376936973227195, "mean_lst": 39.040207967805372, "mean_ndbi": -0.0048854106712350595, "mean_dem": 162.32835557327809, "uhi_intensity": 0.031785437821746143, "risk_score": 84.900070636924269, "sustainability_score": 15.099929363075731, "cluster_id": 1, "cluster": "Cluster 1: Green/Forested", "top_positive_driver": "mean_lst", "top_positive_shap": 16.720091570678889, "top_negative_driver": null, "top_negative_shap": 0.0, "explanation_text": "High composite risk index — dominated by high LST (temperature) (+16.72)" }, "geometry": { "type": "Polygon", "coordinates": [ [ [ 72.91, 19.22 ], [ 72.91, 19.23 ], [ 72.9, 19.23 ], [ 72.9, 19.22 ], [ 72.91, 19.22 ] ] ] } },
{ "type": "Feature", "properties": { "cell_id": "r33_c14", "mean_ndvi": 0.38994965733494985, "mean_lst": 36.364710418867062, "mean_ndbi": -0.092812994321930589, "mean_dem": 314.07746073701105, "uhi_intensity": -2.6437121111165638, "risk_score": 81.997869703650721, "sustainability_score": 18.002130296349279, "cluster_id": 1, "cluster": "Cluster 1: Green/Forested", "top_positive_driver": "mean_ndvi", "top_positive_shap": 9.79151851479131, "top_negative_driver": "mean_ndbi", "top_negative_shap": -0.08956666577668175, "explanation_text": "High composite risk index — dominated by low NDVI (vegetation) (+9.79) and attenuated by low NDBI (built-up) (-0.09)" }, "geometry": { "type": "Polygon", "coordinates": [ [ [ 72.92, 19.22 ], [ 72.92, 19.23 ], [ 72.91, 19.23 ], [ 72.91, 19.22 ], [ 72.92, 19.22 ] ] ] } },
{ "type": "Feature", "properties": { "cell_id": "r33_c15", "mean_ndvi": 0.33270475973564306, "mean_lst": 39.349388229868985, "mean_ndbi": -0.0074394892070601213, "mean_dem": 250.05381164642074, "uhi_intensity": 0.34096569988535919, "risk_score": 89.30528308340449, "sustainability_score": 10.69471691659551, "cluster_id": 1, "cluster": "Cluster 1: Green/Forested", "top_positive_driver": "mean_lst", "top_positive_shap": 16.712933215378627, "top_negative_driver": null, "top_negative_shap": 0.0, "explanation_text": "High composite risk index — dominated by high LST (temperature) (+16.71)" }, "geometry": { "type": "Polygon", "coordinates": [ [ [ 72.93, 19.22 ], [ 72.93, 19.23 ], [ 72.92, 19.23 ], [ 72.92, 19.22 ], [ 72.93, 19.22 ] ] ] } },
{ "type": "Feature", "properties": { "cell_id": "r33_c16", "mean_ndvi": 0.26099107299760971, "mean_lst": 40.513670632179156, "mean_ndbi": 0.049092028443318239, "mean_dem": 168.15309816431477, "uhi_intensity": 1.5052481021955302, "risk_score": 87.073456569529668, "sustainability_score": 12.926543430470332, "cluster_id": 1, "cluster": "Cluster 1: Green/Forested", "top_positive_driver": "mean_lst", "top_positive_shap": 18.608863460536071, "top_negative_driver": null, "top_negative_shap": 0.0, "explanation_text": "High composite risk index — dominated by high LST (temperature) (+18.61)" }, "geometry": { "type": "Polygon", "coordinates": [ [ [ 72.94, 19.22 ], [ 72.94, 19.23 ], [ 72.93, 19.23 ], [ 72.93, 19.22 ], [ 72.94, 19.22 ] ] ] } },
{ "type": "Feature", "properties": { "cell_id": "r33_c17", "mean_ndvi": 0.29247240031586114, "mean_lst": 40.336341720175668, "mean_ndbi": -0.0060529588295728763, "mean_dem": 167.55319215596944, "uhi_intensity": 1.3279191901920413, "risk_score": 86.502241137778228, "sustainability_score": 13.497758862221772, "cluster_id": 1, "cluster": "Cluster 1: Green/Forested", "top_positive_driver": "mean_lst", "top_positive_shap": 18.510188703406669, "top_negative_driver": null, "top_negative_shap": 0.0, "explanation_text": "High composite risk index — dominated by high LST (temperature) (+18.51)" }, "geometry": { "type": "Polygon", "coordinates": [ [ [ 72.95, 19.22 ], [ 72.95, 19.23 ], [ 72.94, 19.23 ], [ 72.94, 19.22 ], [ 72.95, 19.22 ] ] ] } },
{ "type": "Feature", "properties": { "cell_id": "r33_c18", "mean_ndvi": 0.27568746300853142, "mean_lst": 41.198085329397081, "mean_ndbi": -0.033205511452894652, "mean_dem": 108.73495077335819, "uhi_intensity": 2.1896627994134548, "risk_score": 84.7902991179607, "sustainability_score": 15.2097008820393, "cluster_id": 1, "cluster": "Cluster 1: Green/Forested", "top_positive_driver": "mean_lst", "top_positive_shap": 19.692458257021787, "top_negative_driver": null, "top_negative_shap": 0.0, "explanation_text": "High composite risk index — dominated by high LST (temperature) (+19.69)" }, "geometry": { "type": "Polygon", "coordinates": [ [ [ 72.96, 19.22 ], [ 72.96, 19.23 ], [ 72.95, 19.23 ], [ 72.95, 19.22 ], [ 72.96, 19.22 ] ] ] } },
{ "type": "Feature", "properties": { "cell_id": "r33_c19", "mean_ndvi": 0.21450052648722823, "mean_lst": 42.522879989000913, "mean_ndbi": -0.015310249575011863, "mean_dem": 38.893889118329831, "uhi_intensity": 3.5144574590172866, "risk_score": 82.783221077990092, "sustainability_score": 17.216778922009908, "cluster_id": 2, "cluster": "Cluster 2: Dense Urban Heat", "top_positive_driver": "mean_lst", "top_positive_shap": 22.736338327410422, "top_negative_driver": null, "top_negative_shap": 0.0, "explanation_text": "High composite risk index — dominated by high LST (temperature) (+22.74)" }, "geometry": { "type": "Polygon", "coordinates": [ [ [ 72.97, 19.22 ], [ 72.97, 19.23 ], [ 72.96, 19.23 ], [ 72.96, 19.22 ], [ 72.97, 19.22 ] ] ] } },
{ "type": "Feature", "properties": { "cell_id": "r33_c20", "mean_ndvi": 0.19713869682562368, "mean_lst": 42.467255545924409, "mean_ndbi": -0.042234150387464309, "mean_dem": 27.314413477833739, "uhi_intensity": 3.4588330159407832, "risk_score": 79.646281150687614, "sustainability_score": 20.353718849312386, "cluster_id": 2, "cluster": "Cluster 2: Dense Urban Heat", "top_positive_driver": "mean_lst", "top_positive_shap": 21.785547826231305, "top_negative_driver": "mean_ndbi", "top_negative_shap": -0.15987839331440057, "explanation_text": "High composite risk index — dominated by high LST (temperature) (+21.79) and attenuated by low NDBI (built-up) (-0.16)" }, "geometry": { "type": "Polygon", "coordinates": [ [ [ 72.980000000000103, 19.22 ], [ 72.980000000000103, 19.23 ], [ 72.97, 19.23 ], [ 72.97, 19.22 ], [ 72.980000000000103, 19.22 ] ] ] } },
{ "type": "Feature", "properties": { "cell_id": "r33_c21", "mean_ndvi": 0.16892263350198061, "mean_lst": 43.95644007465485, "mean_ndbi": -0.01477747646601822, "mean_dem": 13.749660348338784, "uhi_intensity": 4.9480175446712238, "risk_score": 83.408863929918539, "sustainability_score": 16.591136070081461, "cluster_id": 2, "cluster": "Cluster 2: Dense Urban Heat", "top_positive_driver": "mean_lst", "top_positive_shap": 27.485490492311076, "top_negative_driver": "mean_dem", "top_negative_shap": -0.66863598748374375, "explanation_text": "High composite risk index — dominated by high LST (temperature) (+27.49) and attenuated by high DEM (elevation) (-0.67)" }, "geometry": { "type": "Polygon", "coordinates": [ [ [ 72.99, 19.22 ], [ 72.99, 19.23 ], [ 72.980000000000103, 19.23 ], [ 72.980000000000103, 19.22 ], [ 72.99, 19.22 ] ] ] } },
{ "type": "Feature", "properties": { "cell_id": "r34_c0", "mean_ndvi": -0.11651450521387623, "mean_lst": 31.524984381055535, "mean_ndbi": -0.14149100152323821, "mean_dem": 0.18076392923458987, "uhi_intensity": -7.4834381489280908, "risk_score": 11.201364007071371, "sustainability_score": 88.798635992928624, "cluster_id": 0, "cluster": "Cluster 0: Coastal/Lowland Urban", "top_positive_driver": null, "top_positive_shap": 0.0, "top_negative_driver": "mean_lst", "top_negative_shap": -32.190310544950741, "explanation_text": "Low composite risk index — dominated by low LST (temperature) (-32.19)" }, "geometry": { "type": "Polygon", "coordinates": [ [ [ 72.78, 19.23 ], [ 72.78, 19.24 ], [ 72.77, 19.24 ], [ 72.77, 19.23 ], [ 72.78, 19.23 ] ] ] } },
{ "type": "Feature", "properties": { "cell_id": "r34_c1", "mean_ndvi": 0.21820838102567497, "mean_lst": 41.36727011488464, "mean_ndbi": 0.036487818977270561, "mean_dem": 5.5927873073012524, "uhi_intensity": 2.3588475849010138, "risk_score": 79.817805386822641, "sustainability_score": 20.182194613177359, "cluster_id": 2, "cluster": "Cluster 2: Dense Urban Heat", "top_positive_driver": "mean_lst", "top_positive_shap": 19.057215227845727, "top_negative_driver": "mean_dem", "top_negative_shap": -1.3846405803930801, "explanation_text": "High composite risk index — dominated by high LST (temperature) (+19.06) and attenuated by high DEM (elevation) (-1.38)" }, "geometry": { "type": "Polygon", "coordinates": [ [ [ 72.79, 19.23 ], [ 72.79, 19.24 ], [ 72.78, 19.24 ], [ 72.78, 19.23 ], [ 72.79, 19.23 ] ] ] } },
{ "type": "Feature", "properties": { "cell_id": "r34_c2", "mean_ndvi": 0.32844127862280875, "mean_lst": 36.366612464435022, "mean_ndbi": -0.16635125572264989, "mean_dem": 0.6926531693299649, "uhi_intensity": -2.6418100655486043, "risk_score": 61.675584881887687, "sustainability_score": 38.324415118112313, "cluster_id": 3, "cluster": "Cluster 3: Green/Forested", "top_positive_driver": "mean_ndvi", "top_positive_shap": 8.3227322802017287, "top_negative_driver": "mean_dem", "top_negative_shap": -4.3773460778732085, "explanation_text": "Moderate composite risk index — dominated by low NDVI (vegetation) (+8.32) and attenuated by high DEM (elevation) (-4.38)" }, "geometry": { "type": "Polygon", "coordinates": [ [ [ 72.8, 19.23 ], [ 72.8, 19.24 ], [ 72.79, 19.24 ], [ 72.79, 19.23 ], [ 72.8, 19.23 ] ] ] } },
{ "type": "Feature", "properties": { "cell_id": "r34_c3", "mean_ndvi": 0.32521057307473139, "mean_lst": 37.312609196780834, "mean_ndbi": -0.11728781411083897, "mean_dem": 3.278534144723162, "uhi_intensity": -1.6958133332027927, "risk_score": 66.983137994082554, "sustainability_score": 33.016862005917446, "cluster_id": 3, "cluster": "Cluster 3: Green/Forested", "top_positive_driver": "mean_ndvi", "top_positive_shap": 8.2766819964326057, "top_negative_driver": "mean_dem", "top_negative_shap": -3.3569281786146741, "explanation_text": "High composite risk index — dominated by low NDVI (vegetation) (+8.28) and attenuated by high DEM (elevation) (-3.36)" }, "geometry": { "type": "Polygon", "coordinates": [ [ [ 72.81, 19.23 ], [ 72.81, 19.24 ], [ 72.8, 19.24 ], [ 72.8, 19.23 ], [ 72.81, 19.23 ] ] ] } },
{ "type": "Feature", "properties": { "cell_id": "r34_c4", "mean_ndvi": 0.31026917340333221, "mean_lst": 34.478413555990286, "mean_ndbi": -0.2123562508377288, "mean_dem": 0.90588439675107779, "uhi_intensity": -4.5300089739933398, "risk_score": 51.602266341532058, "sustainability_score": 48.397733658467942, "cluster_id": 3, "cluster": "Cluster 3: Green/Forested", "top_positive_driver": "mean_ndvi", "top_positive_shap": 11.837817977306129, "top_negative_driver": "mean_lst", "top_negative_shap": -12.682368399262161, "explanation_text": "Moderate composite risk index — dominated by low NDVI (vegetation) (+11.84) and attenuated by low LST (temperature) (-12.68)" }, "geometry": { "type": "Polygon", "coordinates": [ [ [ 72.82, 19.23 ], [ 72.82, 19.24 ], [ 72.81, 19.24 ], [ 72.81, 19.23 ], [ 72.82, 19.23 ] ] ] } },
{ "type": "Feature", "properties": { "cell_id": "r34_c5", "mean_ndvi": 0.20254358280467577, "mean_lst": 37.370195694243392, "mean_ndbi": -0.097576772714490945, "mean_dem": 2.7390478360557662, "uhi_intensity": -1.6382268357402339, "risk_score": 58.562301531159797, "sustainability_score": 41.437698468840203, "cluster_id": 3, "cluster": "Cluster 3: Green/Forested", "top_positive_driver": "mean_lst", "top_positive_shap": 5.5630757610248605, "top_negative_driver": "mean_dem", "top_negative_shap": -2.3449865896421396, "explanation_text": "Moderate composite risk index — dominated by high LST (temperature) (+5.56) and attenuated by high DEM (elevation) (-2.34)" }, "geometry": { "type": "Polygon", "coordinates": [ [ [ 72.83, 19.23 ], [ 72.83, 19.24 ], [ 72.82, 19.24 ], [ 72.82, 19.23 ], [ 72.83, 19.23 ] ] ] } },
{ "type": "Feature", "properties": { "cell_id": "r34_c6", "mean_ndvi": 0.27461513620114392, "mean_lst": 38.589186317326089, "mean_ndbi": -0.077604050863139581, "mean_dem": 4.079810802806632, "uhi_intensity": -0.41923621265753752, "risk_score": 69.355658605650461, "sustainability_score": 30.644341394349539, "cluster_id": 2, "cluster": "Cluster 2: Dense Urban Heat", "top_positive_driver": "mean_lst", "top_positive_shap": 10.652270072581334, "top_negative_driver": "mean_dem", "top_negative_shap": -2.7157733699992916, "explanation_text": "High composite risk index — dominated by high LST (temperature) (+10.65) and attenuated by high DEM (elevation) (-2.72)" }, "geometry": { "type": "Polygon", "coordinates": [ [ [ 72.84, 19.23 ], [ 72.84, 19.24 ], [ 72.83, 19.24 ], [ 72.83, 19.23 ], [ 72.84, 19.23 ] ] ] } },
{ "type": "Feature", "properties": { "cell_id": "r34_c7", "mean_ndvi": 0.18946743621898046, "mean_lst": 41.218244096599364, "mean_ndbi": -0.026681351293548317, "mean_dem": 13.149590893427231, "uhi_intensity": 2.2098215666157373, "risk_score": 74.697477357057025, "sustainability_score": 25.302522642942975, "cluster_id": 2, "cluster": "Cluster 2: Dense Urban Heat", "top_positive_driver": "mean_lst", "top_positive_shap": 19.204777371394549, "top_negative_driver": "mean_dem", "top_negative_shap": -1.1793778078606365, "explanation_text": "High composite risk index — dominated by high LST (temperature) (+19.20) and attenuated by high DEM (elevation) (-1.18)" }, "geometry": { "type": "Polygon", "coordinates": [ [ [ 72.85, 19.23 ], [ 72.85, 19.24 ], [ 72.84, 19.24 ], [ 72.84, 19.23 ], [ 72.85, 19.23 ] ] ] } },
{ "type": "Feature", "properties": { "cell_id": "r34_c8", "mean_ndvi": 0.17834295247472839, "mean_lst": 41.15142433876084, "mean_ndbi": -0.027815761155677243, "mean_dem": 18.373786421591905, "uhi_intensity": 2.143001808777214, "risk_score": 73.763000063573983, "sustainability_score": 26.236999936426017, "cluster_id": 2, "cluster": "Cluster 2: Dense Urban Heat", "top_positive_driver": "mean_lst", "top_positive_shap": 19.132232453559602, "top_negative_driver": "mean_dem", "top_negative_shap": -0.8545448390436734, "explanation_text": "High composite risk index — dominated by high LST (temperature) (+19.13) and attenuated by high DEM (elevation) (-0.85)" }, "geometry": { "type": "Polygon", "coordinates": [ [ [ 72.86, 19.23 ], [ 72.86, 19.24 ], [ 72.85, 19.24 ], [ 72.85, 19.23 ], [ 72.86, 19.23 ] ] ] } },
{ "type": "Feature", "properties": { "cell_id": "r34_c9", "mean_ndvi": 0.18938575683213243, "mean_lst": 41.841075558647582, "mean_ndbi": -0.016967071003908624, "mean_dem": 22.988870250704146, "uhi_intensity": 2.8326530286639553, "risk_score": 77.715692026483111, "sustainability_score": 22.284307973516889, "cluster_id": 2, "cluster": "Cluster 2: Dense Urban Heat", "top_positive_driver": "mean_lst", "top_positive_shap": 20.081643059551681, "top_negative_driver": "mean_dem", "top_negative_shap": -0.27760918625069236, "explanation_text": "High composite risk index — dominated by high LST (temperature) (+20.08) and attenuated by high DEM (elevation) (-0.28)" }, "geometry": { "type": "Polygon", "coordinates": [ [ [ 72.87, 19.23 ], [ 72.87, 19.24 ], [ 72.86, 19.24 ], [ 72.86, 19.23 ], [ 72.87, 19.23 ] ] ] } },
{ "type": "Feature", "properties": { "cell_id": "r34_c10", "mean_ndvi": 0.27930303463662842, "mean_lst": 40.612730443375753, "mean_ndbi": 0.0051314816911831882, "mean_dem": 47.412467572408538, "uhi_intensity": 1.6043079133921267, "risk_score": 82.164841688042216, "sustainability_score": 17.835158311957784, "cluster_id": 2, "cluster": "Cluster 2: Dense Urban Heat", "top_positive_driver": "mean_lst", "top_positive_shap": 18.486218119224798, "top_negative_driver": null, "top_negative_shap": 0.0, "explanation_text": "High composite risk index — dominated by high LST (temperature) (+18.49)" }, "geometry": { "type": "Polygon", "coordinates": [ [ [ 72.88, 19.23 ], [ 72.88, 19.24 ], [ 72.87, 19.24 ], [ 72.87, 19.23 ], [ 72.88, 19.23 ] ] ] } },
{ "type": "Feature", "properties": { "cell_id": "r34_c11", "mean_ndvi": 0.32081671355877023, "mean_lst": 39.031356831754735, "mean_ndbi": -0.018291591646561627, "mean_dem": 72.51066980699494, "uhi_intensity": 0.022934301771108778, "risk_score": 79.727117724755942, "sustainability_score": 20.272882275244058, "cluster_id": 1, "cluster": "Cluster 1: Green/Forested", "top_positive_driver": "mean_lst", "top_positive_shap": 16.056438835072377, "top_negative_driver": null, "top_negative_shap": 0.0, "explanation_text": "High composite risk index — dominated by high LST (temperature) (+16.06)" }, "geometry": { "type": "Polygon", "coordinates": [ [ [ 72.89, 19.23 ], [ 72.89, 19.24 ], [ 72.88, 19.24 ], [ 72.88, 19.23 ], [ 72.89, 19.23 ] ] ] } },
{ "type": "Feature", "properties": { "cell_id": "r34_c12", "mean_ndvi": 0.35314336217208953, "mean_lst": 37.253580569092719, "mean_ndbi": -0.072479849821417336, "mean_dem": 143.40129068270613, "uhi_intensity": -1.7548419608909072, "risk_score": 76.401097369181045, "sustainability_score": 23.598902630818955, "cluster_id": 1, "cluster": "Cluster 1: Green/Forested", "top_positive_driver": "mean_lst", "top_positive_shap": 10.135239596172898, "top_negative_driver": "mean_ndbi", "top_negative_shap": -0.094709152615402276, "explanation_text": "High composite risk index — dominated by high LST (temperature) (+10.14) and attenuated by low NDBI (built-up) (-0.09)" }, "geometry": { "type": "Polygon", "coordinates": [ [ [ 72.9, 19.23 ], [ 72.9, 19.24 ], [ 72.89, 19.24 ], [ 72.89, 19.23 ], [ 72.9, 19.23 ] ] ] } },
{ "type": "Feature", "properties": { "cell_id": "r34_c13", "mean_ndvi": 0.35457590064147454, "mean_lst": 37.800106885254422, "mean_ndbi": -0.049773049621381238, "mean_dem": 241.21127442464461, "uhi_intensity": -1.2083156447292041, "risk_score": 83.317245338080753, "sustainability_score": 16.682754661919247, "cluster_id": 1, "cluster": "Cluster 1: Green/Forested", "top_positive_driver": "mean_lst", "top_positive_shap": 12.548006234082509, "top_negative_driver": "mean_ndbi", "top_negative_shap": -0.05365127635198081, "explanation_text": "High composite risk index — dominated by high LST (temperature) (+12.55) and attenuated by low NDBI (built-up) (-0.05)" }, "geometry": { "type": "Polygon", "coordinates": [ [ [ 72.91, 19.23 ], [ 72.91, 19.24 ], [ 72.9, 19.24 ], [ 72.9, 19.23 ], [ 72.91, 19.23 ] ] ] } },
{ "type": "Feature", "properties": { "cell_id": "r34_c14", "mean_ndvi": 0.32955551043117748, "mean_lst": 38.722719102545462, "mean_ndbi": -0.0093978691363570503, "mean_dem": 251.48941847914281, "uhi_intensity": -0.28570342743816468, "risk_score": 86.802460657379854, "sustainability_score": 13.197539342620146, "cluster_id": 1, "cluster": "Cluster 1: Green/Forested", "top_positive_driver": "mean_lst", "top_positive_shap": 16.337053697539435, "top_negative_driver": null, "top_negative_shap": 0.0, "explanation_text": "High composite risk index — dominated by high LST (temperature) (+16.34)" }, "geometry": { "type": "Polygon", "coordinates": [ [ [ 72.92, 19.23 ], [ 72.92, 19.24 ], [ 72.91, 19.24 ], [ 72.91, 19.23 ], [ 72.92, 19.23 ] ] ] } },
{ "type": "Feature", "properties": { "cell_id": "r34_c15", "mean_ndvi": 0.2829080571209297, "mean_lst": 40.529145978341205, "mean_ndbi": 0.023438143490845564, "mean_dem": 170.0732461673845, "uhi_intensity": 1.5207234483575789, "risk_score": 87.804249781916781, "sustainability_score": 12.195750218083219, "cluster_id": 1, "cluster": "Cluster 1: Green/Forested", "top_positive_driver": "mean_lst", "top_positive_shap": 18.884395821113024, "top_negative_driver": null, "top_negative_shap": 0.0, "explanation_text": "High composite risk index — dominated by high LST (temperature) (+18.88)" }, "geometry": { "type": "Polygon", "coordinates": [ [ [ 72.93, 19.23 ], [ 72.93, 19.24 ], [ 72.92, 19.24 ], [ 72.92, 19.23 ], [ 72.93, 19.23 ] ] ] } },
{ "type": "Feature", "properties": { "cell_id": "r34_c16", "mean_ndvi": 0.26001228441709545, "mean_lst": 41.357472235824851, "mean_ndbi": 0.06243878906371364, "mean_dem": 130.6420139492098, "uhi_intensity": 2.3490497058412245, "risk_score": 89.079233638102437, "sustainability_score": 10.920766361897563, "cluster_id": 1, "cluster": "Cluster 1: Green/Forested", "top_positive_driver": "mean_lst", "top_positive_shap": 19.976312943975486, "top_negative_driver": null, "top_negative_shap": 0.0, "explanation_text": "High composite risk index — dominated by high LST (temperature) (+19.98)" }, "geometry": { "type": "Polygon", "coordinates": [ [ [ 72.94, 19.23 ], [ 72.94, 19.24 ], [ 72.93, 19.24 ], [ 72.93, 19.23 ], [ 72.94, 19.23 ] ] ] } },
{ "type": "Feature", "properties": { "cell_id": "r34_c17", "mean_ndvi": 0.28613051249233001, "mean_lst": 43.503044462149788, "mean_ndbi": -0.020351608162799815, "mean_dem": 117.61049010198462, "uhi_intensity": 4.4946219321661616, "risk_score": 94.711400869264651, "sustainability_score": 5.2885991307353493, "cluster_id": 1, "cluster": "Cluster 1: Green/Forested", "top_positive_driver": "mean_lst", "top_positive_shap": 25.170610870671759, "top_negative_driver": "mean_ndbi", "top_negative_shap": -0.36281721351998153, "explanation_text": "High composite risk index — dominated by high LST (temperature) (+25.17) and attenuated by low NDBI (built-up) (-0.36)" }, "geometry": { "type": "Polygon", "coordinates": [ [ [ 72.95, 19.23 ], [ 72.95, 19.24 ], [ 72.94, 19.24 ], [ 72.94, 19.23 ], [ 72.95, 19.23 ] ] ] } },
{ "type": "Feature", "properties": { "cell_id": "r34_c18", "mean_ndvi": 0.31215930706731282, "mean_lst": 39.924679736013481, "mean_ndbi": -0.0099580070677072717, "mean_dem": 184.61710918990312, "uhi_intensity": 0.91625720602985439, "risk_score": 87.063285038112852, "sustainability_score": 12.936714961887148, "cluster_id": 1, "cluster": "Cluster 1: Green/Forested", "top_positive_driver": "mean_lst", "top_positive_shap": 17.705060434628482, "top_negative_driver": null, "top_negative_shap": 0.0, "explanation_text": "High composite risk index — dominated by high LST (temperature) (+17.71)" }, "geometry": { "type": "Polygon", "coordinates": [ [ [ 72.96, 19.23 ], [ 72.96, 19.24 ], [ 72.95, 19.24 ], [ 72.95, 19.23 ], [ 72.96, 19.23 ] ] ] } },
{ "type": "Feature", "properties": { "cell_id": "r34_c19", "mean_ndvi": 0.29381688017417895, "mean_lst": 42.29126089668577, "mean_ndbi": -0.029566121435139522, "mean_dem": 75.33100181983356, "uhi_intensity": 3.2828383667021441, "risk_score": 88.907854751329509, "sustainability_score": 11.092145248670491, "cluster_id": 2, "cluster": "Cluster 2: Dense Urban Heat", "top_positive_driver": "mean_lst", "top_positive_shap": 21.709081429308963, "top_negative_driver": "mean_ndbi", "top_negative_shap": -0.002873831839595541, "explanation_text": "High composite risk index — dominated by high LST (temperature) (+21.71) and attenuated by low NDBI (built-up) (-0.00)" }, "geometry": { "type": "Polygon", "coordinates": [ [ [ 72.97, 19.23 ], [ 72.97, 19.24 ], [ 72.96, 19.24 ], [ 72.96, 19.23 ], [ 72.97, 19.23 ] ] ] } },
{ "type": "Feature", "properties": { "cell_id": "r34_c20", "mean_ndvi": 0.20036420208394654, "mean_lst": 42.948461055520383, "mean_ndbi": -0.010280783928217697, "mean_dem": 34.19329537978701, "uhi_intensity": 3.9400385255367567, "risk_score": 83.238910566587535, "sustainability_score": 16.761089433412465, "cluster_id": 2, "cluster": "Cluster 2: Dense Urban Heat", "top_positive_driver": "mean_lst", "top_positive_shap": 25.753664462190464, "top_negative_driver": "mean_ndbi", "top_negative_shap": -0.20866517221066749, "explanation_text": "High composite risk index — dominated by high LST (temperature) (+25.75) and attenuated by low NDBI (built-up) (-0.21)" }, "geometry": { "type": "Polygon", "coordinates": [ [ [ 72.980000000000103, 19.23 ], [ 72.980000000000103, 19.24 ], [ 72.97, 19.24 ], [ 72.97, 19.23 ], [ 72.980000000000103, 19.23 ] ] ] } },
{ "type": "Feature", "properties": { "cell_id": "r34_c21", "mean_ndvi": 0.18667348686363178, "mean_lst": 43.750248252662345, "mean_ndbi": -0.0043513190244341268, "mean_dem": 17.037544392263857, "uhi_intensity": 4.741825722678719, "risk_score": 84.612613971885168, "sustainability_score": 15.387386028114832, "cluster_id": 2, "cluster": "Cluster 2: Dense Urban Heat", "top_positive_driver": "mean_lst", "top_positive_shap": 27.33712992014831, "top_negative_driver": "mean_ndbi", "top_negative_shap": -0.40997345266023988, "explanation_text": "High composite risk index — dominated by high LST (temperature) (+27.34) and attenuated by low NDBI (built-up) (-0.41)" }, "geometry": { "type": "Polygon", "coordinates": [ [ [ 72.99, 19.23 ], [ 72.99, 19.24 ], [ 72.980000000000103, 19.24 ], [ 72.980000000000103, 19.23 ], [ 72.99, 19.23 ] ] ] } },
{ "type": "Feature", "properties": { "cell_id": "r35_c0", "mean_ndvi": -0.14338564484352079, "mean_lst": 30.802871320260465, "mean_ndbi": -0.14779990404345458, "mean_dem": 0.0, "uhi_intensity": -8.2055512097231613, "risk_score": 6.2838033453225872, "sustainability_score": 93.716196654677418, "cluster_id": 0, "cluster": "Cluster 0: Coastal/Lowland Urban", "top_positive_driver": null, "top_positive_shap": 0.0, "top_negative_driver": "mean_lst", "top_negative_shap": -34.661376082819132, "explanation_text": "Low composite risk index — dominated by low LST (temperature) (-34.66)" }, "geometry": { "type": "Polygon", "coordinates": [ [ [ 72.78, 19.24 ], [ 72.78, 19.25 ], [ 72.77, 19.25 ], [ 72.77, 19.24 ], [ 72.78, 19.24 ] ] ] } },
{ "type": "Feature", "properties": { "cell_id": "r35_c1", "mean_ndvi": 0.23468261899623946, "mean_lst": 38.579328921187923, "mean_ndbi": -0.024103605923842815, "mean_dem": 7.296190489753493, "uhi_intensity": -0.42909360879570357, "risk_score": 68.643466277576238, "sustainability_score": 31.356533722423762, "cluster_id": 2, "cluster": "Cluster 2: Dense Urban Heat", "top_positive_driver": "mean_lst", "top_positive_shap": 10.109439526803039, "top_negative_driver": "mean_dem", "top_negative_shap": -2.2685633971613393, "explanation_text": "High composite risk index — dominated by high LST (temperature) (+10.11) and attenuated by high DEM (elevation) (-2.27)" }, "geometry": { "type": "Polygon", "coordinates": [ [ [ 72.79, 19.24 ], [ 72.79, 19.25 ], [ 72.78, 19.25 ], [ 72.78, 19.24 ], [ 72.79, 19.24 ] ] ] } },
{ "type": "Feature", "properties": { "cell_id": "r35_c2", "mean_ndvi": 0.33396305196641829, "mean_lst": 38.948288487167403, "mean_ndbi": -0.023194257547247462, "mean_dem": 11.624301115082842, "uhi_intensity": -0.060134042816223143, "risk_score": 77.810506664850109, "sustainability_score": 22.189493335149891, "cluster_id": 2, "cluster": "Cluster 2: Dense Urban Heat", "top_positive_driver": "mean_lst", "top_positive_shap": 13.762621392126725, "top_negative_driver": "mean_dem", "top_negative_shap": -2.274625994042307, "explanation_text": "High composite risk index — dominated by high LST (temperature) (+13.76) and attenuated by high DEM (elevation) (-2.27)" }, "geometry": { "type": "Polygon", "coordinates": [ [ [ 72.8, 19.24 ], [ 72.8, 19.25 ], [ 72.79, 19.25 ], [ 72.79, 19.24 ], [ 72.8, 19.24 ] ] ] } },
{ "type": "Feature", "properties": { "cell_id": "r35_c3", "mean_ndvi": 0.3750235131681815, "mean_lst": 35.834961207870656, "mean_ndbi": -0.14396397521246981, "mean_dem": 2.9093759611769987, "uhi_intensity": -3.1734613221129706, "risk_score": 64.40205076903743, "sustainability_score": 35.59794923096257, "cluster_id": 3, "cluster": "Cluster 3: Green/Forested", "top_positive_driver": "mean_ndvi", "top_positive_shap": 8.9168532335655613, "top_negative_driver": "mean_dem", "top_negative_shap": -3.9323893446717482, "explanation_text": "Moderate composite risk index — dominated by low NDVI (vegetation) (+8.92) and attenuated by high DEM (elevation) (-3.93)" }, "geometry": { "type": "Polygon", "coordinates": [ [ [ 72.81, 19.24 ], [ 72.81, 19.25 ], [ 72.8, 19.25 ], [ 72.8, 19.24 ], [ 72.81, 19.24 ] ] ] } },
{ "type": "Feature", "properties": { "cell_id": "r35_c4", "mean_ndvi": 0.40974928824636814, "mean_lst": 33.325948068584253, "mean_ndbi": -0.26692317463730791, "mean_dem": 1.2797476466483457, "uhi_intensity": -5.682474461399373, "risk_score": 52.850262870823506, "sustainability_score": 47.149737129176494, "cluster_id": 3, "cluster": "Cluster 3: Green/Forested", "top_positive_driver": "mean_ndvi", "top_positive_shap": 17.854761244946214, "top_negative_driver": "mean_lst", "top_negative_shap": -15.53764128786827, "explanation_text": "Moderate composite risk index — dominated by low NDVI (vegetation) (+17.85) and attenuated by low LST (temperature) (-15.54)" }, "geometry": { "type": "Polygon", "coordinates": [ [ [ 72.82, 19.24 ], [ 72.82, 19.25 ], [ 72.81, 19.25 ], [ 72.81, 19.24 ], [ 72.82, 19.24 ] ] ] } },
{ "type": "Feature", "properties": { "cell_id": "r35_c5", "mean_ndvi": 0.25591496415139042, "mean_lst": 32.594154762782203, "mean_ndbi": -0.27020001910916047, "mean_dem": 0.86879091204302639, "uhi_intensity": -6.414267767201423, "risk_score": 38.246613349461683, "sustainability_score": 61.753386650538317, "cluster_id": 3, "cluster": "Cluster 3: Green/Forested", "top_positive_driver": "mean_ndvi", "top_positive_shap": 11.362067059087924, "top_negative_driver": "mean_lst", "top_negative_shap": -20.071336877320761, "explanation_text": "Low composite risk index — dominated by low NDVI (vegetation) (+11.36) and attenuated by low LST (temperature) (-20.07)" }, "geometry": { "type": "Polygon", "coordinates": [ [ [ 72.83, 19.24 ], [ 72.83, 19.25 ], [ 72.82, 19.25 ], [ 72.82, 19.24 ], [ 72.83, 19.24 ] ] ] } },
{ "type": "Feature", "properties": { "cell_id": "r35_c6", "mean_ndvi": 0.29184001814652893, "mean_lst": 34.550976460146039, "mean_ndbi": -0.19624523700444427, "mean_dem": 2.1141254973215187, "uhi_intensity": -4.4574460698375873, "risk_score": 51.173831770193154, "sustainability_score": 48.826168229806846, "cluster_id": 3, "cluster": "Cluster 3: Green/Forested", "top_positive_driver": "mean_ndvi", "top_positive_shap": 10.907901881072425, "top_negative_driver": "mean_lst", "top_negative_shap": -11.311152935007453, "explanation_text": "Moderate composite risk index — dominated by low NDVI (vegetation) (+10.91) and attenuated by low LST (temperature) (-11.31)" }, "geometry": { "type": "Polygon", "coordinates": [ [ [ 72.84, 19.24 ], [ 72.84, 19.25 ], [ 72.83, 19.25 ], [ 72.83, 19.24 ], [ 72.84, 19.24 ] ] ] } },
{ "type": "Feature", "properties": { "cell_id": "r35_c7", "mean_ndvi": 0.26227125196077494, "mean_lst": 38.815169423892605, "mean_ndbi": -0.10186051993791591, "mean_dem": 9.8383514433415673, "uhi_intensity": -0.19325310609102075, "risk_score": 68.412482749870179, "sustainability_score": 31.587517250129821, "cluster_id": 3, "cluster": "Cluster 3: Green/Forested", "top_positive_driver": "mean_lst", "top_positive_shap": 13.509051032723164, "top_negative_driver": "mean_dem", "top_negative_shap": -2.1525527292132298, "explanation_text": "High composite risk index — dominated by high LST (temperature) (+13.51) and attenuated by high DEM (elevation) (-2.15)" }, "geometry": { "type": "Polygon", "coordinates": [ [ [ 72.85, 19.24 ], [ 72.85, 19.25 ], [ 72.84, 19.25 ], [ 72.84, 19.24 ], [ 72.85, 19.24 ] ] ] } },
{ "type": "Feature", "properties": { "cell_id": "r35_c8", "mean_ndvi": 0.22158701817263976, "mean_lst": 40.120195928676232, "mean_ndbi": -0.048604837581103656, "mean_dem": 18.859459690397205, "uhi_intensity": 1.1117733986926055, "risk_score": 72.551847042379663, "sustainability_score": 27.448152957620337, "cluster_id": 2, "cluster": "Cluster 2: Dense Urban Heat", "top_positive_driver": "mean_lst", "top_positive_shap": 16.280014664107853, "top_negative_driver": "mean_dem", "top_negative_shap": -0.91060153684011091, "explanation_text": "High composite risk index — dominated by high LST (temperature) (+16.28) and attenuated by high DEM (elevation) (-0.91)" }, "geometry": { "type": "Polygon", "coordinates": [ [ [ 72.86, 19.24 ], [ 72.86, 19.25 ], [ 72.85, 19.25 ], [ 72.85, 19.24 ], [ 72.86, 19.24 ] ] ] } },
{ "type": "Feature", "properties": { "cell_id": "r35_c9", "mean_ndvi": 0.14825511942765404, "mean_lst": 43.215587166755085, "mean_ndbi": 0.019946792927375993, "mean_dem": 16.949928082143057, "uhi_intensity": 4.2071646367714592, "risk_score": 80.776051816007922, "sustainability_score": 19.223948183992078, "cluster_id": 2, "cluster": "Cluster 2: Dense Urban Heat", "top_positive_driver": "mean_lst", "top_positive_shap": 25.914329957418321, "top_negative_driver": "mean_dem", "top_negative_shap": -0.4945605186979124, "explanation_text": "High composite risk index — dominated by high LST (temperature) (+25.91) and attenuated by high DEM (elevation) (-0.49)" }, "geometry": { "type": "Polygon", "coordinates": [ [ [ 72.87, 19.24 ], [ 72.87, 19.25 ], [ 72.86, 19.25 ], [ 72.86, 19.24 ], [ 72.87, 19.24 ] ] ] } },
{ "type": "Feature", "properties": { "cell_id": "r35_c10", "mean_ndvi": 0.21160191413083776, "mean_lst": 42.31227793563059, "mean_ndbi": 0.034730698598720494, "mean_dem": 41.456584579544504, "uhi_intensity": 3.3038554056469636, "risk_score": 84.032607449806733, "sustainability_score": 15.967392550193267, "cluster_id": 2, "cluster": "Cluster 2: Dense Urban Heat", "top_positive_driver": "mean_lst", "top_positive_shap": 22.502698010632198, "top_negative_driver": null, "top_negative_shap": 0.0, "explanation_text": "High composite risk index — dominated by high LST (temperature) (+22.50)" }, "geometry": { "type": "Polygon", "coordinates": [ [ [ 72.88, 19.24 ], [ 72.88, 19.25 ], [ 72.87, 19.25 ], [ 72.87, 19.24 ], [ 72.88, 19.24 ] ] ] } },
{ "type": "Feature", "properties": { "cell_id": "r35_c11", "mean_ndvi": 0.35713096474885303, "mean_lst": 37.863134295438513, "mean_ndbi": -0.055126313526068116, "mean_dem": 144.39069482618694, "uhi_intensity": -1.145288234545113, "risk_score": 79.656613155132064, "sustainability_score": 20.343386844867936, "cluster_id": 1, "cluster": "Cluster 1: Green/Forested", "top_positive_driver": "mean_lst", "top_positive_shap": 12.149625776315226, "top_negative_driver": "mean_ndbi", "top_negative_shap": -0.062685754622939585, "explanation_text": "High composite risk index — dominated by high LST (temperature) (+12.15) and attenuated by low NDBI (built-up) (-0.06)" }, "geometry": { "type": "Polygon", "coordinates": [ [ [ 72.89, 19.24 ], [ 72.89, 19.25 ], [ 72.88, 19.25 ], [ 72.88, 19.24 ], [ 72.89, 19.24 ] ] ] } },
{ "type": "Feature", "properties": { "cell_id": "r35_c12", "mean_ndvi": 0.36939414574132462, "mean_lst": 37.672391767615593, "mean_ndbi": -0.072017905417144479, "mean_dem": 183.70313817303563, "uhi_intensity": -1.3360307623680328, "risk_score": 80.769418710494193, "sustainability_score": 19.230581289505807, "cluster_id": 1, "cluster": "Cluster 1: Green/Forested", "top_positive_driver": "mean_lst", "top_positive_shap": 11.287009302162415, "top_negative_driver": "mean_ndbi", "top_negative_shap": -0.083116708388685762, "explanation_text": "High composite risk index — dominated by high LST (temperature) (+11.29) and attenuated by low NDBI (built-up) (-0.08)" }, "geometry": { "type": "Polygon", "coordinates": [ [ [ 72.9, 19.24 ], [ 72.9, 19.25 ], [ 72.89, 19.25 ], [ 72.89, 19.24 ], [ 72.9, 19.24 ] ] ] } },
{ "type": "Feature", "properties": { "cell_id": "r35_c13", "mean_ndvi": 0.39104528507456127, "mean_lst": 36.548756760150326, "mean_ndbi": -0.10546470834272076, "mean_dem": 255.66630209401484, "uhi_intensity": -2.4596657698333004, "risk_score": 79.876384287603599, "sustainability_score": 20.123615712396401, "cluster_id": 1, "cluster": "Cluster 1: Green/Forested", "top_positive_driver": "mean_ndvi", "top_positive_shap": 9.7708543965391055, "top_negative_driver": "mean_ndbi", "top_negative_shap": -0.13314450411464743, "explanation_text": "High composite risk index — dominated by low NDVI (vegetation) (+9.77) and attenuated by low NDBI (built-up) (-0.13)" }, "geometry": { "type": "Polygon", "coordinates": [ [ [ 72.91, 19.24 ], [ 72.91, 19.25 ], [ 72.9, 19.25 ], [ 72.9, 19.24 ], [ 72.91, 19.24 ] ] ] } },
{ "type": "Feature", "properties": { "cell_id": "r35_c14", "mean_ndvi": 0.34219566834402382, "mean_lst": 38.25573744567383, "mean_ndbi": -0.042869957101098595, "mean_dem": 151.39553509886284, "uhi_intensity": -0.75268508430979608, "risk_score": 80.705662777104621, "sustainability_score": 19.294337222895379, "cluster_id": 1, "cluster": "Cluster 1: Green/Forested", "top_positive_driver": "mean_lst", "top_positive_shap": 13.563953454804352, "top_negative_driver": "mean_ndbi", "top_negative_shap": -0.035925265313445733, "explanation_text": "High composite risk index — dominated by high LST (temperature) (+13.56) and attenuated by low NDBI (built-up) (-0.04)" }, "geometry": { "type": "Polygon", "coordinates": [ [ [ 72.92, 19.24 ], [ 72.92, 19.25 ], [ 72.91, 19.25 ], [ 72.91, 19.24 ], [ 72.92, 19.24 ] ] ] } },
{ "type": "Feature", "properties": { "cell_id": "r35_c15", "mean_ndvi": 0.32438273790009081, "mean_lst": 38.945393744007376, "mean_ndbi": -0.01196513828127784, "mean_dem": 113.52012133468169, "uhi_intensity": -0.06302878597625039, "risk_score": 81.596081907141397, "sustainability_score": 18.403918092858603, "cluster_id": 1, "cluster": "Cluster 1: Green/Forested", "top_positive_driver": "mean_lst", "top_positive_shap": 15.951504260756836, "top_negative_driver": null, "top_negative_shap": 0.0, "explanation_text": "High composite risk index — dominated by high LST (temperature) (+15.95)" }, "geometry": { "type": "Polygon", "coordinates": [ [ [ 72.93, 19.24 ], [ 72.93, 19.25 ], [ 72.92, 19.25 ], [ 72.92, 19.24 ], [ 72.93, 19.24 ] ] ] } },
{ "type": "Feature", "properties": { "cell_id": "r35_c16", "mean_ndvi": 0.37297727402930481, "mean_lst": 38.796969218740294, "mean_ndbi": -0.039705610850635141, "mean_dem": 131.70456228495939, "uhi_intensity": -0.21145331124333211, "risk_score": 84.354642048481082, "sustainability_score": 15.645357951518918, "cluster_id": 1, "cluster": "Cluster 1: Green/Forested", "top_positive_driver": "mean_lst", "top_positive_shap": 16.04128677707422, "top_negative_driver": "mean_ndbi", "top_negative_shap": -0.043918865755028319, "explanation_text": "High composite risk index — dominated by high LST (temperature) (+16.04) and attenuated by low NDBI (built-up) (-0.04)" }, "geometry": { "type": "Polygon", "coordinates": [ [ [ 72.94, 19.24 ], [ 72.94, 19.25 ], [ 72.93, 19.25 ], [ 72.93, 19.24 ], [ 72.94, 19.24 ] ] ] } },
{ "type": "Feature", "properties": { "cell_id": "r35_c17", "mean_ndvi": 0.35566693285708217, "mean_lst": 40.15549122126064, "mean_ndbi": -0.035065021972073639, "mean_dem": 135.9435852302507, "uhi_intensity": 1.1470686912770134, "risk_score": 88.232236249543988, "sustainability_score": 11.767763750456012, "cluster_id": 1, "cluster": "Cluster 1: Green/Forested", "top_positive_driver": "mean_lst", "top_positive_shap": 17.907681715843211, "top_negative_driver": null, "top_negative_shap": 0.0, "explanation_text": "High composite risk index — dominated by high LST (temperature) (+17.91)" }, "geometry": { "type": "Polygon", "coordinates": [ [ [ 72.95, 19.24 ], [ 72.95, 19.25 ], [ 72.94, 19.25 ], [ 72.94, 19.24 ], [ 72.95, 19.24 ] ] ] } },
{ "type": "Feature", "properties": { "cell_id": "r35_c18", "mean_ndvi": 0.28125288774843421, "mean_lst": 41.484969548527978, "mean_ndbi": 0.059033569909523874, "mean_dem": 121.54681430345299, "uhi_intensity": 2.4765470185443519, "risk_score": 90.662022596296808, "sustainability_score": 9.3379774037031922, "cluster_id": 1, "cluster": "Cluster 1: Green/Forested", "top_positive_driver": "mean_lst", "top_positive_shap": 19.231352264478854, "top_negative_driver": null, "top_negative_shap": 0.0, "explanation_text": "High composite risk index — dominated by high LST (temperature) (+19.23)" }, "geometry": { "type": "Polygon", "coordinates": [ [ [ 72.96, 19.24 ], [ 72.96, 19.25 ], [ 72.95, 19.25 ], [ 72.95, 19.24 ], [ 72.96, 19.24 ] ] ] } },
{ "type": "Feature", "properties": { "cell_id": "r35_c19", "mean_ndvi": 0.3477544084815839, "mean_lst": 39.626316457562353, "mean_ndbi": -0.055310651210449681, "mean_dem": 93.900821997402673, "uhi_intensity": 0.61789392757872719, "risk_score": 83.204069052774742, "sustainability_score": 16.795930947225258, "cluster_id": 1, "cluster": "Cluster 1: Green/Forested", "top_positive_driver": "mean_lst", "top_positive_shap": 16.210584347653974, "top_negative_driver": "mean_ndbi", "top_negative_shap": -0.33288954401786841, "explanation_text": "High composite risk index — dominated by high LST (temperature) (+16.21) and attenuated by low NDBI (built-up) (-0.33)" }, "geometry": { "type": "Polygon", "coordinates": [ [ [ 72.97, 19.24 ], [ 72.97, 19.25 ], [ 72.96, 19.25 ], [ 72.96, 19.24 ], [ 72.97, 19.24 ] ] ] } },
{ "type": "Feature", "properties": { "cell_id": "r35_c20", "mean_ndvi": 0.27307547844792657, "mean_lst": 41.950640842869213, "mean_ndbi": -0.046551247755489696, "mean_dem": 30.583393146034219, "uhi_intensity": 2.9422183128855863, "risk_score": 83.595271819631108, "sustainability_score": 16.404728180368892, "cluster_id": 2, "cluster": "Cluster 2: Dense Urban Heat", "top_positive_driver": "mean_lst", "top_positive_shap": 20.477578876242998, "top_negative_driver": "mean_ndbi", "top_negative_shap": -0.19439170978051454, "explanation_text": "High composite risk index — dominated by high LST (temperature) (+20.48) and attenuated by low NDBI (built-up) (-0.19)" }, "geometry": { "type": "Polygon", "coordinates": [ [ [ 72.980000000000103, 19.24 ], [ 72.980000000000103, 19.25 ], [ 72.97, 19.25 ], [ 72.97, 19.24 ], [ 72.980000000000103, 19.24 ] ] ] } },
{ "type": "Feature", "properties": { "cell_id": "r35_c21", "mean_ndvi": 0.28502238122195694, "mean_lst": 41.564421700154426, "mean_ndbi": -0.065278699232418483, "mean_dem": 19.537660747091302, "uhi_intensity": 2.5559991701708, "risk_score": 81.903778087213212, "sustainability_score": 18.096221912786788, "cluster_id": 2, "cluster": "Cluster 2: Dense Urban Heat", "top_positive_driver": "mean_lst", "top_positive_shap": 18.697707924657852, "top_negative_driver": "mean_dem", "top_negative_shap": -0.698409804346103, "explanation_text": "High composite risk index — dominated by high LST (temperature) (+18.70) and attenuated by high DEM (elevation) (-0.70)" }, "geometry": { "type": "Polygon", "coordinates": [ [ [ 72.99, 19.24 ], [ 72.99, 19.25 ], [ 72.980000000000103, 19.25 ], [ 72.980000000000103, 19.24 ], [ 72.99, 19.24 ] ] ] } },
{ "type": "Feature", "properties": { "cell_id": "r36_c0", "mean_ndvi": -0.15708533994854593, "mean_lst": 30.652640030591126, "mean_ndbi": -0.13090725308686191, "mean_dem": 0.0, "uhi_intensity": -8.3557824993925003, "risk_score": 5.4099232910547608, "sustainability_score": 94.590076708945233, "cluster_id": 0, "cluster": "Cluster 0: Coastal/Lowland Urban", "top_positive_driver": null, "top_positive_shap": 0.0, "top_negative_driver": "mean_lst", "top_negative_shap": -35.858167309734775, "explanation_text": "Low composite risk index — dominated by low LST (temperature) (-35.86)" }, "geometry": { "type": "Polygon", "coordinates": [ [ [ 72.78, 19.25 ], [ 72.78, 19.26 ], [ 72.77, 19.26 ], [ 72.77, 19.25 ], [ 72.78, 19.25 ] ] ] } },
{ "type": "Feature", "properties": { "cell_id": "r36_c1", "mean_ndvi": 0.25988983652386433, "mean_lst": 36.377941487915393, "mean_ndbi": -0.064845596533535069, "mean_dem": 13.429615915920172, "uhi_intensity": -2.630481042068233, "risk_score": 61.25063063955136, "sustainability_score": 38.74936936044864, "cluster_id": 3, "cluster": "Cluster 3: Green/Forested", "top_positive_driver": "mean_ndvi", "top_positive_shap": 5.4354464573145256, "top_negative_driver": "mean_dem", "top_negative_shap": -1.573742901940113, "explanation_text": "Moderate composite risk index — dominated by low NDVI (vegetation) (+5.44) and attenuated by high DEM (elevation) (-1.57)" }, "geometry": { "type": "Polygon", "coordinates": [ [ [ 72.79, 19.25 ], [ 72.79, 19.26 ], [ 72.78, 19.26 ], [ 72.78, 19.25 ], [ 72.79, 19.25 ] ] ] } },
{ "type": "Feature", "properties": { "cell_id": "r36_c2", "mean_ndvi": 0.36881862750596539, "mean_lst": 38.54707767445435, "mean_ndbi": -0.038145622508918002, "mean_dem": 26.706684211725577, "uhi_intensity": -0.46134485552927629, "risk_score": 79.028994941560512, "sustainability_score": 20.971005058439488, "cluster_id": 2, "cluster": "Cluster 2: Dense Urban Heat", "top_positive_driver": "mean_lst", "top_positive_shap": 11.992748184980083, "top_negative_driver": null, "top_negative_shap": 0.0, "explanation_text": "High composite risk index — dominated by high LST (temperature) (+11.99)" }, "geometry": { "type": "Polygon", "coordinates": [ [ [ 72.8, 19.25 ], [ 72.8, 19.26 ], [ 72.79, 19.26 ], [ 72.79, 19.25 ], [ 72.8, 19.25 ] ] ] } },
{ "type": "Feature", "properties": { "cell_id": "r36_c3", "mean_ndvi": 0.41948846416199864, "mean_lst": 35.588958308316172, "mean_ndbi": -0.14374690826280978, "mean_dem": 12.527747399838237, "uhi_intensity": -3.4194642216674538, "risk_score": 67.33899096850223, "sustainability_score": 32.66100903149777, "cluster_id": 3, "cluster": "Cluster 3: Green/Forested", "top_positive_driver": "mean_ndvi", "top_positive_shap": 9.4213405186812782, "top_negative_driver": "mean_dem", "top_negative_shap": -2.4654749114326564, "explanation_text": "High composite risk index — dominated by low NDVI (vegetation) (+9.42) and attenuated by high DEM (elevation) (-2.47)" }, "geometry": { "type": "Polygon", "coordinates": [ [ [ 72.81, 19.25 ], [ 72.81, 19.26 ], [ 72.8, 19.26 ], [ 72.8, 19.25 ], [ 72.81, 19.25 ] ] ] } },
{ "type": "Feature", "properties": { "cell_id": "r36_c4", "mean_ndvi": 0.44074068335395272, "mean_lst": 33.309902635542173, "mean_ndbi": -0.27772995675331003, "mean_dem": 1.6758208581128797, "uhi_intensity": -5.6985198944414535, "risk_score": 54.735746897763626, "sustainability_score": 45.264253102236374, "cluster_id": 3, "cluster": "Cluster 3: Green/Forested", "top_positive_driver": "mean_ndvi", "top_positive_shap": 18.199733107013685, "top_negative_driver": "mean_lst", "top_negative_shap": -15.341004150213109, "explanation_text": "Moderate composite risk index — dominated by low NDVI (vegetation) (+18.20) and attenuated by low LST (temperature) (-15.34)" }, "geometry": { "type": "Polygon", "coordinates": [ [ [ 72.82, 19.25 ], [ 72.82, 19.26 ], [ 72.81, 19.26 ], [ 72.81, 19.25 ], [ 72.82, 19.25 ] ] ] } },
{ "type": "Feature", "properties": { "cell_id": "r36_c5", "mean_ndvi": 0.4308579304593394, "mean_lst": 33.139247875993085, "mean_ndbi": -0.29183293662927767, "mean_dem": 1.4478889528226113, "uhi_intensity": -5.8691746539905409, "risk_score": 52.759709048253853, "sustainability_score": 47.240290951746147, "cluster_id": 3, "cluster": "Cluster 3: Green/Forested", "top_positive_driver": "mean_ndvi", "top_positive_shap": 17.895809786771046, "top_negative_driver": "mean_lst", "top_negative_shap": -15.730534311599632, "explanation_text": "Moderate composite risk index — dominated by low NDVI (vegetation) (+17.90) and attenuated by low LST (temperature) (-15.73)" }, "geometry": { "type": "Polygon", "coordinates": [ [ [ 72.83, 19.25 ], [ 72.83, 19.26 ], [ 72.82, 19.26 ], [ 72.82, 19.25 ], [ 72.83, 19.25 ] ] ] } },
{ "type": "Feature", "properties": { "cell_id": "r36_c6", "mean_ndvi": 0.37515493242810055, "mean_lst": 32.636593510400523, "mean_ndbi": -0.28956945740296586, "mean_dem": 1.5616393881485819, "uhi_intensity": -6.3718290195831031, "risk_score": 46.780971606484435, "sustainability_score": 53.219028393515565, "cluster_id": 3, "cluster": "Cluster 3: Green/Forested", "top_positive_driver": "mean_ndvi", "top_positive_shap": 15.53309274037399, "top_negative_driver": "mean_lst", "top_negative_shap": -18.126981597315947, "explanation_text": "Moderate composite risk index — dominated by low NDVI (vegetation) (+15.53) and attenuated by low LST (temperature) (-18.13)" }, "geometry": { "type": "Polygon", "coordinates": [ [ [ 72.84, 19.25 ], [ 72.84, 19.26 ], [ 72.83, 19.26 ], [ 72.83, 19.25 ], [ 72.84, 19.25 ] ] ] } },
{ "type": "Feature", "properties": { "cell_id": "r36_c7", "mean_ndvi": 0.31375026276852375, "mean_lst": 38.604199777705276, "mean_ndbi": -0.14317396573692787, "mean_dem": 2.8426978453125233, "uhi_intensity": -0.40422275227835058, "risk_score": 69.592014947787689, "sustainability_score": 30.407985052212311, "cluster_id": 3, "cluster": "Cluster 3: Green/Forested", "top_positive_driver": "mean_lst", "top_positive_shap": 11.25948945982605, "top_negative_driver": "mean_dem", "top_negative_shap": -3.2558962812495027, "explanation_text": "High composite risk index — dominated by high LST (temperature) (+11.26) and attenuated by high DEM (elevation) (-3.26)" }, "geometry": { "type": "Polygon", "coordinates": [ [ [ 72.85, 19.25 ], [ 72.85, 19.26 ], [ 72.84, 19.26 ], [ 72.84, 19.25 ], [ 72.85, 19.25 ] ] ] } },
{ "type": "Feature", "properties": { "cell_id": "r36_c8", "mean_ndvi": 0.19798862555103039, "mean_lst": 40.325777112951855, "mean_ndbi": -0.033603384294075549, "mean_dem": 11.670146256711131, "uhi_intensity": 1.3173545829682283, "risk_score": 71.818514818842544, "sustainability_score": 28.181485181157456, "cluster_id": 2, "cluster": "Cluster 2: Dense Urban Heat", "top_positive_driver": "mean_lst", "top_positive_shap": 16.754267983352161, "top_negative_driver": "mean_dem", "top_negative_shap": -1.5790681869560279, "explanation_text": "High composite risk index — dominated by high LST (temperature) (+16.75) and attenuated by high DEM (elevation) (-1.58)" }, "geometry": { "type": "Polygon", "coordinates": [ [ [ 72.86, 19.25 ], [ 72.86, 19.26 ], [ 72.85, 19.26 ], [ 72.85, 19.25 ], [ 72.86, 19.25 ] ] ] } },
{ "type": "Feature", "properties": { "cell_id": "r36_c9", "mean_ndvi": 0.20502205570855386, "mean_lst": 41.024653122513165, "mean_ndbi": -0.036360553524427762, "mean_dem": 9.0335292911340517, "uhi_intensity": 2.0162305925295385, "risk_score": 74.630009988254614, "sustainability_score": 25.369990011745386, "cluster_id": 2, "cluster": "Cluster 2: Dense Urban Heat", "top_positive_driver": "mean_lst", "top_positive_shap": 18.173191765652565, "top_negative_driver": "mean_dem", "top_negative_shap": -1.5099362942941823, "explanation_text": "High composite risk index — dominated by high LST (temperature) (+18.17) and attenuated by high DEM (elevation) (-1.51)" }, "geometry": { "type": "Polygon", "coordinates": [ [ [ 72.87, 19.25 ], [ 72.87, 19.26 ], [ 72.86, 19.26 ], [ 72.86, 19.25 ], [ 72.87, 19.25 ] ] ] } },
{ "type": "Feature", "properties": { "cell_id": "r36_c10", "mean_ndvi": 0.19781273171647223, "mean_lst": 43.456851840073647, "mean_ndbi": 0.013732833838602566, "mean_dem": 30.759953521752493, "uhi_intensity": 4.4484293100900203, "risk_score": 85.736699364807023, "sustainability_score": 14.263300635192977, "cluster_id": 2, "cluster": "Cluster 2: Dense Urban Heat", "top_positive_driver": "mean_lst", "top_positive_shap": 26.769522910941735, "top_negative_driver": "mean_ndbi", "top_negative_shap": -0.30231300307424175, "explanation_text": "High composite risk index — dominated by high LST (temperature) (+26.77) and attenuated by low NDBI (built-up) (-0.30)" }, "geometry": { "type": "Polygon", "coordinates": [ [ [ 72.88, 19.25 ], [ 72.88, 19.26 ], [ 72.87, 19.26 ], [ 72.87, 19.25 ], [ 72.88, 19.25 ] ] ] } },
{ "type": "Feature", "properties": { "cell_id": "r36_c11", "mean_ndvi": 0.29339817722608291, "mean_lst": 39.615401578344837, "mean_ndbi": -0.013895508749407291, "mean_dem": 126.39501387092899, "uhi_intensity": 0.60697904836121097, "risk_score": 82.031483017151757, "sustainability_score": 17.968516982848243, "cluster_id": 1, "cluster": "Cluster 1: Green/Forested", "top_positive_driver": "mean_lst", "top_positive_shap": 17.039502657114824, "top_negative_driver": null, "top_negative_shap": 0.0, "explanation_text": "High composite risk index — dominated by high LST (temperature) (+17.04)" }, "geometry": { "type": "Polygon", "coordinates": [ [ [ 72.89, 19.25 ], [ 72.89, 19.26 ], [ 72.88, 19.26 ], [ 72.88, 19.25 ], [ 72.89, 19.25 ] ] ] } },
{ "type": "Feature", "properties": { "cell_id": "r36_c12", "mean_ndvi": 0.35262982856550434, "mean_lst": 38.090764032415876, "mean_ndbi": -0.049422393613678894, "mean_dem": 144.26267819251203, "uhi_intensity": -0.91765849756774998, "risk_score": 80.358610990640599, "sustainability_score": 19.641389009359401, "cluster_id": 1, "cluster": "Cluster 1: Green/Forested", "top_positive_driver": "mean_lst", "top_positive_shap": 12.755781844471608, "top_negative_driver": "mean_ndbi", "top_negative_shap": -0.049878459082194647, "explanation_text": "High composite risk index — dominated by high LST (temperature) (+12.76) and attenuated by low NDBI (built-up) (-0.05)" }, "geometry": { "type": "Polygon", "coordinates": [ [ [ 72.9, 19.25 ], [ 72.9, 19.26 ], [ 72.89, 19.26 ], [ 72.89, 19.25 ], [ 72.9, 19.25 ] ] ] } },
{ "type": "Feature", "properties": { "cell_id": "r36_c13", "mean_ndvi": 0.35833492676732442, "mean_lst": 37.010887027806831, "mean_ndbi": -0.09671320349291955, "mean_dem": 175.26634386704453, "uhi_intensity": -1.9975355021767953, "risk_score": 76.176659867940813, "sustainability_score": 23.823340132059187, "cluster_id": 1, "cluster": "Cluster 1: Green/Forested", "top_positive_driver": "mean_lst", "top_positive_shap": 10.090144434302498, "top_negative_driver": "mean_ndbi", "top_negative_shap": -0.12783514589291212, "explanation_text": "High composite risk index — dominated by high LST (temperature) (+10.09) and attenuated by low NDBI (built-up) (-0.13)" }, "geometry": { "type": "Polygon", "coordinates": [ [ [ 72.91, 19.25 ], [ 72.91, 19.26 ], [ 72.9, 19.26 ], [ 72.9, 19.25 ], [ 72.91, 19.25 ] ] ] } },
{ "type": "Feature", "properties": { "cell_id": "r36_c14", "mean_ndvi": 0.39160232529930572, "mean_lst": 36.745538931132188, "mean_ndbi": -0.11055908641023193, "mean_dem": 100.13581263137512, "uhi_intensity": -2.2628835988514382, "risk_score": 74.212277283049275, "sustainability_score": 25.787722716950725, "cluster_id": 1, "cluster": "Cluster 1: Green/Forested", "top_positive_driver": "mean_ndvi", "top_positive_shap": 9.4298183454369013, "top_negative_driver": "mean_ndbi", "top_negative_shap": -0.20942603219373998, "explanation_text": "High composite risk index — dominated by low NDVI (vegetation) (+9.43) and attenuated by low NDBI (built-up) (-0.21)" }, "geometry": { "type": "Polygon", "coordinates": [ [ [ 72.92, 19.25 ], [ 72.92, 19.26 ], [ 72.91, 19.26 ], [ 72.91, 19.25 ], [ 72.92, 19.25 ] ] ] } },
{ "type": "Feature", "properties": { "cell_id": "r36_c15", "mean_ndvi": 0.44987250264153961, "mean_lst": 35.736586939143052, "mean_ndbi": -0.14608606167448662, "mean_dem": 179.29460033722953, "uhi_intensity": -3.2718355908405741, "risk_score": 76.744664025214945, "sustainability_score": 23.255335974785055, "cluster_id": 1, "cluster": "Cluster 1: Green/Forested", "top_positive_driver": "mean_ndvi", "top_positive_shap": 10.053234799368044, "top_negative_driver": "mean_ndbi", "top_negative_shap": -0.51001839534380577, "explanation_text": "High composite risk index — dominated by low NDVI (vegetation) (+10.05) and attenuated by low NDBI (built-up) (-0.51)" }, "geometry": { "type": "Polygon", "coordinates": [ [ [ 72.93, 19.25 ], [ 72.93, 19.26 ], [ 72.92, 19.26 ], [ 72.92, 19.25 ], [ 72.93, 19.25 ] ] ] } },
{ "type": "Feature", "properties": { "cell_id": "r36_c16", "mean_ndvi": 0.52380673535486033, "mean_lst": 35.222351959051821, "mean_ndbi": -0.22059913574520471, "mean_dem": 305.99345193337433, "uhi_intensity": -3.7860705709318054, "risk_score": 82.486759531554981, "sustainability_score": 17.513240468445019, "cluster_id": 1, "cluster": "Cluster 1: Green/Forested", "top_positive_driver": "mean_ndvi", "top_positive_shap": 10.285835725195531, "top_negative_driver": "mean_ndbi", "top_negative_shap": -0.59742059285448446, "explanation_text": "High composite risk index — dominated by low NDVI (vegetation) (+10.29) and attenuated by low NDBI (built-up) (-0.60)" }, "geometry": { "type": "Polygon", "coordinates": [ [ [ 72.94, 19.25 ], [ 72.94, 19.26 ], [ 72.93, 19.26 ], [ 72.93, 19.25 ], [ 72.94, 19.25 ] ] ] } },
{ "type": "Feature", "properties": { "cell_id": "r36_c17", "mean_ndvi": 0.47785381823179812, "mean_lst": 37.739500316233219, "mean_ndbi": -0.14819485201495261, "mean_dem": 226.59602217057471, "uhi_intensity": -1.2689222137504075, "risk_score": 87.834119214876381, "sustainability_score": 12.165880785123619, "cluster_id": 1, "cluster": "Cluster 1: Green/Forested", "top_positive_driver": "mean_lst", "top_positive_shap": 11.987123355598378, "top_negative_driver": "mean_ndbi", "top_negative_shap": -0.55784441066442536, "explanation_text": "High composite risk index — dominated by high LST (temperature) (+11.99) and attenuated by low NDBI (built-up) (-0.56)" }, "geometry": { "type": "Polygon", "coordinates": [ [ [ 72.95, 19.25 ], [ 72.95, 19.26 ], [ 72.94, 19.26 ], [ 72.94, 19.25 ], [ 72.95, 19.25 ] ] ] } },
{ "type": "Feature", "properties": { "cell_id": "r36_c18", "mean_ndvi": 0.28843425646082166, "mean_lst": 44.692093983872326, "mean_ndbi": 0.049285108061569251, "mean_dem": 65.351678865377437, "uhi_intensity": 5.6836714538886994, "risk_score": 100.0, "sustainability_score": 0.0, "cluster_id": 2, "cluster": "Cluster 2: Dense Urban Heat", "top_positive_driver": "mean_lst", "top_positive_shap": 27.672161401937853, "top_negative_driver": null, "top_negative_shap": 0.0, "explanation_text": "High composite risk index — dominated by high LST (temperature) (+27.67)" }, "geometry": { "type": "Polygon", "coordinates": [ [ [ 72.96, 19.25 ], [ 72.96, 19.26 ], [ 72.95, 19.26 ], [ 72.95, 19.25 ], [ 72.96, 19.25 ] ] ] } },
{ "type": "Feature", "properties": { "cell_id": "r36_c19", "mean_ndvi": 0.32127856990057607, "mean_lst": 42.076627900445473, "mean_ndbi": -0.022185489580493926, "mean_dem": 52.249607656047509, "uhi_intensity": 3.0682053704618468, "risk_score": 89.649794333299894, "sustainability_score": 10.350205666700106, "cluster_id": 2, "cluster": "Cluster 2: Dense Urban Heat", "top_positive_driver": "mean_lst", "top_positive_shap": 21.309029727454135, "top_negative_driver": null, "top_negative_shap": 0.0, "explanation_text": "High composite risk index — dominated by high LST (temperature) (+21.31)" }, "geometry": { "type": "Polygon", "coordinates": [ [ [ 72.97, 19.25 ], [ 72.97, 19.26 ], [ 72.96, 19.26 ], [ 72.96, 19.25 ], [ 72.97, 19.25 ] ] ] } },
{ "type": "Feature", "properties": { "cell_id": "r36_c20", "mean_ndvi": 0.22289074898434105, "mean_lst": 43.05965227035427, "mean_ndbi": -0.038558958792809038, "mean_dem": 22.248026180873591, "uhi_intensity": 4.0512297403706441, "risk_score": 83.694595701402903, "sustainability_score": 16.305404298597097, "cluster_id": 2, "cluster": "Cluster 2: Dense Urban Heat", "top_positive_driver": "mean_lst", "top_positive_shap": 25.393646154380171, "top_negative_driver": "mean_ndbi", "top_negative_shap": -0.40716131317318183, "explanation_text": "High composite risk index — dominated by high LST (temperature) (+25.39) and attenuated by low NDBI (built-up) (-0.41)" }, "geometry": { "type": "Polygon", "coordinates": [ [ [ 72.980000000000103, 19.25 ], [ 72.980000000000103, 19.26 ], [ 72.97, 19.26 ], [ 72.97, 19.25 ], [ 72.980000000000103, 19.25 ] ] ] } },
{ "type": "Feature", "properties": { "cell_id": "r36_c21", "mean_ndvi": 0.19415722283764292, "mean_lst": 43.934535110907689, "mean_ndbi": -0.031825905894412143, "mean_dem": 3.7818801695262811, "uhi_intensity": 4.9261125809240625, "risk_score": 84.153159444311825, "sustainability_score": 15.846840555688175, "cluster_id": 2, "cluster": "Cluster 2: Dense Urban Heat", "top_positive_driver": "mean_lst", "top_positive_shap": 27.303540537748997, "top_negative_driver": "mean_dem", "top_negative_shap": -1.0273127245698224, "explanation_text": "High composite risk index — dominated by high LST (temperature) (+27.30) and attenuated by high DEM (elevation) (-1.03)" }, "geometry": { "type": "Polygon", "coordinates": [ [ [ 72.99, 19.25 ], [ 72.99, 19.26 ], [ 72.980000000000103, 19.26 ], [ 72.980000000000103, 19.25 ], [ 72.99, 19.25 ] ] ] } },
{ "type": "Feature", "properties": { "cell_id": "r37_c0", "mean_ndvi": -0.15925424545088651, "mean_lst": 30.706362726667361, "mean_ndbi": -0.15239844885143652, "mean_dem": 0.0, "uhi_intensity": -8.3020598033162649, "risk_score": 4.5234930539512952, "sustainability_score": 95.476506946048701, "cluster_id": 0, "cluster": "Cluster 0: Coastal/Lowland Urban", "top_positive_driver": null, "top_positive_shap": 0.0, "top_negative_driver": "mean_lst", "top_negative_shap": -35.890391931664716, "explanation_text": "Low composite risk index — dominated by low LST (temperature) (-35.89)" }, "geometry": { "type": "Polygon", "coordinates": [ [ [ 72.78, 19.26 ], [ 72.78, 19.27 ], [ 72.77, 19.27 ], [ 72.77, 19.26 ], [ 72.78, 19.26 ] ] ] } },
{ "type": "Feature", "properties": { "cell_id": "r37_c1", "mean_ndvi": 0.16813029177801347, "mean_lst": 35.999757278717844, "mean_ndbi": -0.062668403005949072, "mean_dem": 11.649215599152322, "uhi_intensity": -3.0086652512657821, "risk_score": 52.861785367619419, "sustainability_score": 47.138214632380581, "cluster_id": 3, "cluster": "Cluster 3: Green/Forested", "top_positive_driver": "mean_ndvi", "top_positive_shap": 3.2733417695389795, "top_negative_driver": "mean_dem", "top_negative_shap": -1.9342552606880381, "explanation_text": "Moderate composite risk index — dominated by low NDVI (vegetation) (+3.27) and attenuated by high DEM (elevation) (-1.93)" }, "geometry": { "type": "Polygon", "coordinates": [ [ [ 72.79, 19.26 ], [ 72.79, 19.27 ], [ 72.78, 19.27 ], [ 72.78, 19.26 ], [ 72.79, 19.26 ] ] ] } },
{ "type": "Feature", "properties": { "cell_id": "r37_c2", "mean_ndvi": 0.33735805790882617, "mean_lst": 38.100881804083571, "mean_ndbi": -0.052019267449349968, "mean_dem": 25.49548271697763, "uhi_intensity": -0.90754072590005563, "risk_score": 74.380390148687496, "sustainability_score": 25.619609851312504, "cluster_id": 2, "cluster": "Cluster 2: Dense Urban Heat", "top_positive_driver": "mean_lst", "top_positive_shap": 10.197988535912842, "top_negative_driver": "mean_ndbi", "top_negative_shap": -0.026213319502658029, "explanation_text": "High composite risk index — dominated by high LST (temperature) (+10.20) and attenuated by low NDBI (built-up) (-0.03)" }, "geometry": { "type": "Polygon", "coordinates": [ [ [ 72.8, 19.26 ], [ 72.8, 19.27 ], [ 72.79, 19.27 ], [ 72.79, 19.26 ], [ 72.8, 19.26 ] ] ] } },
{ "type": "Feature", "properties": { "cell_id": "r37_c3", "mean_ndvi": 0.35363767260395756, "mean_lst": 38.228062414419789, "mean_ndbi": -0.011501792419852322, "mean_dem": 23.595383476205338, "uhi_intensity": -0.78036011556383755, "risk_score": 77.728764849322957, "sustainability_score": 22.271235150677043, "cluster_id": 2, "cluster": "Cluster 2: Dense Urban Heat", "top_positive_driver": "mean_lst", "top_positive_shap": 10.934673847343218, "top_negative_driver": null, "top_negative_shap": 0.0, "explanation_text": "High composite risk index — dominated by high LST (temperature) (+10.93)" }, "geometry": { "type": "Polygon", "coordinates": [ [ [ 72.81, 19.26 ], [ 72.81, 19.27 ], [ 72.8, 19.27 ], [ 72.8, 19.26 ], [ 72.81, 19.26 ] ] ] } },
{ "type": "Feature", "properties": { "cell_id": "r37_c4", "mean_ndvi": 0.45568775516127419, "mean_lst": 34.025864884138223, "mean_ndbi": -0.27460282173875372, "mean_dem": 1.6516081071843554, "uhi_intensity": -4.9825576458454037, "risk_score": 58.570665233730125, "sustainability_score": 41.429334766269875, "cluster_id": 3, "cluster": "Cluster 3: Green/Forested", "top_positive_driver": "mean_ndvi", "top_positive_shap": 17.409578324193692, "top_negative_driver": "mean_lst", "top_negative_shap": -13.435694655677638, "explanation_text": "Moderate composite risk index — dominated by low NDVI (vegetation) (+17.41) and attenuated by low LST (temperature) (-13.44)" }, "geometry": { "type": "Polygon", "coordinates": [ [ [ 72.82, 19.26 ], [ 72.82, 19.27 ], [ 72.81, 19.27 ], [ 72.81, 19.26 ], [ 72.82, 19.26 ] ] ] } },
{ "type": "Feature", "properties": { "cell_id": "r37_c5", "mean_ndvi": 0.47887452274322978, "mean_lst": 33.244327761674406, "mean_ndbi": -0.31389620013134295, "mean_dem": 1.9172017159557646, "uhi_intensity": -5.7640947683092207, "risk_score": 55.913064197246399, "sustainability_score": 44.086935802753601, "cluster_id": 3, "cluster": "Cluster 3: Green/Forested", "top_positive_driver": "mean_ndvi", "top_positive_shap": 18.173267449151211, "top_negative_driver": "mean_lst", "top_negative_shap": -15.329808409783395, "explanation_text": "Moderate composite risk index — dominated by low NDVI (vegetation) (+18.17) and attenuated by low LST (temperature) (-15.33)" }, "geometry": { "type": "Polygon", "coordinates": [ [ [ 72.83, 19.26 ], [ 72.83, 19.27 ], [ 72.82, 19.27 ], [ 72.82, 19.26 ], [ 72.83, 19.26 ] ] ] } },
{ "type": "Feature", "properties": { "cell_id": "r37_c6", "mean_ndvi": 0.44153951219437249, "mean_lst": 33.098642638706167, "mean_ndbi": -0.32068757946695453, "mean_dem": 2.4845485018411879, "uhi_intensity": -5.9097798912774593, "risk_score": 52.254996389980235, "sustainability_score": 47.745003610019765, "cluster_id": 3, "cluster": "Cluster 3: Green/Forested", "top_positive_driver": "mean_ndvi", "top_positive_shap": 17.827887223160413, "top_negative_driver": "mean_lst", "top_negative_shap": -15.735053965589142, "explanation_text": "Moderate composite risk index — dominated by low NDVI (vegetation) (+17.83) and attenuated by low LST (temperature) (-15.74)" }, "geometry": { "type": "Polygon", "coordinates": [ [ [ 72.84, 19.26 ], [ 72.84, 19.27 ], [ 72.83, 19.27 ], [ 72.83, 19.26 ], [ 72.84, 19.26 ] ] ] } },
{ "type": "Feature", "properties": { "cell_id": "r37_c7", "mean_ndvi": 0.47330600682872542, "mean_lst": 33.134164051798393, "mean_ndbi": -0.33578483733506709, "mean_dem": 2.3942209373531353, "uhi_intensity": -5.8742584781852329, "risk_score": 54.182756350519, "sustainability_score": 45.817243649481, "cluster_id": 3, "cluster": "Cluster 3: Green/Forested", "top_positive_driver": "mean_ndvi", "top_positive_shap": 17.984624435417626, "top_negative_driver": "mean_lst", "top_negative_shap": -15.598535827801101, "explanation_text": "Moderate composite risk index — dominated by low NDVI (vegetation) (+17.98) and attenuated by low LST (temperature) (-15.60)" }, "geometry": { "type": "Polygon", "coordinates": [ [ [ 72.85, 19.26 ], [ 72.85, 19.27 ], [ 72.84, 19.27 ], [ 72.84, 19.26 ], [ 72.85, 19.26 ] ] ] } },
{ "type": "Feature", "properties": { "cell_id": "r37_c8", "mean_ndvi": 0.37747538478524323, "mean_lst": 36.782237892538319, "mean_ndbi": -0.19225378492668166, "mean_dem": 3.8406414218373826, "uhi_intensity": -2.2261846374453071, "risk_score": 65.958498199625467, "sustainability_score": 34.041501800374533, "cluster_id": 3, "cluster": "Cluster 3: Green/Forested", "top_positive_driver": "mean_ndvi", "top_positive_shap": 8.7978213918339385, "top_negative_driver": "mean_dem", "top_negative_shap": -3.7857321879673749, "explanation_text": "High composite risk index — dominated by low NDVI (vegetation) (+8.80) and attenuated by high DEM (elevation) (-3.79)" }, "geometry": { "type": "Polygon", "coordinates": [ [ [ 72.86, 19.26 ], [ 72.86, 19.27 ], [ 72.85, 19.27 ], [ 72.85, 19.26 ], [ 72.86, 19.26 ] ] ] } },
{ "type": "Feature", "properties": { "cell_id": "r37_c9", "mean_ndvi": 0.35445609645642195, "mean_lst": 38.334755780304107, "mean_ndbi": -0.15011979773550946, "mean_dem": 4.0059755736322744, "uhi_intensity": -0.67366674967951923, "risk_score": 71.515759143055362, "sustainability_score": 28.484240856944638, "cluster_id": 3, "cluster": "Cluster 3: Green/Forested", "top_positive_driver": "mean_lst", "top_positive_shap": 8.592760469840254, "top_negative_driver": "mean_dem", "top_negative_shap": -3.5023081153477098, "explanation_text": "High composite risk index — dominated by high LST (temperature) (+8.59) and attenuated by high DEM (elevation) (-3.50)" }, "geometry": { "type": "Polygon", "coordinates": [ [ [ 72.87, 19.26 ], [ 72.87, 19.27 ], [ 72.86, 19.27 ], [ 72.86, 19.26 ], [ 72.87, 19.26 ] ] ] } },
{ "type": "Feature", "properties": { "cell_id": "r37_c10", "mean_ndvi": 0.15350314325408795, "mean_lst": 43.188894941193844, "mean_ndbi": 0.011146397496281399, "mean_dem": 12.991587161450152, "uhi_intensity": 4.1804724112102178, "risk_score": 80.554069201134766, "sustainability_score": 19.445930798865234, "cluster_id": 2, "cluster": "Cluster 2: Dense Urban Heat", "top_positive_driver": "mean_lst", "top_positive_shap": 25.817041755522357, "top_negative_driver": "mean_dem", "top_negative_shap": -0.83207998836064534, "explanation_text": "High composite risk index — dominated by high LST (temperature) (+25.82) and attenuated by high DEM (elevation) (-0.83)" }, "geometry": { "type": "Polygon", "coordinates": [ [ [ 72.88, 19.26 ], [ 72.88, 19.27 ], [ 72.87, 19.27 ], [ 72.87, 19.26 ], [ 72.88, 19.26 ] ] ] } },
{ "type": "Feature", "properties": { "cell_id": "r37_c11", "mean_ndvi": 0.23391966308424694, "mean_lst": 42.123286487327185, "mean_ndbi": 0.014486467985074235, "mean_dem": 33.402562262173213, "uhi_intensity": 3.1148639573435588, "risk_score": 83.897342600078815, "sustainability_score": 16.102657399921185, "cluster_id": 2, "cluster": "Cluster 2: Dense Urban Heat", "top_positive_driver": "mean_lst", "top_positive_shap": 21.792200910417666, "top_negative_driver": null, "top_negative_shap": 0.0, "explanation_text": "High composite risk index — dominated by high LST (temperature) (+21.79)" }, "geometry": { "type": "Polygon", "coordinates": [ [ [ 72.89, 19.26 ], [ 72.89, 19.27 ], [ 72.88, 19.27 ], [ 72.88, 19.26 ], [ 72.89, 19.26 ] ] ] } },
{ "type": "Feature", "properties": { "cell_id": "r37_c12", "mean_ndvi": 0.19200168602551668, "mean_lst": 44.132253129842951, "mean_ndbi": 0.06358299194625823, "mean_dem": 32.011162221051201, "uhi_intensity": 5.1238305998593248, "risk_score": 89.860982880613605, "sustainability_score": 10.139017119386395, "cluster_id": 2, "cluster": "Cluster 2: Dense Urban Heat", "top_positive_driver": "mean_lst", "top_positive_shap": 28.971351337173388, "top_negative_driver": null, "top_negative_shap": 0.0, "explanation_text": "High composite risk index — dominated by high LST (temperature) (+28.97)" }, "geometry": { "type": "Polygon", "coordinates": [ [ [ 72.9, 19.26 ], [ 72.9, 19.27 ], [ 72.89, 19.27 ], [ 72.89, 19.26 ], [ 72.9, 19.26 ] ] ] } },
{ "type": "Feature", "properties": { "cell_id": "r37_c13", "mean_ndvi": 0.30412414581976216, "mean_lst": 38.01278634171188, "mean_ndbi": -0.030516350504063282, "mean_dem": 124.95159144960721, "uhi_intensity": -0.99563618827174594, "risk_score": 76.380197151911233, "sustainability_score": 23.619802848088767, "cluster_id": 1, "cluster": "Cluster 1: Green/Forested", "top_positive_driver": "mean_lst", "top_positive_shap": 10.387074951409872, "top_negative_driver": null, "top_negative_shap": 0.0, "explanation_text": "High composite risk index — dominated by high LST (temperature) (+10.39)" }, "geometry": { "type": "Polygon", "coordinates": [ [ [ 72.91, 19.26 ], [ 72.91, 19.27 ], [ 72.9, 19.27 ], [ 72.9, 19.26 ], [ 72.91, 19.26 ] ] ] } },
{ "type": "Feature", "properties": { "cell_id": "r37_c14", "mean_ndvi": 0.31201954429771378, "mean_lst": 38.608129629703498, "mean_ndbi": -0.052022656853948517, "mean_dem": 63.929010464433837, "uhi_intensity": -0.40029290028012809, "risk_score": 75.769279235586168, "sustainability_score": 24.230720764413832, "cluster_id": 1, "cluster": "Cluster 1: Green/Forested", "top_positive_driver": "mean_lst", "top_positive_shap": 13.64197870064018, "top_negative_driver": "mean_ndbi", "top_negative_shap": -0.23245309486514559, "explanation_text": "High composite risk index — dominated by high LST (temperature) (+13.64) and attenuated by low NDBI (built-up) (-0.23)" }, "geometry": { "type": "Polygon", "coordinates": [ [ [ 72.92, 19.26 ], [ 72.92, 19.27 ], [ 72.91, 19.27 ], [ 72.91, 19.26 ], [ 72.92, 19.26 ] ] ] } },
{ "type": "Feature", "properties": { "cell_id": "r37_c15", "mean_ndvi": 0.36545666910700092, "mean_lst": 36.281058533988691, "mean_ndbi": -0.11420923839762909, "mean_dem": 95.798686965066068, "uhi_intensity": -2.727363995994935, "risk_score": 70.216445135031876, "sustainability_score": 29.783554864968124, "cluster_id": 1, "cluster": "Cluster 1: Green/Forested", "top_positive_driver": "mean_ndvi", "top_positive_shap": 8.9896418111746002, "top_negative_driver": "mean_ndbi", "top_negative_shap": -0.31234784470591226, "explanation_text": "High composite risk index — dominated by low NDVI (vegetation) (+8.99) and attenuated by low NDBI (built-up) (-0.31)" }, "geometry": { "type": "Polygon", "coordinates": [ [ [ 72.93, 19.26 ], [ 72.93, 19.27 ], [ 72.92, 19.27 ], [ 72.92, 19.26 ], [ 72.93, 19.26 ] ] ] } },
{ "type": "Feature", "properties": { "cell_id": "r37_c16", "mean_ndvi": 0.50383587827029508, "mean_lst": 34.969152095089981, "mean_ndbi": -0.18937251658522442, "mean_dem": 223.85817269350784, "uhi_intensity": -4.0392704348936448, "risk_score": 78.100400166731617, "sustainability_score": 21.899599833268383, "cluster_id": 1, "cluster": "Cluster 1: Green/Forested", "top_positive_driver": "mean_ndvi", "top_positive_shap": 11.199470763792119, "top_negative_driver": "mean_ndbi", "top_negative_shap": -0.57689640891000971, "explanation_text": "High composite risk index — dominated by low NDVI (vegetation) (+11.20) and attenuated by low NDBI (built-up) (-0.58)" }, "geometry": { "type": "Polygon", "coordinates": [ [ [ 72.94, 19.26 ], [ 72.94, 19.27 ], [ 72.93, 19.27 ], [ 72.93, 19.26 ], [ 72.94, 19.26 ] ] ] } },
{ "type": "Feature", "properties": { "cell_id": "r37_c17", "mean_ndvi": 0.41124159062034643, "mean_lst": 38.799486644206702, "mean_ndbi": -0.076574413293191659, "mean_dem": 131.15240078155674, "uhi_intensity": -0.20893588577692412, "risk_score": 85.723426744121085, "sustainability_score": 14.276573255878915, "cluster_id": 1, "cluster": "Cluster 1: Green/Forested", "top_positive_driver": "mean_lst", "top_positive_shap": 15.481457345072338, "top_negative_driver": "mean_ndbi", "top_negative_shap": -0.39050686234880583, "explanation_text": "High composite risk index — dominated by high LST (temperature) (+15.48) and attenuated by low NDBI (built-up) (-0.39)" }, "geometry": { "type": "Polygon", "coordinates": [ [ [ 72.95, 19.26 ], [ 72.95, 19.27 ], [ 72.94, 19.27 ], [ 72.94, 19.26 ], [ 72.95, 19.26 ] ] ] } },
{ "type": "Feature", "properties": { "cell_id": "r37_c18", "mean_ndvi": 0.24995951935627969, "mean_lst": 43.689728355394742, "mean_ndbi": 0.021709232402500139, "mean_dem": 34.915732545025676, "uhi_intensity": 4.6813058254111155, "risk_score": 91.083870747403765, "sustainability_score": 8.9161292525962352, "cluster_id": 2, "cluster": "Cluster 2: Dense Urban Heat", "top_positive_driver": "mean_lst", "top_positive_shap": 26.69362280492113, "top_negative_driver": "mean_ndbi", "top_negative_shap": -0.17367167453055352, "explanation_text": "High composite risk index — dominated by high LST (temperature) (+26.69) and attenuated by low NDBI (built-up) (-0.17)" }, "geometry": { "type": "Polygon", "coordinates": [ [ [ 72.96, 19.26 ], [ 72.96, 19.27 ], [ 72.95, 19.27 ], [ 72.95, 19.26 ], [ 72.96, 19.26 ] ] ] } },
{ "type": "Feature", "properties": { "cell_id": "r37_c19", "mean_ndvi": 0.17636846490694588, "mean_lst": 44.211233187475251, "mean_ndbi": 0.0011973222058682135, "mean_dem": 13.414041783562828, "uhi_intensity": 5.2028106574916251, "risk_score": 85.554296199565442, "sustainability_score": 14.445703800434558, "cluster_id": 2, "cluster": "Cluster 2: Dense Urban Heat", "top_positive_driver": "mean_lst", "top_positive_shap": 27.579270608171708, "top_negative_driver": "mean_dem", "top_negative_shap": -0.70233550963049285, "explanation_text": "High composite risk index — dominated by high LST (temperature) (+27.58) and attenuated by high DEM (elevation) (-0.70)" }, "geometry": { "type": "Polygon", "coordinates": [ [ [ 72.97, 19.26 ], [ 72.97, 19.27 ], [ 72.96, 19.27 ], [ 72.96, 19.26 ], [ 72.97, 19.26 ] ] ] } },
{ "type": "Feature", "properties": { "cell_id": "r37_c20", "mean_ndvi": 0.22061189705735501, "mean_lst": 42.479216839548158, "mean_ndbi": -0.034299213303487307, "mean_dem": 6.2311254788589761, "uhi_intensity": 3.4707943095645319, "risk_score": 80.99232561180672, "sustainability_score": 19.00767438819328, "cluster_id": 2, "cluster": "Cluster 2: Dense Urban Heat", "top_positive_driver": "mean_lst", "top_positive_shap": 22.021974914414901, "top_negative_driver": "mean_dem", "top_negative_shap": -1.1700895708837564, "explanation_text": "High composite risk index — dominated by high LST (temperature) (+22.02) and attenuated by high DEM (elevation) (-1.17)" }, "geometry": { "type": "Polygon", "coordinates": [ [ [ 72.980000000000103, 19.26 ], [ 72.980000000000103, 19.27 ], [ 72.97, 19.27 ], [ 72.97, 19.26 ], [ 72.980000000000103, 19.26 ] ] ] } },
{ "type": "Feature", "properties": { "cell_id": "r37_c21", "mean_ndvi": 0.23343768328231032, "mean_lst": 42.659752355887441, "mean_ndbi": -0.051514349502851289, "mean_dem": 3.9967188367820614, "uhi_intensity": 3.6513298259038152, "risk_score": 81.804372754598901, "sustainability_score": 18.195627245401099, "cluster_id": 2, "cluster": "Cluster 2: Dense Urban Heat", "top_positive_driver": "mean_lst", "top_positive_shap": 22.149530663532463, "top_negative_driver": "mean_dem", "top_negative_shap": -1.2277796812974204, "explanation_text": "High composite risk index — dominated by high LST (temperature) (+22.15) and attenuated by high DEM (elevation) (-1.23)" }, "geometry": { "type": "Polygon", "coordinates": [ [ [ 72.99, 19.26 ], [ 72.99, 19.27 ], [ 72.980000000000103, 19.27 ], [ 72.980000000000103, 19.26 ], [ 72.99, 19.26 ] ] ] } }
]
}
