{
"type": "FeatureCollection",
"name": "dem_grid",
"crs": { "type": "name", "properties": { "name": "urn:ogc:def:crs:OGC:1.3:CRS84" } },
"features": [
{ "type": "Feature", "properties": { "cell_id": "r0_c0", "mean_dem": 0.0 }, "geometry": { "type": "Polygon", "coordinates": [ [ [ 72.78, 18.89 ], [ 72.78, 18.9 ], [ 72.77, 18.9 ], [ 72.77, 18.89 ], [ 72.78, 18.89 ] ] ] } },
{ "type": "Feature", "properties": { "cell_id": "r0_c1", "mean_dem": 0.0 }, "geometry": { "type": "Polygon", "coordinates": [ [ [ 72.79, 18.89 ], [ 72.79, 18.9 ], [ 72.78, 18.9 ], [ 72.78, 18.89 ], [ 72.79, 18.89 ] ] ] } },
{ "type": "Feature", "properties": { "cell_id": "r0_c2", "mean_dem": 0.0 }, "geometry": { "type": "Polygon", "coordinates": [ [ [ 72.8, 18.89 ], [ 72.8, 18.9 ], [ 72.79, 18.9 ], [ 72.79, 18.89 ], [ 72.8, 18.89 ] ] ] } },
{ "type": "Feature", "properties": { "cell_id": "r0_c3", "mean_dem": 1.8992448059048703 }, "geometry": { "type": "Polygon", "coordinates": [ [ [ 72.81, 18.89 ], [ 72.81, 18.9 ], [ 72.8, 18.9 ], [ 72.8, 18.89 ], [ 72.81, 18.89 ] ] ] } },
{ "type": "Feature", "properties": { "cell_id": "r0_c4", "mean_dem": 3.2564420218037671 }, "geometry": { "type": "Polygon", "coordinates": [ [ [ 72.82, 18.89 ], [ 72.82, 18.9 ], [ 72.81, 18.9 ], [ 72.81, 18.89 ], [ 72.82, 18.89 ] ] ] } },
{ "type": "Feature", "properties": { "cell_id": "r0_c5", "mean_dem": 0.0 }, "geometry": { "type": "Polygon", "coordinates": [ [ [ 72.83, 18.89 ], [ 72.83, 18.9 ], [ 72.82, 18.9 ], [ 72.82, 18.89 ], [ 72.83, 18.89 ] ] ] } },
{ "type": "Feature", "properties": { "cell_id": "r0_c6", "mean_dem": 0.0 }, "geometry": { "type": "Polygon", "coordinates": [ [ [ 72.84, 18.89 ], [ 72.84, 18.9 ], [ 72.83, 18.9 ], [ 72.83, 18.89 ], [ 72.84, 18.89 ] ] ] } },
{ "type": "Feature", "properties": { "cell_id": "r0_c7", "mean_dem": 0.0 }, "geometry": { "type": "Polygon", "coordinates": [ [ [ 72.85, 18.89 ], [ 72.85, 18.9 ], [ 72.84, 18.9 ], [ 72.84, 18.89 ], [ 72.85, 18.89 ] ] ] } },
{ "type": "Feature", "properties": { "cell_id": "r0_c8", "mean_dem": 0.0 }, "geometry": { "type": "Polygon", "coordinates": [ [ [ 72.86, 18.89 ], [ 72.86, 18.9 ], [ 72.85, 18.9 ], [ 72.85, 18.89 ], [ 72.86, 18.89 ] ] ] } },
{ "type": "Feature", "properties": { "cell_id": "r0_c9", "mean_dem": 0.0 }, "geometry": { "type": "Polygon", "coordinates": [ [ [ 72.87, 18.89 ], [ 72.87, 18.9 ], [ 72.86, 18.9 ], [ 72.86, 18.89 ], [ 72.87, 18.89 ] ] ] } },
{ "type": "Feature", "properties": { "cell_id": "r0_c10", "mean_dem": 0.0 }, "geometry": { "type": "Polygon", "coordinates": [ [ [ 72.88, 18.89 ], [ 72.88, 18.9 ], [ 72.87, 18.9 ], [ 72.87, 18.89 ], [ 72.88, 18.89 ] ] ] } },
{ "type": "Feature", "properties": { "cell_id": "r0_c11", "mean_dem": 0.0 }, "geometry": { "type": "Polygon", "coordinates": [ [ [ 72.89, 18.89 ], [ 72.89, 18.9 ], [ 72.88, 18.9 ], [ 72.88, 18.89 ], [ 72.89, 18.89 ] ] ] } },
{ "type": "Feature", "properties": { "cell_id": "r0_c12", "mean_dem": 0.0 }, "geometry": { "type": "Polygon", "coordinates": [ [ [ 72.9, 18.89 ], [ 72.9, 18.9 ], [ 72.89, 18.9 ], [ 72.89, 18.89 ], [ 72.9, 18.89 ] ] ] } },
{ "type": "Feature", "properties": { "cell_id": "r0_c13", "mean_dem": 0.97172573277286178 }, "geometry": { "type": "Polygon", "coordinates": [ [ [ 72.91, 18.89 ], [ 72.91, 18.9 ], [ 72.9, 18.9 ], [ 72.9, 18.89 ], [ 72.91, 18.89 ] ] ] } },
{ "type": "Feature", "properties": { "cell_id": "r0_c14", "mean_dem": 42.738066419655453 }, "geometry": { "type": "Polygon", "coordinates": [ [ [ 72.92, 18.89 ], [ 72.92, 18.9 ], [ 72.91, 18.9 ], [ 72.91, 18.89 ], [ 72.92, 18.89 ] ] ] } },
{ "type": "Feature", "properties": { "cell_id": "r0_c15", "mean_dem": 65.508896939042941 }, "geometry": { "type": "Polygon", "coordinates": [ [ [ 72.93, 18.89 ], [ 72.93, 18.9 ], [ 72.92, 18.9 ], [ 72.92, 18.89 ], [ 72.93, 18.89 ] ] ] } },
{ "type": "Feature", "properties": { "cell_id": "r0_c16", "mean_dem": 3.1300967445198573 }, "geometry": { "type": "Polygon", "coordinates": [ [ [ 72.94, 18.89 ], [ 72.94, 18.9 ], [ 72.93, 18.9 ], [ 72.93, 18.89 ], [ 72.94, 18.89 ] ] ] } },
{ "type": "Feature", "properties": { "cell_id": "r0_c17", "mean_dem": 0.055084697492680773 }, "geometry": { "type": "Polygon", "coordinates": [ [ [ 72.95, 18.89 ], [ 72.95, 18.9 ], [ 72.94, 18.9 ], [ 72.94, 18.89 ], [ 72.95, 18.89 ] ] ] } },
{ "type": "Feature", "properties": { "cell_id": "r0_c18", "mean_dem": 0.57816486695826486 }, "geometry": { "type": "Polygon", "coordinates": [ [ [ 72.96, 18.89 ], [ 72.96, 18.9 ], [ 72.95, 18.9 ], [ 72.95, 18.89 ], [ 72.96, 18.89 ] ] ] } },
{ "type": "Feature", "properties": { "cell_id": "r0_c19", "mean_dem": -0.50582261321273381 }, "geometry": { "type": "Polygon", "coordinates": [ [ [ 72.97, 18.89 ], [ 72.97, 18.9 ], [ 72.96, 18.9 ], [ 72.96, 18.89 ], [ 72.97, 18.89 ] ] ] } },
{ "type": "Feature", "properties": { "cell_id": "r0_c20", "mean_dem": 1.3970216328901972 }, "geometry": { "type": "Polygon", "coordinates": [ [ [ 72.980000000000103, 18.89 ], [ 72.980000000000103, 18.9 ], [ 72.97, 18.9 ], [ 72.97, 18.89 ], [ 72.980000000000103, 18.89 ] ] ] } },
{ "type": "Feature", "properties": { "cell_id": "r0_c21", "mean_dem": 1.1386287777815782 }, "geometry": { "type": "Polygon", "coordinates": [ [ [ 72.99, 18.89 ], [ 72.99, 18.9 ], [ 72.980000000000103, 18.9 ], [ 72.980000000000103, 18.89 ], [ 72.99, 18.89 ] ] ] } },
{ "type": "Feature", "properties": { "cell_id": "r1_c0", "mean_dem": 0.0 }, "geometry": { "type": "Polygon", "coordinates": [ [ [ 72.78, 18.9 ], [ 72.78, 18.91 ], [ 72.77, 18.91 ], [ 72.77, 18.9 ], [ 72.78, 18.9 ] ] ] } },
{ "type": "Feature", "properties": { "cell_id": "r1_c1", "mean_dem": 0.0 }, "geometry": { "type": "Polygon", "coordinates": [ [ [ 72.79, 18.9 ], [ 72.79, 18.91 ], [ 72.78, 18.91 ], [ 72.78, 18.9 ], [ 72.79, 18.9 ] ] ] } },
{ "type": "Feature", "properties": { "cell_id": "r1_c2", "mean_dem": 0.0 }, "geometry": { "type": "Polygon", "coordinates": [ [ [ 72.8, 18.9 ], [ 72.8, 18.91 ], [ 72.79, 18.91 ], [ 72.79, 18.9 ], [ 72.8, 18.9 ] ] ] } },
{ "type": "Feature", "properties": { "cell_id": "r1_c3", "mean_dem": 5.908407664354149 }, "geometry": { "type": "Polygon", "coordinates": [ [ [ 72.81, 18.9 ], [ 72.81, 18.91 ], [ 72.8, 18.91 ], [ 72.8, 18.9 ], [ 72.81, 18.9 ] ] ] } },
{ "type": "Feature", "properties": { "cell_id": "r1_c4", "mean_dem": 8.8505703584499837 }, "geometry": { "type": "Polygon", "coordinates": [ [ [ 72.82, 18.9 ], [ 72.82, 18.91 ], [ 72.81, 18.91 ], [ 72.81, 18.9 ], [ 72.82, 18.9 ] ] ] } },
{ "type": "Feature", "properties": { "cell_id": "r1_c5", "mean_dem": 0.55212813837029828 }, "geometry": { "type": "Polygon", "coordinates": [ [ [ 72.83, 18.9 ], [ 72.83, 18.91 ], [ 72.82, 18.91 ], [ 72.82, 18.9 ], [ 72.83, 18.9 ] ] ] } },
{ "type": "Feature", "properties": { "cell_id": "r1_c6", "mean_dem": 0.0 }, "geometry": { "type": "Polygon", "coordinates": [ [ [ 72.84, 18.9 ], [ 72.84, 18.91 ], [ 72.83, 18.91 ], [ 72.83, 18.9 ], [ 72.84, 18.9 ] ] ] } },
{ "type": "Feature", "properties": { "cell_id": "r1_c7", "mean_dem": 0.0 }, "geometry": { "type": "Polygon", "coordinates": [ [ [ 72.85, 18.9 ], [ 72.85, 18.91 ], [ 72.84, 18.91 ], [ 72.84, 18.9 ], [ 72.85, 18.9 ] ] ] } },
{ "type": "Feature", "properties": { "cell_id": "r1_c8", "mean_dem": 0.0 }, "geometry": { "type": "Polygon", "coordinates": [ [ [ 72.86, 18.9 ], [ 72.86, 18.91 ], [ 72.85, 18.91 ], [ 72.85, 18.9 ], [ 72.86, 18.9 ] ] ] } },
{ "type": "Feature", "properties": { "cell_id": "r1_c9", "mean_dem": 0.0 }, "geometry": { "type": "Polygon", "coordinates": [ [ [ 72.87, 18.9 ], [ 72.87, 18.91 ], [ 72.86, 18.91 ], [ 72.86, 18.9 ], [ 72.87, 18.9 ] ] ] } },
{ "type": "Feature", "properties": { "cell_id": "r1_c10", "mean_dem": 0.0 }, "geometry": { "type": "Polygon", "coordinates": [ [ [ 72.88, 18.9 ], [ 72.88, 18.91 ], [ 72.87, 18.91 ], [ 72.87, 18.9 ], [ 72.88, 18.9 ] ] ] } },
{ "type": "Feature", "properties": { "cell_id": "r1_c11", "mean_dem": 0.0 }, "geometry": { "type": "Polygon", "coordinates": [ [ [ 72.89, 18.9 ], [ 72.89, 18.91 ], [ 72.88, 18.91 ], [ 72.88, 18.9 ], [ 72.89, 18.9 ] ] ] } },
{ "type": "Feature", "properties": { "cell_id": "r1_c12", "mean_dem": 0.0 }, "geometry": { "type": "Polygon", "coordinates": [ [ [ 72.9, 18.9 ], [ 72.9, 18.91 ], [ 72.89, 18.91 ], [ 72.89, 18.9 ], [ 72.9, 18.9 ] ] ] } },
{ "type": "Feature", "properties": { "cell_id": "r1_c13", "mean_dem": 0.092023526395989708 }, "geometry": { "type": "Polygon", "coordinates": [ [ [ 72.91, 18.9 ], [ 72.91, 18.91 ], [ 72.9, 18.91 ], [ 72.9, 18.9 ], [ 72.91, 18.9 ] ] ] } },
{ "type": "Feature", "properties": { "cell_id": "r1_c14", "mean_dem": 9.0413735352925428 }, "geometry": { "type": "Polygon", "coordinates": [ [ [ 72.92, 18.9 ], [ 72.92, 18.91 ], [ 72.91, 18.91 ], [ 72.91, 18.9 ], [ 72.92, 18.9 ] ] ] } },
{ "type": "Feature", "properties": { "cell_id": "r1_c15", "mean_dem": 67.828422506728884 }, "geometry": { "type": "Polygon", "coordinates": [ [ [ 72.93, 18.9 ], [ 72.93, 18.91 ], [ 72.92, 18.91 ], [ 72.92, 18.9 ], [ 72.93, 18.9 ] ] ] } },
{ "type": "Feature", "properties": { "cell_id": "r1_c16", "mean_dem": 0.90429940614363669 }, "geometry": { "type": "Polygon", "coordinates": [ [ [ 72.94, 18.9 ], [ 72.94, 18.91 ], [ 72.93, 18.91 ], [ 72.93, 18.9 ], [ 72.94, 18.9 ] ] ] } },
{ "type": "Feature", "properties": { "cell_id": "r1_c17", "mean_dem": 1.3044113542242257 }, "geometry": { "type": "Polygon", "coordinates": [ [ [ 72.95, 18.9 ], [ 72.95, 18.91 ], [ 72.94, 18.91 ], [ 72.94, 18.9 ], [ 72.95, 18.9 ] ] ] } },
{ "type": "Feature", "properties": { "cell_id": "r1_c18", "mean_dem": 1.7060897499793519 }, "geometry": { "type": "Polygon", "coordinates": [ [ [ 72.96, 18.9 ], [ 72.96, 18.91 ], [ 72.95, 18.91 ], [ 72.95, 18.9 ], [ 72.96, 18.9 ] ] ] } },
{ "type": "Feature", "properties": { "cell_id": "r1_c19", "mean_dem": 0.35593683778795554 }, "geometry": { "type": "Polygon", "coordinates": [ [ [ 72.97, 18.9 ], [ 72.97, 18.91 ], [ 72.96, 18.91 ], [ 72.96, 18.9 ], [ 72.97, 18.9 ] ] ] } },
{ "type": "Feature", "properties": { "cell_id": "r1_c20", "mean_dem": 1.4690369585526466 }, "geometry": { "type": "Polygon", "coordinates": [ [ [ 72.980000000000103, 18.9 ], [ 72.980000000000103, 18.91 ], [ 72.97, 18.91 ], [ 72.97, 18.9 ], [ 72.980000000000103, 18.9 ] ] ] } },
{ "type": "Feature", "properties": { "cell_id": "r1_c21", "mean_dem": 1.3277906897258882 }, "geometry": { "type": "Polygon", "coordinates": [ [ [ 72.99, 18.9 ], [ 72.99, 18.91 ], [ 72.980000000000103, 18.91 ], [ 72.980000000000103, 18.9 ], [ 72.99, 18.9 ] ] ] } },
{ "type": "Feature", "properties": { "cell_id": "r2_c0", "mean_dem": 0.0 }, "geometry": { "type": "Polygon", "coordinates": [ [ [ 72.78, 18.91 ], [ 72.78, 18.92 ], [ 72.77, 18.92 ], [ 72.77, 18.91 ], [ 72.78, 18.91 ] ] ] } },
{ "type": "Feature", "properties": { "cell_id": "r2_c1", "mean_dem": 0.0 }, "geometry": { "type": "Polygon", "coordinates": [ [ [ 72.79, 18.91 ], [ 72.79, 18.92 ], [ 72.78, 18.92 ], [ 72.78, 18.91 ], [ 72.79, 18.91 ] ] ] } },
{ "type": "Feature", "properties": { "cell_id": "r2_c2", "mean_dem": 0.0 }, "geometry": { "type": "Polygon", "coordinates": [ [ [ 72.8, 18.91 ], [ 72.8, 18.92 ], [ 72.79, 18.92 ], [ 72.79, 18.91 ], [ 72.8, 18.91 ] ] ] } },
{ "type": "Feature", "properties": { "cell_id": "r2_c3", "mean_dem": 1.6032335510108806 }, "geometry": { "type": "Polygon", "coordinates": [ [ [ 72.81, 18.91 ], [ 72.81, 18.92 ], [ 72.8, 18.92 ], [ 72.8, 18.91 ], [ 72.81, 18.91 ] ] ] } },
{ "type": "Feature", "properties": { "cell_id": "r2_c4", "mean_dem": 4.4631880260328511 }, "geometry": { "type": "Polygon", "coordinates": [ [ [ 72.82, 18.91 ], [ 72.82, 18.92 ], [ 72.81, 18.92 ], [ 72.81, 18.91 ], [ 72.82, 18.91 ] ] ] } },
{ "type": "Feature", "properties": { "cell_id": "r2_c5", "mean_dem": 8.3391804203294253 }, "geometry": { "type": "Polygon", "coordinates": [ [ [ 72.83, 18.91 ], [ 72.83, 18.92 ], [ 72.82, 18.92 ], [ 72.82, 18.91 ], [ 72.83, 18.91 ] ] ] } },
{ "type": "Feature", "properties": { "cell_id": "r2_c6", "mean_dem": 1.2634052151327744 }, "geometry": { "type": "Polygon", "coordinates": [ [ [ 72.84, 18.91 ], [ 72.84, 18.92 ], [ 72.83, 18.92 ], [ 72.83, 18.91 ], [ 72.84, 18.91 ] ] ] } },
{ "type": "Feature", "properties": { "cell_id": "r2_c7", "mean_dem": 0.0 }, "geometry": { "type": "Polygon", "coordinates": [ [ [ 72.85, 18.91 ], [ 72.85, 18.92 ], [ 72.84, 18.92 ], [ 72.84, 18.91 ], [ 72.85, 18.91 ] ] ] } },
{ "type": "Feature", "properties": { "cell_id": "r2_c8", "mean_dem": 0.0 }, "geometry": { "type": "Polygon", "coordinates": [ [ [ 72.86, 18.91 ], [ 72.86, 18.92 ], [ 72.85, 18.92 ], [ 72.85, 18.91 ], [ 72.86, 18.91 ] ] ] } },
{ "type": "Feature", "properties": { "cell_id": "r2_c9", "mean_dem": 0.0 }, "geometry": { "type": "Polygon", "coordinates": [ [ [ 72.87, 18.91 ], [ 72.87, 18.92 ], [ 72.86, 18.92 ], [ 72.86, 18.91 ], [ 72.87, 18.91 ] ] ] } },
{ "type": "Feature", "properties": { "cell_id": "r2_c10", "mean_dem": 0.0 }, "geometry": { "type": "Polygon", "coordinates": [ [ [ 72.88, 18.91 ], [ 72.88, 18.92 ], [ 72.87, 18.92 ], [ 72.87, 18.91 ], [ 72.88, 18.91 ] ] ] } },
{ "type": "Feature", "properties": { "cell_id": "r2_c11", "mean_dem": 0.0 }, "geometry": { "type": "Polygon", "coordinates": [ [ [ 72.89, 18.91 ], [ 72.89, 18.92 ], [ 72.88, 18.92 ], [ 72.88, 18.91 ], [ 72.89, 18.91 ] ] ] } },
{ "type": "Feature", "properties": { "cell_id": "r2_c12", "mean_dem": 0.0 }, "geometry": { "type": "Polygon", "coordinates": [ [ [ 72.9, 18.91 ], [ 72.9, 18.92 ], [ 72.89, 18.92 ], [ 72.89, 18.91 ], [ 72.9, 18.91 ] ] ] } },
{ "type": "Feature", "properties": { "cell_id": "r2_c13", "mean_dem": 0.0 }, "geometry": { "type": "Polygon", "coordinates": [ [ [ 72.91, 18.91 ], [ 72.91, 18.92 ], [ 72.9, 18.92 ], [ 72.9, 18.91 ], [ 72.91, 18.91 ] ] ] } },
{ "type": "Feature", "properties": { "cell_id": "r2_c14", "mean_dem": 0.0050669902248957717 }, "geometry": { "type": "Polygon", "coordinates": [ [ [ 72.92, 18.91 ], [ 72.92, 18.92 ], [ 72.91, 18.92 ], [ 72.91, 18.91 ], [ 72.92, 18.91 ] ] ] } },
{ "type": "Feature", "properties": { "cell_id": "r2_c15", "mean_dem": 0.6921383325358319 }, "geometry": { "type": "Polygon", "coordinates": [ [ [ 72.93, 18.91 ], [ 72.93, 18.92 ], [ 72.92, 18.92 ], [ 72.92, 18.91 ], [ 72.93, 18.91 ] ] ] } },
{ "type": "Feature", "properties": { "cell_id": "r2_c16", "mean_dem": 0.0 }, "geometry": { "type": "Polygon", "coordinates": [ [ [ 72.94, 18.91 ], [ 72.94, 18.92 ], [ 72.93, 18.92 ], [ 72.93, 18.91 ], [ 72.94, 18.91 ] ] ] } },
{ "type": "Feature", "properties": { "cell_id": "r2_c17", "mean_dem": 0.17362202930252751 }, "geometry": { "type": "Polygon", "coordinates": [ [ [ 72.95, 18.91 ], [ 72.95, 18.92 ], [ 72.94, 18.92 ], [ 72.94, 18.91 ], [ 72.95, 18.91 ] ] ] } },
{ "type": "Feature", "properties": { "cell_id": "r2_c18", "mean_dem": 0.040221341261975616 }, "geometry": { "type": "Polygon", "coordinates": [ [ [ 72.96, 18.91 ], [ 72.96, 18.92 ], [ 72.95, 18.92 ], [ 72.95, 18.91 ], [ 72.96, 18.91 ] ] ] } },
{ "type": "Feature", "properties": { "cell_id": "r2_c19", "mean_dem": 1.1503150135575486 }, "geometry": { "type": "Polygon", "coordinates": [ [ [ 72.97, 18.91 ], [ 72.97, 18.92 ], [ 72.96, 18.92 ], [ 72.96, 18.91 ], [ 72.97, 18.91 ] ] ] } },
{ "type": "Feature", "properties": { "cell_id": "r2_c20", "mean_dem": 1.675234124000277 }, "geometry": { "type": "Polygon", "coordinates": [ [ [ 72.980000000000103, 18.91 ], [ 72.980000000000103, 18.92 ], [ 72.97, 18.92 ], [ 72.97, 18.91 ], [ 72.980000000000103, 18.91 ] ] ] } },
{ "type": "Feature", "properties": { "cell_id": "r2_c21", "mean_dem": -0.24595837036024421 }, "geometry": { "type": "Polygon", "coordinates": [ [ [ 72.99, 18.91 ], [ 72.99, 18.92 ], [ 72.980000000000103, 18.92 ], [ 72.980000000000103, 18.91 ], [ 72.99, 18.91 ] ] ] } },
{ "type": "Feature", "properties": { "cell_id": "r3_c0", "mean_dem": 0.0 }, "geometry": { "type": "Polygon", "coordinates": [ [ [ 72.78, 18.92 ], [ 72.78, 18.93 ], [ 72.77, 18.93 ], [ 72.77, 18.92 ], [ 72.78, 18.92 ] ] ] } },
{ "type": "Feature", "properties": { "cell_id": "r3_c1", "mean_dem": 0.0 }, "geometry": { "type": "Polygon", "coordinates": [ [ [ 72.79, 18.92 ], [ 72.79, 18.93 ], [ 72.78, 18.93 ], [ 72.78, 18.92 ], [ 72.79, 18.92 ] ] ] } },
{ "type": "Feature", "properties": { "cell_id": "r3_c2", "mean_dem": 0.0 }, "geometry": { "type": "Polygon", "coordinates": [ [ [ 72.8, 18.92 ], [ 72.8, 18.93 ], [ 72.79, 18.93 ], [ 72.79, 18.92 ], [ 72.8, 18.92 ] ] ] } },
{ "type": "Feature", "properties": { "cell_id": "r3_c3", "mean_dem": 0.0 }, "geometry": { "type": "Polygon", "coordinates": [ [ [ 72.81, 18.92 ], [ 72.81, 18.93 ], [ 72.8, 18.93 ], [ 72.8, 18.92 ], [ 72.81, 18.92 ] ] ] } },
{ "type": "Feature", "properties": { "cell_id": "r3_c4", "mean_dem": 0.37535994531394595 }, "geometry": { "type": "Polygon", "coordinates": [ [ [ 72.82, 18.92 ], [ 72.82, 18.93 ], [ 72.81, 18.93 ], [ 72.81, 18.92 ], [ 72.82, 18.92 ] ] ] } },
{ "type": "Feature", "properties": { "cell_id": "r3_c5", "mean_dem": 11.892650217343018 }, "geometry": { "type": "Polygon", "coordinates": [ [ [ 72.83, 18.92 ], [ 72.83, 18.93 ], [ 72.82, 18.93 ], [ 72.82, 18.92 ], [ 72.83, 18.92 ] ] ] } },
{ "type": "Feature", "properties": { "cell_id": "r3_c6", "mean_dem": 8.7758364375790379 }, "geometry": { "type": "Polygon", "coordinates": [ [ [ 72.84, 18.92 ], [ 72.84, 18.93 ], [ 72.83, 18.93 ], [ 72.83, 18.92 ], [ 72.84, 18.92 ] ] ] } },
{ "type": "Feature", "properties": { "cell_id": "r3_c7", "mean_dem": 0.83865289637533003 }, "geometry": { "type": "Polygon", "coordinates": [ [ [ 72.85, 18.92 ], [ 72.85, 18.93 ], [ 72.84, 18.93 ], [ 72.84, 18.92 ], [ 72.85, 18.92 ] ] ] } },
{ "type": "Feature", "properties": { "cell_id": "r3_c8", "mean_dem": 0.0 }, "geometry": { "type": "Polygon", "coordinates": [ [ [ 72.86, 18.92 ], [ 72.86, 18.93 ], [ 72.85, 18.93 ], [ 72.85, 18.92 ], [ 72.86, 18.92 ] ] ] } },
{ "type": "Feature", "properties": { "cell_id": "r3_c9", "mean_dem": 0.0 }, "geometry": { "type": "Polygon", "coordinates": [ [ [ 72.87, 18.92 ], [ 72.87, 18.93 ], [ 72.86, 18.93 ], [ 72.86, 18.92 ], [ 72.87, 18.92 ] ] ] } },
{ "type": "Feature", "properties": { "cell_id": "r3_c10", "mean_dem": 0.0 }, "geometry": { "type": "Polygon", "coordinates": [ [ [ 72.88, 18.92 ], [ 72.88, 18.93 ], [ 72.87, 18.93 ], [ 72.87, 18.92 ], [ 72.88, 18.92 ] ] ] } },
{ "type": "Feature", "properties": { "cell_id": "r3_c11", "mean_dem": 0.0 }, "geometry": { "type": "Polygon", "coordinates": [ [ [ 72.89, 18.92 ], [ 72.89, 18.93 ], [ 72.88, 18.93 ], [ 72.88, 18.92 ], [ 72.89, 18.92 ] ] ] } },
{ "type": "Feature", "properties": { "cell_id": "r3_c12", "mean_dem": 0.0 }, "geometry": { "type": "Polygon", "coordinates": [ [ [ 72.9, 18.92 ], [ 72.9, 18.93 ], [ 72.89, 18.93 ], [ 72.89, 18.92 ], [ 72.9, 18.92 ] ] ] } },
{ "type": "Feature", "properties": { "cell_id": "r3_c13", "mean_dem": 0.0 }, "geometry": { "type": "Polygon", "coordinates": [ [ [ 72.91, 18.92 ], [ 72.91, 18.93 ], [ 72.9, 18.93 ], [ 72.9, 18.92 ], [ 72.91, 18.92 ] ] ] } },
{ "type": "Feature", "properties": { "cell_id": "r3_c14", "mean_dem": 0.0 }, "geometry": { "type": "Polygon", "coordinates": [ [ [ 72.92, 18.92 ], [ 72.92, 18.93 ], [ 72.91, 18.93 ], [ 72.91, 18.92 ], [ 72.92, 18.92 ] ] ] } },
{ "type": "Feature", "properties": { "cell_id": "r3_c15", "mean_dem": 0.0 }, "geometry": { "type": "Polygon", "coordinates": [ [ [ 72.93, 18.92 ], [ 72.93, 18.93 ], [ 72.92, 18.93 ], [ 72.92, 18.92 ], [ 72.93, 18.92 ] ] ] } },
{ "type": "Feature", "properties": { "cell_id": "r3_c16", "mean_dem": 0.0 }, "geometry": { "type": "Polygon", "coordinates": [ [ [ 72.94, 18.92 ], [ 72.94, 18.93 ], [ 72.93, 18.93 ], [ 72.93, 18.92 ], [ 72.94, 18.92 ] ] ] } },
{ "type": "Feature", "properties": { "cell_id": "r3_c17", "mean_dem": 0.0 }, "geometry": { "type": "Polygon", "coordinates": [ [ [ 72.95, 18.92 ], [ 72.95, 18.93 ], [ 72.94, 18.93 ], [ 72.94, 18.92 ], [ 72.95, 18.92 ] ] ] } },
{ "type": "Feature", "properties": { "cell_id": "r3_c18", "mean_dem": 1.9172929761257191 }, "geometry": { "type": "Polygon", "coordinates": [ [ [ 72.96, 18.92 ], [ 72.96, 18.93 ], [ 72.95, 18.93 ], [ 72.95, 18.92 ], [ 72.96, 18.92 ] ] ] } },
{ "type": "Feature", "properties": { "cell_id": "r3_c19", "mean_dem": 2.4500959856904436 }, "geometry": { "type": "Polygon", "coordinates": [ [ [ 72.97, 18.92 ], [ 72.97, 18.93 ], [ 72.96, 18.93 ], [ 72.96, 18.92 ], [ 72.97, 18.92 ] ] ] } },
{ "type": "Feature", "properties": { "cell_id": "r3_c20", "mean_dem": 1.6021151030778078 }, "geometry": { "type": "Polygon", "coordinates": [ [ [ 72.980000000000103, 18.92 ], [ 72.980000000000103, 18.93 ], [ 72.97, 18.93 ], [ 72.97, 18.92 ], [ 72.980000000000103, 18.92 ] ] ] } },
{ "type": "Feature", "properties": { "cell_id": "r3_c21", "mean_dem": 0.012184771029980548 }, "geometry": { "type": "Polygon", "coordinates": [ [ [ 72.99, 18.92 ], [ 72.99, 18.93 ], [ 72.980000000000103, 18.93 ], [ 72.980000000000103, 18.92 ], [ 72.99, 18.92 ] ] ] } },
{ "type": "Feature", "properties": { "cell_id": "r4_c0", "mean_dem": 0.0 }, "geometry": { "type": "Polygon", "coordinates": [ [ [ 72.78, 18.93 ], [ 72.78, 18.94 ], [ 72.77, 18.94 ], [ 72.77, 18.93 ], [ 72.78, 18.93 ] ] ] } },
{ "type": "Feature", "properties": { "cell_id": "r4_c1", "mean_dem": 0.0 }, "geometry": { "type": "Polygon", "coordinates": [ [ [ 72.79, 18.93 ], [ 72.79, 18.94 ], [ 72.78, 18.94 ], [ 72.78, 18.93 ], [ 72.79, 18.93 ] ] ] } },
{ "type": "Feature", "properties": { "cell_id": "r4_c2", "mean_dem": 0.28001743112994681 }, "geometry": { "type": "Polygon", "coordinates": [ [ [ 72.8, 18.93 ], [ 72.8, 18.94 ], [ 72.79, 18.94 ], [ 72.79, 18.93 ], [ 72.8, 18.93 ] ] ] } },
{ "type": "Feature", "properties": { "cell_id": "r4_c3", "mean_dem": 0.0 }, "geometry": { "type": "Polygon", "coordinates": [ [ [ 72.81, 18.93 ], [ 72.81, 18.94 ], [ 72.8, 18.94 ], [ 72.8, 18.93 ], [ 72.81, 18.93 ] ] ] } },
{ "type": "Feature", "properties": { "cell_id": "r4_c4", "mean_dem": 0.0 }, "geometry": { "type": "Polygon", "coordinates": [ [ [ 72.82, 18.93 ], [ 72.82, 18.94 ], [ 72.81, 18.94 ], [ 72.81, 18.93 ], [ 72.82, 18.93 ] ] ] } },
{ "type": "Feature", "properties": { "cell_id": "r4_c5", "mean_dem": 8.4560784827578122 }, "geometry": { "type": "Polygon", "coordinates": [ [ [ 72.83, 18.93 ], [ 72.83, 18.94 ], [ 72.82, 18.94 ], [ 72.82, 18.93 ], [ 72.83, 18.93 ] ] ] } },
{ "type": "Feature", "properties": { "cell_id": "r4_c6", "mean_dem": 13.65995124340701 }, "geometry": { "type": "Polygon", "coordinates": [ [ [ 72.84, 18.93 ], [ 72.84, 18.94 ], [ 72.83, 18.94 ], [ 72.83, 18.93 ], [ 72.84, 18.93 ] ] ] } },
{ "type": "Feature", "properties": { "cell_id": "r4_c7", "mean_dem": 2.6061493328016581 }, "geometry": { "type": "Polygon", "coordinates": [ [ [ 72.85, 18.93 ], [ 72.85, 18.94 ], [ 72.84, 18.94 ], [ 72.84, 18.93 ], [ 72.85, 18.93 ] ] ] } },
{ "type": "Feature", "properties": { "cell_id": "r4_c8", "mean_dem": 0.0 }, "geometry": { "type": "Polygon", "coordinates": [ [ [ 72.86, 18.93 ], [ 72.86, 18.94 ], [ 72.85, 18.94 ], [ 72.85, 18.93 ], [ 72.86, 18.93 ] ] ] } },
{ "type": "Feature", "properties": { "cell_id": "r4_c9", "mean_dem": 0.0 }, "geometry": { "type": "Polygon", "coordinates": [ [ [ 72.87, 18.93 ], [ 72.87, 18.94 ], [ 72.86, 18.94 ], [ 72.86, 18.93 ], [ 72.87, 18.93 ] ] ] } },
{ "type": "Feature", "properties": { "cell_id": "r4_c10", "mean_dem": 0.0 }, "geometry": { "type": "Polygon", "coordinates": [ [ [ 72.88, 18.93 ], [ 72.88, 18.94 ], [ 72.87, 18.94 ], [ 72.87, 18.93 ], [ 72.88, 18.93 ] ] ] } },
{ "type": "Feature", "properties": { "cell_id": "r4_c11", "mean_dem": 0.0 }, "geometry": { "type": "Polygon", "coordinates": [ [ [ 72.89, 18.93 ], [ 72.89, 18.94 ], [ 72.88, 18.94 ], [ 72.88, 18.93 ], [ 72.89, 18.93 ] ] ] } },
{ "type": "Feature", "properties": { "cell_id": "r4_c12", "mean_dem": 0.0 }, "geometry": { "type": "Polygon", "coordinates": [ [ [ 72.9, 18.93 ], [ 72.9, 18.94 ], [ 72.89, 18.94 ], [ 72.89, 18.93 ], [ 72.9, 18.93 ] ] ] } },
{ "type": "Feature", "properties": { "cell_id": "r4_c13", "mean_dem": 0.0 }, "geometry": { "type": "Polygon", "coordinates": [ [ [ 72.91, 18.93 ], [ 72.91, 18.94 ], [ 72.9, 18.94 ], [ 72.9, 18.93 ], [ 72.91, 18.93 ] ] ] } },
{ "type": "Feature", "properties": { "cell_id": "r4_c14", "mean_dem": 0.0 }, "geometry": { "type": "Polygon", "coordinates": [ [ [ 72.92, 18.93 ], [ 72.92, 18.94 ], [ 72.91, 18.94 ], [ 72.91, 18.93 ], [ 72.92, 18.93 ] ] ] } },
{ "type": "Feature", "properties": { "cell_id": "r4_c15", "mean_dem": 0.0 }, "geometry": { "type": "Polygon", "coordinates": [ [ [ 72.93, 18.93 ], [ 72.93, 18.94 ], [ 72.92, 18.94 ], [ 72.92, 18.93 ], [ 72.93, 18.93 ] ] ] } },
{ "type": "Feature", "properties": { "cell_id": "r4_c16", "mean_dem": 0.0 }, "geometry": { "type": "Polygon", "coordinates": [ [ [ 72.94, 18.93 ], [ 72.94, 18.94 ], [ 72.93, 18.94 ], [ 72.93, 18.93 ], [ 72.94, 18.93 ] ] ] } },
{ "type": "Feature", "properties": { "cell_id": "r4_c17", "mean_dem": 1.1895469887067573 }, "geometry": { "type": "Polygon", "coordinates": [ [ [ 72.95, 18.93 ], [ 72.95, 18.94 ], [ 72.94, 18.94 ], [ 72.94, 18.93 ], [ 72.95, 18.93 ] ] ] } },
{ "type": "Feature", "properties": { "cell_id": "r4_c18", "mean_dem": 19.721073556383288 }, "geometry": { "type": "Polygon", "coordinates": [ [ [ 72.96, 18.93 ], [ 72.96, 18.94 ], [ 72.95, 18.94 ], [ 72.95, 18.93 ], [ 72.96, 18.93 ] ] ] } },
{ "type": "Feature", "properties": { "cell_id": "r4_c19", "mean_dem": 10.790176447969911 }, "geometry": { "type": "Polygon", "coordinates": [ [ [ 72.97, 18.93 ], [ 72.97, 18.94 ], [ 72.96, 18.94 ], [ 72.96, 18.93 ], [ 72.97, 18.93 ] ] ] } },
{ "type": "Feature", "properties": { "cell_id": "r4_c20", "mean_dem": 1.0470982295440541 }, "geometry": { "type": "Polygon", "coordinates": [ [ [ 72.980000000000103, 18.93 ], [ 72.980000000000103, 18.94 ], [ 72.97, 18.94 ], [ 72.97, 18.93 ], [ 72.980000000000103, 18.93 ] ] ] } },
{ "type": "Feature", "properties": { "cell_id": "r4_c21", "mean_dem": 0.7915549922385664 }, "geometry": { "type": "Polygon", "coordinates": [ [ [ 72.99, 18.93 ], [ 72.99, 18.94 ], [ 72.980000000000103, 18.94 ], [ 72.980000000000103, 18.93 ], [ 72.99, 18.93 ] ] ] } },
{ "type": "Feature", "properties": { "cell_id": "r5_c0", "mean_dem": 0.0 }, "geometry": { "type": "Polygon", "coordinates": [ [ [ 72.78, 18.94 ], [ 72.78, 18.95 ], [ 72.77, 18.95 ], [ 72.77, 18.94 ], [ 72.78, 18.94 ] ] ] } },
{ "type": "Feature", "properties": { "cell_id": "r5_c1", "mean_dem": 0.0 }, "geometry": { "type": "Polygon", "coordinates": [ [ [ 72.79, 18.94 ], [ 72.79, 18.95 ], [ 72.78, 18.95 ], [ 72.78, 18.94 ], [ 72.79, 18.94 ] ] ] } },
{ "type": "Feature", "properties": { "cell_id": "r5_c2", "mean_dem": 12.312729282019747 }, "geometry": { "type": "Polygon", "coordinates": [ [ [ 72.8, 18.94 ], [ 72.8, 18.95 ], [ 72.79, 18.95 ], [ 72.79, 18.94 ], [ 72.8, 18.94 ] ] ] } },
{ "type": "Feature", "properties": { "cell_id": "r5_c3", "mean_dem": 1.0896528940683288 }, "geometry": { "type": "Polygon", "coordinates": [ [ [ 72.81, 18.94 ], [ 72.81, 18.95 ], [ 72.8, 18.95 ], [ 72.8, 18.94 ], [ 72.81, 18.94 ] ] ] } },
{ "type": "Feature", "properties": { "cell_id": "r5_c4", "mean_dem": 0.11277004799270854 }, "geometry": { "type": "Polygon", "coordinates": [ [ [ 72.82, 18.94 ], [ 72.82, 18.95 ], [ 72.81, 18.95 ], [ 72.81, 18.94 ], [ 72.82, 18.94 ] ] ] } },
{ "type": "Feature", "properties": { "cell_id": "r5_c5", "mean_dem": 9.0994735912584392 }, "geometry": { "type": "Polygon", "coordinates": [ [ [ 72.83, 18.94 ], [ 72.83, 18.95 ], [ 72.82, 18.95 ], [ 72.82, 18.94 ], [ 72.83, 18.94 ] ] ] } },
{ "type": "Feature", "properties": { "cell_id": "r5_c6", "mean_dem": 10.366739573721581 }, "geometry": { "type": "Polygon", "coordinates": [ [ [ 72.84, 18.94 ], [ 72.84, 18.95 ], [ 72.83, 18.95 ], [ 72.83, 18.94 ], [ 72.84, 18.94 ] ] ] } },
{ "type": "Feature", "properties": { "cell_id": "r5_c7", "mean_dem": 3.0621256355117632 }, "geometry": { "type": "Polygon", "coordinates": [ [ [ 72.85, 18.94 ], [ 72.85, 18.95 ], [ 72.84, 18.95 ], [ 72.84, 18.94 ], [ 72.85, 18.94 ] ] ] } },
{ "type": "Feature", "properties": { "cell_id": "r5_c8", "mean_dem": 0.0 }, "geometry": { "type": "Polygon", "coordinates": [ [ [ 72.86, 18.94 ], [ 72.86, 18.95 ], [ 72.85, 18.95 ], [ 72.85, 18.94 ], [ 72.86, 18.94 ] ] ] } },
{ "type": "Feature", "properties": { "cell_id": "r5_c9", "mean_dem": 0.0 }, "geometry": { "type": "Polygon", "coordinates": [ [ [ 72.87, 18.94 ], [ 72.87, 18.95 ], [ 72.86, 18.95 ], [ 72.86, 18.94 ], [ 72.87, 18.94 ] ] ] } },
{ "type": "Feature", "properties": { "cell_id": "r5_c10", "mean_dem": 0.0 }, "geometry": { "type": "Polygon", "coordinates": [ [ [ 72.88, 18.94 ], [ 72.88, 18.95 ], [ 72.87, 18.95 ], [ 72.87, 18.94 ], [ 72.88, 18.94 ] ] ] } },
{ "type": "Feature", "properties": { "cell_id": "r5_c11", "mean_dem": 0.0 }, "geometry": { "type": "Polygon", "coordinates": [ [ [ 72.89, 18.94 ], [ 72.89, 18.95 ], [ 72.88, 18.95 ], [ 72.88, 18.94 ], [ 72.89, 18.94 ] ] ] } },
{ "type": "Feature", "properties": { "cell_id": "r5_c12", "mean_dem": 0.12590609379227863 }, "geometry": { "type": "Polygon", "coordinates": [ [ [ 72.9, 18.94 ], [ 72.9, 18.95 ], [ 72.89, 18.95 ], [ 72.89, 18.94 ], [ 72.9, 18.94 ] ] ] } },
{ "type": "Feature", "properties": { "cell_id": "r5_c13", "mean_dem": 0.065751434796849903 }, "geometry": { "type": "Polygon", "coordinates": [ [ [ 72.91, 18.94 ], [ 72.91, 18.95 ], [ 72.9, 18.95 ], [ 72.9, 18.94 ], [ 72.91, 18.94 ] ] ] } },
{ "type": "Feature", "properties": { "cell_id": "r5_c14", "mean_dem": 0.0 }, "geometry": { "type": "Polygon", "coordinates": [ [ [ 72.92, 18.94 ], [ 72.92, 18.95 ], [ 72.91, 18.95 ], [ 72.91, 18.94 ], [ 72.92, 18.94 ] ] ] } },
{ "type": "Feature", "properties": { "cell_id": "r5_c15", "mean_dem": 0.0 }, "geometry": { "type": "Polygon", "coordinates": [ [ [ 72.93, 18.94 ], [ 72.93, 18.95 ], [ 72.92, 18.95 ], [ 72.92, 18.94 ], [ 72.93, 18.94 ] ] ] } },
{ "type": "Feature", "properties": { "cell_id": "r5_c16", "mean_dem": 0.012449586437897345 }, "geometry": { "type": "Polygon", "coordinates": [ [ [ 72.94, 18.94 ], [ 72.94, 18.95 ], [ 72.93, 18.95 ], [ 72.93, 18.94 ], [ 72.94, 18.94 ] ] ] } },
{ "type": "Feature", "properties": { "cell_id": "r5_c17", "mean_dem": 3.6644051769316728 }, "geometry": { "type": "Polygon", "coordinates": [ [ [ 72.95, 18.94 ], [ 72.95, 18.95 ], [ 72.94, 18.95 ], [ 72.94, 18.94 ], [ 72.95, 18.94 ] ] ] } },
{ "type": "Feature", "properties": { "cell_id": "r5_c18", "mean_dem": 9.4107185067681325 }, "geometry": { "type": "Polygon", "coordinates": [ [ [ 72.96, 18.94 ], [ 72.96, 18.95 ], [ 72.95, 18.95 ], [ 72.95, 18.94 ], [ 72.96, 18.94 ] ] ] } },
{ "type": "Feature", "properties": { "cell_id": "r5_c19", "mean_dem": 13.482229931414778 }, "geometry": { "type": "Polygon", "coordinates": [ [ [ 72.97, 18.94 ], [ 72.97, 18.95 ], [ 72.96, 18.95 ], [ 72.96, 18.94 ], [ 72.97, 18.94 ] ] ] } },
{ "type": "Feature", "properties": { "cell_id": "r5_c20", "mean_dem": 0.94105014312365687 }, "geometry": { "type": "Polygon", "coordinates": [ [ [ 72.980000000000103, 18.94 ], [ 72.980000000000103, 18.95 ], [ 72.97, 18.95 ], [ 72.97, 18.94 ], [ 72.980000000000103, 18.94 ] ] ] } },
{ "type": "Feature", "properties": { "cell_id": "r5_c21", "mean_dem": 0.52914453353081159 }, "geometry": { "type": "Polygon", "coordinates": [ [ [ 72.99, 18.94 ], [ 72.99, 18.95 ], [ 72.980000000000103, 18.95 ], [ 72.980000000000103, 18.94 ], [ 72.99, 18.94 ] ] ] } },
{ "type": "Feature", "properties": { "cell_id": "r6_c0", "mean_dem": 0.0 }, "geometry": { "type": "Polygon", "coordinates": [ [ [ 72.78, 18.95 ], [ 72.78, 18.96 ], [ 72.77, 18.96 ], [ 72.77, 18.95 ], [ 72.78, 18.95 ] ] ] } },
{ "type": "Feature", "properties": { "cell_id": "r6_c1", "mean_dem": 0.0 }, "geometry": { "type": "Polygon", "coordinates": [ [ [ 72.79, 18.95 ], [ 72.79, 18.96 ], [ 72.78, 18.96 ], [ 72.78, 18.95 ], [ 72.79, 18.95 ] ] ] } },
{ "type": "Feature", "properties": { "cell_id": "r6_c2", "mean_dem": 10.328834076247157 }, "geometry": { "type": "Polygon", "coordinates": [ [ [ 72.8, 18.95 ], [ 72.8, 18.96 ], [ 72.79, 18.96 ], [ 72.79, 18.95 ], [ 72.8, 18.95 ] ] ] } },
{ "type": "Feature", "properties": { "cell_id": "r6_c3", "mean_dem": 30.792456967749981 }, "geometry": { "type": "Polygon", "coordinates": [ [ [ 72.81, 18.95 ], [ 72.81, 18.96 ], [ 72.8, 18.96 ], [ 72.8, 18.95 ], [ 72.81, 18.95 ] ] ] } },
{ "type": "Feature", "properties": { "cell_id": "r6_c4", "mean_dem": 8.5669092410885721 }, "geometry": { "type": "Polygon", "coordinates": [ [ [ 72.82, 18.95 ], [ 72.82, 18.96 ], [ 72.81, 18.96 ], [ 72.81, 18.95 ], [ 72.82, 18.95 ] ] ] } },
{ "type": "Feature", "properties": { "cell_id": "r6_c5", "mean_dem": 11.237282052304593 }, "geometry": { "type": "Polygon", "coordinates": [ [ [ 72.83, 18.95 ], [ 72.83, 18.96 ], [ 72.82, 18.96 ], [ 72.82, 18.95 ], [ 72.83, 18.95 ] ] ] } },
{ "type": "Feature", "properties": { "cell_id": "r6_c6", "mean_dem": 12.344221957047356 }, "geometry": { "type": "Polygon", "coordinates": [ [ [ 72.84, 18.95 ], [ 72.84, 18.96 ], [ 72.83, 18.96 ], [ 72.83, 18.95 ], [ 72.84, 18.95 ] ] ] } },
{ "type": "Feature", "properties": { "cell_id": "r6_c7", "mean_dem": 3.4882225943901339 }, "geometry": { "type": "Polygon", "coordinates": [ [ [ 72.85, 18.95 ], [ 72.85, 18.96 ], [ 72.84, 18.96 ], [ 72.84, 18.95 ], [ 72.85, 18.95 ] ] ] } },
{ "type": "Feature", "properties": { "cell_id": "r6_c8", "mean_dem": 0.0 }, "geometry": { "type": "Polygon", "coordinates": [ [ [ 72.86, 18.95 ], [ 72.86, 18.96 ], [ 72.85, 18.96 ], [ 72.85, 18.95 ], [ 72.86, 18.95 ] ] ] } },
{ "type": "Feature", "properties": { "cell_id": "r6_c9", "mean_dem": 0.0 }, "geometry": { "type": "Polygon", "coordinates": [ [ [ 72.87, 18.95 ], [ 72.87, 18.96 ], [ 72.86, 18.96 ], [ 72.86, 18.95 ], [ 72.87, 18.95 ] ] ] } },
{ "type": "Feature", "properties": { "cell_id": "r6_c10", "mean_dem": 0.0 }, "geometry": { "type": "Polygon", "coordinates": [ [ [ 72.88, 18.95 ], [ 72.88, 18.96 ], [ 72.87, 18.96 ], [ 72.87, 18.95 ], [ 72.88, 18.95 ] ] ] } },
{ "type": "Feature", "properties": { "cell_id": "r6_c11", "mean_dem": 0.0 }, "geometry": { "type": "Polygon", "coordinates": [ [ [ 72.89, 18.95 ], [ 72.89, 18.96 ], [ 72.88, 18.96 ], [ 72.88, 18.95 ], [ 72.89, 18.95 ] ] ] } },
{ "type": "Feature", "properties": { "cell_id": "r6_c12", "mean_dem": 0.0 }, "geometry": { "type": "Polygon", "coordinates": [ [ [ 72.9, 18.95 ], [ 72.9, 18.96 ], [ 72.89, 18.96 ], [ 72.89, 18.95 ], [ 72.9, 18.95 ] ] ] } },
{ "type": "Feature", "properties": { "cell_id": "r6_c13", "mean_dem": 1.593331757320624 }, "geometry": { "type": "Polygon", "coordinates": [ [ [ 72.91, 18.95 ], [ 72.91, 18.96 ], [ 72.9, 18.96 ], [ 72.9, 18.95 ], [ 72.91, 18.95 ] ] ] } },
{ "type": "Feature", "properties": { "cell_id": "r6_c14", "mean_dem": 0.0 }, "geometry": { "type": "Polygon", "coordinates": [ [ [ 72.92, 18.95 ], [ 72.92, 18.96 ], [ 72.91, 18.96 ], [ 72.91, 18.95 ], [ 72.92, 18.95 ] ] ] } },
{ "type": "Feature", "properties": { "cell_id": "r6_c15", "mean_dem": 3.7465102037909883 }, "geometry": { "type": "Polygon", "coordinates": [ [ [ 72.93, 18.95 ], [ 72.93, 18.96 ], [ 72.92, 18.96 ], [ 72.92, 18.95 ], [ 72.93, 18.95 ] ] ] } },
{ "type": "Feature", "properties": { "cell_id": "r6_c16", "mean_dem": 8.7201754510887302 }, "geometry": { "type": "Polygon", "coordinates": [ [ [ 72.94, 18.95 ], [ 72.94, 18.96 ], [ 72.93, 18.96 ], [ 72.93, 18.95 ], [ 72.94, 18.95 ] ] ] } },
{ "type": "Feature", "properties": { "cell_id": "r6_c17", "mean_dem": 2.2429079226194508 }, "geometry": { "type": "Polygon", "coordinates": [ [ [ 72.95, 18.95 ], [ 72.95, 18.96 ], [ 72.94, 18.96 ], [ 72.94, 18.95 ], [ 72.95, 18.95 ] ] ] } },
{ "type": "Feature", "properties": { "cell_id": "r6_c18", "mean_dem": 3.7458989781620473 }, "geometry": { "type": "Polygon", "coordinates": [ [ [ 72.96, 18.95 ], [ 72.96, 18.96 ], [ 72.95, 18.96 ], [ 72.95, 18.95 ], [ 72.96, 18.95 ] ] ] } },
{ "type": "Feature", "properties": { "cell_id": "r6_c19", "mean_dem": 0.80230763096133151 }, "geometry": { "type": "Polygon", "coordinates": [ [ [ 72.97, 18.95 ], [ 72.97, 18.96 ], [ 72.96, 18.96 ], [ 72.96, 18.95 ], [ 72.97, 18.95 ] ] ] } },
{ "type": "Feature", "properties": { "cell_id": "r6_c20", "mean_dem": 0.11560973525683914 }, "geometry": { "type": "Polygon", "coordinates": [ [ [ 72.980000000000103, 18.95 ], [ 72.980000000000103, 18.96 ], [ 72.97, 18.96 ], [ 72.97, 18.95 ], [ 72.980000000000103, 18.95 ] ] ] } },
{ "type": "Feature", "properties": { "cell_id": "r6_c21", "mean_dem": 0.34077477164430303 }, "geometry": { "type": "Polygon", "coordinates": [ [ [ 72.99, 18.95 ], [ 72.99, 18.96 ], [ 72.980000000000103, 18.96 ], [ 72.980000000000103, 18.95 ], [ 72.99, 18.95 ] ] ] } },
{ "type": "Feature", "properties": { "cell_id": "r7_c0", "mean_dem": 0.0 }, "geometry": { "type": "Polygon", "coordinates": [ [ [ 72.78, 18.96 ], [ 72.78, 18.97 ], [ 72.77, 18.97 ], [ 72.77, 18.96 ], [ 72.78, 18.96 ] ] ] } },
{ "type": "Feature", "properties": { "cell_id": "r7_c1", "mean_dem": 0.0 }, "geometry": { "type": "Polygon", "coordinates": [ [ [ 72.79, 18.96 ], [ 72.79, 18.97 ], [ 72.78, 18.97 ], [ 72.78, 18.96 ], [ 72.79, 18.96 ] ] ] } },
{ "type": "Feature", "properties": { "cell_id": "r7_c2", "mean_dem": 0.023313169975963506 }, "geometry": { "type": "Polygon", "coordinates": [ [ [ 72.8, 18.96 ], [ 72.8, 18.97 ], [ 72.79, 18.97 ], [ 72.79, 18.96 ], [ 72.8, 18.96 ] ] ] } },
{ "type": "Feature", "properties": { "cell_id": "r7_c3", "mean_dem": 23.182938601861842 }, "geometry": { "type": "Polygon", "coordinates": [ [ [ 72.81, 18.96 ], [ 72.81, 18.97 ], [ 72.8, 18.97 ], [ 72.8, 18.96 ], [ 72.81, 18.96 ] ] ] } },
{ "type": "Feature", "properties": { "cell_id": "r7_c4", "mean_dem": 13.386151077087817 }, "geometry": { "type": "Polygon", "coordinates": [ [ [ 72.82, 18.96 ], [ 72.82, 18.97 ], [ 72.81, 18.97 ], [ 72.81, 18.96 ], [ 72.82, 18.96 ] ] ] } },
{ "type": "Feature", "properties": { "cell_id": "r7_c5", "mean_dem": 7.7262792121790529 }, "geometry": { "type": "Polygon", "coordinates": [ [ [ 72.83, 18.96 ], [ 72.83, 18.97 ], [ 72.82, 18.97 ], [ 72.82, 18.96 ], [ 72.83, 18.96 ] ] ] } },
{ "type": "Feature", "properties": { "cell_id": "r7_c6", "mean_dem": 11.998385383592451 }, "geometry": { "type": "Polygon", "coordinates": [ [ [ 72.84, 18.96 ], [ 72.84, 18.97 ], [ 72.83, 18.97 ], [ 72.83, 18.96 ], [ 72.84, 18.96 ] ] ] } },
{ "type": "Feature", "properties": { "cell_id": "r7_c7", "mean_dem": 10.013695704179634 }, "geometry": { "type": "Polygon", "coordinates": [ [ [ 72.85, 18.96 ], [ 72.85, 18.97 ], [ 72.84, 18.97 ], [ 72.84, 18.96 ], [ 72.85, 18.96 ] ] ] } },
{ "type": "Feature", "properties": { "cell_id": "r7_c8", "mean_dem": 0.28884091692274422 }, "geometry": { "type": "Polygon", "coordinates": [ [ [ 72.86, 18.96 ], [ 72.86, 18.97 ], [ 72.85, 18.97 ], [ 72.85, 18.96 ], [ 72.86, 18.96 ] ] ] } },
{ "type": "Feature", "properties": { "cell_id": "r7_c9", "mean_dem": 0.0 }, "geometry": { "type": "Polygon", "coordinates": [ [ [ 72.87, 18.96 ], [ 72.87, 18.97 ], [ 72.86, 18.97 ], [ 72.86, 18.96 ], [ 72.87, 18.96 ] ] ] } },
{ "type": "Feature", "properties": { "cell_id": "r7_c10", "mean_dem": 0.0 }, "geometry": { "type": "Polygon", "coordinates": [ [ [ 72.88, 18.96 ], [ 72.88, 18.97 ], [ 72.87, 18.97 ], [ 72.87, 18.96 ], [ 72.88, 18.96 ] ] ] } },
{ "type": "Feature", "properties": { "cell_id": "r7_c11", "mean_dem": 0.0 }, "geometry": { "type": "Polygon", "coordinates": [ [ [ 72.89, 18.96 ], [ 72.89, 18.97 ], [ 72.88, 18.97 ], [ 72.88, 18.96 ], [ 72.89, 18.96 ] ] ] } },
{ "type": "Feature", "properties": { "cell_id": "r7_c12", "mean_dem": 0.092486586241071936 }, "geometry": { "type": "Polygon", "coordinates": [ [ [ 72.9, 18.96 ], [ 72.9, 18.97 ], [ 72.89, 18.97 ], [ 72.89, 18.96 ], [ 72.9, 18.96 ] ] ] } },
{ "type": "Feature", "properties": { "cell_id": "r7_c13", "mean_dem": 1.5671814792769674 }, "geometry": { "type": "Polygon", "coordinates": [ [ [ 72.91, 18.96 ], [ 72.91, 18.97 ], [ 72.9, 18.97 ], [ 72.9, 18.96 ], [ 72.91, 18.96 ] ] ] } },
{ "type": "Feature", "properties": { "cell_id": "r7_c14", "mean_dem": 0.0 }, "geometry": { "type": "Polygon", "coordinates": [ [ [ 72.92, 18.96 ], [ 72.92, 18.97 ], [ 72.91, 18.97 ], [ 72.91, 18.96 ], [ 72.92, 18.96 ] ] ] } },
{ "type": "Feature", "properties": { "cell_id": "r7_c15", "mean_dem": 11.460123258489698 }, "geometry": { "type": "Polygon", "coordinates": [ [ [ 72.93, 18.96 ], [ 72.93, 18.97 ], [ 72.92, 18.97 ], [ 72.92, 18.96 ], [ 72.93, 18.96 ] ] ] } },
{ "type": "Feature", "properties": { "cell_id": "r7_c16", "mean_dem": 50.329270272348573 }, "geometry": { "type": "Polygon", "coordinates": [ [ [ 72.94, 18.96 ], [ 72.94, 18.97 ], [ 72.93, 18.97 ], [ 72.93, 18.96 ], [ 72.94, 18.96 ] ] ] } },
{ "type": "Feature", "properties": { "cell_id": "r7_c17", "mean_dem": 0.86200591801920246 }, "geometry": { "type": "Polygon", "coordinates": [ [ [ 72.95, 18.96 ], [ 72.95, 18.97 ], [ 72.94, 18.97 ], [ 72.94, 18.96 ], [ 72.95, 18.96 ] ] ] } },
{ "type": "Feature", "properties": { "cell_id": "r7_c18", "mean_dem": 3.7739913659559003 }, "geometry": { "type": "Polygon", "coordinates": [ [ [ 72.96, 18.96 ], [ 72.96, 18.97 ], [ 72.95, 18.97 ], [ 72.95, 18.96 ], [ 72.96, 18.96 ] ] ] } },
{ "type": "Feature", "properties": { "cell_id": "r7_c19", "mean_dem": 10.268913881144096 }, "geometry": { "type": "Polygon", "coordinates": [ [ [ 72.97, 18.96 ], [ 72.97, 18.97 ], [ 72.96, 18.97 ], [ 72.96, 18.96 ], [ 72.97, 18.96 ] ] ] } },
{ "type": "Feature", "properties": { "cell_id": "r7_c20", "mean_dem": 0.16734779896961557 }, "geometry": { "type": "Polygon", "coordinates": [ [ [ 72.980000000000103, 18.96 ], [ 72.980000000000103, 18.97 ], [ 72.97, 18.97 ], [ 72.97, 18.96 ], [ 72.980000000000103, 18.96 ] ] ] } },
{ "type": "Feature", "properties": { "cell_id": "r7_c21", "mean_dem": 0.54088644978654787 }, "geometry": { "type": "Polygon", "coordinates": [ [ [ 72.99, 18.96 ], [ 72.99, 18.97 ], [ 72.980000000000103, 18.97 ], [ 72.980000000000103, 18.96 ], [ 72.99, 18.96 ] ] ] } },
{ "type": "Feature", "properties": { "cell_id": "r8_c0", "mean_dem": 0.0 }, "geometry": { "type": "Polygon", "coordinates": [ [ [ 72.78, 18.97 ], [ 72.78, 18.98 ], [ 72.77, 18.98 ], [ 72.77, 18.97 ], [ 72.78, 18.97 ] ] ] } },
{ "type": "Feature", "properties": { "cell_id": "r8_c1", "mean_dem": 0.0 }, "geometry": { "type": "Polygon", "coordinates": [ [ [ 72.79, 18.97 ], [ 72.79, 18.98 ], [ 72.78, 18.98 ], [ 72.78, 18.97 ], [ 72.79, 18.97 ] ] ] } },
{ "type": "Feature", "properties": { "cell_id": "r8_c2", "mean_dem": 0.0 }, "geometry": { "type": "Polygon", "coordinates": [ [ [ 72.8, 18.97 ], [ 72.8, 18.98 ], [ 72.79, 18.98 ], [ 72.79, 18.97 ], [ 72.8, 18.97 ] ] ] } },
{ "type": "Feature", "properties": { "cell_id": "r8_c3", "mean_dem": 9.4414237380814043 }, "geometry": { "type": "Polygon", "coordinates": [ [ [ 72.81, 18.97 ], [ 72.81, 18.98 ], [ 72.8, 18.98 ], [ 72.8, 18.97 ], [ 72.81, 18.97 ] ] ] } },
{ "type": "Feature", "properties": { "cell_id": "r8_c4", "mean_dem": 13.616788570647316 }, "geometry": { "type": "Polygon", "coordinates": [ [ [ 72.82, 18.97 ], [ 72.82, 18.98 ], [ 72.81, 18.98 ], [ 72.81, 18.97 ], [ 72.82, 18.97 ] ] ] } },
{ "type": "Feature", "properties": { "cell_id": "r8_c5", "mean_dem": 6.68776954235482 }, "geometry": { "type": "Polygon", "coordinates": [ [ [ 72.83, 18.97 ], [ 72.83, 18.98 ], [ 72.82, 18.98 ], [ 72.82, 18.97 ], [ 72.83, 18.97 ] ] ] } },
{ "type": "Feature", "properties": { "cell_id": "r8_c6", "mean_dem": 11.6032819659899 }, "geometry": { "type": "Polygon", "coordinates": [ [ [ 72.84, 18.97 ], [ 72.84, 18.98 ], [ 72.83, 18.98 ], [ 72.83, 18.97 ], [ 72.84, 18.97 ] ] ] } },
{ "type": "Feature", "properties": { "cell_id": "r8_c7", "mean_dem": 9.4147982318226262 }, "geometry": { "type": "Polygon", "coordinates": [ [ [ 72.85, 18.97 ], [ 72.85, 18.98 ], [ 72.84, 18.98 ], [ 72.84, 18.97 ], [ 72.85, 18.97 ] ] ] } },
{ "type": "Feature", "properties": { "cell_id": "r8_c8", "mean_dem": 1.7078255173101273 }, "geometry": { "type": "Polygon", "coordinates": [ [ [ 72.86, 18.97 ], [ 72.86, 18.98 ], [ 72.85, 18.98 ], [ 72.85, 18.97 ], [ 72.86, 18.97 ] ] ] } },
{ "type": "Feature", "properties": { "cell_id": "r8_c9", "mean_dem": 0.0 }, "geometry": { "type": "Polygon", "coordinates": [ [ [ 72.87, 18.97 ], [ 72.87, 18.98 ], [ 72.86, 18.98 ], [ 72.86, 18.97 ], [ 72.87, 18.97 ] ] ] } },
{ "type": "Feature", "properties": { "cell_id": "r8_c10", "mean_dem": 0.0 }, "geometry": { "type": "Polygon", "coordinates": [ [ [ 72.88, 18.97 ], [ 72.88, 18.98 ], [ 72.87, 18.98 ], [ 72.87, 18.97 ], [ 72.88, 18.97 ] ] ] } },
{ "type": "Feature", "properties": { "cell_id": "r8_c11", "mean_dem": 0.0 }, "geometry": { "type": "Polygon", "coordinates": [ [ [ 72.89, 18.97 ], [ 72.89, 18.98 ], [ 72.88, 18.98 ], [ 72.88, 18.97 ], [ 72.89, 18.97 ] ] ] } },
{ "type": "Feature", "properties": { "cell_id": "r8_c12", "mean_dem": 0.0 }, "geometry": { "type": "Polygon", "coordinates": [ [ [ 72.9, 18.97 ], [ 72.9, 18.98 ], [ 72.89, 18.98 ], [ 72.89, 18.97 ], [ 72.9, 18.97 ] ] ] } },
{ "type": "Feature", "properties": { "cell_id": "r8_c13", "mean_dem": 0.0 }, "geometry": { "type": "Polygon", "coordinates": [ [ [ 72.91, 18.97 ], [ 72.91, 18.98 ], [ 72.9, 18.98 ], [ 72.9, 18.97 ], [ 72.91, 18.97 ] ] ] } },
{ "type": "Feature", "properties": { "cell_id": "r8_c14", "mean_dem": 0.0 }, "geometry": { "type": "Polygon", "coordinates": [ [ [ 72.92, 18.97 ], [ 72.92, 18.98 ], [ 72.91, 18.98 ], [ 72.91, 18.97 ], [ 72.92, 18.97 ] ] ] } },
{ "type": "Feature", "properties": { "cell_id": "r8_c15", "mean_dem": 0.0 }, "geometry": { "type": "Polygon", "coordinates": [ [ [ 72.93, 18.97 ], [ 72.93, 18.98 ], [ 72.92, 18.98 ], [ 72.92, 18.97 ], [ 72.93, 18.97 ] ] ] } },
{ "type": "Feature", "properties": { "cell_id": "r8_c16", "mean_dem": 0.87046277941075956 }, "geometry": { "type": "Polygon", "coordinates": [ [ [ 72.94, 18.97 ], [ 72.94, 18.98 ], [ 72.93, 18.98 ], [ 72.93, 18.97 ], [ 72.94, 18.97 ] ] ] } },
{ "type": "Feature", "properties": { "cell_id": "r8_c17", "mean_dem": 0.035785288270377719 }, "geometry": { "type": "Polygon", "coordinates": [ [ [ 72.95, 18.97 ], [ 72.95, 18.98 ], [ 72.94, 18.98 ], [ 72.94, 18.97 ], [ 72.95, 18.97 ] ] ] } },
{ "type": "Feature", "properties": { "cell_id": "r8_c18", "mean_dem": 1.119576794919259 }, "geometry": { "type": "Polygon", "coordinates": [ [ [ 72.96, 18.97 ], [ 72.96, 18.98 ], [ 72.95, 18.98 ], [ 72.95, 18.97 ], [ 72.96, 18.97 ] ] ] } },
{ "type": "Feature", "properties": { "cell_id": "r8_c19", "mean_dem": 0.17034657187777699 }, "geometry": { "type": "Polygon", "coordinates": [ [ [ 72.97, 18.97 ], [ 72.97, 18.98 ], [ 72.96, 18.98 ], [ 72.96, 18.97 ], [ 72.97, 18.97 ] ] ] } },
{ "type": "Feature", "properties": { "cell_id": "r8_c20", "mean_dem": 0.0 }, "geometry": { "type": "Polygon", "coordinates": [ [ [ 72.980000000000103, 18.97 ], [ 72.980000000000103, 18.98 ], [ 72.97, 18.98 ], [ 72.97, 18.97 ], [ 72.980000000000103, 18.97 ] ] ] } },
{ "type": "Feature", "properties": { "cell_id": "r8_c21", "mean_dem": 0.0013671513408051953 }, "geometry": { "type": "Polygon", "coordinates": [ [ [ 72.99, 18.97 ], [ 72.99, 18.98 ], [ 72.980000000000103, 18.98 ], [ 72.980000000000103, 18.97 ], [ 72.99, 18.97 ] ] ] } },
{ "type": "Feature", "properties": { "cell_id": "r9_c0", "mean_dem": 0.0 }, "geometry": { "type": "Polygon", "coordinates": [ [ [ 72.78, 18.98 ], [ 72.78, 18.99 ], [ 72.77, 18.99 ], [ 72.77, 18.98 ], [ 72.78, 18.98 ] ] ] } },
{ "type": "Feature", "properties": { "cell_id": "r9_c1", "mean_dem": 0.0 }, "geometry": { "type": "Polygon", "coordinates": [ [ [ 72.79, 18.98 ], [ 72.79, 18.99 ], [ 72.78, 18.99 ], [ 72.78, 18.98 ], [ 72.79, 18.98 ] ] ] } },
{ "type": "Feature", "properties": { "cell_id": "r9_c2", "mean_dem": 0.0 }, "geometry": { "type": "Polygon", "coordinates": [ [ [ 72.8, 18.98 ], [ 72.8, 18.99 ], [ 72.79, 18.99 ], [ 72.79, 18.98 ], [ 72.8, 18.98 ] ] ] } },
{ "type": "Feature", "properties": { "cell_id": "r9_c3", "mean_dem": 0.0 }, "geometry": { "type": "Polygon", "coordinates": [ [ [ 72.81, 18.98 ], [ 72.81, 18.99 ], [ 72.8, 18.99 ], [ 72.8, 18.98 ], [ 72.81, 18.98 ] ] ] } },
{ "type": "Feature", "properties": { "cell_id": "r9_c4", "mean_dem": 4.253361625770812 }, "geometry": { "type": "Polygon", "coordinates": [ [ [ 72.82, 18.98 ], [ 72.82, 18.99 ], [ 72.81, 18.99 ], [ 72.81, 18.98 ], [ 72.82, 18.98 ] ] ] } },
{ "type": "Feature", "properties": { "cell_id": "r9_c5", "mean_dem": 4.3435244318602786 }, "geometry": { "type": "Polygon", "coordinates": [ [ [ 72.83, 18.98 ], [ 72.83, 18.99 ], [ 72.82, 18.99 ], [ 72.82, 18.98 ], [ 72.83, 18.98 ] ] ] } },
{ "type": "Feature", "properties": { "cell_id": "r9_c6", "mean_dem": 8.837009549142655 }, "geometry": { "type": "Polygon", "coordinates": [ [ [ 72.84, 18.98 ], [ 72.84, 18.99 ], [ 72.83, 18.99 ], [ 72.83, 18.98 ], [ 72.84, 18.98 ] ] ] } },
{ "type": "Feature", "properties": { "cell_id": "r9_c7", "mean_dem": 7.3546978604142641 }, "geometry": { "type": "Polygon", "coordinates": [ [ [ 72.85, 18.98 ], [ 72.85, 18.99 ], [ 72.84, 18.99 ], [ 72.84, 18.98 ], [ 72.85, 18.98 ] ] ] } },
{ "type": "Feature", "properties": { "cell_id": "r9_c8", "mean_dem": 6.0457025998587399 }, "geometry": { "type": "Polygon", "coordinates": [ [ [ 72.86, 18.98 ], [ 72.86, 18.99 ], [ 72.85, 18.99 ], [ 72.85, 18.98 ], [ 72.86, 18.98 ] ] ] } },
{ "type": "Feature", "properties": { "cell_id": "r9_c9", "mean_dem": 0.11901018524847942 }, "geometry": { "type": "Polygon", "coordinates": [ [ [ 72.87, 18.98 ], [ 72.87, 18.99 ], [ 72.86, 18.99 ], [ 72.86, 18.98 ], [ 72.87, 18.98 ] ] ] } },
{ "type": "Feature", "properties": { "cell_id": "r9_c10", "mean_dem": 0.0 }, "geometry": { "type": "Polygon", "coordinates": [ [ [ 72.88, 18.98 ], [ 72.88, 18.99 ], [ 72.87, 18.99 ], [ 72.87, 18.98 ], [ 72.88, 18.98 ] ] ] } },
{ "type": "Feature", "properties": { "cell_id": "r9_c11", "mean_dem": 0.0 }, "geometry": { "type": "Polygon", "coordinates": [ [ [ 72.89, 18.98 ], [ 72.89, 18.99 ], [ 72.88, 18.99 ], [ 72.88, 18.98 ], [ 72.89, 18.98 ] ] ] } },
{ "type": "Feature", "properties": { "cell_id": "r9_c12", "mean_dem": 0.0 }, "geometry": { "type": "Polygon", "coordinates": [ [ [ 72.9, 18.98 ], [ 72.9, 18.99 ], [ 72.89, 18.99 ], [ 72.89, 18.98 ], [ 72.9, 18.98 ] ] ] } },
{ "type": "Feature", "properties": { "cell_id": "r9_c13", "mean_dem": 0.0 }, "geometry": { "type": "Polygon", "coordinates": [ [ [ 72.91, 18.98 ], [ 72.91, 18.99 ], [ 72.9, 18.99 ], [ 72.9, 18.98 ], [ 72.91, 18.98 ] ] ] } },
{ "type": "Feature", "properties": { "cell_id": "r9_c14", "mean_dem": 0.0 }, "geometry": { "type": "Polygon", "coordinates": [ [ [ 72.92, 18.98 ], [ 72.92, 18.99 ], [ 72.91, 18.99 ], [ 72.91, 18.98 ], [ 72.92, 18.98 ] ] ] } },
{ "type": "Feature", "properties": { "cell_id": "r9_c15", "mean_dem": 0.0 }, "geometry": { "type": "Polygon", "coordinates": [ [ [ 72.93, 18.98 ], [ 72.93, 18.99 ], [ 72.92, 18.99 ], [ 72.92, 18.98 ], [ 72.93, 18.98 ] ] ] } },
{ "type": "Feature", "properties": { "cell_id": "r9_c16", "mean_dem": 0.0 }, "geometry": { "type": "Polygon", "coordinates": [ [ [ 72.94, 18.98 ], [ 72.94, 18.99 ], [ 72.93, 18.99 ], [ 72.93, 18.98 ], [ 72.94, 18.98 ] ] ] } },
{ "type": "Feature", "properties": { "cell_id": "r9_c17", "mean_dem": 0.0 }, "geometry": { "type": "Polygon", "coordinates": [ [ [ 72.95, 18.98 ], [ 72.95, 18.99 ], [ 72.94, 18.99 ], [ 72.94, 18.98 ], [ 72.95, 18.98 ] ] ] } },
{ "type": "Feature", "properties": { "cell_id": "r9_c18", "mean_dem": 0.0 }, "geometry": { "type": "Polygon", "coordinates": [ [ [ 72.96, 18.98 ], [ 72.96, 18.99 ], [ 72.95, 18.99 ], [ 72.95, 18.98 ], [ 72.96, 18.98 ] ] ] } },
{ "type": "Feature", "properties": { "cell_id": "r9_c19", "mean_dem": 0.0 }, "geometry": { "type": "Polygon", "coordinates": [ [ [ 72.97, 18.98 ], [ 72.97, 18.99 ], [ 72.96, 18.99 ], [ 72.96, 18.98 ], [ 72.97, 18.98 ] ] ] } },
{ "type": "Feature", "properties": { "cell_id": "r9_c20", "mean_dem": 0.0 }, "geometry": { "type": "Polygon", "coordinates": [ [ [ 72.980000000000103, 18.98 ], [ 72.980000000000103, 18.99 ], [ 72.97, 18.99 ], [ 72.97, 18.98 ], [ 72.980000000000103, 18.98 ] ] ] } },
{ "type": "Feature", "properties": { "cell_id": "r9_c21", "mean_dem": 0.0 }, "geometry": { "type": "Polygon", "coordinates": [ [ [ 72.99, 18.98 ], [ 72.99, 18.99 ], [ 72.980000000000103, 18.99 ], [ 72.980000000000103, 18.98 ], [ 72.99, 18.98 ] ] ] } },
{ "type": "Feature", "properties": { "cell_id": "r10_c0", "mean_dem": 0.0 }, "geometry": { "type": "Polygon", "coordinates": [ [ [ 72.78, 18.99 ], [ 72.78, 19.0 ], [ 72.77, 19.0 ], [ 72.77, 18.99 ], [ 72.78, 18.99 ] ] ] } },
{ "type": "Feature", "properties": { "cell_id": "r10_c1", "mean_dem": 0.0 }, "geometry": { "type": "Polygon", "coordinates": [ [ [ 72.79, 18.99 ], [ 72.79, 19.0 ], [ 72.78, 19.0 ], [ 72.78, 18.99 ], [ 72.79, 18.99 ] ] ] } },
{ "type": "Feature", "properties": { "cell_id": "r10_c2", "mean_dem": 0.0 }, "geometry": { "type": "Polygon", "coordinates": [ [ [ 72.8, 18.99 ], [ 72.8, 19.0 ], [ 72.79, 19.0 ], [ 72.79, 18.99 ], [ 72.8, 18.99 ] ] ] } },
{ "type": "Feature", "properties": { "cell_id": "r10_c3", "mean_dem": 0.0 }, "geometry": { "type": "Polygon", "coordinates": [ [ [ 72.81, 18.99 ], [ 72.81, 19.0 ], [ 72.8, 19.0 ], [ 72.8, 18.99 ], [ 72.81, 18.99 ] ] ] } },
{ "type": "Feature", "properties": { "cell_id": "r10_c4", "mean_dem": 7.1180218515733538 }, "geometry": { "type": "Polygon", "coordinates": [ [ [ 72.82, 18.99 ], [ 72.82, 19.0 ], [ 72.81, 19.0 ], [ 72.81, 18.99 ], [ 72.82, 18.99 ] ] ] } },
{ "type": "Feature", "properties": { "cell_id": "r10_c5", "mean_dem": 7.4340906630813235 }, "geometry": { "type": "Polygon", "coordinates": [ [ [ 72.83, 18.99 ], [ 72.83, 19.0 ], [ 72.82, 19.0 ], [ 72.82, 18.99 ], [ 72.83, 18.99 ] ] ] } },
{ "type": "Feature", "properties": { "cell_id": "r10_c6", "mean_dem": 9.5592455258990903 }, "geometry": { "type": "Polygon", "coordinates": [ [ [ 72.84, 18.99 ], [ 72.84, 19.0 ], [ 72.83, 19.0 ], [ 72.83, 18.99 ], [ 72.84, 18.99 ] ] ] } },
{ "type": "Feature", "properties": { "cell_id": "r10_c7", "mean_dem": 17.006773076309614 }, "geometry": { "type": "Polygon", "coordinates": [ [ [ 72.85, 18.99 ], [ 72.85, 19.0 ], [ 72.84, 19.0 ], [ 72.84, 18.99 ], [ 72.85, 18.99 ] ] ] } },
{ "type": "Feature", "properties": { "cell_id": "r10_c8", "mean_dem": 6.2569154875019937 }, "geometry": { "type": "Polygon", "coordinates": [ [ [ 72.86, 18.99 ], [ 72.86, 19.0 ], [ 72.85, 19.0 ], [ 72.85, 18.99 ], [ 72.86, 18.99 ] ] ] } },
{ "type": "Feature", "properties": { "cell_id": "r10_c9", "mean_dem": 0.13145692346252885 }, "geometry": { "type": "Polygon", "coordinates": [ [ [ 72.87, 18.99 ], [ 72.87, 19.0 ], [ 72.86, 19.0 ], [ 72.86, 18.99 ], [ 72.87, 18.99 ] ] ] } },
{ "type": "Feature", "properties": { "cell_id": "r10_c10", "mean_dem": 0.0 }, "geometry": { "type": "Polygon", "coordinates": [ [ [ 72.88, 18.99 ], [ 72.88, 19.0 ], [ 72.87, 19.0 ], [ 72.87, 18.99 ], [ 72.88, 18.99 ] ] ] } },
{ "type": "Feature", "properties": { "cell_id": "r10_c11", "mean_dem": 0.013734174511172181 }, "geometry": { "type": "Polygon", "coordinates": [ [ [ 72.89, 18.99 ], [ 72.89, 19.0 ], [ 72.88, 19.0 ], [ 72.88, 18.99 ], [ 72.89, 18.99 ] ] ] } },
{ "type": "Feature", "properties": { "cell_id": "r10_c12", "mean_dem": 0.45812386960794121 }, "geometry": { "type": "Polygon", "coordinates": [ [ [ 72.9, 18.99 ], [ 72.9, 19.0 ], [ 72.89, 19.0 ], [ 72.89, 18.99 ], [ 72.9, 18.99 ] ] ] } },
{ "type": "Feature", "properties": { "cell_id": "r10_c13", "mean_dem": 1.4069838647659467 }, "geometry": { "type": "Polygon", "coordinates": [ [ [ 72.91, 18.99 ], [ 72.91, 19.0 ], [ 72.9, 19.0 ], [ 72.9, 18.99 ], [ 72.91, 18.99 ] ] ] } },
{ "type": "Feature", "properties": { "cell_id": "r10_c14", "mean_dem": 0.31353141893623954 }, "geometry": { "type": "Polygon", "coordinates": [ [ [ 72.92, 18.99 ], [ 72.92, 19.0 ], [ 72.91, 19.0 ], [ 72.91, 18.99 ], [ 72.92, 18.99 ] ] ] } },
{ "type": "Feature", "properties": { "cell_id": "r10_c15", "mean_dem": 0.0 }, "geometry": { "type": "Polygon", "coordinates": [ [ [ 72.93, 18.99 ], [ 72.93, 19.0 ], [ 72.92, 19.0 ], [ 72.92, 18.99 ], [ 72.93, 18.99 ] ] ] } },
{ "type": "Feature", "properties": { "cell_id": "r10_c16", "mean_dem": 0.0 }, "geometry": { "type": "Polygon", "coordinates": [ [ [ 72.94, 18.99 ], [ 72.94, 19.0 ], [ 72.93, 19.0 ], [ 72.93, 18.99 ], [ 72.94, 18.99 ] ] ] } },
{ "type": "Feature", "properties": { "cell_id": "r10_c17", "mean_dem": 0.0 }, "geometry": { "type": "Polygon", "coordinates": [ [ [ 72.95, 18.99 ], [ 72.95, 19.0 ], [ 72.94, 19.0 ], [ 72.94, 18.99 ], [ 72.95, 18.99 ] ] ] } },
{ "type": "Feature", "properties": { "cell_id": "r10_c18", "mean_dem": 0.0 }, "geometry": { "type": "Polygon", "coordinates": [ [ [ 72.96, 18.99 ], [ 72.96, 19.0 ], [ 72.95, 19.0 ], [ 72.95, 18.99 ], [ 72.96, 18.99 ] ] ] } },
{ "type": "Feature", "properties": { "cell_id": "r10_c19", "mean_dem": 0.0 }, "geometry": { "type": "Polygon", "coordinates": [ [ [ 72.97, 18.99 ], [ 72.97, 19.0 ], [ 72.96, 19.0 ], [ 72.96, 18.99 ], [ 72.97, 18.99 ] ] ] } },
{ "type": "Feature", "properties": { "cell_id": "r10_c20", "mean_dem": 0.0 }, "geometry": { "type": "Polygon", "coordinates": [ [ [ 72.980000000000103, 18.99 ], [ 72.980000000000103, 19.0 ], [ 72.97, 19.0 ], [ 72.97, 18.99 ], [ 72.980000000000103, 18.99 ] ] ] } },
{ "type": "Feature", "properties": { "cell_id": "r10_c21", "mean_dem": 0.0 }, "geometry": { "type": "Polygon", "coordinates": [ [ [ 72.99, 18.99 ], [ 72.99, 19.0 ], [ 72.980000000000103, 19.0 ], [ 72.980000000000103, 18.99 ], [ 72.99, 18.99 ] ] ] } },
{ "type": "Feature", "properties": { "cell_id": "r11_c0", "mean_dem": 0.0 }, "geometry": { "type": "Polygon", "coordinates": [ [ [ 72.78, 19.0 ], [ 72.78, 19.01 ], [ 72.77, 19.01 ], [ 72.77, 19.0 ], [ 72.78, 19.0 ] ] ] } },
{ "type": "Feature", "properties": { "cell_id": "r11_c1", "mean_dem": 0.0 }, "geometry": { "type": "Polygon", "coordinates": [ [ [ 72.79, 19.0 ], [ 72.79, 19.01 ], [ 72.78, 19.01 ], [ 72.78, 19.0 ], [ 72.79, 19.0 ] ] ] } },
{ "type": "Feature", "properties": { "cell_id": "r11_c2", "mean_dem": 0.0 }, "geometry": { "type": "Polygon", "coordinates": [ [ [ 72.8, 19.0 ], [ 72.8, 19.01 ], [ 72.79, 19.01 ], [ 72.79, 19.0 ], [ 72.8, 19.0 ] ] ] } },
{ "type": "Feature", "properties": { "cell_id": "r11_c3", "mean_dem": 0.0 }, "geometry": { "type": "Polygon", "coordinates": [ [ [ 72.81, 19.0 ], [ 72.81, 19.01 ], [ 72.8, 19.01 ], [ 72.8, 19.0 ], [ 72.81, 19.0 ] ] ] } },
{ "type": "Feature", "properties": { "cell_id": "r11_c4", "mean_dem": 9.8725493546586094 }, "geometry": { "type": "Polygon", "coordinates": [ [ [ 72.82, 19.0 ], [ 72.82, 19.01 ], [ 72.81, 19.01 ], [ 72.81, 19.0 ], [ 72.82, 19.0 ] ] ] } },
{ "type": "Feature", "properties": { "cell_id": "r11_c5", "mean_dem": 8.6533198897167605 }, "geometry": { "type": "Polygon", "coordinates": [ [ [ 72.83, 19.0 ], [ 72.83, 19.01 ], [ 72.82, 19.01 ], [ 72.82, 19.0 ], [ 72.83, 19.0 ] ] ] } },
{ "type": "Feature", "properties": { "cell_id": "r11_c6", "mean_dem": 7.7243911745944782 }, "geometry": { "type": "Polygon", "coordinates": [ [ [ 72.84, 19.0 ], [ 72.84, 19.01 ], [ 72.83, 19.01 ], [ 72.83, 19.0 ], [ 72.84, 19.0 ] ] ] } },
{ "type": "Feature", "properties": { "cell_id": "r11_c7", "mean_dem": 15.713539960869266 }, "geometry": { "type": "Polygon", "coordinates": [ [ [ 72.85, 19.0 ], [ 72.85, 19.01 ], [ 72.84, 19.01 ], [ 72.84, 19.0 ], [ 72.85, 19.0 ] ] ] } },
{ "type": "Feature", "properties": { "cell_id": "r11_c8", "mean_dem": 9.0431405942511116 }, "geometry": { "type": "Polygon", "coordinates": [ [ [ 72.86, 19.0 ], [ 72.86, 19.01 ], [ 72.85, 19.01 ], [ 72.85, 19.0 ], [ 72.86, 19.0 ] ] ] } },
{ "type": "Feature", "properties": { "cell_id": "r11_c9", "mean_dem": 2.6752066892413322 }, "geometry": { "type": "Polygon", "coordinates": [ [ [ 72.87, 19.0 ], [ 72.87, 19.01 ], [ 72.86, 19.01 ], [ 72.86, 19.0 ], [ 72.87, 19.0 ] ] ] } },
{ "type": "Feature", "properties": { "cell_id": "r11_c10", "mean_dem": 0.41600150355813553 }, "geometry": { "type": "Polygon", "coordinates": [ [ [ 72.88, 19.0 ], [ 72.88, 19.01 ], [ 72.87, 19.01 ], [ 72.87, 19.0 ], [ 72.88, 19.0 ] ] ] } },
{ "type": "Feature", "properties": { "cell_id": "r11_c11", "mean_dem": 0.85967100691477627 }, "geometry": { "type": "Polygon", "coordinates": [ [ [ 72.89, 19.0 ], [ 72.89, 19.01 ], [ 72.88, 19.01 ], [ 72.88, 19.0 ], [ 72.89, 19.0 ] ] ] } },
{ "type": "Feature", "properties": { "cell_id": "r11_c12", "mean_dem": 5.2974664798423321 }, "geometry": { "type": "Polygon", "coordinates": [ [ [ 72.9, 19.0 ], [ 72.9, 19.01 ], [ 72.89, 19.01 ], [ 72.89, 19.0 ], [ 72.9, 19.0 ] ] ] } },
{ "type": "Feature", "properties": { "cell_id": "r11_c13", "mean_dem": 17.654940748609455 }, "geometry": { "type": "Polygon", "coordinates": [ [ [ 72.91, 19.0 ], [ 72.91, 19.01 ], [ 72.9, 19.01 ], [ 72.9, 19.0 ], [ 72.91, 19.0 ] ] ] } },
{ "type": "Feature", "properties": { "cell_id": "r11_c14", "mean_dem": 45.038430101585917 }, "geometry": { "type": "Polygon", "coordinates": [ [ [ 72.92, 19.0 ], [ 72.92, 19.01 ], [ 72.91, 19.01 ], [ 72.91, 19.0 ], [ 72.92, 19.0 ] ] ] } },
{ "type": "Feature", "properties": { "cell_id": "r11_c15", "mean_dem": 1.6723473575389185 }, "geometry": { "type": "Polygon", "coordinates": [ [ [ 72.93, 19.0 ], [ 72.93, 19.01 ], [ 72.92, 19.01 ], [ 72.92, 19.0 ], [ 72.93, 19.0 ] ] ] } },
{ "type": "Feature", "properties": { "cell_id": "r11_c16", "mean_dem": 0.032856683118266339 }, "geometry": { "type": "Polygon", "coordinates": [ [ [ 72.94, 19.0 ], [ 72.94, 19.01 ], [ 72.93, 19.01 ], [ 72.93, 19.0 ], [ 72.94, 19.0 ] ] ] } },
{ "type": "Feature", "properties": { "cell_id": "r11_c17", "mean_dem": 0.0 }, "geometry": { "type": "Polygon", "coordinates": [ [ [ 72.95, 19.0 ], [ 72.95, 19.01 ], [ 72.94, 19.01 ], [ 72.94, 19.0 ], [ 72.95, 19.0 ] ] ] } },
{ "type": "Feature", "properties": { "cell_id": "r11_c18", "mean_dem": 0.0 }, "geometry": { "type": "Polygon", "coordinates": [ [ [ 72.96, 19.0 ], [ 72.96, 19.01 ], [ 72.95, 19.01 ], [ 72.95, 19.0 ], [ 72.96, 19.0 ] ] ] } },
{ "type": "Feature", "properties": { "cell_id": "r11_c19", "mean_dem": 0.0 }, "geometry": { "type": "Polygon", "coordinates": [ [ [ 72.97, 19.0 ], [ 72.97, 19.01 ], [ 72.96, 19.01 ], [ 72.96, 19.0 ], [ 72.97, 19.0 ] ] ] } },
{ "type": "Feature", "properties": { "cell_id": "r11_c20", "mean_dem": 0.0 }, "geometry": { "type": "Polygon", "coordinates": [ [ [ 72.980000000000103, 19.0 ], [ 72.980000000000103, 19.01 ], [ 72.97, 19.01 ], [ 72.97, 19.0 ], [ 72.980000000000103, 19.0 ] ] ] } },
{ "type": "Feature", "properties": { "cell_id": "r11_c21", "mean_dem": 0.0 }, "geometry": { "type": "Polygon", "coordinates": [ [ [ 72.99, 19.0 ], [ 72.99, 19.01 ], [ 72.980000000000103, 19.01 ], [ 72.980000000000103, 19.0 ], [ 72.99, 19.0 ] ] ] } },
{ "type": "Feature", "properties": { "cell_id": "r12_c0", "mean_dem": 0.0 }, "geometry": { "type": "Polygon", "coordinates": [ [ [ 72.78, 19.01 ], [ 72.78, 19.02 ], [ 72.77, 19.02 ], [ 72.77, 19.01 ], [ 72.78, 19.01 ] ] ] } },
{ "type": "Feature", "properties": { "cell_id": "r12_c1", "mean_dem": 0.0 }, "geometry": { "type": "Polygon", "coordinates": [ [ [ 72.79, 19.01 ], [ 72.79, 19.02 ], [ 72.78, 19.02 ], [ 72.78, 19.01 ], [ 72.79, 19.01 ] ] ] } },
{ "type": "Feature", "properties": { "cell_id": "r12_c2", "mean_dem": 0.0 }, "geometry": { "type": "Polygon", "coordinates": [ [ [ 72.8, 19.01 ], [ 72.8, 19.02 ], [ 72.79, 19.02 ], [ 72.79, 19.01 ], [ 72.8, 19.01 ] ] ] } },
{ "type": "Feature", "properties": { "cell_id": "r12_c3", "mean_dem": 0.0 }, "geometry": { "type": "Polygon", "coordinates": [ [ [ 72.81, 19.01 ], [ 72.81, 19.02 ], [ 72.8, 19.02 ], [ 72.8, 19.01 ], [ 72.81, 19.01 ] ] ] } },
{ "type": "Feature", "properties": { "cell_id": "r12_c4", "mean_dem": 4.2107002261734561 }, "geometry": { "type": "Polygon", "coordinates": [ [ [ 72.82, 19.01 ], [ 72.82, 19.02 ], [ 72.81, 19.02 ], [ 72.81, 19.01 ], [ 72.82, 19.01 ] ] ] } },
{ "type": "Feature", "properties": { "cell_id": "r12_c5", "mean_dem": 8.5716312460828625 }, "geometry": { "type": "Polygon", "coordinates": [ [ [ 72.83, 19.01 ], [ 72.83, 19.02 ], [ 72.82, 19.02 ], [ 72.82, 19.01 ], [ 72.83, 19.01 ] ] ] } },
{ "type": "Feature", "properties": { "cell_id": "r12_c6", "mean_dem": 9.0059243224768402 }, "geometry": { "type": "Polygon", "coordinates": [ [ [ 72.84, 19.01 ], [ 72.84, 19.02 ], [ 72.83, 19.02 ], [ 72.83, 19.01 ], [ 72.84, 19.01 ] ] ] } },
{ "type": "Feature", "properties": { "cell_id": "r12_c7", "mean_dem": 9.6206666704647255 }, "geometry": { "type": "Polygon", "coordinates": [ [ [ 72.85, 19.01 ], [ 72.85, 19.02 ], [ 72.84, 19.02 ], [ 72.84, 19.01 ], [ 72.85, 19.01 ] ] ] } },
{ "type": "Feature", "properties": { "cell_id": "r12_c8", "mean_dem": 9.7135003332782688 }, "geometry": { "type": "Polygon", "coordinates": [ [ [ 72.86, 19.01 ], [ 72.86, 19.02 ], [ 72.85, 19.02 ], [ 72.85, 19.01 ], [ 72.86, 19.01 ] ] ] } },
{ "type": "Feature", "properties": { "cell_id": "r12_c9", "mean_dem": 5.0792461644514617 }, "geometry": { "type": "Polygon", "coordinates": [ [ [ 72.87, 19.01 ], [ 72.87, 19.02 ], [ 72.86, 19.02 ], [ 72.86, 19.01 ], [ 72.87, 19.01 ] ] ] } },
{ "type": "Feature", "properties": { "cell_id": "r12_c10", "mean_dem": 1.1106224810948613 }, "geometry": { "type": "Polygon", "coordinates": [ [ [ 72.88, 19.01 ], [ 72.88, 19.02 ], [ 72.87, 19.02 ], [ 72.87, 19.01 ], [ 72.88, 19.01 ] ] ] } },
{ "type": "Feature", "properties": { "cell_id": "r12_c11", "mean_dem": 2.1557943251704121 }, "geometry": { "type": "Polygon", "coordinates": [ [ [ 72.89, 19.01 ], [ 72.89, 19.02 ], [ 72.88, 19.02 ], [ 72.88, 19.01 ], [ 72.89, 19.01 ] ] ] } },
{ "type": "Feature", "properties": { "cell_id": "r12_c12", "mean_dem": 8.789157347218989 }, "geometry": { "type": "Polygon", "coordinates": [ [ [ 72.9, 19.01 ], [ 72.9, 19.02 ], [ 72.89, 19.02 ], [ 72.89, 19.01 ], [ 72.9, 19.01 ] ] ] } },
{ "type": "Feature", "properties": { "cell_id": "r12_c13", "mean_dem": 24.651309324073765 }, "geometry": { "type": "Polygon", "coordinates": [ [ [ 72.91, 19.01 ], [ 72.91, 19.02 ], [ 72.9, 19.02 ], [ 72.9, 19.01 ], [ 72.91, 19.01 ] ] ] } },
{ "type": "Feature", "properties": { "cell_id": "r12_c14", "mean_dem": 118.1509669369934 }, "geometry": { "type": "Polygon", "coordinates": [ [ [ 72.92, 19.01 ], [ 72.92, 19.02 ], [ 72.91, 19.02 ], [ 72.91, 19.01 ], [ 72.92, 19.01 ] ] ] } },
{ "type": "Feature", "properties": { "cell_id": "r12_c15", "mean_dem": 13.106557890718905 }, "geometry": { "type": "Polygon", "coordinates": [ [ [ 72.93, 19.01 ], [ 72.93, 19.02 ], [ 72.92, 19.02 ], [ 72.92, 19.01 ], [ 72.93, 19.01 ] ] ] } },
{ "type": "Feature", "properties": { "cell_id": "r12_c16", "mean_dem": 1.912105691936947 }, "geometry": { "type": "Polygon", "coordinates": [ [ [ 72.94, 19.01 ], [ 72.94, 19.02 ], [ 72.93, 19.02 ], [ 72.93, 19.01 ], [ 72.94, 19.01 ] ] ] } },
{ "type": "Feature", "properties": { "cell_id": "r12_c17", "mean_dem": 0.25022930683818667 }, "geometry": { "type": "Polygon", "coordinates": [ [ [ 72.95, 19.01 ], [ 72.95, 19.02 ], [ 72.94, 19.02 ], [ 72.94, 19.01 ], [ 72.95, 19.01 ] ] ] } },
{ "type": "Feature", "properties": { "cell_id": "r12_c18", "mean_dem": 0.0 }, "geometry": { "type": "Polygon", "coordinates": [ [ [ 72.96, 19.01 ], [ 72.96, 19.02 ], [ 72.95, 19.02 ], [ 72.95, 19.01 ], [ 72.96, 19.01 ] ] ] } },
{ "type": "Feature", "properties": { "cell_id": "r12_c19", "mean_dem": 0.0 }, "geometry": { "type": "Polygon", "coordinates": [ [ [ 72.97, 19.01 ], [ 72.97, 19.02 ], [ 72.96, 19.02 ], [ 72.96, 19.01 ], [ 72.97, 19.01 ] ] ] } },
{ "type": "Feature", "properties": { "cell_id": "r12_c20", "mean_dem": 0.0 }, "geometry": { "type": "Polygon", "coordinates": [ [ [ 72.980000000000103, 19.01 ], [ 72.980000000000103, 19.02 ], [ 72.97, 19.02 ], [ 72.97, 19.01 ], [ 72.980000000000103, 19.01 ] ] ] } },
{ "type": "Feature", "properties": { "cell_id": "r12_c21", "mean_dem": 0.0 }, "geometry": { "type": "Polygon", "coordinates": [ [ [ 72.99, 19.01 ], [ 72.99, 19.02 ], [ 72.980000000000103, 19.02 ], [ 72.980000000000103, 19.01 ], [ 72.99, 19.01 ] ] ] } },
{ "type": "Feature", "properties": { "cell_id": "r13_c0", "mean_dem": 0.0 }, "geometry": { "type": "Polygon", "coordinates": [ [ [ 72.78, 19.02 ], [ 72.78, 19.03 ], [ 72.77, 19.03 ], [ 72.77, 19.02 ], [ 72.78, 19.02 ] ] ] } },
{ "type": "Feature", "properties": { "cell_id": "r13_c1", "mean_dem": 0.0 }, "geometry": { "type": "Polygon", "coordinates": [ [ [ 72.79, 19.02 ], [ 72.79, 19.03 ], [ 72.78, 19.03 ], [ 72.78, 19.02 ], [ 72.79, 19.02 ] ] ] } },
{ "type": "Feature", "properties": { "cell_id": "r13_c2", "mean_dem": 0.0 }, "geometry": { "type": "Polygon", "coordinates": [ [ [ 72.8, 19.02 ], [ 72.8, 19.03 ], [ 72.79, 19.03 ], [ 72.79, 19.02 ], [ 72.8, 19.02 ] ] ] } },
{ "type": "Feature", "properties": { "cell_id": "r13_c3", "mean_dem": 0.0 }, "geometry": { "type": "Polygon", "coordinates": [ [ [ 72.81, 19.02 ], [ 72.81, 19.03 ], [ 72.8, 19.03 ], [ 72.8, 19.02 ], [ 72.81, 19.02 ] ] ] } },
{ "type": "Feature", "properties": { "cell_id": "r13_c4", "mean_dem": 0.85053902789842994 }, "geometry": { "type": "Polygon", "coordinates": [ [ [ 72.82, 19.02 ], [ 72.82, 19.03 ], [ 72.81, 19.03 ], [ 72.81, 19.02 ], [ 72.82, 19.02 ] ] ] } },
{ "type": "Feature", "properties": { "cell_id": "r13_c5", "mean_dem": 0.19198197453989196 }, "geometry": { "type": "Polygon", "coordinates": [ [ [ 72.83, 19.02 ], [ 72.83, 19.03 ], [ 72.82, 19.03 ], [ 72.82, 19.02 ], [ 72.83, 19.02 ] ] ] } },
{ "type": "Feature", "properties": { "cell_id": "r13_c6", "mean_dem": 7.3041827693937575 }, "geometry": { "type": "Polygon", "coordinates": [ [ [ 72.84, 19.02 ], [ 72.84, 19.03 ], [ 72.83, 19.03 ], [ 72.83, 19.02 ], [ 72.84, 19.02 ] ] ] } },
{ "type": "Feature", "properties": { "cell_id": "r13_c7", "mean_dem": 8.5413862344949312 }, "geometry": { "type": "Polygon", "coordinates": [ [ [ 72.85, 19.02 ], [ 72.85, 19.03 ], [ 72.84, 19.03 ], [ 72.84, 19.02 ], [ 72.85, 19.02 ] ] ] } },
{ "type": "Feature", "properties": { "cell_id": "r13_c8", "mean_dem": 11.953363049886761 }, "geometry": { "type": "Polygon", "coordinates": [ [ [ 72.86, 19.02 ], [ 72.86, 19.03 ], [ 72.85, 19.03 ], [ 72.85, 19.02 ], [ 72.86, 19.02 ] ] ] } },
{ "type": "Feature", "properties": { "cell_id": "r13_c9", "mean_dem": 7.9545594367352415 }, "geometry": { "type": "Polygon", "coordinates": [ [ [ 72.87, 19.02 ], [ 72.87, 19.03 ], [ 72.86, 19.03 ], [ 72.86, 19.02 ], [ 72.87, 19.02 ] ] ] } },
{ "type": "Feature", "properties": { "cell_id": "r13_c10", "mean_dem": 3.1815357187610358 }, "geometry": { "type": "Polygon", "coordinates": [ [ [ 72.88, 19.02 ], [ 72.88, 19.03 ], [ 72.87, 19.03 ], [ 72.87, 19.02 ], [ 72.88, 19.02 ] ] ] } },
{ "type": "Feature", "properties": { "cell_id": "r13_c11", "mean_dem": 1.9941867585696156 }, "geometry": { "type": "Polygon", "coordinates": [ [ [ 72.89, 19.02 ], [ 72.89, 19.03 ], [ 72.88, 19.03 ], [ 72.88, 19.02 ], [ 72.89, 19.02 ] ] ] } },
{ "type": "Feature", "properties": { "cell_id": "r13_c12", "mean_dem": 10.887181853396211 }, "geometry": { "type": "Polygon", "coordinates": [ [ [ 72.9, 19.02 ], [ 72.9, 19.03 ], [ 72.89, 19.03 ], [ 72.89, 19.02 ], [ 72.9, 19.02 ] ] ] } },
{ "type": "Feature", "properties": { "cell_id": "r13_c13", "mean_dem": 44.324806676255648 }, "geometry": { "type": "Polygon", "coordinates": [ [ [ 72.91, 19.02 ], [ 72.91, 19.03 ], [ 72.9, 19.03 ], [ 72.9, 19.02 ], [ 72.91, 19.02 ] ] ] } },
{ "type": "Feature", "properties": { "cell_id": "r13_c14", "mean_dem": 175.75265099189667 }, "geometry": { "type": "Polygon", "coordinates": [ [ [ 72.92, 19.02 ], [ 72.92, 19.03 ], [ 72.91, 19.03 ], [ 72.91, 19.02 ], [ 72.92, 19.02 ] ] ] } },
{ "type": "Feature", "properties": { "cell_id": "r13_c15", "mean_dem": 54.599516941235315 }, "geometry": { "type": "Polygon", "coordinates": [ [ [ 72.93, 19.02 ], [ 72.93, 19.03 ], [ 72.92, 19.03 ], [ 72.92, 19.02 ], [ 72.93, 19.02 ] ] ] } },
{ "type": "Feature", "properties": { "cell_id": "r13_c16", "mean_dem": 12.016511200672156 }, "geometry": { "type": "Polygon", "coordinates": [ [ [ 72.94, 19.02 ], [ 72.94, 19.03 ], [ 72.93, 19.03 ], [ 72.93, 19.02 ], [ 72.94, 19.02 ] ] ] } },
{ "type": "Feature", "properties": { "cell_id": "r13_c17", "mean_dem": 2.476487912137991 }, "geometry": { "type": "Polygon", "coordinates": [ [ [ 72.95, 19.02 ], [ 72.95, 19.03 ], [ 72.94, 19.03 ], [ 72.94, 19.02 ], [ 72.95, 19.02 ] ] ] } },
{ "type": "Feature", "properties": { "cell_id": "r13_c18", "mean_dem": 0.60671200574142914 }, "geometry": { "type": "Polygon", "coordinates": [ [ [ 72.96, 19.02 ], [ 72.96, 19.03 ], [ 72.95, 19.03 ], [ 72.95, 19.02 ], [ 72.96, 19.02 ] ] ] } },
{ "type": "Feature", "properties": { "cell_id": "r13_c19", "mean_dem": 0.0 }, "geometry": { "type": "Polygon", "coordinates": [ [ [ 72.97, 19.02 ], [ 72.97, 19.03 ], [ 72.96, 19.03 ], [ 72.96, 19.02 ], [ 72.97, 19.02 ] ] ] } },
{ "type": "Feature", "properties": { "cell_id": "r13_c20", "mean_dem": 0.0 }, "geometry": { "type": "Polygon", "coordinates": [ [ [ 72.980000000000103, 19.02 ], [ 72.980000000000103, 19.03 ], [ 72.97, 19.03 ], [ 72.97, 19.02 ], [ 72.980000000000103, 19.02 ] ] ] } },
{ "type": "Feature", "properties": { "cell_id": "r13_c21", "mean_dem": 0.0 }, "geometry": { "type": "Polygon", "coordinates": [ [ [ 72.99, 19.02 ], [ 72.99, 19.03 ], [ 72.980000000000103, 19.03 ], [ 72.980000000000103, 19.02 ], [ 72.99, 19.02 ] ] ] } },
{ "type": "Feature", "properties": { "cell_id": "r14_c0", "mean_dem": 0.0 }, "geometry": { "type": "Polygon", "coordinates": [ [ [ 72.78, 19.03 ], [ 72.78, 19.04 ], [ 72.77, 19.04 ], [ 72.77, 19.03 ], [ 72.78, 19.03 ] ] ] } },
{ "type": "Feature", "properties": { "cell_id": "r14_c1", "mean_dem": 0.0 }, "geometry": { "type": "Polygon", "coordinates": [ [ [ 72.79, 19.03 ], [ 72.79, 19.04 ], [ 72.78, 19.04 ], [ 72.78, 19.03 ], [ 72.79, 19.03 ] ] ] } },
{ "type": "Feature", "properties": { "cell_id": "r14_c2", "mean_dem": 0.0 }, "geometry": { "type": "Polygon", "coordinates": [ [ [ 72.8, 19.03 ], [ 72.8, 19.04 ], [ 72.79, 19.04 ], [ 72.79, 19.03 ], [ 72.8, 19.03 ] ] ] } },
{ "type": "Feature", "properties": { "cell_id": "r14_c3", "mean_dem": 0.0 }, "geometry": { "type": "Polygon", "coordinates": [ [ [ 72.81, 19.03 ], [ 72.81, 19.04 ], [ 72.8, 19.04 ], [ 72.8, 19.03 ], [ 72.81, 19.03 ] ] ] } },
{ "type": "Feature", "properties": { "cell_id": "r14_c4", "mean_dem": 0.0 }, "geometry": { "type": "Polygon", "coordinates": [ [ [ 72.82, 19.03 ], [ 72.82, 19.04 ], [ 72.81, 19.04 ], [ 72.81, 19.03 ], [ 72.82, 19.03 ] ] ] } },
{ "type": "Feature", "properties": { "cell_id": "r14_c5", "mean_dem": 0.10699910841197662 }, "geometry": { "type": "Polygon", "coordinates": [ [ [ 72.83, 19.03 ], [ 72.83, 19.04 ], [ 72.82, 19.04 ], [ 72.82, 19.03 ], [ 72.83, 19.03 ] ] ] } },
{ "type": "Feature", "properties": { "cell_id": "r14_c6", "mean_dem": 2.1264456855133878 }, "geometry": { "type": "Polygon", "coordinates": [ [ [ 72.84, 19.03 ], [ 72.84, 19.04 ], [ 72.83, 19.04 ], [ 72.83, 19.03 ], [ 72.84, 19.03 ] ] ] } },
{ "type": "Feature", "properties": { "cell_id": "r14_c7", "mean_dem": 9.458119716544779 }, "geometry": { "type": "Polygon", "coordinates": [ [ [ 72.85, 19.03 ], [ 72.85, 19.04 ], [ 72.84, 19.04 ], [ 72.84, 19.03 ], [ 72.85, 19.03 ] ] ] } },
{ "type": "Feature", "properties": { "cell_id": "r14_c8", "mean_dem": 8.1230664065281584 }, "geometry": { "type": "Polygon", "coordinates": [ [ [ 72.86, 19.03 ], [ 72.86, 19.04 ], [ 72.85, 19.04 ], [ 72.85, 19.03 ], [ 72.86, 19.03 ] ] ] } },
{ "type": "Feature", "properties": { "cell_id": "r14_c9", "mean_dem": 9.7289801080046789 }, "geometry": { "type": "Polygon", "coordinates": [ [ [ 72.87, 19.03 ], [ 72.87, 19.04 ], [ 72.86, 19.04 ], [ 72.86, 19.03 ], [ 72.87, 19.03 ] ] ] } },
{ "type": "Feature", "properties": { "cell_id": "r14_c10", "mean_dem": 3.0680315893498515 }, "geometry": { "type": "Polygon", "coordinates": [ [ [ 72.88, 19.03 ], [ 72.88, 19.04 ], [ 72.87, 19.04 ], [ 72.87, 19.03 ], [ 72.88, 19.03 ] ] ] } },
{ "type": "Feature", "properties": { "cell_id": "r14_c11", "mean_dem": 3.4309248752477979 }, "geometry": { "type": "Polygon", "coordinates": [ [ [ 72.89, 19.03 ], [ 72.89, 19.04 ], [ 72.88, 19.04 ], [ 72.88, 19.03 ], [ 72.89, 19.03 ] ] ] } },
{ "type": "Feature", "properties": { "cell_id": "r14_c12", "mean_dem": 13.961073213802567 }, "geometry": { "type": "Polygon", "coordinates": [ [ [ 72.9, 19.03 ], [ 72.9, 19.04 ], [ 72.89, 19.04 ], [ 72.89, 19.03 ], [ 72.9, 19.03 ] ] ] } },
{ "type": "Feature", "properties": { "cell_id": "r14_c13", "mean_dem": 50.165154730201301 }, "geometry": { "type": "Polygon", "coordinates": [ [ [ 72.91, 19.03 ], [ 72.91, 19.04 ], [ 72.9, 19.04 ], [ 72.9, 19.03 ], [ 72.91, 19.03 ] ] ] } },
{ "type": "Feature", "properties": { "cell_id": "r14_c14", "mean_dem": 119.22531287917225 }, "geometry": { "type": "Polygon", "coordinates": [ [ [ 72.92, 19.03 ], [ 72.92, 19.04 ], [ 72.91, 19.04 ], [ 72.91, 19.03 ], [ 72.92, 19.03 ] ] ] } },
{ "type": "Feature", "properties": { "cell_id": "r14_c15", "mean_dem": 32.268793346530174 }, "geometry": { "type": "Polygon", "coordinates": [ [ [ 72.93, 19.03 ], [ 72.93, 19.04 ], [ 72.92, 19.04 ], [ 72.92, 19.03 ], [ 72.93, 19.03 ] ] ] } },
{ "type": "Feature", "properties": { "cell_id": "r14_c16", "mean_dem": 55.876719976074959 }, "geometry": { "type": "Polygon", "coordinates": [ [ [ 72.94, 19.03 ], [ 72.94, 19.04 ], [ 72.93, 19.04 ], [ 72.93, 19.03 ], [ 72.94, 19.03 ] ] ] } },
{ "type": "Feature", "properties": { "cell_id": "r14_c17", "mean_dem": 24.497409533032435 }, "geometry": { "type": "Polygon", "coordinates": [ [ [ 72.95, 19.03 ], [ 72.95, 19.04 ], [ 72.94, 19.04 ], [ 72.94, 19.03 ], [ 72.95, 19.03 ] ] ] } },
{ "type": "Feature", "properties": { "cell_id": "r14_c18", "mean_dem": 2.6799237893441821 }, "geometry": { "type": "Polygon", "coordinates": [ [ [ 72.96, 19.03 ], [ 72.96, 19.04 ], [ 72.95, 19.04 ], [ 72.95, 19.03 ], [ 72.96, 19.03 ] ] ] } },
{ "type": "Feature", "properties": { "cell_id": "r14_c19", "mean_dem": 0.028376935017587906 }, "geometry": { "type": "Polygon", "coordinates": [ [ [ 72.97, 19.03 ], [ 72.97, 19.04 ], [ 72.96, 19.04 ], [ 72.96, 19.03 ], [ 72.97, 19.03 ] ] ] } },
{ "type": "Feature", "properties": { "cell_id": "r14_c20", "mean_dem": 0.0 }, "geometry": { "type": "Polygon", "coordinates": [ [ [ 72.980000000000103, 19.03 ], [ 72.980000000000103, 19.04 ], [ 72.97, 19.04 ], [ 72.97, 19.03 ], [ 72.980000000000103, 19.03 ] ] ] } },
{ "type": "Feature", "properties": { "cell_id": "r14_c21", "mean_dem": 0.0 }, "geometry": { "type": "Polygon", "coordinates": [ [ [ 72.99, 19.03 ], [ 72.99, 19.04 ], [ 72.980000000000103, 19.04 ], [ 72.980000000000103, 19.03 ], [ 72.99, 19.03 ] ] ] } },
{ "type": "Feature", "properties": { "cell_id": "r15_c0", "mean_dem": 0.0 }, "geometry": { "type": "Polygon", "coordinates": [ [ [ 72.78, 19.04 ], [ 72.78, 19.05 ], [ 72.77, 19.05 ], [ 72.77, 19.04 ], [ 72.78, 19.04 ] ] ] } },
{ "type": "Feature", "properties": { "cell_id": "r15_c1", "mean_dem": 0.0 }, "geometry": { "type": "Polygon", "coordinates": [ [ [ 72.79, 19.04 ], [ 72.79, 19.05 ], [ 72.78, 19.05 ], [ 72.78, 19.04 ], [ 72.79, 19.04 ] ] ] } },
{ "type": "Feature", "properties": { "cell_id": "r15_c2", "mean_dem": 0.0 }, "geometry": { "type": "Polygon", "coordinates": [ [ [ 72.8, 19.04 ], [ 72.8, 19.05 ], [ 72.79, 19.05 ], [ 72.79, 19.04 ], [ 72.8, 19.04 ] ] ] } },
{ "type": "Feature", "properties": { "cell_id": "r15_c3", "mean_dem": 0.0 }, "geometry": { "type": "Polygon", "coordinates": [ [ [ 72.81, 19.04 ], [ 72.81, 19.05 ], [ 72.8, 19.05 ], [ 72.8, 19.04 ], [ 72.81, 19.04 ] ] ] } },
{ "type": "Feature", "properties": { "cell_id": "r15_c4", "mean_dem": 1.2426808151920059 }, "geometry": { "type": "Polygon", "coordinates": [ [ [ 72.82, 19.04 ], [ 72.82, 19.05 ], [ 72.81, 19.05 ], [ 72.81, 19.04 ], [ 72.82, 19.04 ] ] ] } },
{ "type": "Feature", "properties": { "cell_id": "r15_c5", "mean_dem": 9.6742875859810038 }, "geometry": { "type": "Polygon", "coordinates": [ [ [ 72.83, 19.04 ], [ 72.83, 19.05 ], [ 72.82, 19.05 ], [ 72.82, 19.04 ], [ 72.83, 19.04 ] ] ] } },
{ "type": "Feature", "properties": { "cell_id": "r15_c6", "mean_dem": 1.7944852449119644 }, "geometry": { "type": "Polygon", "coordinates": [ [ [ 72.84, 19.04 ], [ 72.84, 19.05 ], [ 72.83, 19.05 ], [ 72.83, 19.04 ], [ 72.84, 19.04 ] ] ] } },
{ "type": "Feature", "properties": { "cell_id": "r15_c7", "mean_dem": 5.3613655263547617 }, "geometry": { "type": "Polygon", "coordinates": [ [ [ 72.85, 19.04 ], [ 72.85, 19.05 ], [ 72.84, 19.05 ], [ 72.84, 19.04 ], [ 72.85, 19.04 ] ] ] } },
{ "type": "Feature", "properties": { "cell_id": "r15_c8", "mean_dem": 5.598360725769008 }, "geometry": { "type": "Polygon", "coordinates": [ [ [ 72.86, 19.04 ], [ 72.86, 19.05 ], [ 72.85, 19.05 ], [ 72.85, 19.04 ], [ 72.86, 19.04 ] ] ] } },
{ "type": "Feature", "properties": { "cell_id": "r15_c9", "mean_dem": 9.461480188305794 }, "geometry": { "type": "Polygon", "coordinates": [ [ [ 72.87, 19.04 ], [ 72.87, 19.05 ], [ 72.86, 19.05 ], [ 72.86, 19.04 ], [ 72.87, 19.04 ] ] ] } },
{ "type": "Feature", "properties": { "cell_id": "r15_c10", "mean_dem": 4.6356615636960044 }, "geometry": { "type": "Polygon", "coordinates": [ [ [ 72.88, 19.04 ], [ 72.88, 19.05 ], [ 72.87, 19.05 ], [ 72.87, 19.04 ], [ 72.88, 19.04 ] ] ] } },
{ "type": "Feature", "properties": { "cell_id": "r15_c11", "mean_dem": 4.2483830820975594 }, "geometry": { "type": "Polygon", "coordinates": [ [ [ 72.89, 19.04 ], [ 72.89, 19.05 ], [ 72.88, 19.05 ], [ 72.88, 19.04 ], [ 72.89, 19.04 ] ] ] } },
{ "type": "Feature", "properties": { "cell_id": "r15_c12", "mean_dem": 11.261247226818472 }, "geometry": { "type": "Polygon", "coordinates": [ [ [ 72.9, 19.04 ], [ 72.9, 19.05 ], [ 72.89, 19.05 ], [ 72.89, 19.04 ], [ 72.9, 19.04 ] ] ] } },
{ "type": "Feature", "properties": { "cell_id": "r15_c13", "mean_dem": 24.756290387348287 }, "geometry": { "type": "Polygon", "coordinates": [ [ [ 72.91, 19.04 ], [ 72.91, 19.05 ], [ 72.9, 19.05 ], [ 72.9, 19.04 ], [ 72.91, 19.04 ] ] ] } },
{ "type": "Feature", "properties": { "cell_id": "r15_c14", "mean_dem": 22.438360611851426 }, "geometry": { "type": "Polygon", "coordinates": [ [ [ 72.92, 19.04 ], [ 72.92, 19.05 ], [ 72.91, 19.05 ], [ 72.91, 19.04 ], [ 72.92, 19.04 ] ] ] } },
{ "type": "Feature", "properties": { "cell_id": "r15_c15", "mean_dem": 11.539752969689356 }, "geometry": { "type": "Polygon", "coordinates": [ [ [ 72.93, 19.04 ], [ 72.93, 19.05 ], [ 72.92, 19.05 ], [ 72.92, 19.04 ], [ 72.93, 19.04 ] ] ] } },
{ "type": "Feature", "properties": { "cell_id": "r15_c16", "mean_dem": 9.498393766446803 }, "geometry": { "type": "Polygon", "coordinates": [ [ [ 72.94, 19.04 ], [ 72.94, 19.05 ], [ 72.93, 19.05 ], [ 72.93, 19.04 ], [ 72.94, 19.04 ] ] ] } },
{ "type": "Feature", "properties": { "cell_id": "r15_c17", "mean_dem": 4.7738628208195175 }, "geometry": { "type": "Polygon", "coordinates": [ [ [ 72.95, 19.04 ], [ 72.95, 19.05 ], [ 72.94, 19.05 ], [ 72.94, 19.04 ], [ 72.95, 19.04 ] ] ] } },
{ "type": "Feature", "properties": { "cell_id": "r15_c18", "mean_dem": 1.901058189004627 }, "geometry": { "type": "Polygon", "coordinates": [ [ [ 72.96, 19.04 ], [ 72.96, 19.05 ], [ 72.95, 19.05 ], [ 72.95, 19.04 ], [ 72.96, 19.04 ] ] ] } },
{ "type": "Feature", "properties": { "cell_id": "r15_c19", "mean_dem": 0.44897930123144547 }, "geometry": { "type": "Polygon", "coordinates": [ [ [ 72.97, 19.04 ], [ 72.97, 19.05 ], [ 72.96, 19.05 ], [ 72.96, 19.04 ], [ 72.97, 19.04 ] ] ] } },
{ "type": "Feature", "properties": { "cell_id": "r15_c20", "mean_dem": 0.0 }, "geometry": { "type": "Polygon", "coordinates": [ [ [ 72.980000000000103, 19.04 ], [ 72.980000000000103, 19.05 ], [ 72.97, 19.05 ], [ 72.97, 19.04 ], [ 72.980000000000103, 19.04 ] ] ] } },
{ "type": "Feature", "properties": { "cell_id": "r15_c21", "mean_dem": 0.0 }, "geometry": { "type": "Polygon", "coordinates": [ [ [ 72.99, 19.04 ], [ 72.99, 19.05 ], [ 72.980000000000103, 19.05 ], [ 72.980000000000103, 19.04 ], [ 72.99, 19.04 ] ] ] } },
{ "type": "Feature", "properties": { "cell_id": "r16_c0", "mean_dem": 0.0 }, "geometry": { "type": "Polygon", "coordinates": [ [ [ 72.78, 19.05 ], [ 72.78, 19.06 ], [ 72.77, 19.06 ], [ 72.77, 19.05 ], [ 72.78, 19.05 ] ] ] } },
{ "type": "Feature", "properties": { "cell_id": "r16_c1", "mean_dem": 0.0 }, "geometry": { "type": "Polygon", "coordinates": [ [ [ 72.79, 19.05 ], [ 72.79, 19.06 ], [ 72.78, 19.06 ], [ 72.78, 19.05 ], [ 72.79, 19.05 ] ] ] } },
{ "type": "Feature", "properties": { "cell_id": "r16_c2", "mean_dem": 0.0 }, "geometry": { "type": "Polygon", "coordinates": [ [ [ 72.8, 19.05 ], [ 72.8, 19.06 ], [ 72.79, 19.06 ], [ 72.79, 19.05 ], [ 72.8, 19.05 ] ] ] } },
{ "type": "Feature", "properties": { "cell_id": "r16_c3", "mean_dem": 0.0 }, "geometry": { "type": "Polygon", "coordinates": [ [ [ 72.81, 19.05 ], [ 72.81, 19.06 ], [ 72.8, 19.06 ], [ 72.8, 19.05 ], [ 72.81, 19.05 ] ] ] } },
{ "type": "Feature", "properties": { "cell_id": "r16_c4", "mean_dem": 0.0 }, "geometry": { "type": "Polygon", "coordinates": [ [ [ 72.82, 19.05 ], [ 72.82, 19.06 ], [ 72.81, 19.06 ], [ 72.81, 19.05 ], [ 72.82, 19.05 ] ] ] } },
{ "type": "Feature", "properties": { "cell_id": "r16_c5", "mean_dem": 10.091830979496303 }, "geometry": { "type": "Polygon", "coordinates": [ [ [ 72.83, 19.05 ], [ 72.83, 19.06 ], [ 72.82, 19.06 ], [ 72.82, 19.05 ], [ 72.83, 19.05 ] ] ] } },
{ "type": "Feature", "properties": { "cell_id": "r16_c6", "mean_dem": 9.6886461178306966 }, "geometry": { "type": "Polygon", "coordinates": [ [ [ 72.84, 19.05 ], [ 72.84, 19.06 ], [ 72.83, 19.06 ], [ 72.83, 19.05 ], [ 72.84, 19.05 ] ] ] } },
{ "type": "Feature", "properties": { "cell_id": "r16_c7", "mean_dem": 5.6284349579602333 }, "geometry": { "type": "Polygon", "coordinates": [ [ [ 72.85, 19.05 ], [ 72.85, 19.06 ], [ 72.84, 19.06 ], [ 72.84, 19.05 ], [ 72.85, 19.05 ] ] ] } },
{ "type": "Feature", "properties": { "cell_id": "r16_c8", "mean_dem": 4.3015015836124668 }, "geometry": { "type": "Polygon", "coordinates": [ [ [ 72.86, 19.05 ], [ 72.86, 19.06 ], [ 72.85, 19.06 ], [ 72.85, 19.05 ], [ 72.86, 19.05 ] ] ] } },
{ "type": "Feature", "properties": { "cell_id": "r16_c9", "mean_dem": 3.2465230208348239 }, "geometry": { "type": "Polygon", "coordinates": [ [ [ 72.87, 19.05 ], [ 72.87, 19.06 ], [ 72.86, 19.06 ], [ 72.86, 19.05 ], [ 72.87, 19.05 ] ] ] } },
{ "type": "Feature", "properties": { "cell_id": "r16_c10", "mean_dem": 7.5125537550195336 }, "geometry": { "type": "Polygon", "coordinates": [ [ [ 72.88, 19.05 ], [ 72.88, 19.06 ], [ 72.87, 19.06 ], [ 72.87, 19.05 ], [ 72.88, 19.05 ] ] ] } },
{ "type": "Feature", "properties": { "cell_id": "r16_c11", "mean_dem": 7.2100286247312084 }, "geometry": { "type": "Polygon", "coordinates": [ [ [ 72.89, 19.05 ], [ 72.89, 19.06 ], [ 72.88, 19.06 ], [ 72.88, 19.05 ], [ 72.89, 19.05 ] ] ] } },
{ "type": "Feature", "properties": { "cell_id": "r16_c12", "mean_dem": 12.2348075739969 }, "geometry": { "type": "Polygon", "coordinates": [ [ [ 72.9, 19.05 ], [ 72.9, 19.06 ], [ 72.89, 19.06 ], [ 72.89, 19.05 ], [ 72.9, 19.05 ] ] ] } },
{ "type": "Feature", "properties": { "cell_id": "r16_c13", "mean_dem": 11.127546312119796 }, "geometry": { "type": "Polygon", "coordinates": [ [ [ 72.91, 19.05 ], [ 72.91, 19.06 ], [ 72.9, 19.06 ], [ 72.9, 19.05 ], [ 72.91, 19.05 ] ] ] } },
{ "type": "Feature", "properties": { "cell_id": "r16_c14", "mean_dem": 8.7790420798988578 }, "geometry": { "type": "Polygon", "coordinates": [ [ [ 72.92, 19.05 ], [ 72.92, 19.06 ], [ 72.91, 19.06 ], [ 72.91, 19.05 ], [ 72.92, 19.05 ] ] ] } },
{ "type": "Feature", "properties": { "cell_id": "r16_c15", "mean_dem": 5.4761546699478352 }, "geometry": { "type": "Polygon", "coordinates": [ [ [ 72.93, 19.05 ], [ 72.93, 19.06 ], [ 72.92, 19.06 ], [ 72.92, 19.05 ], [ 72.93, 19.05 ] ] ] } },
{ "type": "Feature", "properties": { "cell_id": "r16_c16", "mean_dem": 3.3190048277531772 }, "geometry": { "type": "Polygon", "coordinates": [ [ [ 72.94, 19.05 ], [ 72.94, 19.06 ], [ 72.93, 19.06 ], [ 72.93, 19.05 ], [ 72.94, 19.05 ] ] ] } },
{ "type": "Feature", "properties": { "cell_id": "r16_c17", "mean_dem": 1.8540313760339104 }, "geometry": { "type": "Polygon", "coordinates": [ [ [ 72.95, 19.05 ], [ 72.95, 19.06 ], [ 72.94, 19.06 ], [ 72.94, 19.05 ], [ 72.95, 19.05 ] ] ] } },
{ "type": "Feature", "properties": { "cell_id": "r16_c18", "mean_dem": 1.8502528963466776 }, "geometry": { "type": "Polygon", "coordinates": [ [ [ 72.96, 19.05 ], [ 72.96, 19.06 ], [ 72.95, 19.06 ], [ 72.95, 19.05 ], [ 72.96, 19.05 ] ] ] } },
{ "type": "Feature", "properties": { "cell_id": "r16_c19", "mean_dem": 1.0441333542203703 }, "geometry": { "type": "Polygon", "coordinates": [ [ [ 72.97, 19.05 ], [ 72.97, 19.06 ], [ 72.96, 19.06 ], [ 72.96, 19.05 ], [ 72.97, 19.05 ] ] ] } },
{ "type": "Feature", "properties": { "cell_id": "r16_c20", "mean_dem": 0.0030248223415315027 }, "geometry": { "type": "Polygon", "coordinates": [ [ [ 72.980000000000103, 19.05 ], [ 72.980000000000103, 19.06 ], [ 72.97, 19.06 ], [ 72.97, 19.05 ], [ 72.980000000000103, 19.05 ] ] ] } },
{ "type": "Feature", "properties": { "cell_id": "r16_c21", "mean_dem": 0.0 }, "geometry": { "type": "Polygon", "coordinates": [ [ [ 72.99, 19.05 ], [ 72.99, 19.06 ], [ 72.980000000000103, 19.06 ], [ 72.980000000000103, 19.05 ], [ 72.99, 19.05 ] ] ] } },
{ "type": "Feature", "properties": { "cell_id": "r17_c0", "mean_dem": 0.0 }, "geometry": { "type": "Polygon", "coordinates": [ [ [ 72.78, 19.06 ], [ 72.78, 19.07 ], [ 72.77, 19.07 ], [ 72.77, 19.06 ], [ 72.78, 19.06 ] ] ] } },
{ "type": "Feature", "properties": { "cell_id": "r17_c1", "mean_dem": 0.0 }, "geometry": { "type": "Polygon", "coordinates": [ [ [ 72.79, 19.06 ], [ 72.79, 19.07 ], [ 72.78, 19.07 ], [ 72.78, 19.06 ], [ 72.79, 19.06 ] ] ] } },
{ "type": "Feature", "properties": { "cell_id": "r17_c2", "mean_dem": 0.0 }, "geometry": { "type": "Polygon", "coordinates": [ [ [ 72.8, 19.06 ], [ 72.8, 19.07 ], [ 72.79, 19.07 ], [ 72.79, 19.06 ], [ 72.8, 19.06 ] ] ] } },
{ "type": "Feature", "properties": { "cell_id": "r17_c3", "mean_dem": 0.0 }, "geometry": { "type": "Polygon", "coordinates": [ [ [ 72.81, 19.06 ], [ 72.81, 19.07 ], [ 72.8, 19.07 ], [ 72.8, 19.06 ], [ 72.81, 19.06 ] ] ] } },
{ "type": "Feature", "properties": { "cell_id": "r17_c4", "mean_dem": 0.0 }, "geometry": { "type": "Polygon", "coordinates": [ [ [ 72.82, 19.06 ], [ 72.82, 19.07 ], [ 72.81, 19.07 ], [ 72.81, 19.06 ], [ 72.82, 19.06 ] ] ] } },
{ "type": "Feature", "properties": { "cell_id": "r17_c5", "mean_dem": 17.237237151695748 }, "geometry": { "type": "Polygon", "coordinates": [ [ [ 72.83, 19.06 ], [ 72.83, 19.07 ], [ 72.82, 19.07 ], [ 72.82, 19.06 ], [ 72.83, 19.06 ] ] ] } },
{ "type": "Feature", "properties": { "cell_id": "r17_c6", "mean_dem": 12.78976852010071 }, "geometry": { "type": "Polygon", "coordinates": [ [ [ 72.84, 19.06 ], [ 72.84, 19.07 ], [ 72.83, 19.07 ], [ 72.83, 19.06 ], [ 72.84, 19.06 ] ] ] } },
{ "type": "Feature", "properties": { "cell_id": "r17_c7", "mean_dem": 5.8939777154966251 }, "geometry": { "type": "Polygon", "coordinates": [ [ [ 72.85, 19.06 ], [ 72.85, 19.07 ], [ 72.84, 19.07 ], [ 72.84, 19.06 ], [ 72.85, 19.06 ] ] ] } },
{ "type": "Feature", "properties": { "cell_id": "r17_c8", "mean_dem": 4.1454701847927682 }, "geometry": { "type": "Polygon", "coordinates": [ [ [ 72.86, 19.06 ], [ 72.86, 19.07 ], [ 72.85, 19.07 ], [ 72.85, 19.06 ], [ 72.86, 19.06 ] ] ] } },
{ "type": "Feature", "properties": { "cell_id": "r17_c9", "mean_dem": 5.8261672021327575 }, "geometry": { "type": "Polygon", "coordinates": [ [ [ 72.87, 19.06 ], [ 72.87, 19.07 ], [ 72.86, 19.07 ], [ 72.86, 19.06 ], [ 72.87, 19.06 ] ] ] } },
{ "type": "Feature", "properties": { "cell_id": "r17_c10", "mean_dem": 7.1819572126721605 }, "geometry": { "type": "Polygon", "coordinates": [ [ [ 72.88, 19.06 ], [ 72.88, 19.07 ], [ 72.87, 19.07 ], [ 72.87, 19.06 ], [ 72.88, 19.06 ] ] ] } },
{ "type": "Feature", "properties": { "cell_id": "r17_c11", "mean_dem": 6.1529068972588687 }, "geometry": { "type": "Polygon", "coordinates": [ [ [ 72.89, 19.06 ], [ 72.89, 19.07 ], [ 72.88, 19.07 ], [ 72.88, 19.06 ], [ 72.89, 19.06 ] ] ] } },
{ "type": "Feature", "properties": { "cell_id": "r17_c12", "mean_dem": 7.0190830997789906 }, "geometry": { "type": "Polygon", "coordinates": [ [ [ 72.9, 19.06 ], [ 72.9, 19.07 ], [ 72.89, 19.07 ], [ 72.89, 19.06 ], [ 72.9, 19.06 ] ] ] } },
{ "type": "Feature", "properties": { "cell_id": "r17_c13", "mean_dem": 6.1990372975975241 }, "geometry": { "type": "Polygon", "coordinates": [ [ [ 72.91, 19.06 ], [ 72.91, 19.07 ], [ 72.9, 19.07 ], [ 72.9, 19.06 ], [ 72.91, 19.06 ] ] ] } },
{ "type": "Feature", "properties": { "cell_id": "r17_c14", "mean_dem": 4.1541723868821512 }, "geometry": { "type": "Polygon", "coordinates": [ [ [ 72.92, 19.06 ], [ 72.92, 19.07 ], [ 72.91, 19.07 ], [ 72.91, 19.06 ], [ 72.92, 19.06 ] ] ] } },
{ "type": "Feature", "properties": { "cell_id": "r17_c15", "mean_dem": 6.9278115609735265 }, "geometry": { "type": "Polygon", "coordinates": [ [ [ 72.93, 19.06 ], [ 72.93, 19.07 ], [ 72.92, 19.07 ], [ 72.92, 19.06 ], [ 72.93, 19.06 ] ] ] } },
{ "type": "Feature", "properties": { "cell_id": "r17_c16", "mean_dem": 4.8202993491789989 }, "geometry": { "type": "Polygon", "coordinates": [ [ [ 72.94, 19.06 ], [ 72.94, 19.07 ], [ 72.93, 19.07 ], [ 72.93, 19.06 ], [ 72.94, 19.06 ] ] ] } },
{ "type": "Feature", "properties": { "cell_id": "r17_c17", "mean_dem": 2.2847556494841856 }, "geometry": { "type": "Polygon", "coordinates": [ [ [ 72.95, 19.06 ], [ 72.95, 19.07 ], [ 72.94, 19.07 ], [ 72.94, 19.06 ], [ 72.95, 19.06 ] ] ] } },
{ "type": "Feature", "properties": { "cell_id": "r17_c18", "mean_dem": 1.4916541119980864 }, "geometry": { "type": "Polygon", "coordinates": [ [ [ 72.96, 19.06 ], [ 72.96, 19.07 ], [ 72.95, 19.07 ], [ 72.95, 19.06 ], [ 72.96, 19.06 ] ] ] } },
{ "type": "Feature", "properties": { "cell_id": "r17_c19", "mean_dem": 0.32021532633617711 }, "geometry": { "type": "Polygon", "coordinates": [ [ [ 72.97, 19.06 ], [ 72.97, 19.07 ], [ 72.96, 19.07 ], [ 72.96, 19.06 ], [ 72.97, 19.06 ] ] ] } },
{ "type": "Feature", "properties": { "cell_id": "r17_c20", "mean_dem": 0.47433600592432279 }, "geometry": { "type": "Polygon", "coordinates": [ [ [ 72.980000000000103, 19.06 ], [ 72.980000000000103, 19.07 ], [ 72.97, 19.07 ], [ 72.97, 19.06 ], [ 72.980000000000103, 19.06 ] ] ] } },
{ "type": "Feature", "properties": { "cell_id": "r17_c21", "mean_dem": 1.6085902675913941 }, "geometry": { "type": "Polygon", "coordinates": [ [ [ 72.99, 19.06 ], [ 72.99, 19.07 ], [ 72.980000000000103, 19.07 ], [ 72.980000000000103, 19.06 ], [ 72.99, 19.06 ] ] ] } },
{ "type": "Feature", "properties": { "cell_id": "r18_c0", "mean_dem": 0.0 }, "geometry": { "type": "Polygon", "coordinates": [ [ [ 72.78, 19.07 ], [ 72.78, 19.08 ], [ 72.77, 19.08 ], [ 72.77, 19.07 ], [ 72.78, 19.07 ] ] ] } },
{ "type": "Feature", "properties": { "cell_id": "r18_c1", "mean_dem": 0.0 }, "geometry": { "type": "Polygon", "coordinates": [ [ [ 72.79, 19.07 ], [ 72.79, 19.08 ], [ 72.78, 19.08 ], [ 72.78, 19.07 ], [ 72.79, 19.07 ] ] ] } },
{ "type": "Feature", "properties": { "cell_id": "r18_c2", "mean_dem": 0.0 }, "geometry": { "type": "Polygon", "coordinates": [ [ [ 72.8, 19.07 ], [ 72.8, 19.08 ], [ 72.79, 19.08 ], [ 72.79, 19.07 ], [ 72.8, 19.07 ] ] ] } },
{ "type": "Feature", "properties": { "cell_id": "r18_c3", "mean_dem": 0.0 }, "geometry": { "type": "Polygon", "coordinates": [ [ [ 72.81, 19.07 ], [ 72.81, 19.08 ], [ 72.8, 19.08 ], [ 72.8, 19.07 ], [ 72.81, 19.07 ] ] ] } },
{ "type": "Feature", "properties": { "cell_id": "r18_c4", "mean_dem": 0.0 }, "geometry": { "type": "Polygon", "coordinates": [ [ [ 72.82, 19.07 ], [ 72.82, 19.08 ], [ 72.81, 19.08 ], [ 72.81, 19.07 ], [ 72.82, 19.07 ] ] ] } },
{ "type": "Feature", "properties": { "cell_id": "r18_c5", "mean_dem": 7.2427825522205591 }, "geometry": { "type": "Polygon", "coordinates": [ [ [ 72.83, 19.07 ], [ 72.83, 19.08 ], [ 72.82, 19.08 ], [ 72.82, 19.07 ], [ 72.83, 19.07 ] ] ] } },
{ "type": "Feature", "properties": { "cell_id": "r18_c6", "mean_dem": 11.596957839217128 }, "geometry": { "type": "Polygon", "coordinates": [ [ [ 72.84, 19.07 ], [ 72.84, 19.08 ], [ 72.83, 19.08 ], [ 72.83, 19.07 ], [ 72.84, 19.07 ] ] ] } },
{ "type": "Feature", "properties": { "cell_id": "r18_c7", "mean_dem": 6.9382562034315249 }, "geometry": { "type": "Polygon", "coordinates": [ [ [ 72.85, 19.07 ], [ 72.85, 19.08 ], [ 72.84, 19.08 ], [ 72.84, 19.07 ], [ 72.85, 19.07 ] ] ] } },
{ "type": "Feature", "properties": { "cell_id": "r18_c8", "mean_dem": 5.4572098309014141 }, "geometry": { "type": "Polygon", "coordinates": [ [ [ 72.86, 19.07 ], [ 72.86, 19.08 ], [ 72.85, 19.08 ], [ 72.85, 19.07 ], [ 72.86, 19.07 ] ] ] } },
{ "type": "Feature", "properties": { "cell_id": "r18_c9", "mean_dem": 9.009436192483502 }, "geometry": { "type": "Polygon", "coordinates": [ [ [ 72.87, 19.07 ], [ 72.87, 19.08 ], [ 72.86, 19.08 ], [ 72.86, 19.07 ], [ 72.87, 19.07 ] ] ] } },
{ "type": "Feature", "properties": { "cell_id": "r18_c10", "mean_dem": 6.3959320025859165 }, "geometry": { "type": "Polygon", "coordinates": [ [ [ 72.88, 19.07 ], [ 72.88, 19.08 ], [ 72.87, 19.08 ], [ 72.87, 19.07 ], [ 72.88, 19.07 ] ] ] } },
{ "type": "Feature", "properties": { "cell_id": "r18_c11", "mean_dem": 6.2876942138167529 }, "geometry": { "type": "Polygon", "coordinates": [ [ [ 72.89, 19.07 ], [ 72.89, 19.08 ], [ 72.88, 19.08 ], [ 72.88, 19.07 ], [ 72.89, 19.07 ] ] ] } },
{ "type": "Feature", "properties": { "cell_id": "r18_c12", "mean_dem": 6.0992067673991253 }, "geometry": { "type": "Polygon", "coordinates": [ [ [ 72.9, 19.07 ], [ 72.9, 19.08 ], [ 72.89, 19.08 ], [ 72.89, 19.07 ], [ 72.9, 19.07 ] ] ] } },
{ "type": "Feature", "properties": { "cell_id": "r18_c13", "mean_dem": 8.5488713880858285 }, "geometry": { "type": "Polygon", "coordinates": [ [ [ 72.91, 19.07 ], [ 72.91, 19.08 ], [ 72.9, 19.08 ], [ 72.9, 19.07 ], [ 72.91, 19.07 ] ] ] } },
{ "type": "Feature", "properties": { "cell_id": "r18_c14", "mean_dem": 4.3771525574347496 }, "geometry": { "type": "Polygon", "coordinates": [ [ [ 72.92, 19.07 ], [ 72.92, 19.08 ], [ 72.91, 19.08 ], [ 72.91, 19.07 ], [ 72.92, 19.07 ] ] ] } },
{ "type": "Feature", "properties": { "cell_id": "r18_c15", "mean_dem": 3.8418633133482287 }, "geometry": { "type": "Polygon", "coordinates": [ [ [ 72.93, 19.07 ], [ 72.93, 19.08 ], [ 72.92, 19.08 ], [ 72.92, 19.07 ], [ 72.93, 19.07 ] ] ] } },
{ "type": "Feature", "properties": { "cell_id": "r18_c16", "mean_dem": 2.9332773181047802 }, "geometry": { "type": "Polygon", "coordinates": [ [ [ 72.94, 19.07 ], [ 72.94, 19.08 ], [ 72.93, 19.08 ], [ 72.93, 19.07 ], [ 72.94, 19.07 ] ] ] } },
{ "type": "Feature", "properties": { "cell_id": "r18_c17", "mean_dem": 2.398654499054385 }, "geometry": { "type": "Polygon", "coordinates": [ [ [ 72.95, 19.07 ], [ 72.95, 19.08 ], [ 72.94, 19.08 ], [ 72.94, 19.07 ], [ 72.95, 19.07 ] ] ] } },
{ "type": "Feature", "properties": { "cell_id": "r18_c18", "mean_dem": 1.9990829659501212 }, "geometry": { "type": "Polygon", "coordinates": [ [ [ 72.96, 19.07 ], [ 72.96, 19.08 ], [ 72.95, 19.08 ], [ 72.95, 19.07 ], [ 72.96, 19.07 ] ] ] } },
{ "type": "Feature", "properties": { "cell_id": "r18_c19", "mean_dem": 0.0 }, "geometry": { "type": "Polygon", "coordinates": [ [ [ 72.97, 19.07 ], [ 72.97, 19.08 ], [ 72.96, 19.08 ], [ 72.96, 19.07 ], [ 72.97, 19.07 ] ] ] } },
{ "type": "Feature", "properties": { "cell_id": "r18_c20", "mean_dem": 0.0 }, "geometry": { "type": "Polygon", "coordinates": [ [ [ 72.980000000000103, 19.07 ], [ 72.980000000000103, 19.08 ], [ 72.97, 19.08 ], [ 72.97, 19.07 ], [ 72.980000000000103, 19.07 ] ] ] } },
{ "type": "Feature", "properties": { "cell_id": "r18_c21", "mean_dem": 2.3686295731924374 }, "geometry": { "type": "Polygon", "coordinates": [ [ [ 72.99, 19.07 ], [ 72.99, 19.08 ], [ 72.980000000000103, 19.08 ], [ 72.980000000000103, 19.07 ], [ 72.99, 19.07 ] ] ] } },
{ "type": "Feature", "properties": { "cell_id": "r19_c0", "mean_dem": 0.0 }, "geometry": { "type": "Polygon", "coordinates": [ [ [ 72.78, 19.08 ], [ 72.78, 19.09 ], [ 72.77, 19.09 ], [ 72.77, 19.08 ], [ 72.78, 19.08 ] ] ] } },
{ "type": "Feature", "properties": { "cell_id": "r19_c1", "mean_dem": 0.0 }, "geometry": { "type": "Polygon", "coordinates": [ [ [ 72.79, 19.08 ], [ 72.79, 19.09 ], [ 72.78, 19.09 ], [ 72.78, 19.08 ], [ 72.79, 19.08 ] ] ] } },
{ "type": "Feature", "properties": { "cell_id": "r19_c2", "mean_dem": 0.0 }, "geometry": { "type": "Polygon", "coordinates": [ [ [ 72.8, 19.08 ], [ 72.8, 19.09 ], [ 72.79, 19.09 ], [ 72.79, 19.08 ], [ 72.8, 19.08 ] ] ] } },
{ "type": "Feature", "properties": { "cell_id": "r19_c3", "mean_dem": 0.0 }, "geometry": { "type": "Polygon", "coordinates": [ [ [ 72.81, 19.08 ], [ 72.81, 19.09 ], [ 72.8, 19.09 ], [ 72.8, 19.08 ], [ 72.81, 19.08 ] ] ] } },
{ "type": "Feature", "properties": { "cell_id": "r19_c4", "mean_dem": 0.0 }, "geometry": { "type": "Polygon", "coordinates": [ [ [ 72.82, 19.08 ], [ 72.82, 19.09 ], [ 72.81, 19.09 ], [ 72.81, 19.08 ], [ 72.82, 19.08 ] ] ] } },
{ "type": "Feature", "properties": { "cell_id": "r19_c5", "mean_dem": 2.7919480482490546 }, "geometry": { "type": "Polygon", "coordinates": [ [ [ 72.83, 19.08 ], [ 72.83, 19.09 ], [ 72.82, 19.09 ], [ 72.82, 19.08 ], [ 72.83, 19.08 ] ] ] } },
{ "type": "Feature", "properties": { "cell_id": "r19_c6", "mean_dem": 8.335201385092045 }, "geometry": { "type": "Polygon", "coordinates": [ [ [ 72.84, 19.08 ], [ 72.84, 19.09 ], [ 72.83, 19.09 ], [ 72.83, 19.08 ], [ 72.84, 19.08 ] ] ] } },
{ "type": "Feature", "properties": { "cell_id": "r19_c7", "mean_dem": 7.3621127157670676 }, "geometry": { "type": "Polygon", "coordinates": [ [ [ 72.85, 19.08 ], [ 72.85, 19.09 ], [ 72.84, 19.09 ], [ 72.84, 19.08 ], [ 72.85, 19.08 ] ] ] } },
{ "type": "Feature", "properties": { "cell_id": "r19_c8", "mean_dem": 7.7268740156807567 }, "geometry": { "type": "Polygon", "coordinates": [ [ [ 72.86, 19.08 ], [ 72.86, 19.09 ], [ 72.85, 19.09 ], [ 72.85, 19.08 ], [ 72.86, 19.08 ] ] ] } },
{ "type": "Feature", "properties": { "cell_id": "r19_c9", "mean_dem": 11.378072571205637 }, "geometry": { "type": "Polygon", "coordinates": [ [ [ 72.87, 19.08 ], [ 72.87, 19.09 ], [ 72.86, 19.09 ], [ 72.86, 19.08 ], [ 72.87, 19.08 ] ] ] } },
{ "type": "Feature", "properties": { "cell_id": "r19_c10", "mean_dem": 5.7780657066296213 }, "geometry": { "type": "Polygon", "coordinates": [ [ [ 72.88, 19.08 ], [ 72.88, 19.09 ], [ 72.87, 19.09 ], [ 72.87, 19.08 ], [ 72.88, 19.08 ] ] ] } },
{ "type": "Feature", "properties": { "cell_id": "r19_c11", "mean_dem": 11.542582276750634 }, "geometry": { "type": "Polygon", "coordinates": [ [ [ 72.89, 19.08 ], [ 72.89, 19.09 ], [ 72.88, 19.09 ], [ 72.88, 19.08 ], [ 72.89, 19.08 ] ] ] } },
{ "type": "Feature", "properties": { "cell_id": "r19_c12", "mean_dem": 15.379433886498234 }, "geometry": { "type": "Polygon", "coordinates": [ [ [ 72.9, 19.08 ], [ 72.9, 19.09 ], [ 72.89, 19.09 ], [ 72.89, 19.08 ], [ 72.9, 19.08 ] ] ] } },
{ "type": "Feature", "properties": { "cell_id": "r19_c13", "mean_dem": 16.087537130017033 }, "geometry": { "type": "Polygon", "coordinates": [ [ [ 72.91, 19.08 ], [ 72.91, 19.09 ], [ 72.9, 19.09 ], [ 72.9, 19.08 ], [ 72.91, 19.08 ] ] ] } },
{ "type": "Feature", "properties": { "cell_id": "r19_c14", "mean_dem": 7.0795201790784779 }, "geometry": { "type": "Polygon", "coordinates": [ [ [ 72.92, 19.08 ], [ 72.92, 19.09 ], [ 72.91, 19.09 ], [ 72.91, 19.08 ], [ 72.92, 19.08 ] ] ] } },
{ "type": "Feature", "properties": { "cell_id": "r19_c15", "mean_dem": 4.1061398737223485 }, "geometry": { "type": "Polygon", "coordinates": [ [ [ 72.93, 19.08 ], [ 72.93, 19.09 ], [ 72.92, 19.09 ], [ 72.92, 19.08 ], [ 72.93, 19.08 ] ] ] } },
{ "type": "Feature", "properties": { "cell_id": "r19_c16", "mean_dem": 2.8499994304136376 }, "geometry": { "type": "Polygon", "coordinates": [ [ [ 72.94, 19.08 ], [ 72.94, 19.09 ], [ 72.93, 19.09 ], [ 72.93, 19.08 ], [ 72.94, 19.08 ] ] ] } },
{ "type": "Feature", "properties": { "cell_id": "r19_c17", "mean_dem": 1.8844989476861946 }, "geometry": { "type": "Polygon", "coordinates": [ [ [ 72.95, 19.08 ], [ 72.95, 19.09 ], [ 72.94, 19.09 ], [ 72.94, 19.08 ], [ 72.95, 19.08 ] ] ] } },
{ "type": "Feature", "properties": { "cell_id": "r19_c18", "mean_dem": 1.8121890724356238 }, "geometry": { "type": "Polygon", "coordinates": [ [ [ 72.96, 19.08 ], [ 72.96, 19.09 ], [ 72.95, 19.09 ], [ 72.95, 19.08 ], [ 72.96, 19.08 ] ] ] } },
{ "type": "Feature", "properties": { "cell_id": "r19_c19", "mean_dem": 0.0 }, "geometry": { "type": "Polygon", "coordinates": [ [ [ 72.97, 19.08 ], [ 72.97, 19.09 ], [ 72.96, 19.09 ], [ 72.96, 19.08 ], [ 72.97, 19.08 ] ] ] } },
{ "type": "Feature", "properties": { "cell_id": "r19_c20", "mean_dem": 0.0 }, "geometry": { "type": "Polygon", "coordinates": [ [ [ 72.980000000000103, 19.08 ], [ 72.980000000000103, 19.09 ], [ 72.97, 19.09 ], [ 72.97, 19.08 ], [ 72.980000000000103, 19.08 ] ] ] } },
{ "type": "Feature", "properties": { "cell_id": "r19_c21", "mean_dem": 0.39346629339879829 }, "geometry": { "type": "Polygon", "coordinates": [ [ [ 72.99, 19.08 ], [ 72.99, 19.09 ], [ 72.980000000000103, 19.09 ], [ 72.980000000000103, 19.08 ], [ 72.99, 19.08 ] ] ] } },
{ "type": "Feature", "properties": { "cell_id": "r20_c0", "mean_dem": 0.0 }, "geometry": { "type": "Polygon", "coordinates": [ [ [ 72.78, 19.09 ], [ 72.78, 19.1 ], [ 72.77, 19.1 ], [ 72.77, 19.09 ], [ 72.78, 19.09 ] ] ] } },
{ "type": "Feature", "properties": { "cell_id": "r20_c1", "mean_dem": 0.0 }, "geometry": { "type": "Polygon", "coordinates": [ [ [ 72.79, 19.09 ], [ 72.79, 19.1 ], [ 72.78, 19.1 ], [ 72.78, 19.09 ], [ 72.79, 19.09 ] ] ] } },
{ "type": "Feature", "properties": { "cell_id": "r20_c2", "mean_dem": 0.0 }, "geometry": { "type": "Polygon", "coordinates": [ [ [ 72.8, 19.09 ], [ 72.8, 19.1 ], [ 72.79, 19.1 ], [ 72.79, 19.09 ], [ 72.8, 19.09 ] ] ] } },
{ "type": "Feature", "properties": { "cell_id": "r20_c3", "mean_dem": 0.0 }, "geometry": { "type": "Polygon", "coordinates": [ [ [ 72.81, 19.09 ], [ 72.81, 19.1 ], [ 72.8, 19.1 ], [ 72.8, 19.09 ], [ 72.81, 19.09 ] ] ] } },
{ "type": "Feature", "properties": { "cell_id": "r20_c4", "mean_dem": 0.0 }, "geometry": { "type": "Polygon", "coordinates": [ [ [ 72.82, 19.09 ], [ 72.82, 19.1 ], [ 72.81, 19.1 ], [ 72.81, 19.09 ], [ 72.82, 19.09 ] ] ] } },
{ "type": "Feature", "properties": { "cell_id": "r20_c5", "mean_dem": 3.0457901543334702 }, "geometry": { "type": "Polygon", "coordinates": [ [ [ 72.83, 19.09 ], [ 72.83, 19.1 ], [ 72.82, 19.1 ], [ 72.82, 19.09 ], [ 72.83, 19.09 ] ] ] } },
{ "type": "Feature", "properties": { "cell_id": "r20_c6", "mean_dem": 3.493203391326881 }, "geometry": { "type": "Polygon", "coordinates": [ [ [ 72.84, 19.09 ], [ 72.84, 19.1 ], [ 72.83, 19.1 ], [ 72.83, 19.09 ], [ 72.84, 19.09 ] ] ] } },
{ "type": "Feature", "properties": { "cell_id": "r20_c7", "mean_dem": 10.253868611059673 }, "geometry": { "type": "Polygon", "coordinates": [ [ [ 72.85, 19.09 ], [ 72.85, 19.1 ], [ 72.84, 19.1 ], [ 72.84, 19.09 ], [ 72.85, 19.09 ] ] ] } },
{ "type": "Feature", "properties": { "cell_id": "r20_c8", "mean_dem": 11.040880673322011 }, "geometry": { "type": "Polygon", "coordinates": [ [ [ 72.86, 19.09 ], [ 72.86, 19.1 ], [ 72.85, 19.1 ], [ 72.85, 19.09 ], [ 72.86, 19.09 ] ] ] } },
{ "type": "Feature", "properties": { "cell_id": "r20_c9", "mean_dem": 10.603928839975387 }, "geometry": { "type": "Polygon", "coordinates": [ [ [ 72.87, 19.09 ], [ 72.87, 19.1 ], [ 72.86, 19.1 ], [ 72.86, 19.09 ], [ 72.87, 19.09 ] ] ] } },
{ "type": "Feature", "properties": { "cell_id": "r20_c10", "mean_dem": 9.2339468745283 }, "geometry": { "type": "Polygon", "coordinates": [ [ [ 72.88, 19.09 ], [ 72.88, 19.1 ], [ 72.87, 19.1 ], [ 72.87, 19.09 ], [ 72.88, 19.09 ] ] ] } },
{ "type": "Feature", "properties": { "cell_id": "r20_c11", "mean_dem": 13.92191024677008 }, "geometry": { "type": "Polygon", "coordinates": [ [ [ 72.89, 19.09 ], [ 72.89, 19.1 ], [ 72.88, 19.1 ], [ 72.88, 19.09 ], [ 72.89, 19.09 ] ] ] } },
{ "type": "Feature", "properties": { "cell_id": "r20_c12", "mean_dem": 28.468578394513155 }, "geometry": { "type": "Polygon", "coordinates": [ [ [ 72.9, 19.09 ], [ 72.9, 19.1 ], [ 72.89, 19.1 ], [ 72.89, 19.09 ], [ 72.9, 19.09 ] ] ] } },
{ "type": "Feature", "properties": { "cell_id": "r20_c13", "mean_dem": 36.123855366781029 }, "geometry": { "type": "Polygon", "coordinates": [ [ [ 72.91, 19.09 ], [ 72.91, 19.1 ], [ 72.9, 19.1 ], [ 72.9, 19.09 ], [ 72.91, 19.09 ] ] ] } },
{ "type": "Feature", "properties": { "cell_id": "r20_c14", "mean_dem": 14.653759392071615 }, "geometry": { "type": "Polygon", "coordinates": [ [ [ 72.92, 19.09 ], [ 72.92, 19.1 ], [ 72.91, 19.1 ], [ 72.91, 19.09 ], [ 72.92, 19.09 ] ] ] } },
{ "type": "Feature", "properties": { "cell_id": "r20_c15", "mean_dem": 7.1817138332535659 }, "geometry": { "type": "Polygon", "coordinates": [ [ [ 72.93, 19.09 ], [ 72.93, 19.1 ], [ 72.92, 19.1 ], [ 72.92, 19.09 ], [ 72.93, 19.09 ] ] ] } },
{ "type": "Feature", "properties": { "cell_id": "r20_c16", "mean_dem": 3.342063139426251 }, "geometry": { "type": "Polygon", "coordinates": [ [ [ 72.94, 19.09 ], [ 72.94, 19.1 ], [ 72.93, 19.1 ], [ 72.93, 19.09 ], [ 72.94, 19.09 ] ] ] } },
{ "type": "Feature", "properties": { "cell_id": "r20_c17", "mean_dem": 3.0073370455289878 }, "geometry": { "type": "Polygon", "coordinates": [ [ [ 72.95, 19.09 ], [ 72.95, 19.1 ], [ 72.94, 19.1 ], [ 72.94, 19.09 ], [ 72.95, 19.09 ] ] ] } },
{ "type": "Feature", "properties": { "cell_id": "r20_c18", "mean_dem": 2.0214791630474047 }, "geometry": { "type": "Polygon", "coordinates": [ [ [ 72.96, 19.09 ], [ 72.96, 19.1 ], [ 72.95, 19.1 ], [ 72.95, 19.09 ], [ 72.96, 19.09 ] ] ] } },
{ "type": "Feature", "properties": { "cell_id": "r20_c19", "mean_dem": 0.0 }, "geometry": { "type": "Polygon", "coordinates": [ [ [ 72.97, 19.09 ], [ 72.97, 19.1 ], [ 72.96, 19.1 ], [ 72.96, 19.09 ], [ 72.97, 19.09 ] ] ] } },
{ "type": "Feature", "properties": { "cell_id": "r20_c20", "mean_dem": 0.0 }, "geometry": { "type": "Polygon", "coordinates": [ [ [ 72.980000000000103, 19.09 ], [ 72.980000000000103, 19.1 ], [ 72.97, 19.1 ], [ 72.97, 19.09 ], [ 72.980000000000103, 19.09 ] ] ] } },
{ "type": "Feature", "properties": { "cell_id": "r20_c21", "mean_dem": 0.97797462225323517 }, "geometry": { "type": "Polygon", "coordinates": [ [ [ 72.99, 19.09 ], [ 72.99, 19.1 ], [ 72.980000000000103, 19.1 ], [ 72.980000000000103, 19.09 ], [ 72.99, 19.09 ] ] ] } },
{ "type": "Feature", "properties": { "cell_id": "r21_c0", "mean_dem": 0.0 }, "geometry": { "type": "Polygon", "coordinates": [ [ [ 72.78, 19.1 ], [ 72.78, 19.11 ], [ 72.77, 19.11 ], [ 72.77, 19.1 ], [ 72.78, 19.1 ] ] ] } },
{ "type": "Feature", "properties": { "cell_id": "r21_c1", "mean_dem": 0.0 }, "geometry": { "type": "Polygon", "coordinates": [ [ [ 72.79, 19.1 ], [ 72.79, 19.11 ], [ 72.78, 19.11 ], [ 72.78, 19.1 ], [ 72.79, 19.1 ] ] ] } },
{ "type": "Feature", "properties": { "cell_id": "r21_c2", "mean_dem": 0.0 }, "geometry": { "type": "Polygon", "coordinates": [ [ [ 72.8, 19.1 ], [ 72.8, 19.11 ], [ 72.79, 19.11 ], [ 72.79, 19.1 ], [ 72.8, 19.1 ] ] ] } },
{ "type": "Feature", "properties": { "cell_id": "r21_c3", "mean_dem": 0.0 }, "geometry": { "type": "Polygon", "coordinates": [ [ [ 72.81, 19.1 ], [ 72.81, 19.11 ], [ 72.8, 19.11 ], [ 72.8, 19.1 ], [ 72.81, 19.1 ] ] ] } },
{ "type": "Feature", "properties": { "cell_id": "r21_c4", "mean_dem": 0.0 }, "geometry": { "type": "Polygon", "coordinates": [ [ [ 72.82, 19.1 ], [ 72.82, 19.11 ], [ 72.81, 19.11 ], [ 72.81, 19.1 ], [ 72.82, 19.1 ] ] ] } },
{ "type": "Feature", "properties": { "cell_id": "r21_c5", "mean_dem": 5.1389835337017953 }, "geometry": { "type": "Polygon", "coordinates": [ [ [ 72.83, 19.1 ], [ 72.83, 19.11 ], [ 72.82, 19.11 ], [ 72.82, 19.1 ], [ 72.83, 19.1 ] ] ] } },
{ "type": "Feature", "properties": { "cell_id": "r21_c6", "mean_dem": 7.7102664520998694 }, "geometry": { "type": "Polygon", "coordinates": [ [ [ 72.84, 19.1 ], [ 72.84, 19.11 ], [ 72.83, 19.11 ], [ 72.83, 19.1 ], [ 72.84, 19.1 ] ] ] } },
{ "type": "Feature", "properties": { "cell_id": "r21_c7", "mean_dem": 13.763774077218034 }, "geometry": { "type": "Polygon", "coordinates": [ [ [ 72.85, 19.1 ], [ 72.85, 19.11 ], [ 72.84, 19.11 ], [ 72.84, 19.1 ], [ 72.85, 19.1 ] ] ] } },
{ "type": "Feature", "properties": { "cell_id": "r21_c8", "mean_dem": 17.665401914788781 }, "geometry": { "type": "Polygon", "coordinates": [ [ [ 72.86, 19.1 ], [ 72.86, 19.11 ], [ 72.85, 19.11 ], [ 72.85, 19.1 ], [ 72.86, 19.1 ] ] ] } },
{ "type": "Feature", "properties": { "cell_id": "r21_c9", "mean_dem": 16.65886548661479 }, "geometry": { "type": "Polygon", "coordinates": [ [ [ 72.87, 19.1 ], [ 72.87, 19.11 ], [ 72.86, 19.11 ], [ 72.86, 19.1 ], [ 72.87, 19.1 ] ] ] } },
{ "type": "Feature", "properties": { "cell_id": "r21_c10", "mean_dem": 12.656517466782526 }, "geometry": { "type": "Polygon", "coordinates": [ [ [ 72.88, 19.1 ], [ 72.88, 19.11 ], [ 72.87, 19.11 ], [ 72.87, 19.1 ], [ 72.88, 19.1 ] ] ] } },
{ "type": "Feature", "properties": { "cell_id": "r21_c11", "mean_dem": 13.494713124327054 }, "geometry": { "type": "Polygon", "coordinates": [ [ [ 72.89, 19.1 ], [ 72.89, 19.11 ], [ 72.88, 19.11 ], [ 72.88, 19.1 ], [ 72.89, 19.1 ] ] ] } },
{ "type": "Feature", "properties": { "cell_id": "r21_c12", "mean_dem": 19.457693600487712 }, "geometry": { "type": "Polygon", "coordinates": [ [ [ 72.9, 19.1 ], [ 72.9, 19.11 ], [ 72.89, 19.11 ], [ 72.89, 19.1 ], [ 72.9, 19.1 ] ] ] } },
{ "type": "Feature", "properties": { "cell_id": "r21_c13", "mean_dem": 84.95822615700601 }, "geometry": { "type": "Polygon", "coordinates": [ [ [ 72.91, 19.1 ], [ 72.91, 19.11 ], [ 72.9, 19.11 ], [ 72.9, 19.1 ], [ 72.91, 19.1 ] ] ] } },
{ "type": "Feature", "properties": { "cell_id": "r21_c14", "mean_dem": 45.274924015188518 }, "geometry": { "type": "Polygon", "coordinates": [ [ [ 72.92, 19.1 ], [ 72.92, 19.11 ], [ 72.91, 19.11 ], [ 72.91, 19.1 ], [ 72.92, 19.1 ] ] ] } },
{ "type": "Feature", "properties": { "cell_id": "r21_c15", "mean_dem": 18.213759549704047 }, "geometry": { "type": "Polygon", "coordinates": [ [ [ 72.93, 19.1 ], [ 72.93, 19.11 ], [ 72.92, 19.11 ], [ 72.92, 19.1 ], [ 72.93, 19.1 ] ] ] } },
{ "type": "Feature", "properties": { "cell_id": "r21_c16", "mean_dem": 4.8114533454490598 }, "geometry": { "type": "Polygon", "coordinates": [ [ [ 72.94, 19.1 ], [ 72.94, 19.11 ], [ 72.93, 19.11 ], [ 72.93, 19.1 ], [ 72.94, 19.1 ] ] ] } },
{ "type": "Feature", "properties": { "cell_id": "r21_c17", "mean_dem": 2.8644920910279597 }, "geometry": { "type": "Polygon", "coordinates": [ [ [ 72.95, 19.1 ], [ 72.95, 19.11 ], [ 72.94, 19.11 ], [ 72.94, 19.1 ], [ 72.95, 19.1 ] ] ] } },
{ "type": "Feature", "properties": { "cell_id": "r21_c18", "mean_dem": 3.0362521931323627 }, "geometry": { "type": "Polygon", "coordinates": [ [ [ 72.96, 19.1 ], [ 72.96, 19.11 ], [ 72.95, 19.11 ], [ 72.95, 19.1 ], [ 72.96, 19.1 ] ] ] } },
{ "type": "Feature", "properties": { "cell_id": "r21_c19", "mean_dem": 0.027271846817335101 }, "geometry": { "type": "Polygon", "coordinates": [ [ [ 72.97, 19.1 ], [ 72.97, 19.11 ], [ 72.96, 19.11 ], [ 72.96, 19.1 ], [ 72.97, 19.1 ] ] ] } },
{ "type": "Feature", "properties": { "cell_id": "r21_c20", "mean_dem": 0.35178417303074494 }, "geometry": { "type": "Polygon", "coordinates": [ [ [ 72.980000000000103, 19.1 ], [ 72.980000000000103, 19.11 ], [ 72.97, 19.11 ], [ 72.97, 19.1 ], [ 72.980000000000103, 19.1 ] ] ] } },
{ "type": "Feature", "properties": { "cell_id": "r21_c21", "mean_dem": 2.1038318454500451 }, "geometry": { "type": "Polygon", "coordinates": [ [ [ 72.99, 19.1 ], [ 72.99, 19.11 ], [ 72.980000000000103, 19.11 ], [ 72.980000000000103, 19.1 ], [ 72.99, 19.1 ] ] ] } },
{ "type": "Feature", "properties": { "cell_id": "r22_c0", "mean_dem": 0.0 }, "geometry": { "type": "Polygon", "coordinates": [ [ [ 72.78, 19.11 ], [ 72.78, 19.12 ], [ 72.77, 19.12 ], [ 72.77, 19.11 ], [ 72.78, 19.11 ] ] ] } },
{ "type": "Feature", "properties": { "cell_id": "r22_c1", "mean_dem": 0.0 }, "geometry": { "type": "Polygon", "coordinates": [ [ [ 72.79, 19.11 ], [ 72.79, 19.12 ], [ 72.78, 19.12 ], [ 72.78, 19.11 ], [ 72.79, 19.11 ] ] ] } },
{ "type": "Feature", "properties": { "cell_id": "r22_c2", "mean_dem": 0.0 }, "geometry": { "type": "Polygon", "coordinates": [ [ [ 72.8, 19.11 ], [ 72.8, 19.12 ], [ 72.79, 19.12 ], [ 72.79, 19.11 ], [ 72.8, 19.11 ] ] ] } },
{ "type": "Feature", "properties": { "cell_id": "r22_c3", "mean_dem": 0.0 }, "geometry": { "type": "Polygon", "coordinates": [ [ [ 72.81, 19.11 ], [ 72.81, 19.12 ], [ 72.8, 19.12 ], [ 72.8, 19.11 ], [ 72.81, 19.11 ] ] ] } },
{ "type": "Feature", "properties": { "cell_id": "r22_c4", "mean_dem": 0.0 }, "geometry": { "type": "Polygon", "coordinates": [ [ [ 72.82, 19.11 ], [ 72.82, 19.12 ], [ 72.81, 19.12 ], [ 72.81, 19.11 ], [ 72.82, 19.11 ] ] ] } },
{ "type": "Feature", "properties": { "cell_id": "r22_c5", "mean_dem": 7.784431564106586 }, "geometry": { "type": "Polygon", "coordinates": [ [ [ 72.83, 19.11 ], [ 72.83, 19.12 ], [ 72.82, 19.12 ], [ 72.82, 19.11 ], [ 72.83, 19.11 ] ] ] } },
{ "type": "Feature", "properties": { "cell_id": "r22_c6", "mean_dem": 8.058228706000282 }, "geometry": { "type": "Polygon", "coordinates": [ [ [ 72.84, 19.11 ], [ 72.84, 19.12 ], [ 72.83, 19.12 ], [ 72.83, 19.11 ], [ 72.84, 19.11 ] ] ] } },
{ "type": "Feature", "properties": { "cell_id": "r22_c7", "mean_dem": 17.052530102639469 }, "geometry": { "type": "Polygon", "coordinates": [ [ [ 72.85, 19.11 ], [ 72.85, 19.12 ], [ 72.84, 19.12 ], [ 72.84, 19.11 ], [ 72.85, 19.11 ] ] ] } },
{ "type": "Feature", "properties": { "cell_id": "r22_c8", "mean_dem": 23.565979648621141 }, "geometry": { "type": "Polygon", "coordinates": [ [ [ 72.86, 19.11 ], [ 72.86, 19.12 ], [ 72.85, 19.12 ], [ 72.85, 19.11 ], [ 72.86, 19.11 ] ] ] } },
{ "type": "Feature", "properties": { "cell_id": "r22_c9", "mean_dem": 25.897089983254126 }, "geometry": { "type": "Polygon", "coordinates": [ [ [ 72.87, 19.11 ], [ 72.87, 19.12 ], [ 72.86, 19.12 ], [ 72.86, 19.11 ], [ 72.87, 19.11 ] ] ] } },
{ "type": "Feature", "properties": { "cell_id": "r22_c10", "mean_dem": 21.985576662955228 }, "geometry": { "type": "Polygon", "coordinates": [ [ [ 72.88, 19.11 ], [ 72.88, 19.12 ], [ 72.87, 19.12 ], [ 72.87, 19.11 ], [ 72.88, 19.11 ] ] ] } },
{ "type": "Feature", "properties": { "cell_id": "r22_c11", "mean_dem": 18.220957420449906 }, "geometry": { "type": "Polygon", "coordinates": [ [ [ 72.89, 19.11 ], [ 72.89, 19.12 ], [ 72.88, 19.12 ], [ 72.88, 19.11 ], [ 72.89, 19.11 ] ] ] } },
{ "type": "Feature", "properties": { "cell_id": "r22_c12", "mean_dem": 29.00003987104563 }, "geometry": { "type": "Polygon", "coordinates": [ [ [ 72.9, 19.11 ], [ 72.9, 19.12 ], [ 72.89, 19.12 ], [ 72.89, 19.11 ], [ 72.9, 19.11 ] ] ] } },
{ "type": "Feature", "properties": { "cell_id": "r22_c13", "mean_dem": 49.711529315269743 }, "geometry": { "type": "Polygon", "coordinates": [ [ [ 72.91, 19.11 ], [ 72.91, 19.12 ], [ 72.9, 19.12 ], [ 72.9, 19.11 ], [ 72.91, 19.11 ] ] ] } },
{ "type": "Feature", "properties": { "cell_id": "r22_c14", "mean_dem": 72.654077822806869 }, "geometry": { "type": "Polygon", "coordinates": [ [ [ 72.92, 19.11 ], [ 72.92, 19.12 ], [ 72.91, 19.12 ], [ 72.91, 19.11 ], [ 72.92, 19.11 ] ] ] } },
{ "type": "Feature", "properties": { "cell_id": "r22_c15", "mean_dem": 39.714536739849137 }, "geometry": { "type": "Polygon", "coordinates": [ [ [ 72.93, 19.11 ], [ 72.93, 19.12 ], [ 72.92, 19.12 ], [ 72.92, 19.11 ], [ 72.93, 19.11 ] ] ] } },
{ "type": "Feature", "properties": { "cell_id": "r22_c16", "mean_dem": 5.7696643133189616 }, "geometry": { "type": "Polygon", "coordinates": [ [ [ 72.94, 19.11 ], [ 72.94, 19.12 ], [ 72.93, 19.12 ], [ 72.93, 19.11 ], [ 72.94, 19.11 ] ] ] } },
{ "type": "Feature", "properties": { "cell_id": "r22_c17", "mean_dem": 2.6168364034038496 }, "geometry": { "type": "Polygon", "coordinates": [ [ [ 72.95, 19.11 ], [ 72.95, 19.12 ], [ 72.94, 19.12 ], [ 72.94, 19.11 ], [ 72.95, 19.11 ] ] ] } },
{ "type": "Feature", "properties": { "cell_id": "r22_c18", "mean_dem": 2.8348872043421043 }, "geometry": { "type": "Polygon", "coordinates": [ [ [ 72.96, 19.11 ], [ 72.96, 19.12 ], [ 72.95, 19.12 ], [ 72.95, 19.11 ], [ 72.96, 19.11 ] ] ] } },
{ "type": "Feature", "properties": { "cell_id": "r22_c19", "mean_dem": 1.0858765364592236 }, "geometry": { "type": "Polygon", "coordinates": [ [ [ 72.97, 19.11 ], [ 72.97, 19.12 ], [ 72.96, 19.12 ], [ 72.96, 19.11 ], [ 72.97, 19.11 ] ] ] } },
{ "type": "Feature", "properties": { "cell_id": "r22_c20", "mean_dem": 0.39982228854757895 }, "geometry": { "type": "Polygon", "coordinates": [ [ [ 72.980000000000103, 19.11 ], [ 72.980000000000103, 19.12 ], [ 72.97, 19.12 ], [ 72.97, 19.11 ], [ 72.980000000000103, 19.11 ] ] ] } },
{ "type": "Feature", "properties": { "cell_id": "r22_c21", "mean_dem": 2.2364324527528137 }, "geometry": { "type": "Polygon", "coordinates": [ [ [ 72.99, 19.11 ], [ 72.99, 19.12 ], [ 72.980000000000103, 19.12 ], [ 72.980000000000103, 19.11 ], [ 72.99, 19.11 ] ] ] } },
{ "type": "Feature", "properties": { "cell_id": "r23_c0", "mean_dem": 0.0 }, "geometry": { "type": "Polygon", "coordinates": [ [ [ 72.78, 19.12 ], [ 72.78, 19.13 ], [ 72.77, 19.13 ], [ 72.77, 19.12 ], [ 72.78, 19.12 ] ] ] } },
{ "type": "Feature", "properties": { "cell_id": "r23_c1", "mean_dem": 0.041860584344933352 }, "geometry": { "type": "Polygon", "coordinates": [ [ [ 72.79, 19.12 ], [ 72.79, 19.13 ], [ 72.78, 19.13 ], [ 72.78, 19.12 ], [ 72.79, 19.12 ] ] ] } },
{ "type": "Feature", "properties": { "cell_id": "r23_c2", "mean_dem": 0.0035289593984534221 }, "geometry": { "type": "Polygon", "coordinates": [ [ [ 72.8, 19.12 ], [ 72.8, 19.13 ], [ 72.79, 19.13 ], [ 72.79, 19.12 ], [ 72.8, 19.12 ] ] ] } },
{ "type": "Feature", "properties": { "cell_id": "r23_c3", "mean_dem": 0.0 }, "geometry": { "type": "Polygon", "coordinates": [ [ [ 72.81, 19.12 ], [ 72.81, 19.13 ], [ 72.8, 19.13 ], [ 72.8, 19.12 ], [ 72.81, 19.12 ] ] ] } },
{ "type": "Feature", "properties": { "cell_id": "r23_c4", "mean_dem": 2.3272865541048651 }, "geometry": { "type": "Polygon", "coordinates": [ [ [ 72.82, 19.12 ], [ 72.82, 19.13 ], [ 72.81, 19.13 ], [ 72.81, 19.12 ], [ 72.82, 19.12 ] ] ] } },
{ "type": "Feature", "properties": { "cell_id": "r23_c5", "mean_dem": 6.8334491736408554 }, "geometry": { "type": "Polygon", "coordinates": [ [ [ 72.83, 19.12 ], [ 72.83, 19.13 ], [ 72.82, 19.13 ], [ 72.82, 19.12 ], [ 72.83, 19.12 ] ] ] } },
{ "type": "Feature", "properties": { "cell_id": "r23_c6", "mean_dem": 7.9824452981935758 }, "geometry": { "type": "Polygon", "coordinates": [ [ [ 72.84, 19.12 ], [ 72.84, 19.13 ], [ 72.83, 19.13 ], [ 72.83, 19.12 ], [ 72.84, 19.12 ] ] ] } },
{ "type": "Feature", "properties": { "cell_id": "r23_c7", "mean_dem": 15.954246132112067 }, "geometry": { "type": "Polygon", "coordinates": [ [ [ 72.85, 19.12 ], [ 72.85, 19.13 ], [ 72.84, 19.13 ], [ 72.84, 19.12 ], [ 72.85, 19.12 ] ] ] } },
{ "type": "Feature", "properties": { "cell_id": "r23_c8", "mean_dem": 22.044255828194686 }, "geometry": { "type": "Polygon", "coordinates": [ [ [ 72.86, 19.12 ], [ 72.86, 19.13 ], [ 72.85, 19.13 ], [ 72.85, 19.12 ], [ 72.86, 19.12 ] ] ] } },
{ "type": "Feature", "properties": { "cell_id": "r23_c9", "mean_dem": 41.405804696734613 }, "geometry": { "type": "Polygon", "coordinates": [ [ [ 72.87, 19.12 ], [ 72.87, 19.13 ], [ 72.86, 19.13 ], [ 72.86, 19.12 ], [ 72.87, 19.12 ] ] ] } },
{ "type": "Feature", "properties": { "cell_id": "r23_c10", "mean_dem": 36.558502215691107 }, "geometry": { "type": "Polygon", "coordinates": [ [ [ 72.88, 19.12 ], [ 72.88, 19.13 ], [ 72.87, 19.13 ], [ 72.87, 19.12 ], [ 72.88, 19.12 ] ] ] } },
{ "type": "Feature", "properties": { "cell_id": "r23_c11", "mean_dem": 26.415125777565212 }, "geometry": { "type": "Polygon", "coordinates": [ [ [ 72.89, 19.12 ], [ 72.89, 19.13 ], [ 72.88, 19.13 ], [ 72.88, 19.12 ], [ 72.89, 19.12 ] ] ] } },
{ "type": "Feature", "properties": { "cell_id": "r23_c12", "mean_dem": 37.559720303621681 }, "geometry": { "type": "Polygon", "coordinates": [ [ [ 72.9, 19.12 ], [ 72.9, 19.13 ], [ 72.89, 19.13 ], [ 72.89, 19.12 ], [ 72.9, 19.12 ] ] ] } },
{ "type": "Feature", "properties": { "cell_id": "r23_c13", "mean_dem": 33.953628067537132 }, "geometry": { "type": "Polygon", "coordinates": [ [ [ 72.91, 19.12 ], [ 72.91, 19.13 ], [ 72.9, 19.13 ], [ 72.9, 19.12 ], [ 72.91, 19.12 ] ] ] } },
{ "type": "Feature", "properties": { "cell_id": "r23_c14", "mean_dem": 46.338973782024929 }, "geometry": { "type": "Polygon", "coordinates": [ [ [ 72.92, 19.12 ], [ 72.92, 19.13 ], [ 72.91, 19.13 ], [ 72.91, 19.12 ], [ 72.92, 19.12 ] ] ] } },
{ "type": "Feature", "properties": { "cell_id": "r23_c15", "mean_dem": 20.97378487304011 }, "geometry": { "type": "Polygon", "coordinates": [ [ [ 72.93, 19.12 ], [ 72.93, 19.13 ], [ 72.92, 19.13 ], [ 72.92, 19.12 ], [ 72.93, 19.12 ] ] ] } },
{ "type": "Feature", "properties": { "cell_id": "r23_c16", "mean_dem": 3.5207621868725072 }, "geometry": { "type": "Polygon", "coordinates": [ [ [ 72.94, 19.12 ], [ 72.94, 19.13 ], [ 72.93, 19.13 ], [ 72.93, 19.12 ], [ 72.94, 19.12 ] ] ] } },
{ "type": "Feature", "properties": { "cell_id": "r23_c17", "mean_dem": 2.4142058012623409 }, "geometry": { "type": "Polygon", "coordinates": [ [ [ 72.95, 19.12 ], [ 72.95, 19.13 ], [ 72.94, 19.13 ], [ 72.94, 19.12 ], [ 72.95, 19.12 ] ] ] } },
{ "type": "Feature", "properties": { "cell_id": "r23_c18", "mean_dem": 2.0515589578847897 }, "geometry": { "type": "Polygon", "coordinates": [ [ [ 72.96, 19.12 ], [ 72.96, 19.13 ], [ 72.95, 19.13 ], [ 72.95, 19.12 ], [ 72.96, 19.12 ] ] ] } },
{ "type": "Feature", "properties": { "cell_id": "r23_c19", "mean_dem": 2.7168373232316108 }, "geometry": { "type": "Polygon", "coordinates": [ [ [ 72.97, 19.12 ], [ 72.97, 19.13 ], [ 72.96, 19.13 ], [ 72.96, 19.12 ], [ 72.97, 19.12 ] ] ] } },
{ "type": "Feature", "properties": { "cell_id": "r23_c20", "mean_dem": 0.00043008180098890462 }, "geometry": { "type": "Polygon", "coordinates": [ [ [ 72.980000000000103, 19.12 ], [ 72.980000000000103, 19.13 ], [ 72.97, 19.13 ], [ 72.97, 19.12 ], [ 72.980000000000103, 19.12 ] ] ] } },
{ "type": "Feature", "properties": { "cell_id": "r23_c21", "mean_dem": 1.7145131659522388 }, "geometry": { "type": "Polygon", "coordinates": [ [ [ 72.99, 19.12 ], [ 72.99, 19.13 ], [ 72.980000000000103, 19.13 ], [ 72.980000000000103, 19.12 ], [ 72.99, 19.12 ] ] ] } },
{ "type": "Feature", "properties": { "cell_id": "r24_c0", "mean_dem": 0.0 }, "geometry": { "type": "Polygon", "coordinates": [ [ [ 72.78, 19.13 ], [ 72.78, 19.14 ], [ 72.77, 19.14 ], [ 72.77, 19.13 ], [ 72.78, 19.13 ] ] ] } },
{ "type": "Feature", "properties": { "cell_id": "r24_c1", "mean_dem": 1.7435715587759475 }, "geometry": { "type": "Polygon", "coordinates": [ [ [ 72.79, 19.13 ], [ 72.79, 19.14 ], [ 72.78, 19.14 ], [ 72.78, 19.13 ], [ 72.79, 19.13 ] ] ] } },
{ "type": "Feature", "properties": { "cell_id": "r24_c2", "mean_dem": 10.215909608767982 }, "geometry": { "type": "Polygon", "coordinates": [ [ [ 72.8, 19.13 ], [ 72.8, 19.14 ], [ 72.79, 19.14 ], [ 72.79, 19.13 ], [ 72.8, 19.13 ] ] ] } },
{ "type": "Feature", "properties": { "cell_id": "r24_c3", "mean_dem": 1.4296215077037004 }, "geometry": { "type": "Polygon", "coordinates": [ [ [ 72.81, 19.13 ], [ 72.81, 19.14 ], [ 72.8, 19.14 ], [ 72.8, 19.13 ], [ 72.81, 19.13 ] ] ] } },
{ "type": "Feature", "properties": { "cell_id": "r24_c4", "mean_dem": 8.6440877825089988 }, "geometry": { "type": "Polygon", "coordinates": [ [ [ 72.82, 19.13 ], [ 72.82, 19.14 ], [ 72.81, 19.14 ], [ 72.81, 19.13 ], [ 72.82, 19.13 ] ] ] } },
{ "type": "Feature", "properties": { "cell_id": "r24_c5", "mean_dem": 6.7844373294441507 }, "geometry": { "type": "Polygon", "coordinates": [ [ [ 72.83, 19.13 ], [ 72.83, 19.14 ], [ 72.82, 19.14 ], [ 72.82, 19.13 ], [ 72.83, 19.13 ] ] ] } },
{ "type": "Feature", "properties": { "cell_id": "r24_c6", "mean_dem": 8.2002101779677687 }, "geometry": { "type": "Polygon", "coordinates": [ [ [ 72.84, 19.13 ], [ 72.84, 19.14 ], [ 72.83, 19.14 ], [ 72.83, 19.13 ], [ 72.84, 19.13 ] ] ] } },
{ "type": "Feature", "properties": { "cell_id": "r24_c7", "mean_dem": 19.525921685237087 }, "geometry": { "type": "Polygon", "coordinates": [ [ [ 72.85, 19.13 ], [ 72.85, 19.14 ], [ 72.84, 19.14 ], [ 72.84, 19.13 ], [ 72.85, 19.13 ] ] ] } },
{ "type": "Feature", "properties": { "cell_id": "r24_c8", "mean_dem": 23.518934992138906 }, "geometry": { "type": "Polygon", "coordinates": [ [ [ 72.86, 19.13 ], [ 72.86, 19.14 ], [ 72.85, 19.14 ], [ 72.85, 19.13 ], [ 72.86, 19.13 ] ] ] } },
{ "type": "Feature", "properties": { "cell_id": "r24_c9", "mean_dem": 35.510631025790758 }, "geometry": { "type": "Polygon", "coordinates": [ [ [ 72.87, 19.13 ], [ 72.87, 19.14 ], [ 72.86, 19.14 ], [ 72.86, 19.13 ], [ 72.87, 19.13 ] ] ] } },
{ "type": "Feature", "properties": { "cell_id": "r24_c10", "mean_dem": 54.403866363266118 }, "geometry": { "type": "Polygon", "coordinates": [ [ [ 72.88, 19.13 ], [ 72.88, 19.14 ], [ 72.87, 19.14 ], [ 72.87, 19.13 ], [ 72.88, 19.13 ] ] ] } },
{ "type": "Feature", "properties": { "cell_id": "r24_c11", "mean_dem": 30.31711644996367 }, "geometry": { "type": "Polygon", "coordinates": [ [ [ 72.89, 19.13 ], [ 72.89, 19.14 ], [ 72.88, 19.14 ], [ 72.88, 19.13 ], [ 72.89, 19.13 ] ] ] } },
{ "type": "Feature", "properties": { "cell_id": "r24_c12", "mean_dem": 42.61659949586295 }, "geometry": { "type": "Polygon", "coordinates": [ [ [ 72.9, 19.13 ], [ 72.9, 19.14 ], [ 72.89, 19.14 ], [ 72.89, 19.13 ], [ 72.9, 19.13 ] ] ] } },
{ "type": "Feature", "properties": { "cell_id": "r24_c13", "mean_dem": 42.579794642475719 }, "geometry": { "type": "Polygon", "coordinates": [ [ [ 72.91, 19.13 ], [ 72.91, 19.14 ], [ 72.9, 19.14 ], [ 72.9, 19.13 ], [ 72.91, 19.13 ] ] ] } },
{ "type": "Feature", "properties": { "cell_id": "r24_c14", "mean_dem": 54.095119554536474 }, "geometry": { "type": "Polygon", "coordinates": [ [ [ 72.92, 19.13 ], [ 72.92, 19.14 ], [ 72.91, 19.14 ], [ 72.91, 19.13 ], [ 72.92, 19.13 ] ] ] } },
{ "type": "Feature", "properties": { "cell_id": "r24_c15", "mean_dem": 24.601520955866619 }, "geometry": { "type": "Polygon", "coordinates": [ [ [ 72.93, 19.13 ], [ 72.93, 19.14 ], [ 72.92, 19.14 ], [ 72.92, 19.13 ], [ 72.93, 19.13 ] ] ] } },
{ "type": "Feature", "properties": { "cell_id": "r24_c16", "mean_dem": 8.6863526965636133 }, "geometry": { "type": "Polygon", "coordinates": [ [ [ 72.94, 19.13 ], [ 72.94, 19.14 ], [ 72.93, 19.14 ], [ 72.93, 19.13 ], [ 72.94, 19.13 ] ] ] } },
{ "type": "Feature", "properties": { "cell_id": "r24_c17", "mean_dem": 1.9656474743303116 }, "geometry": { "type": "Polygon", "coordinates": [ [ [ 72.95, 19.13 ], [ 72.95, 19.14 ], [ 72.94, 19.14 ], [ 72.94, 19.13 ], [ 72.95, 19.13 ] ] ] } },
{ "type": "Feature", "properties": { "cell_id": "r24_c18", "mean_dem": 2.7423375957622569 }, "geometry": { "type": "Polygon", "coordinates": [ [ [ 72.96, 19.13 ], [ 72.96, 19.14 ], [ 72.95, 19.14 ], [ 72.95, 19.13 ], [ 72.96, 19.13 ] ] ] } },
{ "type": "Feature", "properties": { "cell_id": "r24_c19", "mean_dem": 2.5990515387573172 }, "geometry": { "type": "Polygon", "coordinates": [ [ [ 72.97, 19.13 ], [ 72.97, 19.14 ], [ 72.96, 19.14 ], [ 72.96, 19.13 ], [ 72.97, 19.13 ] ] ] } },
{ "type": "Feature", "properties": { "cell_id": "r24_c20", "mean_dem": 0.67741779290505422 }, "geometry": { "type": "Polygon", "coordinates": [ [ [ 72.980000000000103, 19.13 ], [ 72.980000000000103, 19.14 ], [ 72.97, 19.14 ], [ 72.97, 19.13 ], [ 72.980000000000103, 19.13 ] ] ] } },
{ "type": "Feature", "properties": { "cell_id": "r24_c21", "mean_dem": 1.3838419800908588 }, "geometry": { "type": "Polygon", "coordinates": [ [ [ 72.99, 19.13 ], [ 72.99, 19.14 ], [ 72.980000000000103, 19.14 ], [ 72.980000000000103, 19.13 ], [ 72.99, 19.13 ] ] ] } },
{ "type": "Feature", "properties": { "cell_id": "r25_c0", "mean_dem": 0.0 }, "geometry": { "type": "Polygon", "coordinates": [ [ [ 72.78, 19.14 ], [ 72.78, 19.15 ], [ 72.77, 19.15 ], [ 72.77, 19.14 ], [ 72.78, 19.14 ] ] ] } },
{ "type": "Feature", "properties": { "cell_id": "r25_c1", "mean_dem": 1.3844105315924951 }, "geometry": { "type": "Polygon", "coordinates": [ [ [ 72.79, 19.14 ], [ 72.79, 19.15 ], [ 72.78, 19.15 ], [ 72.78, 19.14 ], [ 72.79, 19.14 ] ] ] } },
{ "type": "Feature", "properties": { "cell_id": "r25_c2", "mean_dem": 12.445749880374576 }, "geometry": { "type": "Polygon", "coordinates": [ [ [ 72.8, 19.14 ], [ 72.8, 19.15 ], [ 72.79, 19.15 ], [ 72.79, 19.14 ], [ 72.8, 19.14 ] ] ] } },
{ "type": "Feature", "properties": { "cell_id": "r25_c3", "mean_dem": 3.7178297620268084 }, "geometry": { "type": "Polygon", "coordinates": [ [ [ 72.81, 19.14 ], [ 72.81, 19.15 ], [ 72.8, 19.15 ], [ 72.8, 19.14 ], [ 72.81, 19.14 ] ] ] } },
{ "type": "Feature", "properties": { "cell_id": "r25_c4", "mean_dem": 4.5940614363633649 }, "geometry": { "type": "Polygon", "coordinates": [ [ [ 72.82, 19.14 ], [ 72.82, 19.15 ], [ 72.81, 19.15 ], [ 72.81, 19.14 ], [ 72.82, 19.14 ] ] ] } },
{ "type": "Feature", "properties": { "cell_id": "r25_c5", "mean_dem": 8.5655931498498674 }, "geometry": { "type": "Polygon", "coordinates": [ [ [ 72.83, 19.14 ], [ 72.83, 19.15 ], [ 72.82, 19.15 ], [ 72.82, 19.14 ], [ 72.83, 19.14 ] ] ] } },
{ "type": "Feature", "properties": { "cell_id": "r25_c6", "mean_dem": 8.6075549935636602 }, "geometry": { "type": "Polygon", "coordinates": [ [ [ 72.84, 19.14 ], [ 72.84, 19.15 ], [ 72.83, 19.15 ], [ 72.83, 19.14 ], [ 72.84, 19.14 ] ] ] } },
{ "type": "Feature", "properties": { "cell_id": "r25_c7", "mean_dem": 9.4893618839291562 }, "geometry": { "type": "Polygon", "coordinates": [ [ [ 72.85, 19.14 ], [ 72.85, 19.15 ], [ 72.84, 19.15 ], [ 72.84, 19.14 ], [ 72.85, 19.14 ] ] ] } },
{ "type": "Feature", "properties": { "cell_id": "r25_c8", "mean_dem": 17.720985143664354 }, "geometry": { "type": "Polygon", "coordinates": [ [ [ 72.86, 19.14 ], [ 72.86, 19.15 ], [ 72.85, 19.15 ], [ 72.85, 19.14 ], [ 72.86, 19.14 ] ] ] } },
{ "type": "Feature", "properties": { "cell_id": "r25_c9", "mean_dem": 41.8497647367101 }, "geometry": { "type": "Polygon", "coordinates": [ [ [ 72.87, 19.14 ], [ 72.87, 19.15 ], [ 72.86, 19.15 ], [ 72.86, 19.14 ], [ 72.87, 19.14 ] ] ] } },
{ "type": "Feature", "properties": { "cell_id": "r25_c10", "mean_dem": 57.34474784411551 }, "geometry": { "type": "Polygon", "coordinates": [ [ [ 72.88, 19.14 ], [ 72.88, 19.15 ], [ 72.87, 19.15 ], [ 72.87, 19.14 ], [ 72.88, 19.14 ] ] ] } },
{ "type": "Feature", "properties": { "cell_id": "r25_c11", "mean_dem": 62.402616378426252 }, "geometry": { "type": "Polygon", "coordinates": [ [ [ 72.89, 19.14 ], [ 72.89, 19.15 ], [ 72.88, 19.15 ], [ 72.88, 19.14 ], [ 72.89, 19.14 ] ] ] } },
{ "type": "Feature", "properties": { "cell_id": "r25_c12", "mean_dem": 48.079106569143335 }, "geometry": { "type": "Polygon", "coordinates": [ [ [ 72.9, 19.14 ], [ 72.9, 19.15 ], [ 72.89, 19.15 ], [ 72.89, 19.14 ], [ 72.9, 19.14 ] ] ] } },
{ "type": "Feature", "properties": { "cell_id": "r25_c13", "mean_dem": 54.307223665322191 }, "geometry": { "type": "Polygon", "coordinates": [ [ [ 72.91, 19.14 ], [ 72.91, 19.15 ], [ 72.9, 19.15 ], [ 72.9, 19.14 ], [ 72.91, 19.14 ] ] ] } },
{ "type": "Feature", "properties": { "cell_id": "r25_c14", "mean_dem": 69.045078967230978 }, "geometry": { "type": "Polygon", "coordinates": [ [ [ 72.92, 19.14 ], [ 72.92, 19.15 ], [ 72.91, 19.15 ], [ 72.91, 19.14 ], [ 72.92, 19.14 ] ] ] } },
{ "type": "Feature", "properties": { "cell_id": "r25_c15", "mean_dem": 44.768291293549233 }, "geometry": { "type": "Polygon", "coordinates": [ [ [ 72.93, 19.14 ], [ 72.93, 19.15 ], [ 72.92, 19.15 ], [ 72.92, 19.14 ], [ 72.93, 19.14 ] ] ] } },
{ "type": "Feature", "properties": { "cell_id": "r25_c16", "mean_dem": 12.616312917264761 }, "geometry": { "type": "Polygon", "coordinates": [ [ [ 72.94, 19.14 ], [ 72.94, 19.15 ], [ 72.93, 19.15 ], [ 72.93, 19.14 ], [ 72.94, 19.14 ] ] ] } },
{ "type": "Feature", "properties": { "cell_id": "r25_c17", "mean_dem": 3.5409061908993507 }, "geometry": { "type": "Polygon", "coordinates": [ [ [ 72.95, 19.14 ], [ 72.95, 19.15 ], [ 72.94, 19.15 ], [ 72.94, 19.14 ], [ 72.95, 19.14 ] ] ] } },
{ "type": "Feature", "properties": { "cell_id": "r25_c18", "mean_dem": 2.5967841153754088 }, "geometry": { "type": "Polygon", "coordinates": [ [ [ 72.96, 19.14 ], [ 72.96, 19.15 ], [ 72.95, 19.15 ], [ 72.95, 19.14 ], [ 72.96, 19.14 ] ] ] } },
{ "type": "Feature", "properties": { "cell_id": "r25_c19", "mean_dem": 2.0248279672796001 }, "geometry": { "type": "Polygon", "coordinates": [ [ [ 72.97, 19.14 ], [ 72.97, 19.15 ], [ 72.96, 19.15 ], [ 72.96, 19.14 ], [ 72.97, 19.14 ] ] ] } },
{ "type": "Feature", "properties": { "cell_id": "r25_c20", "mean_dem": 1.7852154396518287 }, "geometry": { "type": "Polygon", "coordinates": [ [ [ 72.980000000000103, 19.14 ], [ 72.980000000000103, 19.15 ], [ 72.97, 19.15 ], [ 72.97, 19.14 ], [ 72.980000000000103, 19.14 ] ] ] } },
{ "type": "Feature", "properties": { "cell_id": "r25_c21", "mean_dem": 2.1986123453414423 }, "geometry": { "type": "Polygon", "coordinates": [ [ [ 72.99, 19.14 ], [ 72.99, 19.15 ], [ 72.980000000000103, 19.15 ], [ 72.980000000000103, 19.14 ], [ 72.99, 19.14 ] ] ] } },
{ "type": "Feature", "properties": { "cell_id": "r26_c0", "mean_dem": 0.0 }, "geometry": { "type": "Polygon", "coordinates": [ [ [ 72.78, 19.15 ], [ 72.78, 19.16 ], [ 72.77, 19.16 ], [ 72.77, 19.15 ], [ 72.78, 19.15 ] ] ] } },
{ "type": "Feature", "properties": { "cell_id": "r26_c1", "mean_dem": 4.3377685251373448 }, "geometry": { "type": "Polygon", "coordinates": [ [ [ 72.79, 19.15 ], [ 72.79, 19.16 ], [ 72.78, 19.16 ], [ 72.78, 19.15 ], [ 72.79, 19.15 ] ] ] } },
{ "type": "Feature", "properties": { "cell_id": "r26_c2", "mean_dem": 2.4146999268079479 }, "geometry": { "type": "Polygon", "coordinates": [ [ [ 72.8, 19.15 ], [ 72.8, 19.16 ], [ 72.79, 19.16 ], [ 72.79, 19.15 ], [ 72.8, 19.15 ] ] ] } },
{ "type": "Feature", "properties": { "cell_id": "r26_c3", "mean_dem": 4.4374101211104744 }, "geometry": { "type": "Polygon", "coordinates": [ [ [ 72.81, 19.15 ], [ 72.81, 19.16 ], [ 72.8, 19.16 ], [ 72.8, 19.15 ], [ 72.81, 19.15 ] ] ] } },
{ "type": "Feature", "properties": { "cell_id": "r26_c4", "mean_dem": 2.3618496747661859 }, "geometry": { "type": "Polygon", "coordinates": [ [ [ 72.82, 19.15 ], [ 72.82, 19.16 ], [ 72.81, 19.16 ], [ 72.81, 19.15 ], [ 72.82, 19.15 ] ] ] } },
{ "type": "Feature", "properties": { "cell_id": "r26_c5", "mean_dem": 2.9785898403566029 }, "geometry": { "type": "Polygon", "coordinates": [ [ [ 72.83, 19.15 ], [ 72.83, 19.16 ], [ 72.82, 19.16 ], [ 72.82, 19.15 ], [ 72.83, 19.15 ] ] ] } },
{ "type": "Feature", "properties": { "cell_id": "r26_c6", "mean_dem": 5.3349878121013372 }, "geometry": { "type": "Polygon", "coordinates": [ [ [ 72.84, 19.15 ], [ 72.84, 19.16 ], [ 72.83, 19.16 ], [ 72.83, 19.15 ], [ 72.84, 19.15 ] ] ] } },
{ "type": "Feature", "properties": { "cell_id": "r26_c7", "mean_dem": 9.7456113370470483 }, "geometry": { "type": "Polygon", "coordinates": [ [ [ 72.85, 19.15 ], [ 72.85, 19.16 ], [ 72.84, 19.16 ], [ 72.84, 19.15 ], [ 72.85, 19.15 ] ] ] } },
{ "type": "Feature", "properties": { "cell_id": "r26_c8", "mean_dem": 14.84619985133755 }, "geometry": { "type": "Polygon", "coordinates": [ [ [ 72.86, 19.15 ], [ 72.86, 19.16 ], [ 72.85, 19.16 ], [ 72.85, 19.15 ], [ 72.86, 19.15 ] ] ] } },
{ "type": "Feature", "properties": { "cell_id": "r26_c9", "mean_dem": 34.77374605561446 }, "geometry": { "type": "Polygon", "coordinates": [ [ [ 72.87, 19.15 ], [ 72.87, 19.16 ], [ 72.86, 19.16 ], [ 72.86, 19.15 ], [ 72.87, 19.15 ] ] ] } },
{ "type": "Feature", "properties": { "cell_id": "r26_c10", "mean_dem": 48.380427601603827 }, "geometry": { "type": "Polygon", "coordinates": [ [ [ 72.88, 19.15 ], [ 72.88, 19.16 ], [ 72.87, 19.16 ], [ 72.87, 19.15 ], [ 72.88, 19.15 ] ] ] } },
{ "type": "Feature", "properties": { "cell_id": "r26_c11", "mean_dem": 72.958722076028408 }, "geometry": { "type": "Polygon", "coordinates": [ [ [ 72.89, 19.15 ], [ 72.89, 19.16 ], [ 72.88, 19.16 ], [ 72.88, 19.15 ], [ 72.89, 19.15 ] ] ] } },
{ "type": "Feature", "properties": { "cell_id": "r26_c12", "mean_dem": 106.21715195425104 }, "geometry": { "type": "Polygon", "coordinates": [ [ [ 72.9, 19.15 ], [ 72.9, 19.16 ], [ 72.89, 19.16 ], [ 72.89, 19.15 ], [ 72.9, 19.15 ] ] ] } },
{ "type": "Feature", "properties": { "cell_id": "r26_c13", "mean_dem": 58.094263427248372 }, "geometry": { "type": "Polygon", "coordinates": [ [ [ 72.91, 19.15 ], [ 72.91, 19.16 ], [ 72.9, 19.16 ], [ 72.9, 19.15 ], [ 72.91, 19.15 ] ] ] } },
{ "type": "Feature", "properties": { "cell_id": "r26_c14", "mean_dem": 52.000484148411374 }, "geometry": { "type": "Polygon", "coordinates": [ [ [ 72.92, 19.15 ], [ 72.92, 19.16 ], [ 72.91, 19.16 ], [ 72.91, 19.15 ], [ 72.92, 19.15 ] ] ] } },
{ "type": "Feature", "properties": { "cell_id": "r26_c15", "mean_dem": 67.831744666550946 }, "geometry": { "type": "Polygon", "coordinates": [ [ [ 72.93, 19.15 ], [ 72.93, 19.16 ], [ 72.92, 19.16 ], [ 72.92, 19.15 ], [ 72.93, 19.15 ] ] ] } },
{ "type": "Feature", "properties": { "cell_id": "r26_c16", "mean_dem": 20.676081929302967 }, "geometry": { "type": "Polygon", "coordinates": [ [ [ 72.94, 19.15 ], [ 72.94, 19.16 ], [ 72.93, 19.16 ], [ 72.93, 19.15 ], [ 72.94, 19.15 ] ] ] } },
{ "type": "Feature", "properties": { "cell_id": "r26_c17", "mean_dem": 6.8972266839821046 }, "geometry": { "type": "Polygon", "coordinates": [ [ [ 72.95, 19.15 ], [ 72.95, 19.16 ], [ 72.94, 19.16 ], [ 72.94, 19.15 ], [ 72.95, 19.15 ] ] ] } },
{ "type": "Feature", "properties": { "cell_id": "r26_c18", "mean_dem": 2.0313554519644512 }, "geometry": { "type": "Polygon", "coordinates": [ [ [ 72.96, 19.15 ], [ 72.96, 19.16 ], [ 72.95, 19.16 ], [ 72.95, 19.15 ], [ 72.96, 19.15 ] ] ] } },
{ "type": "Feature", "properties": { "cell_id": "r26_c19", "mean_dem": 1.9913735899137384 }, "geometry": { "type": "Polygon", "coordinates": [ [ [ 72.97, 19.15 ], [ 72.97, 19.16 ], [ 72.96, 19.16 ], [ 72.96, 19.15 ], [ 72.97, 19.15 ] ] ] } },
{ "type": "Feature", "properties": { "cell_id": "r26_c20", "mean_dem": 1.8559654374008567 }, "geometry": { "type": "Polygon", "coordinates": [ [ [ 72.980000000000103, 19.15 ], [ 72.980000000000103, 19.16 ], [ 72.97, 19.16 ], [ 72.97, 19.15 ], [ 72.980000000000103, 19.15 ] ] ] } },
{ "type": "Feature", "properties": { "cell_id": "r26_c21", "mean_dem": 1.9006157228620613 }, "geometry": { "type": "Polygon", "coordinates": [ [ [ 72.99, 19.15 ], [ 72.99, 19.16 ], [ 72.980000000000103, 19.16 ], [ 72.980000000000103, 19.15 ], [ 72.99, 19.15 ] ] ] } },
{ "type": "Feature", "properties": { "cell_id": "r27_c0", "mean_dem": 0.0 }, "geometry": { "type": "Polygon", "coordinates": [ [ [ 72.78, 19.16 ], [ 72.78, 19.17 ], [ 72.77, 19.17 ], [ 72.77, 19.16 ], [ 72.78, 19.16 ] ] ] } },
{ "type": "Feature", "properties": { "cell_id": "r27_c1", "mean_dem": 4.3858101083752148 }, "geometry": { "type": "Polygon", "coordinates": [ [ [ 72.79, 19.16 ], [ 72.79, 19.17 ], [ 72.78, 19.17 ], [ 72.78, 19.16 ], [ 72.79, 19.16 ] ] ] } },
{ "type": "Feature", "properties": { "cell_id": "r27_c2", "mean_dem": 7.5161921525736402 }, "geometry": { "type": "Polygon", "coordinates": [ [ [ 72.8, 19.16 ], [ 72.8, 19.17 ], [ 72.79, 19.17 ], [ 72.79, 19.16 ], [ 72.8, 19.16 ] ] ] } },
{ "type": "Feature", "properties": { "cell_id": "r27_c3", "mean_dem": 4.0803460816618244 }, "geometry": { "type": "Polygon", "coordinates": [ [ [ 72.81, 19.16 ], [ 72.81, 19.17 ], [ 72.8, 19.17 ], [ 72.8, 19.16 ], [ 72.81, 19.16 ] ] ] } },
{ "type": "Feature", "properties": { "cell_id": "r27_c4", "mean_dem": 1.5326592517694622 }, "geometry": { "type": "Polygon", "coordinates": [ [ [ 72.82, 19.16 ], [ 72.82, 19.17 ], [ 72.81, 19.17 ], [ 72.81, 19.16 ], [ 72.82, 19.16 ] ] ] } },
{ "type": "Feature", "properties": { "cell_id": "r27_c5", "mean_dem": 0.76511573586131032 }, "geometry": { "type": "Polygon", "coordinates": [ [ [ 72.83, 19.16 ], [ 72.83, 19.17 ], [ 72.82, 19.17 ], [ 72.82, 19.16 ], [ 72.83, 19.16 ] ] ] } },
{ "type": "Feature", "properties": { "cell_id": "r27_c6", "mean_dem": 7.9463962270599007 }, "geometry": { "type": "Polygon", "coordinates": [ [ [ 72.84, 19.16 ], [ 72.84, 19.17 ], [ 72.83, 19.17 ], [ 72.83, 19.16 ], [ 72.84, 19.16 ] ] ] } },
{ "type": "Feature", "properties": { "cell_id": "r27_c7", "mean_dem": 13.759352881698675 }, "geometry": { "type": "Polygon", "coordinates": [ [ [ 72.85, 19.16 ], [ 72.85, 19.17 ], [ 72.84, 19.17 ], [ 72.84, 19.16 ], [ 72.85, 19.16 ] ] ] } },
{ "type": "Feature", "properties": { "cell_id": "r27_c8", "mean_dem": 20.604671100414389 }, "geometry": { "type": "Polygon", "coordinates": [ [ [ 72.86, 19.16 ], [ 72.86, 19.17 ], [ 72.85, 19.17 ], [ 72.85, 19.16 ], [ 72.86, 19.16 ] ] ] } },
{ "type": "Feature", "properties": { "cell_id": "r27_c9", "mean_dem": 22.979082584485663 }, "geometry": { "type": "Polygon", "coordinates": [ [ [ 72.87, 19.16 ], [ 72.87, 19.17 ], [ 72.86, 19.17 ], [ 72.86, 19.16 ], [ 72.87, 19.16 ] ] ] } },
{ "type": "Feature", "properties": { "cell_id": "r27_c10", "mean_dem": 44.43379697663552 }, "geometry": { "type": "Polygon", "coordinates": [ [ [ 72.88, 19.16 ], [ 72.88, 19.17 ], [ 72.87, 19.17 ], [ 72.87, 19.16 ], [ 72.88, 19.16 ] ] ] } },
{ "type": "Feature", "properties": { "cell_id": "r27_c11", "mean_dem": 78.524259815719248 }, "geometry": { "type": "Polygon", "coordinates": [ [ [ 72.89, 19.16 ], [ 72.89, 19.17 ], [ 72.88, 19.17 ], [ 72.88, 19.16 ], [ 72.89, 19.16 ] ] ] } },
{ "type": "Feature", "properties": { "cell_id": "r27_c12", "mean_dem": 134.63388826386006 }, "geometry": { "type": "Polygon", "coordinates": [ [ [ 72.9, 19.16 ], [ 72.9, 19.17 ], [ 72.89, 19.17 ], [ 72.89, 19.16 ], [ 72.9, 19.16 ] ] ] } },
{ "type": "Feature", "properties": { "cell_id": "r27_c13", "mean_dem": 76.891601988065759 }, "geometry": { "type": "Polygon", "coordinates": [ [ [ 72.91, 19.16 ], [ 72.91, 19.17 ], [ 72.9, 19.17 ], [ 72.9, 19.16 ], [ 72.91, 19.16 ] ] ] } },
{ "type": "Feature", "properties": { "cell_id": "r27_c14", "mean_dem": 54.567228243068051 }, "geometry": { "type": "Polygon", "coordinates": [ [ [ 72.92, 19.16 ], [ 72.92, 19.17 ], [ 72.91, 19.17 ], [ 72.91, 19.16 ], [ 72.92, 19.16 ] ] ] } },
{ "type": "Feature", "properties": { "cell_id": "r27_c15", "mean_dem": 73.070593429128721 }, "geometry": { "type": "Polygon", "coordinates": [ [ [ 72.93, 19.16 ], [ 72.93, 19.17 ], [ 72.92, 19.17 ], [ 72.92, 19.16 ], [ 72.93, 19.16 ] ] ] } },
{ "type": "Feature", "properties": { "cell_id": "r27_c16", "mean_dem": 25.651541605548328 }, "geometry": { "type": "Polygon", "coordinates": [ [ [ 72.94, 19.16 ], [ 72.94, 19.17 ], [ 72.93, 19.17 ], [ 72.93, 19.16 ], [ 72.94, 19.16 ] ] ] } },
{ "type": "Feature", "properties": { "cell_id": "r27_c17", "mean_dem": 13.53102721485638 }, "geometry": { "type": "Polygon", "coordinates": [ [ [ 72.95, 19.16 ], [ 72.95, 19.17 ], [ 72.94, 19.17 ], [ 72.94, 19.16 ], [ 72.95, 19.16 ] ] ] } },
{ "type": "Feature", "properties": { "cell_id": "r27_c18", "mean_dem": 7.2801823815544902 }, "geometry": { "type": "Polygon", "coordinates": [ [ [ 72.96, 19.16 ], [ 72.96, 19.17 ], [ 72.95, 19.17 ], [ 72.95, 19.16 ], [ 72.96, 19.16 ] ] ] } },
{ "type": "Feature", "properties": { "cell_id": "r27_c19", "mean_dem": 5.0973155413776894 }, "geometry": { "type": "Polygon", "coordinates": [ [ [ 72.97, 19.16 ], [ 72.97, 19.17 ], [ 72.96, 19.17 ], [ 72.96, 19.16 ], [ 72.97, 19.16 ] ] ] } },
{ "type": "Feature", "properties": { "cell_id": "r27_c20", "mean_dem": 2.6518919380794341 }, "geometry": { "type": "Polygon", "coordinates": [ [ [ 72.980000000000103, 19.16 ], [ 72.980000000000103, 19.17 ], [ 72.97, 19.17 ], [ 72.97, 19.16 ], [ 72.980000000000103, 19.16 ] ] ] } },
{ "type": "Feature", "properties": { "cell_id": "r27_c21", "mean_dem": 1.9584756262550036 }, "geometry": { "type": "Polygon", "coordinates": [ [ [ 72.99, 19.16 ], [ 72.99, 19.17 ], [ 72.980000000000103, 19.17 ], [ 72.980000000000103, 19.16 ], [ 72.99, 19.16 ] ] ] } },
{ "type": "Feature", "properties": { "cell_id": "r28_c0", "mean_dem": 0.0 }, "geometry": { "type": "Polygon", "coordinates": [ [ [ 72.78, 19.17 ], [ 72.78, 19.18 ], [ 72.77, 19.18 ], [ 72.77, 19.17 ], [ 72.78, 19.17 ] ] ] } },
{ "type": "Feature", "properties": { "cell_id": "r28_c1", "mean_dem": 0.0 }, "geometry": { "type": "Polygon", "coordinates": [ [ [ 72.79, 19.17 ], [ 72.79, 19.18 ], [ 72.78, 19.18 ], [ 72.78, 19.17 ], [ 72.79, 19.17 ] ] ] } },
{ "type": "Feature", "properties": { "cell_id": "r28_c2", "mean_dem": 3.18519151457151 }, "geometry": { "type": "Polygon", "coordinates": [ [ [ 72.8, 19.17 ], [ 72.8, 19.18 ], [ 72.79, 19.18 ], [ 72.79, 19.17 ], [ 72.8, 19.17 ] ] ] } },
{ "type": "Feature", "properties": { "cell_id": "r28_c3", "mean_dem": 3.7281335793946386 }, "geometry": { "type": "Polygon", "coordinates": [ [ [ 72.81, 19.17 ], [ 72.81, 19.18 ], [ 72.8, 19.18 ], [ 72.8, 19.17 ], [ 72.81, 19.17 ] ] ] } },
{ "type": "Feature", "properties": { "cell_id": "r28_c4", "mean_dem": 3.4412908187242746 }, "geometry": { "type": "Polygon", "coordinates": [ [ [ 72.82, 19.17 ], [ 72.82, 19.18 ], [ 72.81, 19.18 ], [ 72.81, 19.17 ], [ 72.82, 19.17 ] ] ] } },
{ "type": "Feature", "properties": { "cell_id": "r28_c5", "mean_dem": 1.9194862387411753 }, "geometry": { "type": "Polygon", "coordinates": [ [ [ 72.83, 19.17 ], [ 72.83, 19.18 ], [ 72.82, 19.18 ], [ 72.82, 19.17 ], [ 72.83, 19.17 ] ] ] } },
{ "type": "Feature", "properties": { "cell_id": "r28_c6", "mean_dem": 5.4764005456652916 }, "geometry": { "type": "Polygon", "coordinates": [ [ [ 72.84, 19.17 ], [ 72.84, 19.18 ], [ 72.83, 19.18 ], [ 72.83, 19.17 ], [ 72.84, 19.17 ] ] ] } },
{ "type": "Feature", "properties": { "cell_id": "r28_c7", "mean_dem": 12.532867172702529 }, "geometry": { "type": "Polygon", "coordinates": [ [ [ 72.85, 19.17 ], [ 72.85, 19.18 ], [ 72.84, 19.18 ], [ 72.84, 19.17 ], [ 72.85, 19.17 ] ] ] } },
{ "type": "Feature", "properties": { "cell_id": "r28_c8", "mean_dem": 31.426804710975652 }, "geometry": { "type": "Polygon", "coordinates": [ [ [ 72.86, 19.17 ], [ 72.86, 19.18 ], [ 72.85, 19.18 ], [ 72.85, 19.17 ], [ 72.86, 19.17 ] ] ] } },
{ "type": "Feature", "properties": { "cell_id": "r28_c9", "mean_dem": 41.585731537812983 }, "geometry": { "type": "Polygon", "coordinates": [ [ [ 72.87, 19.17 ], [ 72.87, 19.18 ], [ 72.86, 19.18 ], [ 72.86, 19.17 ], [ 72.87, 19.17 ] ] ] } },
{ "type": "Feature", "properties": { "cell_id": "r28_c10", "mean_dem": 52.384559083193722 }, "geometry": { "type": "Polygon", "coordinates": [ [ [ 72.88, 19.17 ], [ 72.88, 19.18 ], [ 72.87, 19.18 ], [ 72.87, 19.17 ], [ 72.88, 19.17 ] ] ] } },
{ "type": "Feature", "properties": { "cell_id": "r28_c11", "mean_dem": 136.94428304509302 }, "geometry": { "type": "Polygon", "coordinates": [ [ [ 72.89, 19.17 ], [ 72.89, 19.18 ], [ 72.88, 19.18 ], [ 72.88, 19.17 ], [ 72.89, 19.17 ] ] ] } },
{ "type": "Feature", "properties": { "cell_id": "r28_c12", "mean_dem": 266.56083965878145 }, "geometry": { "type": "Polygon", "coordinates": [ [ [ 72.9, 19.17 ], [ 72.9, 19.18 ], [ 72.89, 19.18 ], [ 72.89, 19.17 ], [ 72.9, 19.17 ] ] ] } },
{ "type": "Feature", "properties": { "cell_id": "r28_c13", "mean_dem": 166.82908044831163 }, "geometry": { "type": "Polygon", "coordinates": [ [ [ 72.91, 19.17 ], [ 72.91, 19.18 ], [ 72.9, 19.18 ], [ 72.9, 19.17 ], [ 72.91, 19.17 ] ] ] } },
{ "type": "Feature", "properties": { "cell_id": "r28_c14", "mean_dem": 77.56434743971694 }, "geometry": { "type": "Polygon", "coordinates": [ [ [ 72.92, 19.17 ], [ 72.92, 19.18 ], [ 72.91, 19.18 ], [ 72.91, 19.17 ], [ 72.92, 19.17 ] ] ] } },
{ "type": "Feature", "properties": { "cell_id": "r28_c15", "mean_dem": 130.5116449963684 }, "geometry": { "type": "Polygon", "coordinates": [ [ [ 72.93, 19.17 ], [ 72.93, 19.18 ], [ 72.92, 19.18 ], [ 72.92, 19.17 ], [ 72.93, 19.17 ] ] ] } },
{ "type": "Feature", "properties": { "cell_id": "r28_c16", "mean_dem": 81.499816289038478 }, "geometry": { "type": "Polygon", "coordinates": [ [ [ 72.94, 19.17 ], [ 72.94, 19.18 ], [ 72.93, 19.18 ], [ 72.93, 19.17 ], [ 72.94, 19.17 ] ] ] } },
{ "type": "Feature", "properties": { "cell_id": "r28_c17", "mean_dem": 24.425488827810103 }, "geometry": { "type": "Polygon", "coordinates": [ [ [ 72.95, 19.17 ], [ 72.95, 19.18 ], [ 72.94, 19.18 ], [ 72.94, 19.17 ], [ 72.95, 19.17 ] ] ] } },
{ "type": "Feature", "properties": { "cell_id": "r28_c18", "mean_dem": 15.620584281694621 }, "geometry": { "type": "Polygon", "coordinates": [ [ [ 72.96, 19.17 ], [ 72.96, 19.18 ], [ 72.95, 19.18 ], [ 72.95, 19.17 ], [ 72.96, 19.17 ] ] ] } },
{ "type": "Feature", "properties": { "cell_id": "r28_c19", "mean_dem": 8.7904219928452498 }, "geometry": { "type": "Polygon", "coordinates": [ [ [ 72.97, 19.17 ], [ 72.97, 19.18 ], [ 72.96, 19.18 ], [ 72.96, 19.17 ], [ 72.97, 19.17 ] ] ] } },
{ "type": "Feature", "properties": { "cell_id": "r28_c20", "mean_dem": 3.2903744000911406 }, "geometry": { "type": "Polygon", "coordinates": [ [ [ 72.980000000000103, 19.17 ], [ 72.980000000000103, 19.18 ], [ 72.97, 19.18 ], [ 72.97, 19.17 ], [ 72.980000000000103, 19.17 ] ] ] } },
{ "type": "Feature", "properties": { "cell_id": "r28_c21", "mean_dem": 1.2627038265996375 }, "geometry": { "type": "Polygon", "coordinates": [ [ [ 72.99, 19.17 ], [ 72.99, 19.18 ], [ 72.980000000000103, 19.18 ], [ 72.980000000000103, 19.17 ], [ 72.99, 19.17 ] ] ] } },
{ "type": "Feature", "properties": { "cell_id": "r29_c0", "mean_dem": 0.0 }, "geometry": { "type": "Polygon", "coordinates": [ [ [ 72.78, 19.18 ], [ 72.78, 19.19 ], [ 72.77, 19.19 ], [ 72.77, 19.18 ], [ 72.78, 19.18 ] ] ] } },
{ "type": "Feature", "properties": { "cell_id": "r29_c1", "mean_dem": 0.0 }, "geometry": { "type": "Polygon", "coordinates": [ [ [ 72.79, 19.18 ], [ 72.79, 19.19 ], [ 72.78, 19.19 ], [ 72.78, 19.18 ], [ 72.79, 19.18 ] ] ] } },
{ "type": "Feature", "properties": { "cell_id": "r29_c2", "mean_dem": 3.0643415599766448 }, "geometry": { "type": "Polygon", "coordinates": [ [ [ 72.8, 19.18 ], [ 72.8, 19.19 ], [ 72.79, 19.19 ], [ 72.79, 19.18 ], [ 72.8, 19.18 ] ] ] } },
{ "type": "Feature", "properties": { "cell_id": "r29_c3", "mean_dem": 6.7416776075026137 }, "geometry": { "type": "Polygon", "coordinates": [ [ [ 72.81, 19.18 ], [ 72.81, 19.19 ], [ 72.8, 19.19 ], [ 72.8, 19.18 ], [ 72.81, 19.18 ] ] ] } },
{ "type": "Feature", "properties": { "cell_id": "r29_c4", "mean_dem": 6.1526106819787083 }, "geometry": { "type": "Polygon", "coordinates": [ [ [ 72.82, 19.18 ], [ 72.82, 19.19 ], [ 72.81, 19.19 ], [ 72.81, 19.18 ], [ 72.82, 19.18 ] ] ] } },
{ "type": "Feature", "properties": { "cell_id": "r29_c5", "mean_dem": 3.5238137287855502 }, "geometry": { "type": "Polygon", "coordinates": [ [ [ 72.83, 19.18 ], [ 72.83, 19.19 ], [ 72.82, 19.19 ], [ 72.82, 19.18 ], [ 72.83, 19.18 ] ] ] } },
{ "type": "Feature", "properties": { "cell_id": "r29_c6", "mean_dem": 5.6562621927428731 }, "geometry": { "type": "Polygon", "coordinates": [ [ [ 72.84, 19.18 ], [ 72.84, 19.19 ], [ 72.83, 19.19 ], [ 72.83, 19.18 ], [ 72.84, 19.18 ] ] ] } },
{ "type": "Feature", "properties": { "cell_id": "r29_c7", "mean_dem": 16.500155228641834 }, "geometry": { "type": "Polygon", "coordinates": [ [ [ 72.85, 19.18 ], [ 72.85, 19.19 ], [ 72.84, 19.19 ], [ 72.84, 19.18 ], [ 72.85, 19.18 ] ] ] } },
{ "type": "Feature", "properties": { "cell_id": "r29_c8", "mean_dem": 27.85039661630039 }, "geometry": { "type": "Polygon", "coordinates": [ [ [ 72.86, 19.18 ], [ 72.86, 19.19 ], [ 72.85, 19.19 ], [ 72.85, 19.18 ], [ 72.86, 19.18 ] ] ] } },
{ "type": "Feature", "properties": { "cell_id": "r29_c9", "mean_dem": 39.416267915328014 }, "geometry": { "type": "Polygon", "coordinates": [ [ [ 72.87, 19.18 ], [ 72.87, 19.19 ], [ 72.86, 19.19 ], [ 72.86, 19.18 ], [ 72.87, 19.18 ] ] ] } },
{ "type": "Feature", "properties": { "cell_id": "r29_c10", "mean_dem": 74.231825819497075 }, "geometry": { "type": "Polygon", "coordinates": [ [ [ 72.88, 19.18 ], [ 72.88, 19.19 ], [ 72.87, 19.19 ], [ 72.87, 19.18 ], [ 72.88, 19.18 ] ] ] } },
{ "type": "Feature", "properties": { "cell_id": "r29_c11", "mean_dem": 163.6764380011106 }, "geometry": { "type": "Polygon", "coordinates": [ [ [ 72.89, 19.18 ], [ 72.89, 19.19 ], [ 72.88, 19.19 ], [ 72.88, 19.18 ], [ 72.89, 19.18 ] ] ] } },
{ "type": "Feature", "properties": { "cell_id": "r29_c12", "mean_dem": 283.7627771321803 }, "geometry": { "type": "Polygon", "coordinates": [ [ [ 72.9, 19.18 ], [ 72.9, 19.19 ], [ 72.89, 19.19 ], [ 72.89, 19.18 ], [ 72.9, 19.18 ] ] ] } },
{ "type": "Feature", "properties": { "cell_id": "r29_c13", "mean_dem": 259.040778020826 }, "geometry": { "type": "Polygon", "coordinates": [ [ [ 72.91, 19.18 ], [ 72.91, 19.19 ], [ 72.9, 19.19 ], [ 72.9, 19.18 ], [ 72.91, 19.18 ] ] ] } },
{ "type": "Feature", "properties": { "cell_id": "r29_c14", "mean_dem": 121.49983195383575 }, "geometry": { "type": "Polygon", "coordinates": [ [ [ 72.92, 19.18 ], [ 72.92, 19.19 ], [ 72.91, 19.19 ], [ 72.91, 19.18 ], [ 72.92, 19.18 ] ] ] } },
{ "type": "Feature", "properties": { "cell_id": "r29_c15", "mean_dem": 145.77563622381373 }, "geometry": { "type": "Polygon", "coordinates": [ [ [ 72.93, 19.18 ], [ 72.93, 19.19 ], [ 72.92, 19.19 ], [ 72.92, 19.18 ], [ 72.93, 19.18 ] ] ] } },
{ "type": "Feature", "properties": { "cell_id": "r29_c16", "mean_dem": 160.81568573837373 }, "geometry": { "type": "Polygon", "coordinates": [ [ [ 72.94, 19.18 ], [ 72.94, 19.19 ], [ 72.93, 19.19 ], [ 72.93, 19.18 ], [ 72.94, 19.18 ] ] ] } },
{ "type": "Feature", "properties": { "cell_id": "r29_c17", "mean_dem": 36.539695695764138 }, "geometry": { "type": "Polygon", "coordinates": [ [ [ 72.95, 19.18 ], [ 72.95, 19.19 ], [ 72.94, 19.19 ], [ 72.94, 19.18 ], [ 72.95, 19.18 ] ] ] } },
{ "type": "Feature", "properties": { "cell_id": "r29_c18", "mean_dem": 19.533340927861463 }, "geometry": { "type": "Polygon", "coordinates": [ [ [ 72.96, 19.18 ], [ 72.96, 19.19 ], [ 72.95, 19.19 ], [ 72.95, 19.18 ], [ 72.96, 19.18 ] ] ] } },
{ "type": "Feature", "properties": { "cell_id": "r29_c19", "mean_dem": 14.971842378843334 }, "geometry": { "type": "Polygon", "coordinates": [ [ [ 72.97, 19.18 ], [ 72.97, 19.19 ], [ 72.96, 19.19 ], [ 72.96, 19.18 ], [ 72.97, 19.18 ] ] ] } },
{ "type": "Feature", "properties": { "cell_id": "r29_c20", "mean_dem": 11.839556702440355 }, "geometry": { "type": "Polygon", "coordinates": [ [ [ 72.980000000000103, 19.18 ], [ 72.980000000000103, 19.19 ], [ 72.97, 19.19 ], [ 72.97, 19.18 ], [ 72.980000000000103, 19.18 ] ] ] } },
{ "type": "Feature", "properties": { "cell_id": "r29_c21", "mean_dem": 3.9434542119534264 }, "geometry": { "type": "Polygon", "coordinates": [ [ [ 72.99, 19.18 ], [ 72.99, 19.19 ], [ 72.980000000000103, 19.19 ], [ 72.980000000000103, 19.18 ], [ 72.99, 19.18 ] ] ] } },
{ "type": "Feature", "properties": { "cell_id": "r30_c0", "mean_dem": 0.0 }, "geometry": { "type": "Polygon", "coordinates": [ [ [ 72.78, 19.19 ], [ 72.78, 19.2 ], [ 72.77, 19.2 ], [ 72.77, 19.19 ], [ 72.78, 19.19 ] ] ] } },
{ "type": "Feature", "properties": { "cell_id": "r30_c1", "mean_dem": 5.5410658700029156 }, "geometry": { "type": "Polygon", "coordinates": [ [ [ 72.79, 19.19 ], [ 72.79, 19.2 ], [ 72.78, 19.2 ], [ 72.78, 19.19 ], [ 72.79, 19.19 ] ] ] } },
{ "type": "Feature", "properties": { "cell_id": "r30_c2", "mean_dem": 4.0327113450212382 }, "geometry": { "type": "Polygon", "coordinates": [ [ [ 72.8, 19.19 ], [ 72.8, 19.2 ], [ 72.79, 19.2 ], [ 72.79, 19.19 ], [ 72.8, 19.19 ] ] ] } },
{ "type": "Feature", "properties": { "cell_id": "r30_c3", "mean_dem": 6.3219142974302747 }, "geometry": { "type": "Polygon", "coordinates": [ [ [ 72.81, 19.19 ], [ 72.81, 19.2 ], [ 72.8, 19.2 ], [ 72.8, 19.19 ], [ 72.81, 19.19 ] ] ] } },
{ "type": "Feature", "properties": { "cell_id": "r30_c4", "mean_dem": 10.891946310636163 }, "geometry": { "type": "Polygon", "coordinates": [ [ [ 72.82, 19.19 ], [ 72.82, 19.2 ], [ 72.81, 19.2 ], [ 72.81, 19.19 ], [ 72.82, 19.19 ] ] ] } },
{ "type": "Feature", "properties": { "cell_id": "r30_c5", "mean_dem": 4.7284922884119585 }, "geometry": { "type": "Polygon", "coordinates": [ [ [ 72.83, 19.19 ], [ 72.83, 19.2 ], [ 72.82, 19.2 ], [ 72.82, 19.19 ], [ 72.83, 19.19 ] ] ] } },
{ "type": "Feature", "properties": { "cell_id": "r30_c6", "mean_dem": 8.9595747892028399 }, "geometry": { "type": "Polygon", "coordinates": [ [ [ 72.84, 19.19 ], [ 72.84, 19.2 ], [ 72.83, 19.2 ], [ 72.83, 19.19 ], [ 72.84, 19.19 ] ] ] } },
{ "type": "Feature", "properties": { "cell_id": "r30_c7", "mean_dem": 14.852992606768932 }, "geometry": { "type": "Polygon", "coordinates": [ [ [ 72.85, 19.19 ], [ 72.85, 19.2 ], [ 72.84, 19.2 ], [ 72.84, 19.19 ], [ 72.85, 19.19 ] ] ] } },
{ "type": "Feature", "properties": { "cell_id": "r30_c8", "mean_dem": 21.056329243703143 }, "geometry": { "type": "Polygon", "coordinates": [ [ [ 72.86, 19.19 ], [ 72.86, 19.2 ], [ 72.85, 19.2 ], [ 72.85, 19.19 ], [ 72.86, 19.19 ] ] ] } },
{ "type": "Feature", "properties": { "cell_id": "r30_c9", "mean_dem": 30.401592002961802 }, "geometry": { "type": "Polygon", "coordinates": [ [ [ 72.87, 19.19 ], [ 72.87, 19.2 ], [ 72.86, 19.2 ], [ 72.86, 19.19 ], [ 72.87, 19.19 ] ] ] } },
{ "type": "Feature", "properties": { "cell_id": "r30_c10", "mean_dem": 45.22376184618178 }, "geometry": { "type": "Polygon", "coordinates": [ [ [ 72.88, 19.19 ], [ 72.88, 19.2 ], [ 72.87, 19.2 ], [ 72.87, 19.19 ], [ 72.88, 19.19 ] ] ] } },
{ "type": "Feature", "properties": { "cell_id": "r30_c11", "mean_dem": 126.13415790687756 }, "geometry": { "type": "Polygon", "coordinates": [ [ [ 72.89, 19.19 ], [ 72.89, 19.2 ], [ 72.88, 19.2 ], [ 72.88, 19.19 ], [ 72.89, 19.19 ] ] ] } },
{ "type": "Feature", "properties": { "cell_id": "r30_c12", "mean_dem": 185.92221421634619 }, "geometry": { "type": "Polygon", "coordinates": [ [ [ 72.9, 19.19 ], [ 72.9, 19.2 ], [ 72.89, 19.2 ], [ 72.89, 19.19 ], [ 72.9, 19.19 ] ] ] } },
{ "type": "Feature", "properties": { "cell_id": "r30_c13", "mean_dem": 111.23285896147003 }, "geometry": { "type": "Polygon", "coordinates": [ [ [ 72.91, 19.19 ], [ 72.91, 19.2 ], [ 72.9, 19.2 ], [ 72.9, 19.19 ], [ 72.91, 19.19 ] ] ] } },
{ "type": "Feature", "properties": { "cell_id": "r30_c14", "mean_dem": 127.21165604859685 }, "geometry": { "type": "Polygon", "coordinates": [ [ [ 72.92, 19.19 ], [ 72.92, 19.2 ], [ 72.91, 19.2 ], [ 72.91, 19.19 ], [ 72.92, 19.19 ] ] ] } },
{ "type": "Feature", "properties": { "cell_id": "r30_c15", "mean_dem": 130.50679091279284 }, "geometry": { "type": "Polygon", "coordinates": [ [ [ 72.93, 19.19 ], [ 72.93, 19.2 ], [ 72.92, 19.2 ], [ 72.92, 19.19 ], [ 72.93, 19.19 ] ] ] } },
{ "type": "Feature", "properties": { "cell_id": "r30_c16", "mean_dem": 209.669241197042 }, "geometry": { "type": "Polygon", "coordinates": [ [ [ 72.94, 19.19 ], [ 72.94, 19.2 ], [ 72.93, 19.2 ], [ 72.93, 19.19 ], [ 72.94, 19.19 ] ] ] } },
{ "type": "Feature", "properties": { "cell_id": "r30_c17", "mean_dem": 52.38501124939468 }, "geometry": { "type": "Polygon", "coordinates": [ [ [ 72.95, 19.19 ], [ 72.95, 19.2 ], [ 72.94, 19.2 ], [ 72.94, 19.19 ], [ 72.95, 19.19 ] ] ] } },
{ "type": "Feature", "properties": { "cell_id": "r30_c18", "mean_dem": 28.442930449243566 }, "geometry": { "type": "Polygon", "coordinates": [ [ [ 72.96, 19.19 ], [ 72.96, 19.2 ], [ 72.95, 19.2 ], [ 72.95, 19.19 ], [ 72.96, 19.19 ] ] ] } },
{ "type": "Feature", "properties": { "cell_id": "r30_c19", "mean_dem": 19.821380054737343 }, "geometry": { "type": "Polygon", "coordinates": [ [ [ 72.97, 19.19 ], [ 72.97, 19.2 ], [ 72.96, 19.2 ], [ 72.96, 19.19 ], [ 72.97, 19.19 ] ] ] } },
{ "type": "Feature", "properties": { "cell_id": "r30_c20", "mean_dem": 12.965440347219818 }, "geometry": { "type": "Polygon", "coordinates": [ [ [ 72.980000000000103, 19.19 ], [ 72.980000000000103, 19.2 ], [ 72.97, 19.2 ], [ 72.97, 19.19 ], [ 72.980000000000103, 19.19 ] ] ] } },
{ "type": "Feature", "properties": { "cell_id": "r30_c21", "mean_dem": 5.5529246919240833 }, "geometry": { "type": "Polygon", "coordinates": [ [ [ 72.99, 19.19 ], [ 72.99, 19.2 ], [ 72.980000000000103, 19.2 ], [ 72.980000000000103, 19.19 ], [ 72.99, 19.19 ] ] ] } },
{ "type": "Feature", "properties": { "cell_id": "r31_c0", "mean_dem": 0.018486921001882914 }, "geometry": { "type": "Polygon", "coordinates": [ [ [ 72.78, 19.2 ], [ 72.78, 19.21 ], [ 72.77, 19.21 ], [ 72.77, 19.2 ], [ 72.78, 19.2 ] ] ] } },
{ "type": "Feature", "properties": { "cell_id": "r31_c1", "mean_dem": 3.8224504852488326 }, "geometry": { "type": "Polygon", "coordinates": [ [ [ 72.79, 19.2 ], [ 72.79, 19.21 ], [ 72.78, 19.21 ], [ 72.78, 19.2 ], [ 72.79, 19.2 ] ] ] } },
{ "type": "Feature", "properties": { "cell_id": "r31_c2", "mean_dem": 0.79745000128183696 }, "geometry": { "type": "Polygon", "coordinates": [ [ [ 72.8, 19.2 ], [ 72.8, 19.21 ], [ 72.79, 19.21 ], [ 72.79, 19.2 ], [ 72.8, 19.2 ] ] ] } },
{ "type": "Feature", "properties": { "cell_id": "r31_c3", "mean_dem": 1.5989643858090095 }, "geometry": { "type": "Polygon", "coordinates": [ [ [ 72.81, 19.2 ], [ 72.81, 19.21 ], [ 72.8, 19.21 ], [ 72.8, 19.2 ], [ 72.81, 19.2 ] ] ] } },
{ "type": "Feature", "properties": { "cell_id": "r31_c4", "mean_dem": 4.5158962789518471 }, "geometry": { "type": "Polygon", "coordinates": [ [ [ 72.82, 19.2 ], [ 72.82, 19.21 ], [ 72.81, 19.21 ], [ 72.81, 19.2 ], [ 72.82, 19.2 ] ] ] } },
{ "type": "Feature", "properties": { "cell_id": "r31_c5", "mean_dem": 7.5576234972366496 }, "geometry": { "type": "Polygon", "coordinates": [ [ [ 72.83, 19.2 ], [ 72.83, 19.21 ], [ 72.82, 19.21 ], [ 72.82, 19.2 ], [ 72.83, 19.2 ] ] ] } },
{ "type": "Feature", "properties": { "cell_id": "r31_c6", "mean_dem": 8.3496090801635017 }, "geometry": { "type": "Polygon", "coordinates": [ [ [ 72.84, 19.2 ], [ 72.84, 19.21 ], [ 72.83, 19.21 ], [ 72.83, 19.2 ], [ 72.84, 19.2 ] ] ] } },
{ "type": "Feature", "properties": { "cell_id": "r31_c7", "mean_dem": 12.58753254447984 }, "geometry": { "type": "Polygon", "coordinates": [ [ [ 72.85, 19.2 ], [ 72.85, 19.21 ], [ 72.84, 19.21 ], [ 72.84, 19.2 ], [ 72.85, 19.2 ] ] ] } },
{ "type": "Feature", "properties": { "cell_id": "r31_c8", "mean_dem": 16.484642182653065 }, "geometry": { "type": "Polygon", "coordinates": [ [ [ 72.86, 19.2 ], [ 72.86, 19.21 ], [ 72.85, 19.21 ], [ 72.85, 19.2 ], [ 72.86, 19.2 ] ] ] } },
{ "type": "Feature", "properties": { "cell_id": "r31_c9", "mean_dem": 20.211167986965105 }, "geometry": { "type": "Polygon", "coordinates": [ [ [ 72.87, 19.2 ], [ 72.87, 19.21 ], [ 72.86, 19.21 ], [ 72.86, 19.2 ], [ 72.87, 19.2 ] ] ] } },
{ "type": "Feature", "properties": { "cell_id": "r31_c10", "mean_dem": 27.773995642205133 }, "geometry": { "type": "Polygon", "coordinates": [ [ [ 72.88, 19.2 ], [ 72.88, 19.21 ], [ 72.87, 19.21 ], [ 72.87, 19.2 ], [ 72.88, 19.2 ] ] ] } },
{ "type": "Feature", "properties": { "cell_id": "r31_c11", "mean_dem": 102.26608917589347 }, "geometry": { "type": "Polygon", "coordinates": [ [ [ 72.89, 19.2 ], [ 72.89, 19.21 ], [ 72.88, 19.21 ], [ 72.88, 19.2 ], [ 72.89, 19.2 ] ] ] } },
{ "type": "Feature", "properties": { "cell_id": "r31_c12", "mean_dem": 88.084202610394939 }, "geometry": { "type": "Polygon", "coordinates": [ [ [ 72.9, 19.2 ], [ 72.9, 19.21 ], [ 72.89, 19.21 ], [ 72.89, 19.2 ], [ 72.9, 19.2 ] ] ] } },
{ "type": "Feature", "properties": { "cell_id": "r31_c13", "mean_dem": 121.41227945239825 }, "geometry": { "type": "Polygon", "coordinates": [ [ [ 72.91, 19.2 ], [ 72.91, 19.21 ], [ 72.9, 19.21 ], [ 72.9, 19.2 ], [ 72.91, 19.2 ] ] ] } },
{ "type": "Feature", "properties": { "cell_id": "r31_c14", "mean_dem": 214.19816155211282 }, "geometry": { "type": "Polygon", "coordinates": [ [ [ 72.92, 19.2 ], [ 72.92, 19.21 ], [ 72.91, 19.21 ], [ 72.91, 19.2 ], [ 72.92, 19.2 ] ] ] } },
{ "type": "Feature", "properties": { "cell_id": "r31_c15", "mean_dem": 164.00662283725183 }, "geometry": { "type": "Polygon", "coordinates": [ [ [ 72.93, 19.2 ], [ 72.93, 19.21 ], [ 72.92, 19.21 ], [ 72.92, 19.2 ], [ 72.93, 19.2 ] ] ] } },
{ "type": "Feature", "properties": { "cell_id": "r31_c16", "mean_dem": 255.69436191637337 }, "geometry": { "type": "Polygon", "coordinates": [ [ [ 72.94, 19.2 ], [ 72.94, 19.21 ], [ 72.93, 19.21 ], [ 72.93, 19.2 ], [ 72.94, 19.2 ] ] ] } },
{ "type": "Feature", "properties": { "cell_id": "r31_c17", "mean_dem": 87.956708131681637 }, "geometry": { "type": "Polygon", "coordinates": [ [ [ 72.95, 19.2 ], [ 72.95, 19.21 ], [ 72.94, 19.21 ], [ 72.94, 19.2 ], [ 72.95, 19.2 ] ] ] } },
{ "type": "Feature", "properties": { "cell_id": "r31_c18", "mean_dem": 33.508197234928517 }, "geometry": { "type": "Polygon", "coordinates": [ [ [ 72.96, 19.2 ], [ 72.96, 19.21 ], [ 72.95, 19.21 ], [ 72.95, 19.2 ], [ 72.96, 19.2 ] ] ] } },
{ "type": "Feature", "properties": { "cell_id": "r31_c19", "mean_dem": 21.759182929365171 }, "geometry": { "type": "Polygon", "coordinates": [ [ [ 72.97, 19.2 ], [ 72.97, 19.21 ], [ 72.96, 19.21 ], [ 72.96, 19.2 ], [ 72.97, 19.2 ] ] ] } },
{ "type": "Feature", "properties": { "cell_id": "r31_c20", "mean_dem": 13.191954036085221 }, "geometry": { "type": "Polygon", "coordinates": [ [ [ 72.980000000000103, 19.2 ], [ 72.980000000000103, 19.21 ], [ 72.97, 19.21 ], [ 72.97, 19.2 ], [ 72.980000000000103, 19.2 ] ] ] } },
{ "type": "Feature", "properties": { "cell_id": "r31_c21", "mean_dem": 5.7090387031165939 }, "geometry": { "type": "Polygon", "coordinates": [ [ [ 72.99, 19.2 ], [ 72.99, 19.21 ], [ 72.980000000000103, 19.21 ], [ 72.980000000000103, 19.2 ], [ 72.99, 19.2 ] ] ] } },
{ "type": "Feature", "properties": { "cell_id": "r32_c0", "mean_dem": 0.074128084991241641 }, "geometry": { "type": "Polygon", "coordinates": [ [ [ 72.78, 19.21 ], [ 72.78, 19.22 ], [ 72.77, 19.22 ], [ 72.77, 19.21 ], [ 72.78, 19.21 ] ] ] } },
{ "type": "Feature", "properties": { "cell_id": "r32_c1", "mean_dem": 8.3632122360044825 }, "geometry": { "type": "Polygon", "coordinates": [ [ [ 72.79, 19.21 ], [ 72.79, 19.22 ], [ 72.78, 19.22 ], [ 72.78, 19.21 ], [ 72.79, 19.21 ] ] ] } },
{ "type": "Feature", "properties": { "cell_id": "r32_c2", "mean_dem": 5.5369644596603695 }, "geometry": { "type": "Polygon", "coordinates": [ [ [ 72.8, 19.21 ], [ 72.8, 19.22 ], [ 72.79, 19.22 ], [ 72.79, 19.21 ], [ 72.8, 19.21 ] ] ] } },
{ "type": "Feature", "properties": { "cell_id": "r32_c3", "mean_dem": 0.34553200942098489 }, "geometry": { "type": "Polygon", "coordinates": [ [ [ 72.81, 19.21 ], [ 72.81, 19.22 ], [ 72.8, 19.22 ], [ 72.8, 19.21 ], [ 72.81, 19.21 ] ] ] } },
{ "type": "Feature", "properties": { "cell_id": "r32_c4", "mean_dem": 3.684962759367115 }, "geometry": { "type": "Polygon", "coordinates": [ [ [ 72.82, 19.21 ], [ 72.82, 19.22 ], [ 72.81, 19.22 ], [ 72.81, 19.21 ], [ 72.82, 19.21 ] ] ] } },
{ "type": "Feature", "properties": { "cell_id": "r32_c5", "mean_dem": 5.5880566743956699 }, "geometry": { "type": "Polygon", "coordinates": [ [ [ 72.83, 19.21 ], [ 72.83, 19.22 ], [ 72.82, 19.22 ], [ 72.82, 19.21 ], [ 72.83, 19.21 ] ] ] } },
{ "type": "Feature", "properties": { "cell_id": "r32_c6", "mean_dem": 7.1877760721781776 }, "geometry": { "type": "Polygon", "coordinates": [ [ [ 72.84, 19.21 ], [ 72.84, 19.22 ], [ 72.83, 19.22 ], [ 72.83, 19.21 ], [ 72.84, 19.21 ] ] ] } },
{ "type": "Feature", "properties": { "cell_id": "r32_c7", "mean_dem": 10.364171052931377 }, "geometry": { "type": "Polygon", "coordinates": [ [ [ 72.85, 19.21 ], [ 72.85, 19.22 ], [ 72.84, 19.22 ], [ 72.84, 19.21 ], [ 72.85, 19.21 ] ] ] } },
{ "type": "Feature", "properties": { "cell_id": "r32_c8", "mean_dem": 15.133151616651805 }, "geometry": { "type": "Polygon", "coordinates": [ [ [ 72.86, 19.21 ], [ 72.86, 19.22 ], [ 72.85, 19.22 ], [ 72.85, 19.21 ], [ 72.86, 19.21 ] ] ] } },
{ "type": "Feature", "properties": { "cell_id": "r32_c9", "mean_dem": 21.54327591314054 }, "geometry": { "type": "Polygon", "coordinates": [ [ [ 72.87, 19.21 ], [ 72.87, 19.22 ], [ 72.86, 19.22 ], [ 72.86, 19.21 ], [ 72.87, 19.21 ] ] ] } },
{ "type": "Feature", "properties": { "cell_id": "r32_c10", "mean_dem": 26.575991365070639 }, "geometry": { "type": "Polygon", "coordinates": [ [ [ 72.88, 19.21 ], [ 72.88, 19.22 ], [ 72.87, 19.22 ], [ 72.87, 19.21 ], [ 72.88, 19.21 ] ] ] } },
{ "type": "Feature", "properties": { "cell_id": "r32_c11", "mean_dem": 67.128401144989112 }, "geometry": { "type": "Polygon", "coordinates": [ [ [ 72.89, 19.21 ], [ 72.89, 19.22 ], [ 72.88, 19.22 ], [ 72.88, 19.21 ], [ 72.89, 19.21 ] ] ] } },
{ "type": "Feature", "properties": { "cell_id": "r32_c12", "mean_dem": 101.52561407706131 }, "geometry": { "type": "Polygon", "coordinates": [ [ [ 72.9, 19.21 ], [ 72.9, 19.22 ], [ 72.89, 19.22 ], [ 72.89, 19.21 ], [ 72.9, 19.21 ] ] ] } },
{ "type": "Feature", "properties": { "cell_id": "r32_c13", "mean_dem": 177.83794129793898 }, "geometry": { "type": "Polygon", "coordinates": [ [ [ 72.91, 19.21 ], [ 72.91, 19.22 ], [ 72.9, 19.22 ], [ 72.9, 19.21 ], [ 72.91, 19.21 ] ] ] } },
{ "type": "Feature", "properties": { "cell_id": "r32_c14", "mean_dem": 363.19002888115352 }, "geometry": { "type": "Polygon", "coordinates": [ [ [ 72.92, 19.21 ], [ 72.92, 19.22 ], [ 72.91, 19.22 ], [ 72.91, 19.21 ], [ 72.92, 19.21 ] ] ] } },
{ "type": "Feature", "properties": { "cell_id": "r32_c15", "mean_dem": 312.63485096626175 }, "geometry": { "type": "Polygon", "coordinates": [ [ [ 72.93, 19.21 ], [ 72.93, 19.22 ], [ 72.92, 19.22 ], [ 72.92, 19.21 ], [ 72.93, 19.21 ] ] ] } },
{ "type": "Feature", "properties": { "cell_id": "r32_c16", "mean_dem": 253.60877651696384 }, "geometry": { "type": "Polygon", "coordinates": [ [ [ 72.94, 19.21 ], [ 72.94, 19.22 ], [ 72.93, 19.22 ], [ 72.93, 19.21 ], [ 72.94, 19.21 ] ] ] } },
{ "type": "Feature", "properties": { "cell_id": "r32_c17", "mean_dem": 174.34460090687429 }, "geometry": { "type": "Polygon", "coordinates": [ [ [ 72.95, 19.21 ], [ 72.95, 19.22 ], [ 72.94, 19.22 ], [ 72.94, 19.21 ], [ 72.95, 19.21 ] ] ] } },
{ "type": "Feature", "properties": { "cell_id": "r32_c18", "mean_dem": 39.712509825364691 }, "geometry": { "type": "Polygon", "coordinates": [ [ [ 72.96, 19.21 ], [ 72.96, 19.22 ], [ 72.95, 19.22 ], [ 72.95, 19.21 ], [ 72.96, 19.21 ] ] ] } },
{ "type": "Feature", "properties": { "cell_id": "r32_c19", "mean_dem": 26.82440130334718 }, "geometry": { "type": "Polygon", "coordinates": [ [ [ 72.97, 19.21 ], [ 72.97, 19.22 ], [ 72.96, 19.22 ], [ 72.96, 19.21 ], [ 72.97, 19.21 ] ] ] } },
{ "type": "Feature", "properties": { "cell_id": "r32_c20", "mean_dem": 15.266944083669387 }, "geometry": { "type": "Polygon", "coordinates": [ [ [ 72.980000000000103, 19.21 ], [ 72.980000000000103, 19.22 ], [ 72.97, 19.22 ], [ 72.97, 19.21 ], [ 72.980000000000103, 19.21 ] ] ] } },
{ "type": "Feature", "properties": { "cell_id": "r32_c21", "mean_dem": 6.3773668740173592 }, "geometry": { "type": "Polygon", "coordinates": [ [ [ 72.99, 19.21 ], [ 72.99, 19.22 ], [ 72.980000000000103, 19.22 ], [ 72.980000000000103, 19.21 ], [ 72.99, 19.21 ] ] ] } },
{ "type": "Feature", "properties": { "cell_id": "r33_c0", "mean_dem": 4.5814067417650621 }, "geometry": { "type": "Polygon", "coordinates": [ [ [ 72.78, 19.22 ], [ 72.78, 19.23 ], [ 72.77, 19.23 ], [ 72.77, 19.22 ], [ 72.78, 19.22 ] ] ] } },
{ "type": "Feature", "properties": { "cell_id": "r33_c1", "mean_dem": 4.8831316790849293 }, "geometry": { "type": "Polygon", "coordinates": [ [ [ 72.79, 19.22 ], [ 72.79, 19.23 ], [ 72.78, 19.23 ], [ 72.78, 19.22 ], [ 72.79, 19.22 ] ] ] } },
{ "type": "Feature", "properties": { "cell_id": "r33_c2", "mean_dem": 1.1360083851710083 }, "geometry": { "type": "Polygon", "coordinates": [ [ [ 72.8, 19.22 ], [ 72.8, 19.23 ], [ 72.79, 19.23 ], [ 72.79, 19.22 ], [ 72.8, 19.22 ] ] ] } },
{ "type": "Feature", "properties": { "cell_id": "r33_c3", "mean_dem": 3.0945399450918791 }, "geometry": { "type": "Polygon", "coordinates": [ [ [ 72.81, 19.22 ], [ 72.81, 19.23 ], [ 72.8, 19.23 ], [ 72.8, 19.22 ], [ 72.81, 19.22 ] ] ] } },
{ "type": "Feature", "properties": { "cell_id": "r33_c4", "mean_dem": 1.7918859799029352 }, "geometry": { "type": "Polygon", "coordinates": [ [ [ 72.82, 19.22 ], [ 72.82, 19.23 ], [ 72.81, 19.23 ], [ 72.81, 19.22 ], [ 72.82, 19.22 ] ] ] } },
{ "type": "Feature", "properties": { "cell_id": "r33_c5", "mean_dem": 3.3815398551240698 }, "geometry": { "type": "Polygon", "coordinates": [ [ [ 72.83, 19.22 ], [ 72.83, 19.23 ], [ 72.82, 19.23 ], [ 72.82, 19.22 ], [ 72.83, 19.22 ] ] ] } },
{ "type": "Feature", "properties": { "cell_id": "r33_c6", "mean_dem": 5.2417068225055061 }, "geometry": { "type": "Polygon", "coordinates": [ [ [ 72.84, 19.22 ], [ 72.84, 19.23 ], [ 72.83, 19.23 ], [ 72.83, 19.22 ], [ 72.84, 19.22 ] ] ] } },
{ "type": "Feature", "properties": { "cell_id": "r33_c7", "mean_dem": 13.390816187025786 }, "geometry": { "type": "Polygon", "coordinates": [ [ [ 72.85, 19.22 ], [ 72.85, 19.23 ], [ 72.84, 19.23 ], [ 72.84, 19.22 ], [ 72.85, 19.22 ] ] ] } },
{ "type": "Feature", "properties": { "cell_id": "r33_c8", "mean_dem": 18.426450315583196 }, "geometry": { "type": "Polygon", "coordinates": [ [ [ 72.86, 19.22 ], [ 72.86, 19.23 ], [ 72.85, 19.23 ], [ 72.85, 19.22 ], [ 72.86, 19.22 ] ] ] } },
{ "type": "Feature", "properties": { "cell_id": "r33_c9", "mean_dem": 28.335008088955721 }, "geometry": { "type": "Polygon", "coordinates": [ [ [ 72.87, 19.22 ], [ 72.87, 19.23 ], [ 72.86, 19.23 ], [ 72.86, 19.22 ], [ 72.87, 19.22 ] ] ] } },
{ "type": "Feature", "properties": { "cell_id": "r33_c10", "mean_dem": 34.69476918870734 }, "geometry": { "type": "Polygon", "coordinates": [ [ [ 72.88, 19.22 ], [ 72.88, 19.23 ], [ 72.87, 19.23 ], [ 72.87, 19.22 ], [ 72.88, 19.22 ] ] ] } },
{ "type": "Feature", "properties": { "cell_id": "r33_c11", "mean_dem": 52.587439297056306 }, "geometry": { "type": "Polygon", "coordinates": [ [ [ 72.89, 19.22 ], [ 72.89, 19.23 ], [ 72.88, 19.23 ], [ 72.88, 19.22 ], [ 72.89, 19.22 ] ] ] } },
{ "type": "Feature", "properties": { "cell_id": "r33_c12", "mean_dem": 84.315945826628251 }, "geometry": { "type": "Polygon", "coordinates": [ [ [ 72.9, 19.22 ], [ 72.9, 19.23 ], [ 72.89, 19.23 ], [ 72.89, 19.22 ], [ 72.9, 19.22 ] ] ] } },
{ "type": "Feature", "properties": { "cell_id": "r33_c13", "mean_dem": 162.32835557327809 }, "geometry": { "type": "Polygon", "coordinates": [ [ [ 72.91, 19.22 ], [ 72.91, 19.23 ], [ 72.9, 19.23 ], [ 72.9, 19.22 ], [ 72.91, 19.22 ] ] ] } },
{ "type": "Feature", "properties": { "cell_id": "r33_c14", "mean_dem": 314.07746073701105 }, "geometry": { "type": "Polygon", "coordinates": [ [ [ 72.92, 19.22 ], [ 72.92, 19.23 ], [ 72.91, 19.23 ], [ 72.91, 19.22 ], [ 72.92, 19.22 ] ] ] } },
{ "type": "Feature", "properties": { "cell_id": "r33_c15", "mean_dem": 250.05381164642074 }, "geometry": { "type": "Polygon", "coordinates": [ [ [ 72.93, 19.22 ], [ 72.93, 19.23 ], [ 72.92, 19.23 ], [ 72.92, 19.22 ], [ 72.93, 19.22 ] ] ] } },
{ "type": "Feature", "properties": { "cell_id": "r33_c16", "mean_dem": 168.15309816431477 }, "geometry": { "type": "Polygon", "coordinates": [ [ [ 72.94, 19.22 ], [ 72.94, 19.23 ], [ 72.93, 19.23 ], [ 72.93, 19.22 ], [ 72.94, 19.22 ] ] ] } },
{ "type": "Feature", "properties": { "cell_id": "r33_c17", "mean_dem": 167.55319215596944 }, "geometry": { "type": "Polygon", "coordinates": [ [ [ 72.95, 19.22 ], [ 72.95, 19.23 ], [ 72.94, 19.23 ], [ 72.94, 19.22 ], [ 72.95, 19.22 ] ] ] } },
{ "type": "Feature", "properties": { "cell_id": "r33_c18", "mean_dem": 108.73495077335819 }, "geometry": { "type": "Polygon", "coordinates": [ [ [ 72.96, 19.22 ], [ 72.96, 19.23 ], [ 72.95, 19.23 ], [ 72.95, 19.22 ], [ 72.96, 19.22 ] ] ] } },
{ "type": "Feature", "properties": { "cell_id": "r33_c19", "mean_dem": 38.893889118329831 }, "geometry": { "type": "Polygon", "coordinates": [ [ [ 72.97, 19.22 ], [ 72.97, 19.23 ], [ 72.96, 19.23 ], [ 72.96, 19.22 ], [ 72.97, 19.22 ] ] ] } },
{ "type": "Feature", "properties": { "cell_id": "r33_c20", "mean_dem": 27.314413477833739 }, "geometry": { "type": "Polygon", "coordinates": [ [ [ 72.980000000000103, 19.22 ], [ 72.980000000000103, 19.23 ], [ 72.97, 19.23 ], [ 72.97, 19.22 ], [ 72.980000000000103, 19.22 ] ] ] } },
{ "type": "Feature", "properties": { "cell_id": "r33_c21", "mean_dem": 13.749660348338784 }, "geometry": { "type": "Polygon", "coordinates": [ [ [ 72.99, 19.22 ], [ 72.99, 19.23 ], [ 72.980000000000103, 19.23 ], [ 72.980000000000103, 19.22 ], [ 72.99, 19.22 ] ] ] } },
{ "type": "Feature", "properties": { "cell_id": "r34_c0", "mean_dem": 0.18076392923458987 }, "geometry": { "type": "Polygon", "coordinates": [ [ [ 72.78, 19.23 ], [ 72.78, 19.24 ], [ 72.77, 19.24 ], [ 72.77, 19.23 ], [ 72.78, 19.23 ] ] ] } },
{ "type": "Feature", "properties": { "cell_id": "r34_c1", "mean_dem": 5.5927873073012524 }, "geometry": { "type": "Polygon", "coordinates": [ [ [ 72.79, 19.23 ], [ 72.79, 19.24 ], [ 72.78, 19.24 ], [ 72.78, 19.23 ], [ 72.79, 19.23 ] ] ] } },
{ "type": "Feature", "properties": { "cell_id": "r34_c2", "mean_dem": 0.6926531693299649 }, "geometry": { "type": "Polygon", "coordinates": [ [ [ 72.8, 19.23 ], [ 72.8, 19.24 ], [ 72.79, 19.24 ], [ 72.79, 19.23 ], [ 72.8, 19.23 ] ] ] } },
{ "type": "Feature", "properties": { "cell_id": "r34_c3", "mean_dem": 3.278534144723162 }, "geometry": { "type": "Polygon", "coordinates": [ [ [ 72.81, 19.23 ], [ 72.81, 19.24 ], [ 72.8, 19.24 ], [ 72.8, 19.23 ], [ 72.81, 19.23 ] ] ] } },
{ "type": "Feature", "properties": { "cell_id": "r34_c4", "mean_dem": 0.90588439675107779 }, "geometry": { "type": "Polygon", "coordinates": [ [ [ 72.82, 19.23 ], [ 72.82, 19.24 ], [ 72.81, 19.24 ], [ 72.81, 19.23 ], [ 72.82, 19.23 ] ] ] } },
{ "type": "Feature", "properties": { "cell_id": "r34_c5", "mean_dem": 2.7390478360557662 }, "geometry": { "type": "Polygon", "coordinates": [ [ [ 72.83, 19.23 ], [ 72.83, 19.24 ], [ 72.82, 19.24 ], [ 72.82, 19.23 ], [ 72.83, 19.23 ] ] ] } },
{ "type": "Feature", "properties": { "cell_id": "r34_c6", "mean_dem": 4.079810802806632 }, "geometry": { "type": "Polygon", "coordinates": [ [ [ 72.84, 19.23 ], [ 72.84, 19.24 ], [ 72.83, 19.24 ], [ 72.83, 19.23 ], [ 72.84, 19.23 ] ] ] } },
{ "type": "Feature", "properties": { "cell_id": "r34_c7", "mean_dem": 13.149590893427231 }, "geometry": { "type": "Polygon", "coordinates": [ [ [ 72.85, 19.23 ], [ 72.85, 19.24 ], [ 72.84, 19.24 ], [ 72.84, 19.23 ], [ 72.85, 19.23 ] ] ] } },
{ "type": "Feature", "properties": { "cell_id": "r34_c8", "mean_dem": 18.373786421591905 }, "geometry": { "type": "Polygon", "coordinates": [ [ [ 72.86, 19.23 ], [ 72.86, 19.24 ], [ 72.85, 19.24 ], [ 72.85, 19.23 ], [ 72.86, 19.23 ] ] ] } },
{ "type": "Feature", "properties": { "cell_id": "r34_c9", "mean_dem": 22.988870250704146 }, "geometry": { "type": "Polygon", "coordinates": [ [ [ 72.87, 19.23 ], [ 72.87, 19.24 ], [ 72.86, 19.24 ], [ 72.86, 19.23 ], [ 72.87, 19.23 ] ] ] } },
{ "type": "Feature", "properties": { "cell_id": "r34_c10", "mean_dem": 47.412467572408538 }, "geometry": { "type": "Polygon", "coordinates": [ [ [ 72.88, 19.23 ], [ 72.88, 19.24 ], [ 72.87, 19.24 ], [ 72.87, 19.23 ], [ 72.88, 19.23 ] ] ] } },
{ "type": "Feature", "properties": { "cell_id": "r34_c11", "mean_dem": 72.51066980699494 }, "geometry": { "type": "Polygon", "coordinates": [ [ [ 72.89, 19.23 ], [ 72.89, 19.24 ], [ 72.88, 19.24 ], [ 72.88, 19.23 ], [ 72.89, 19.23 ] ] ] } },
{ "type": "Feature", "properties": { "cell_id": "r34_c12", "mean_dem": 143.40129068270613 }, "geometry": { "type": "Polygon", "coordinates": [ [ [ 72.9, 19.23 ], [ 72.9, 19.24 ], [ 72.89, 19.24 ], [ 72.89, 19.23 ], [ 72.9, 19.23 ] ] ] } },
{ "type": "Feature", "properties": { "cell_id": "r34_c13", "mean_dem": 241.21127442464461 }, "geometry": { "type": "Polygon", "coordinates": [ [ [ 72.91, 19.23 ], [ 72.91, 19.24 ], [ 72.9, 19.24 ], [ 72.9, 19.23 ], [ 72.91, 19.23 ] ] ] } },
{ "type": "Feature", "properties": { "cell_id": "r34_c14", "mean_dem": 251.48941847914281 }, "geometry": { "type": "Polygon", "coordinates": [ [ [ 72.92, 19.23 ], [ 72.92, 19.24 ], [ 72.91, 19.24 ], [ 72.91, 19.23 ], [ 72.92, 19.23 ] ] ] } },
{ "type": "Feature", "properties": { "cell_id": "r34_c15", "mean_dem": 170.0732461673845 }, "geometry": { "type": "Polygon", "coordinates": [ [ [ 72.93, 19.23 ], [ 72.93, 19.24 ], [ 72.92, 19.24 ], [ 72.92, 19.23 ], [ 72.93, 19.23 ] ] ] } },
{ "type": "Feature", "properties": { "cell_id": "r34_c16", "mean_dem": 130.6420139492098 }, "geometry": { "type": "Polygon", "coordinates": [ [ [ 72.94, 19.23 ], [ 72.94, 19.24 ], [ 72.93, 19.24 ], [ 72.93, 19.23 ], [ 72.94, 19.23 ] ] ] } },
{ "type": "Feature", "properties": { "cell_id": "r34_c17", "mean_dem": 117.61049010198462 }, "geometry": { "type": "Polygon", "coordinates": [ [ [ 72.95, 19.23 ], [ 72.95, 19.24 ], [ 72.94, 19.24 ], [ 72.94, 19.23 ], [ 72.95, 19.23 ] ] ] } },
{ "type": "Feature", "properties": { "cell_id": "r34_c18", "mean_dem": 184.61710918990312 }, "geometry": { "type": "Polygon", "coordinates": [ [ [ 72.96, 19.23 ], [ 72.96, 19.24 ], [ 72.95, 19.24 ], [ 72.95, 19.23 ], [ 72.96, 19.23 ] ] ] } },
{ "type": "Feature", "properties": { "cell_id": "r34_c19", "mean_dem": 75.33100181983356 }, "geometry": { "type": "Polygon", "coordinates": [ [ [ 72.97, 19.23 ], [ 72.97, 19.24 ], [ 72.96, 19.24 ], [ 72.96, 19.23 ], [ 72.97, 19.23 ] ] ] } },
{ "type": "Feature", "properties": { "cell_id": "r34_c20", "mean_dem": 34.19329537978701 }, "geometry": { "type": "Polygon", "coordinates": [ [ [ 72.980000000000103, 19.23 ], [ 72.980000000000103, 19.24 ], [ 72.97, 19.24 ], [ 72.97, 19.23 ], [ 72.980000000000103, 19.23 ] ] ] } },
{ "type": "Feature", "properties": { "cell_id": "r34_c21", "mean_dem": 17.037544392263857 }, "geometry": { "type": "Polygon", "coordinates": [ [ [ 72.99, 19.23 ], [ 72.99, 19.24 ], [ 72.980000000000103, 19.24 ], [ 72.980000000000103, 19.23 ], [ 72.99, 19.23 ] ] ] } },
{ "type": "Feature", "properties": { "cell_id": "r35_c0", "mean_dem": 0.0 }, "geometry": { "type": "Polygon", "coordinates": [ [ [ 72.78, 19.24 ], [ 72.78, 19.25 ], [ 72.77, 19.25 ], [ 72.77, 19.24 ], [ 72.78, 19.24 ] ] ] } },
{ "type": "Feature", "properties": { "cell_id": "r35_c1", "mean_dem": 7.296190489753493 }, "geometry": { "type": "Polygon", "coordinates": [ [ [ 72.79, 19.24 ], [ 72.79, 19.25 ], [ 72.78, 19.25 ], [ 72.78, 19.24 ], [ 72.79, 19.24 ] ] ] } },
{ "type": "Feature", "properties": { "cell_id": "r35_c2", "mean_dem": 11.624301115082842 }, "geometry": { "type": "Polygon", "coordinates": [ [ [ 72.8, 19.24 ], [ 72.8, 19.25 ], [ 72.79, 19.25 ], [ 72.79, 19.24 ], [ 72.8, 19.24 ] ] ] } },
{ "type": "Feature", "properties": { "cell_id": "r35_c3", "mean_dem": 2.9093759611769987 }, "geometry": { "type": "Polygon", "coordinates": [ [ [ 72.81, 19.24 ], [ 72.81, 19.25 ], [ 72.8, 19.25 ], [ 72.8, 19.24 ], [ 72.81, 19.24 ] ] ] } },
{ "type": "Feature", "properties": { "cell_id": "r35_c4", "mean_dem": 1.2797476466483457 }, "geometry": { "type": "Polygon", "coordinates": [ [ [ 72.82, 19.24 ], [ 72.82, 19.25 ], [ 72.81, 19.25 ], [ 72.81, 19.24 ], [ 72.82, 19.24 ] ] ] } },
{ "type": "Feature", "properties": { "cell_id": "r35_c5", "mean_dem": 0.86879091204302639 }, "geometry": { "type": "Polygon", "coordinates": [ [ [ 72.83, 19.24 ], [ 72.83, 19.25 ], [ 72.82, 19.25 ], [ 72.82, 19.24 ], [ 72.83, 19.24 ] ] ] } },
{ "type": "Feature", "properties": { "cell_id": "r35_c6", "mean_dem": 2.1141254973215187 }, "geometry": { "type": "Polygon", "coordinates": [ [ [ 72.84, 19.24 ], [ 72.84, 19.25 ], [ 72.83, 19.25 ], [ 72.83, 19.24 ], [ 72.84, 19.24 ] ] ] } },
{ "type": "Feature", "properties": { "cell_id": "r35_c7", "mean_dem": 9.8383514433415673 }, "geometry": { "type": "Polygon", "coordinates": [ [ [ 72.85, 19.24 ], [ 72.85, 19.25 ], [ 72.84, 19.25 ], [ 72.84, 19.24 ], [ 72.85, 19.24 ] ] ] } },
{ "type": "Feature", "properties": { "cell_id": "r35_c8", "mean_dem": 18.859459690397205 }, "geometry": { "type": "Polygon", "coordinates": [ [ [ 72.86, 19.24 ], [ 72.86, 19.25 ], [ 72.85, 19.25 ], [ 72.85, 19.24 ], [ 72.86, 19.24 ] ] ] } },
{ "type": "Feature", "properties": { "cell_id": "r35_c9", "mean_dem": 16.949928082143057 }, "geometry": { "type": "Polygon", "coordinates": [ [ [ 72.87, 19.24 ], [ 72.87, 19.25 ], [ 72.86, 19.25 ], [ 72.86, 19.24 ], [ 72.87, 19.24 ] ] ] } },
{ "type": "Feature", "properties": { "cell_id": "r35_c10", "mean_dem": 41.456584579544504 }, "geometry": { "type": "Polygon", "coordinates": [ [ [ 72.88, 19.24 ], [ 72.88, 19.25 ], [ 72.87, 19.25 ], [ 72.87, 19.24 ], [ 72.88, 19.24 ] ] ] } },
{ "type": "Feature", "properties": { "cell_id": "r35_c11", "mean_dem": 144.39069482618694 }, "geometry": { "type": "Polygon", "coordinates": [ [ [ 72.89, 19.24 ], [ 72.89, 19.25 ], [ 72.88, 19.25 ], [ 72.88, 19.24 ], [ 72.89, 19.24 ] ] ] } },
{ "type": "Feature", "properties": { "cell_id": "r35_c12", "mean_dem": 183.70313817303563 }, "geometry": { "type": "Polygon", "coordinates": [ [ [ 72.9, 19.24 ], [ 72.9, 19.25 ], [ 72.89, 19.25 ], [ 72.89, 19.24 ], [ 72.9, 19.24 ] ] ] } },
{ "type": "Feature", "properties": { "cell_id": "r35_c13", "mean_dem": 255.66630209401484 }, "geometry": { "type": "Polygon", "coordinates": [ [ [ 72.91, 19.24 ], [ 72.91, 19.25 ], [ 72.9, 19.25 ], [ 72.9, 19.24 ], [ 72.91, 19.24 ] ] ] } },
{ "type": "Feature", "properties": { "cell_id": "r35_c14", "mean_dem": 151.39553509886284 }, "geometry": { "type": "Polygon", "coordinates": [ [ [ 72.92, 19.24 ], [ 72.92, 19.25 ], [ 72.91, 19.25 ], [ 72.91, 19.24 ], [ 72.92, 19.24 ] ] ] } },
{ "type": "Feature", "properties": { "cell_id": "r35_c15", "mean_dem": 113.52012133468169 }, "geometry": { "type": "Polygon", "coordinates": [ [ [ 72.93, 19.24 ], [ 72.93, 19.25 ], [ 72.92, 19.25 ], [ 72.92, 19.24 ], [ 72.93, 19.24 ] ] ] } },
{ "type": "Feature", "properties": { "cell_id": "r35_c16", "mean_dem": 131.70456228495939 }, "geometry": { "type": "Polygon", "coordinates": [ [ [ 72.94, 19.24 ], [ 72.94, 19.25 ], [ 72.93, 19.25 ], [ 72.93, 19.24 ], [ 72.94, 19.24 ] ] ] } },
{ "type": "Feature", "properties": { "cell_id": "r35_c17", "mean_dem": 135.9435852302507 }, "geometry": { "type": "Polygon", "coordinates": [ [ [ 72.95, 19.24 ], [ 72.95, 19.25 ], [ 72.94, 19.25 ], [ 72.94, 19.24 ], [ 72.95, 19.24 ] ] ] } },
{ "type": "Feature", "properties": { "cell_id": "r35_c18", "mean_dem": 121.54681430345299 }, "geometry": { "type": "Polygon", "coordinates": [ [ [ 72.96, 19.24 ], [ 72.96, 19.25 ], [ 72.95, 19.25 ], [ 72.95, 19.24 ], [ 72.96, 19.24 ] ] ] } },
{ "type": "Feature", "properties": { "cell_id": "r35_c19", "mean_dem": 93.900821997402673 }, "geometry": { "type": "Polygon", "coordinates": [ [ [ 72.97, 19.24 ], [ 72.97, 19.25 ], [ 72.96, 19.25 ], [ 72.96, 19.24 ], [ 72.97, 19.24 ] ] ] } },
{ "type": "Feature", "properties": { "cell_id": "r35_c20", "mean_dem": 30.583393146034219 }, "geometry": { "type": "Polygon", "coordinates": [ [ [ 72.980000000000103, 19.24 ], [ 72.980000000000103, 19.25 ], [ 72.97, 19.25 ], [ 72.97, 19.24 ], [ 72.980000000000103, 19.24 ] ] ] } },
{ "type": "Feature", "properties": { "cell_id": "r35_c21", "mean_dem": 19.537660747091302 }, "geometry": { "type": "Polygon", "coordinates": [ [ [ 72.99, 19.24 ], [ 72.99, 19.25 ], [ 72.980000000000103, 19.25 ], [ 72.980000000000103, 19.24 ], [ 72.99, 19.24 ] ] ] } },
{ "type": "Feature", "properties": { "cell_id": "r36_c0", "mean_dem": 0.0 }, "geometry": { "type": "Polygon", "coordinates": [ [ [ 72.78, 19.25 ], [ 72.78, 19.26 ], [ 72.77, 19.26 ], [ 72.77, 19.25 ], [ 72.78, 19.25 ] ] ] } },
{ "type": "Feature", "properties": { "cell_id": "r36_c1", "mean_dem": 13.429615915920172 }, "geometry": { "type": "Polygon", "coordinates": [ [ [ 72.79, 19.25 ], [ 72.79, 19.26 ], [ 72.78, 19.26 ], [ 72.78, 19.25 ], [ 72.79, 19.25 ] ] ] } },
{ "type": "Feature", "properties": { "cell_id": "r36_c2", "mean_dem": 26.706684211725577 }, "geometry": { "type": "Polygon", "coordinates": [ [ [ 72.8, 19.25 ], [ 72.8, 19.26 ], [ 72.79, 19.26 ], [ 72.79, 19.25 ], [ 72.8, 19.25 ] ] ] } },
{ "type": "Feature", "properties": { "cell_id": "r36_c3", "mean_dem": 12.527747399838237 }, "geometry": { "type": "Polygon", "coordinates": [ [ [ 72.81, 19.25 ], [ 72.81, 19.26 ], [ 72.8, 19.26 ], [ 72.8, 19.25 ], [ 72.81, 19.25 ] ] ] } },
{ "type": "Feature", "properties": { "cell_id": "r36_c4", "mean_dem": 1.6758208581128797 }, "geometry": { "type": "Polygon", "coordinates": [ [ [ 72.82, 19.25 ], [ 72.82, 19.26 ], [ 72.81, 19.26 ], [ 72.81, 19.25 ], [ 72.82, 19.25 ] ] ] } },
{ "type": "Feature", "properties": { "cell_id": "r36_c5", "mean_dem": 1.4478889528226113 }, "geometry": { "type": "Polygon", "coordinates": [ [ [ 72.83, 19.25 ], [ 72.83, 19.26 ], [ 72.82, 19.26 ], [ 72.82, 19.25 ], [ 72.83, 19.25 ] ] ] } },
{ "type": "Feature", "properties": { "cell_id": "r36_c6", "mean_dem": 1.5616393881485819 }, "geometry": { "type": "Polygon", "coordinates": [ [ [ 72.84, 19.25 ], [ 72.84, 19.26 ], [ 72.83, 19.26 ], [ 72.83, 19.25 ], [ 72.84, 19.25 ] ] ] } },
{ "type": "Feature", "properties": { "cell_id": "r36_c7", "mean_dem": 2.8426978453125233 }, "geometry": { "type": "Polygon", "coordinates": [ [ [ 72.85, 19.25 ], [ 72.85, 19.26 ], [ 72.84, 19.26 ], [ 72.84, 19.25 ], [ 72.85, 19.25 ] ] ] } },
{ "type": "Feature", "properties": { "cell_id": "r36_c8", "mean_dem": 11.670146256711131 }, "geometry": { "type": "Polygon", "coordinates": [ [ [ 72.86, 19.25 ], [ 72.86, 19.26 ], [ 72.85, 19.26 ], [ 72.85, 19.25 ], [ 72.86, 19.25 ] ] ] } },
{ "type": "Feature", "properties": { "cell_id": "r36_c9", "mean_dem": 9.0335292911340517 }, "geometry": { "type": "Polygon", "coordinates": [ [ [ 72.87, 19.25 ], [ 72.87, 19.26 ], [ 72.86, 19.26 ], [ 72.86, 19.25 ], [ 72.87, 19.25 ] ] ] } },
{ "type": "Feature", "properties": { "cell_id": "r36_c10", "mean_dem": 30.759953521752493 }, "geometry": { "type": "Polygon", "coordinates": [ [ [ 72.88, 19.25 ], [ 72.88, 19.26 ], [ 72.87, 19.26 ], [ 72.87, 19.25 ], [ 72.88, 19.25 ] ] ] } },
{ "type": "Feature", "properties": { "cell_id": "r36_c11", "mean_dem": 126.39501387092899 }, "geometry": { "type": "Polygon", "coordinates": [ [ [ 72.89, 19.25 ], [ 72.89, 19.26 ], [ 72.88, 19.26 ], [ 72.88, 19.25 ], [ 72.89, 19.25 ] ] ] } },
{ "type": "Feature", "properties": { "cell_id": "r36_c12", "mean_dem": 144.26267819251203 }, "geometry": { "type": "Polygon", "coordinates": [ [ [ 72.9, 19.25 ], [ 72.9, 19.26 ], [ 72.89, 19.26 ], [ 72.89, 19.25 ], [ 72.9, 19.25 ] ] ] } },
{ "type": "Feature", "properties": { "cell_id": "r36_c13", "mean_dem": 175.26634386704453 }, "geometry": { "type": "Polygon", "coordinates": [ [ [ 72.91, 19.25 ], [ 72.91, 19.26 ], [ 72.9, 19.26 ], [ 72.9, 19.25 ], [ 72.91, 19.25 ] ] ] } },
{ "type": "Feature", "properties": { "cell_id": "r36_c14", "mean_dem": 100.13581263137512 }, "geometry": { "type": "Polygon", "coordinates": [ [ [ 72.92, 19.25 ], [ 72.92, 19.26 ], [ 72.91, 19.26 ], [ 72.91, 19.25 ], [ 72.92, 19.25 ] ] ] } },
{ "type": "Feature", "properties": { "cell_id": "r36_c15", "mean_dem": 179.29460033722953 }, "geometry": { "type": "Polygon", "coordinates": [ [ [ 72.93, 19.25 ], [ 72.93, 19.26 ], [ 72.92, 19.26 ], [ 72.92, 19.25 ], [ 72.93, 19.25 ] ] ] } },
{ "type": "Feature", "properties": { "cell_id": "r36_c16", "mean_dem": 305.99345193337433 }, "geometry": { "type": "Polygon", "coordinates": [ [ [ 72.94, 19.25 ], [ 72.94, 19.26 ], [ 72.93, 19.26 ], [ 72.93, 19.25 ], [ 72.94, 19.25 ] ] ] } },
{ "type": "Feature", "properties": { "cell_id": "r36_c17", "mean_dem": 226.59602217057471 }, "geometry": { "type": "Polygon", "coordinates": [ [ [ 72.95, 19.25 ], [ 72.95, 19.26 ], [ 72.94, 19.26 ], [ 72.94, 19.25 ], [ 72.95, 19.25 ] ] ] } },
{ "type": "Feature", "properties": { "cell_id": "r36_c18", "mean_dem": 65.351678865377437 }, "geometry": { "type": "Polygon", "coordinates": [ [ [ 72.96, 19.25 ], [ 72.96, 19.26 ], [ 72.95, 19.26 ], [ 72.95, 19.25 ], [ 72.96, 19.25 ] ] ] } },
{ "type": "Feature", "properties": { "cell_id": "r36_c19", "mean_dem": 52.249607656047509 }, "geometry": { "type": "Polygon", "coordinates": [ [ [ 72.97, 19.25 ], [ 72.97, 19.26 ], [ 72.96, 19.26 ], [ 72.96, 19.25 ], [ 72.97, 19.25 ] ] ] } },
{ "type": "Feature", "properties": { "cell_id": "r36_c20", "mean_dem": 22.248026180873591 }, "geometry": { "type": "Polygon", "coordinates": [ [ [ 72.980000000000103, 19.25 ], [ 72.980000000000103, 19.26 ], [ 72.97, 19.26 ], [ 72.97, 19.25 ], [ 72.980000000000103, 19.25 ] ] ] } },
{ "type": "Feature", "properties": { "cell_id": "r36_c21", "mean_dem": 3.7818801695262811 }, "geometry": { "type": "Polygon", "coordinates": [ [ [ 72.99, 19.25 ], [ 72.99, 19.26 ], [ 72.980000000000103, 19.26 ], [ 72.980000000000103, 19.25 ], [ 72.99, 19.25 ] ] ] } },
{ "type": "Feature", "properties": { "cell_id": "r37_c0", "mean_dem": 0.0 }, "geometry": { "type": "Polygon", "coordinates": [ [ [ 72.78, 19.26 ], [ 72.78, 19.27 ], [ 72.77, 19.27 ], [ 72.77, 19.26 ], [ 72.78, 19.26 ] ] ] } },
{ "type": "Feature", "properties": { "cell_id": "r37_c1", "mean_dem": 11.649215599152322 }, "geometry": { "type": "Polygon", "coordinates": [ [ [ 72.79, 19.26 ], [ 72.79, 19.27 ], [ 72.78, 19.27 ], [ 72.78, 19.26 ], [ 72.79, 19.26 ] ] ] } },
{ "type": "Feature", "properties": { "cell_id": "r37_c2", "mean_dem": 25.49548271697763 }, "geometry": { "type": "Polygon", "coordinates": [ [ [ 72.8, 19.26 ], [ 72.8, 19.27 ], [ 72.79, 19.27 ], [ 72.79, 19.26 ], [ 72.8, 19.26 ] ] ] } },
{ "type": "Feature", "properties": { "cell_id": "r37_c3", "mean_dem": 23.595383476205338 }, "geometry": { "type": "Polygon", "coordinates": [ [ [ 72.81, 19.26 ], [ 72.81, 19.27 ], [ 72.8, 19.27 ], [ 72.8, 19.26 ], [ 72.81, 19.26 ] ] ] } },
{ "type": "Feature", "properties": { "cell_id": "r37_c4", "mean_dem": 1.6516081071843554 }, "geometry": { "type": "Polygon", "coordinates": [ [ [ 72.82, 19.26 ], [ 72.82, 19.27 ], [ 72.81, 19.27 ], [ 72.81, 19.26 ], [ 72.82, 19.26 ] ] ] } },
{ "type": "Feature", "properties": { "cell_id": "r37_c5", "mean_dem": 1.9172017159557646 }, "geometry": { "type": "Polygon", "coordinates": [ [ [ 72.83, 19.26 ], [ 72.83, 19.27 ], [ 72.82, 19.27 ], [ 72.82, 19.26 ], [ 72.83, 19.26 ] ] ] } },
{ "type": "Feature", "properties": { "cell_id": "r37_c6", "mean_dem": 2.4845485018411879 }, "geometry": { "type": "Polygon", "coordinates": [ [ [ 72.84, 19.26 ], [ 72.84, 19.27 ], [ 72.83, 19.27 ], [ 72.83, 19.26 ], [ 72.84, 19.26 ] ] ] } },
{ "type": "Feature", "properties": { "cell_id": "r37_c7", "mean_dem": 2.3942209373531353 }, "geometry": { "type": "Polygon", "coordinates": [ [ [ 72.85, 19.26 ], [ 72.85, 19.27 ], [ 72.84, 19.27 ], [ 72.84, 19.26 ], [ 72.85, 19.26 ] ] ] } },
{ "type": "Feature", "properties": { "cell_id": "r37_c8", "mean_dem": 3.8406414218373826 }, "geometry": { "type": "Polygon", "coordinates": [ [ [ 72.86, 19.26 ], [ 72.86, 19.27 ], [ 72.85, 19.27 ], [ 72.85, 19.26 ], [ 72.86, 19.26 ] ] ] } },
{ "type": "Feature", "properties": { "cell_id": "r37_c9", "mean_dem": 4.0059755736322744 }, "geometry": { "type": "Polygon", "coordinates": [ [ [ 72.87, 19.26 ], [ 72.87, 19.27 ], [ 72.86, 19.27 ], [ 72.86, 19.26 ], [ 72.87, 19.26 ] ] ] } },
{ "type": "Feature", "properties": { "cell_id": "r37_c10", "mean_dem": 12.991587161450152 }, "geometry": { "type": "Polygon", "coordinates": [ [ [ 72.88, 19.26 ], [ 72.88, 19.27 ], [ 72.87, 19.27 ], [ 72.87, 19.26 ], [ 72.88, 19.26 ] ] ] } },
{ "type": "Feature", "properties": { "cell_id": "r37_c11", "mean_dem": 33.402562262173213 }, "geometry": { "type": "Polygon", "coordinates": [ [ [ 72.89, 19.26 ], [ 72.89, 19.27 ], [ 72.88, 19.27 ], [ 72.88, 19.26 ], [ 72.89, 19.26 ] ] ] } },
{ "type": "Feature", "properties": { "cell_id": "r37_c12", "mean_dem": 32.011162221051201 }, "geometry": { "type": "Polygon", "coordinates": [ [ [ 72.9, 19.26 ], [ 72.9, 19.27 ], [ 72.89, 19.27 ], [ 72.89, 19.26 ], [ 72.9, 19.26 ] ] ] } },
{ "type": "Feature", "properties": { "cell_id": "r37_c13", "mean_dem": 124.95159144960721 }, "geometry": { "type": "Polygon", "coordinates": [ [ [ 72.91, 19.26 ], [ 72.91, 19.27 ], [ 72.9, 19.27 ], [ 72.9, 19.26 ], [ 72.91, 19.26 ] ] ] } },
{ "type": "Feature", "properties": { "cell_id": "r37_c14", "mean_dem": 63.929010464433837 }, "geometry": { "type": "Polygon", "coordinates": [ [ [ 72.92, 19.26 ], [ 72.92, 19.27 ], [ 72.91, 19.27 ], [ 72.91, 19.26 ], [ 72.92, 19.26 ] ] ] } },
{ "type": "Feature", "properties": { "cell_id": "r37_c15", "mean_dem": 95.798686965066068 }, "geometry": { "type": "Polygon", "coordinates": [ [ [ 72.93, 19.26 ], [ 72.93, 19.27 ], [ 72.92, 19.27 ], [ 72.92, 19.26 ], [ 72.93, 19.26 ] ] ] } },
{ "type": "Feature", "properties": { "cell_id": "r37_c16", "mean_dem": 223.85817269350784 }, "geometry": { "type": "Polygon", "coordinates": [ [ [ 72.94, 19.26 ], [ 72.94, 19.27 ], [ 72.93, 19.27 ], [ 72.93, 19.26 ], [ 72.94, 19.26 ] ] ] } },
{ "type": "Feature", "properties": { "cell_id": "r37_c17", "mean_dem": 131.15240078155674 }, "geometry": { "type": "Polygon", "coordinates": [ [ [ 72.95, 19.26 ], [ 72.95, 19.27 ], [ 72.94, 19.27 ], [ 72.94, 19.26 ], [ 72.95, 19.26 ] ] ] } },
{ "type": "Feature", "properties": { "cell_id": "r37_c18", "mean_dem": 34.915732545025676 }, "geometry": { "type": "Polygon", "coordinates": [ [ [ 72.96, 19.26 ], [ 72.96, 19.27 ], [ 72.95, 19.27 ], [ 72.95, 19.26 ], [ 72.96, 19.26 ] ] ] } },
{ "type": "Feature", "properties": { "cell_id": "r37_c19", "mean_dem": 13.414041783562828 }, "geometry": { "type": "Polygon", "coordinates": [ [ [ 72.97, 19.26 ], [ 72.97, 19.27 ], [ 72.96, 19.27 ], [ 72.96, 19.26 ], [ 72.97, 19.26 ] ] ] } },
{ "type": "Feature", "properties": { "cell_id": "r37_c20", "mean_dem": 6.2311254788589761 }, "geometry": { "type": "Polygon", "coordinates": [ [ [ 72.980000000000103, 19.26 ], [ 72.980000000000103, 19.27 ], [ 72.97, 19.27 ], [ 72.97, 19.26 ], [ 72.980000000000103, 19.26 ] ] ] } },
{ "type": "Feature", "properties": { "cell_id": "r37_c21", "mean_dem": 3.9967188367820614 }, "geometry": { "type": "Polygon", "coordinates": [ [ [ 72.99, 19.26 ], [ 72.99, 19.27 ], [ 72.980000000000103, 19.27 ], [ 72.980000000000103, 19.26 ], [ 72.99, 19.26 ] ] ] } }
]
}
