{
"type": "FeatureCollection",
"name": "grid",
"crs": { "type": "name", "properties": { "name": "urn:ogc:def:crs:OGC:1.3:CRS84" } },
"features": [
{ "type": "Feature", "properties": { "cell_id": "r0_c0" }, "geometry": { "type": "Polygon", "coordinates": [ [ [ 72.78, 18.89 ], [ 72.78, 18.9 ], [ 72.77, 18.9 ], [ 72.77, 18.89 ], [ 72.78, 18.89 ] ] ] } },
{ "type": "Feature", "properties": { "cell_id": "r0_c1" }, "geometry": { "type": "Polygon", "coordinates": [ [ [ 72.79, 18.89 ], [ 72.79, 18.9 ], [ 72.78, 18.9 ], [ 72.78, 18.89 ], [ 72.79, 18.89 ] ] ] } },
{ "type": "Feature", "properties": { "cell_id": "r0_c2" }, "geometry": { "type": "Polygon", "coordinates": [ [ [ 72.8, 18.89 ], [ 72.8, 18.9 ], [ 72.79, 18.9 ], [ 72.79, 18.89 ], [ 72.8, 18.89 ] ] ] } },
{ "type": "Feature", "properties": { "cell_id": "r0_c3" }, "geometry": { "type": "Polygon", "coordinates": [ [ [ 72.81, 18.89 ], [ 72.81, 18.9 ], [ 72.8, 18.9 ], [ 72.8, 18.89 ], [ 72.81, 18.89 ] ] ] } },
{ "type": "Feature", "properties": { "cell_id": "r0_c4" }, "geometry": { "type": "Polygon", "coordinates": [ [ [ 72.82, 18.89 ], [ 72.82, 18.9 ], [ 72.81, 18.9 ], [ 72.81, 18.89 ], [ 72.82, 18.89 ] ] ] } },
{ "type": "Feature", "properties": { "cell_id": "r0_c5" }, "geometry": { "type": "Polygon", "coordinates": [ [ [ 72.83, 18.89 ], [ 72.83, 18.9 ], [ 72.82, 18.9 ], [ 72.82, 18.89 ], [ 72.83, 18.89 ] ] ] } },
{ "type": "Feature", "properties": { "cell_id": "r0_c6" }, "geometry": { "type": "Polygon", "coordinates": [ [ [ 72.84, 18.89 ], [ 72.84, 18.9 ], [ 72.83, 18.9 ], [ 72.83, 18.89 ], [ 72.84, 18.89 ] ] ] } },
{ "type": "Feature", "properties": { "cell_id": "r0_c7" }, "geometry": { "type": "Polygon", "coordinates": [ [ [ 72.85, 18.89 ], [ 72.85, 18.9 ], [ 72.84, 18.9 ], [ 72.84, 18.89 ], [ 72.85, 18.89 ] ] ] } },
{ "type": "Feature", "properties": { "cell_id": "r0_c8" }, "geometry": { "type": "Polygon", "coordinates": [ [ [ 72.86, 18.89 ], [ 72.86, 18.9 ], [ 72.85, 18.9 ], [ 72.85, 18.89 ], [ 72.86, 18.89 ] ] ] } },
{ "type": "Feature", "properties": { "cell_id": "r0_c9" }, "geometry": { "type": "Polygon", "coordinates": [ [ [ 72.87, 18.89 ], [ 72.87, 18.9 ], [ 72.86, 18.9 ], [ 72.86, 18.89 ], [ 72.87, 18.89 ] ] ] } },
{ "type": "Feature", "properties": { "cell_id": "r0_c10" }, "geometry": { "type": "Polygon", "coordinates": [ [ [ 72.88, 18.89 ], [ 72.88, 18.9 ], [ 72.87, 18.9 ], [ 72.87, 18.89 ], [ 72.88, 18.89 ] ] ] } },
{ "type": "Feature", "properties": { "cell_id": "r0_c11" }, "geometry": { "type": "Polygon", "coordinates": [ [ [ 72.89, 18.89 ], [ 72.89, 18.9 ], [ 72.88, 18.9 ], [ 72.88, 18.89 ], [ 72.89, 18.89 ] ] ] } },
{ "type": "Feature", "properties": { "cell_id": "r0_c12" }, "geometry": { "type": "Polygon", "coordinates": [ [ [ 72.9, 18.89 ], [ 72.9, 18.9 ], [ 72.89, 18.9 ], [ 72.89, 18.89 ], [ 72.9, 18.89 ] ] ] } },
{ "type": "Feature", "properties": { "cell_id": "r0_c13" }, "geometry": { "type": "Polygon", "coordinates": [ [ [ 72.91, 18.89 ], [ 72.91, 18.9 ], [ 72.9, 18.9 ], [ 72.9, 18.89 ], [ 72.91, 18.89 ] ] ] } },
{ "type": "Feature", "properties": { "cell_id": "r0_c14" }, "geometry": { "type": "Polygon", "coordinates": [ [ [ 72.92, 18.89 ], [ 72.92, 18.9 ], [ 72.91, 18.9 ], [ 72.91, 18.89 ], [ 72.92, 18.89 ] ] ] } },
{ "type": "Feature", "properties": { "cell_id": "r0_c15" }, "geometry": { "type": "Polygon", "coordinates": [ [ [ 72.93, 18.89 ], [ 72.93, 18.9 ], [ 72.92, 18.9 ], [ 72.92, 18.89 ], [ 72.93, 18.89 ] ] ] } },
{ "type": "Feature", "properties": { "cell_id": "r0_c16" }, "geometry": { "type": "Polygon", "coordinates": [ [ [ 72.94, 18.89 ], [ 72.94, 18.9 ], [ 72.93, 18.9 ], [ 72.93, 18.89 ], [ 72.94, 18.89 ] ] ] } },
{ "type": "Feature", "properties": { "cell_id": "r0_c17" }, "geometry": { "type": "Polygon", "coordinates": [ [ [ 72.95, 18.89 ], [ 72.95, 18.9 ], [ 72.94, 18.9 ], [ 72.94, 18.89 ], [ 72.95, 18.89 ] ] ] } },
{ "type": "Feature", "properties": { "cell_id": "r0_c18" }, "geometry": { "type": "Polygon", "coordinates": [ [ [ 72.96, 18.89 ], [ 72.96, 18.9 ], [ 72.95, 18.9 ], [ 72.95, 18.89 ], [ 72.96, 18.89 ] ] ] } },
{ "type": "Feature", "properties": { "cell_id": "r0_c19" }, "geometry": { "type": "Polygon", "coordinates": [ [ [ 72.97, 18.89 ], [ 72.97, 18.9 ], [ 72.96, 18.9 ], [ 72.96, 18.89 ], [ 72.97, 18.89 ] ] ] } },
{ "type": "Feature", "properties": { "cell_id": "r0_c20" }, "geometry": { "type": "Polygon", "coordinates": [ [ [ 72.980000000000103, 18.89 ], [ 72.980000000000103, 18.9 ], [ 72.97, 18.9 ], [ 72.97, 18.89 ], [ 72.980000000000103, 18.89 ] ] ] } },
{ "type": "Feature", "properties": { "cell_id": "r0_c21" }, "geometry": { "type": "Polygon", "coordinates": [ [ [ 72.99, 18.89 ], [ 72.99, 18.9 ], [ 72.980000000000103, 18.9 ], [ 72.980000000000103, 18.89 ], [ 72.99, 18.89 ] ] ] } },
{ "type": "Feature", "properties": { "cell_id": "r1_c0" }, "geometry": { "type": "Polygon", "coordinates": [ [ [ 72.78, 18.9 ], [ 72.78, 18.91 ], [ 72.77, 18.91 ], [ 72.77, 18.9 ], [ 72.78, 18.9 ] ] ] } },
{ "type": "Feature", "properties": { "cell_id": "r1_c1" }, "geometry": { "type": "Polygon", "coordinates": [ [ [ 72.79, 18.9 ], [ 72.79, 18.91 ], [ 72.78, 18.91 ], [ 72.78, 18.9 ], [ 72.79, 18.9 ] ] ] } },
{ "type": "Feature", "properties": { "cell_id": "r1_c2" }, "geometry": { "type": "Polygon", "coordinates": [ [ [ 72.8, 18.9 ], [ 72.8, 18.91 ], [ 72.79, 18.91 ], [ 72.79, 18.9 ], [ 72.8, 18.9 ] ] ] } },
{ "type": "Feature", "properties": { "cell_id": "r1_c3" }, "geometry": { "type": "Polygon", "coordinates": [ [ [ 72.81, 18.9 ], [ 72.81, 18.91 ], [ 72.8, 18.91 ], [ 72.8, 18.9 ], [ 72.81, 18.9 ] ] ] } },
{ "type": "Feature", "properties": { "cell_id": "r1_c4" }, "geometry": { "type": "Polygon", "coordinates": [ [ [ 72.82, 18.9 ], [ 72.82, 18.91 ], [ 72.81, 18.91 ], [ 72.81, 18.9 ], [ 72.82, 18.9 ] ] ] } },
{ "type": "Feature", "properties": { "cell_id": "r1_c5" }, "geometry": { "type": "Polygon", "coordinates": [ [ [ 72.83, 18.9 ], [ 72.83, 18.91 ], [ 72.82, 18.91 ], [ 72.82, 18.9 ], [ 72.83, 18.9 ] ] ] } },
{ "type": "Feature", "properties": { "cell_id": "r1_c6" }, "geometry": { "type": "Polygon", "coordinates": [ [ [ 72.84, 18.9 ], [ 72.84, 18.91 ], [ 72.83, 18.91 ], [ 72.83, 18.9 ], [ 72.84, 18.9 ] ] ] } },
{ "type": "Feature", "properties": { "cell_id": "r1_c7" }, "geometry": { "type": "Polygon", "coordinates": [ [ [ 72.85, 18.9 ], [ 72.85, 18.91 ], [ 72.84, 18.91 ], [ 72.84, 18.9 ], [ 72.85, 18.9 ] ] ] } },
{ "type": "Feature", "properties": { "cell_id": "r1_c8" }, "geometry": { "type": "Polygon", "coordinates": [ [ [ 72.86, 18.9 ], [ 72.86, 18.91 ], [ 72.85, 18.91 ], [ 72.85, 18.9 ], [ 72.86, 18.9 ] ] ] } },
{ "type": "Feature", "properties": { "cell_id": "r1_c9" }, "geometry": { "type": "Polygon", "coordinates": [ [ [ 72.87, 18.9 ], [ 72.87, 18.91 ], [ 72.86, 18.91 ], [ 72.86, 18.9 ], [ 72.87, 18.9 ] ] ] } },
{ "type": "Feature", "properties": { "cell_id": "r1_c10" }, "geometry": { "type": "Polygon", "coordinates": [ [ [ 72.88, 18.9 ], [ 72.88, 18.91 ], [ 72.87, 18.91 ], [ 72.87, 18.9 ], [ 72.88, 18.9 ] ] ] } },
{ "type": "Feature", "properties": { "cell_id": "r1_c11" }, "geometry": { "type": "Polygon", "coordinates": [ [ [ 72.89, 18.9 ], [ 72.89, 18.91 ], [ 72.88, 18.91 ], [ 72.88, 18.9 ], [ 72.89, 18.9 ] ] ] } },
{ "type": "Feature", "properties": { "cell_id": "r1_c12" }, "geometry": { "type": "Polygon", "coordinates": [ [ [ 72.9, 18.9 ], [ 72.9, 18.91 ], [ 72.89, 18.91 ], [ 72.89, 18.9 ], [ 72.9, 18.9 ] ] ] } },
{ "type": "Feature", "properties": { "cell_id": "r1_c13" }, "geometry": { "type": "Polygon", "coordinates": [ [ [ 72.91, 18.9 ], [ 72.91, 18.91 ], [ 72.9, 18.91 ], [ 72.9, 18.9 ], [ 72.91, 18.9 ] ] ] } },
{ "type": "Feature", "properties": { "cell_id": "r1_c14" }, "geometry": { "type": "Polygon", "coordinates": [ [ [ 72.92, 18.9 ], [ 72.92, 18.91 ], [ 72.91, 18.91 ], [ 72.91, 18.9 ], [ 72.92, 18.9 ] ] ] } },
{ "type": "Feature", "properties": { "cell_id": "r1_c15" }, "geometry": { "type": "Polygon", "coordinates": [ [ [ 72.93, 18.9 ], [ 72.93, 18.91 ], [ 72.92, 18.91 ], [ 72.92, 18.9 ], [ 72.93, 18.9 ] ] ] } },
{ "type": "Feature", "properties": { "cell_id": "r1_c16" }, "geometry": { "type": "Polygon", "coordinates": [ [ [ 72.94, 18.9 ], [ 72.94, 18.91 ], [ 72.93, 18.91 ], [ 72.93, 18.9 ], [ 72.94, 18.9 ] ] ] } },
{ "type": "Feature", "properties": { "cell_id": "r1_c17" }, "geometry": { "type": "Polygon", "coordinates": [ [ [ 72.95, 18.9 ], [ 72.95, 18.91 ], [ 72.94, 18.91 ], [ 72.94, 18.9 ], [ 72.95, 18.9 ] ] ] } },
{ "type": "Feature", "properties": { "cell_id": "r1_c18" }, "geometry": { "type": "Polygon", "coordinates": [ [ [ 72.96, 18.9 ], [ 72.96, 18.91 ], [ 72.95, 18.91 ], [ 72.95, 18.9 ], [ 72.96, 18.9 ] ] ] } },
{ "type": "Feature", "properties": { "cell_id": "r1_c19" }, "geometry": { "type": "Polygon", "coordinates": [ [ [ 72.97, 18.9 ], [ 72.97, 18.91 ], [ 72.96, 18.91 ], [ 72.96, 18.9 ], [ 72.97, 18.9 ] ] ] } },
{ "type": "Feature", "properties": { "cell_id": "r1_c20" }, "geometry": { "type": "Polygon", "coordinates": [ [ [ 72.980000000000103, 18.9 ], [ 72.980000000000103, 18.91 ], [ 72.97, 18.91 ], [ 72.97, 18.9 ], [ 72.980000000000103, 18.9 ] ] ] } },
{ "type": "Feature", "properties": { "cell_id": "r1_c21" }, "geometry": { "type": "Polygon", "coordinates": [ [ [ 72.99, 18.9 ], [ 72.99, 18.91 ], [ 72.980000000000103, 18.91 ], [ 72.980000000000103, 18.9 ], [ 72.99, 18.9 ] ] ] } },
{ "type": "Feature", "properties": { "cell_id": "r2_c0" }, "geometry": { "type": "Polygon", "coordinates": [ [ [ 72.78, 18.91 ], [ 72.78, 18.92 ], [ 72.77, 18.92 ], [ 72.77, 18.91 ], [ 72.78, 18.91 ] ] ] } },
{ "type": "Feature", "properties": { "cell_id": "r2_c1" }, "geometry": { "type": "Polygon", "coordinates": [ [ [ 72.79, 18.91 ], [ 72.79, 18.92 ], [ 72.78, 18.92 ], [ 72.78, 18.91 ], [ 72.79, 18.91 ] ] ] } },
{ "type": "Feature", "properties": { "cell_id": "r2_c2" }, "geometry": { "type": "Polygon", "coordinates": [ [ [ 72.8, 18.91 ], [ 72.8, 18.92 ], [ 72.79, 18.92 ], [ 72.79, 18.91 ], [ 72.8, 18.91 ] ] ] } },
{ "type": "Feature", "properties": { "cell_id": "r2_c3" }, "geometry": { "type": "Polygon", "coordinates": [ [ [ 72.81, 18.91 ], [ 72.81, 18.92 ], [ 72.8, 18.92 ], [ 72.8, 18.91 ], [ 72.81, 18.91 ] ] ] } },
{ "type": "Feature", "properties": { "cell_id": "r2_c4" }, "geometry": { "type": "Polygon", "coordinates": [ [ [ 72.82, 18.91 ], [ 72.82, 18.92 ], [ 72.81, 18.92 ], [ 72.81, 18.91 ], [ 72.82, 18.91 ] ] ] } },
{ "type": "Feature", "properties": { "cell_id": "r2_c5" }, "geometry": { "type": "Polygon", "coordinates": [ [ [ 72.83, 18.91 ], [ 72.83, 18.92 ], [ 72.82, 18.92 ], [ 72.82, 18.91 ], [ 72.83, 18.91 ] ] ] } },
{ "type": "Feature", "properties": { "cell_id": "r2_c6" }, "geometry": { "type": "Polygon", "coordinates": [ [ [ 72.84, 18.91 ], [ 72.84, 18.92 ], [ 72.83, 18.92 ], [ 72.83, 18.91 ], [ 72.84, 18.91 ] ] ] } },
{ "type": "Feature", "properties": { "cell_id": "r2_c7" }, "geometry": { "type": "Polygon", "coordinates": [ [ [ 72.85, 18.91 ], [ 72.85, 18.92 ], [ 72.84, 18.92 ], [ 72.84, 18.91 ], [ 72.85, 18.91 ] ] ] } },
{ "type": "Feature", "properties": { "cell_id": "r2_c8" }, "geometry": { "type": "Polygon", "coordinates": [ [ [ 72.86, 18.91 ], [ 72.86, 18.92 ], [ 72.85, 18.92 ], [ 72.85, 18.91 ], [ 72.86, 18.91 ] ] ] } },
{ "type": "Feature", "properties": { "cell_id": "r2_c9" }, "geometry": { "type": "Polygon", "coordinates": [ [ [ 72.87, 18.91 ], [ 72.87, 18.92 ], [ 72.86, 18.92 ], [ 72.86, 18.91 ], [ 72.87, 18.91 ] ] ] } },
{ "type": "Feature", "properties": { "cell_id": "r2_c10" }, "geometry": { "type": "Polygon", "coordinates": [ [ [ 72.88, 18.91 ], [ 72.88, 18.92 ], [ 72.87, 18.92 ], [ 72.87, 18.91 ], [ 72.88, 18.91 ] ] ] } },
{ "type": "Feature", "properties": { "cell_id": "r2_c11" }, "geometry": { "type": "Polygon", "coordinates": [ [ [ 72.89, 18.91 ], [ 72.89, 18.92 ], [ 72.88, 18.92 ], [ 72.88, 18.91 ], [ 72.89, 18.91 ] ] ] } },
{ "type": "Feature", "properties": { "cell_id": "r2_c12" }, "geometry": { "type": "Polygon", "coordinates": [ [ [ 72.9, 18.91 ], [ 72.9, 18.92 ], [ 72.89, 18.92 ], [ 72.89, 18.91 ], [ 72.9, 18.91 ] ] ] } },
{ "type": "Feature", "properties": { "cell_id": "r2_c13" }, "geometry": { "type": "Polygon", "coordinates": [ [ [ 72.91, 18.91 ], [ 72.91, 18.92 ], [ 72.9, 18.92 ], [ 72.9, 18.91 ], [ 72.91, 18.91 ] ] ] } },
{ "type": "Feature", "properties": { "cell_id": "r2_c14" }, "geometry": { "type": "Polygon", "coordinates": [ [ [ 72.92, 18.91 ], [ 72.92, 18.92 ], [ 72.91, 18.92 ], [ 72.91, 18.91 ], [ 72.92, 18.91 ] ] ] } },
{ "type": "Feature", "properties": { "cell_id": "r2_c15" }, "geometry": { "type": "Polygon", "coordinates": [ [ [ 72.93, 18.91 ], [ 72.93, 18.92 ], [ 72.92, 18.92 ], [ 72.92, 18.91 ], [ 72.93, 18.91 ] ] ] } },
{ "type": "Feature", "properties": { "cell_id": "r2_c16" }, "geometry": { "type": "Polygon", "coordinates": [ [ [ 72.94, 18.91 ], [ 72.94, 18.92 ], [ 72.93, 18.92 ], [ 72.93, 18.91 ], [ 72.94, 18.91 ] ] ] } },
{ "type": "Feature", "properties": { "cell_id": "r2_c17" }, "geometry": { "type": "Polygon", "coordinates": [ [ [ 72.95, 18.91 ], [ 72.95, 18.92 ], [ 72.94, 18.92 ], [ 72.94, 18.91 ], [ 72.95, 18.91 ] ] ] } },
{ "type": "Feature", "properties": { "cell_id": "r2_c18" }, "geometry": { "type": "Polygon", "coordinates": [ [ [ 72.96, 18.91 ], [ 72.96, 18.92 ], [ 72.95, 18.92 ], [ 72.95, 18.91 ], [ 72.96, 18.91 ] ] ] } },
{ "type": "Feature", "properties": { "cell_id": "r2_c19" }, "geometry": { "type": "Polygon", "coordinates": [ [ [ 72.97, 18.91 ], [ 72.97, 18.92 ], [ 72.96, 18.92 ], [ 72.96, 18.91 ], [ 72.97, 18.91 ] ] ] } },
{ "type": "Feature", "properties": { "cell_id": "r2_c20" }, "geometry": { "type": "Polygon", "coordinates": [ [ [ 72.980000000000103, 18.91 ], [ 72.980000000000103, 18.92 ], [ 72.97, 18.92 ], [ 72.97, 18.91 ], [ 72.980000000000103, 18.91 ] ] ] } },
{ "type": "Feature", "properties": { "cell_id": "r2_c21" }, "geometry": { "type": "Polygon", "coordinates": [ [ [ 72.99, 18.91 ], [ 72.99, 18.92 ], [ 72.980000000000103, 18.92 ], [ 72.980000000000103, 18.91 ], [ 72.99, 18.91 ] ] ] } },
{ "type": "Feature", "properties": { "cell_id": "r3_c0" }, "geometry": { "type": "Polygon", "coordinates": [ [ [ 72.78, 18.92 ], [ 72.78, 18.93 ], [ 72.77, 18.93 ], [ 72.77, 18.92 ], [ 72.78, 18.92 ] ] ] } },
{ "type": "Feature", "properties": { "cell_id": "r3_c1" }, "geometry": { "type": "Polygon", "coordinates": [ [ [ 72.79, 18.92 ], [ 72.79, 18.93 ], [ 72.78, 18.93 ], [ 72.78, 18.92 ], [ 72.79, 18.92 ] ] ] } },
{ "type": "Feature", "properties": { "cell_id": "r3_c2" }, "geometry": { "type": "Polygon", "coordinates": [ [ [ 72.8, 18.92 ], [ 72.8, 18.93 ], [ 72.79, 18.93 ], [ 72.79, 18.92 ], [ 72.8, 18.92 ] ] ] } },
{ "type": "Feature", "properties": { "cell_id": "r3_c3" }, "geometry": { "type": "Polygon", "coordinates": [ [ [ 72.81, 18.92 ], [ 72.81, 18.93 ], [ 72.8, 18.93 ], [ 72.8, 18.92 ], [ 72.81, 18.92 ] ] ] } },
{ "type": "Feature", "properties": { "cell_id": "r3_c4" }, "geometry": { "type": "Polygon", "coordinates": [ [ [ 72.82, 18.92 ], [ 72.82, 18.93 ], [ 72.81, 18.93 ], [ 72.81, 18.92 ], [ 72.82, 18.92 ] ] ] } },
{ "type": "Feature", "properties": { "cell_id": "r3_c5" }, "geometry": { "type": "Polygon", "coordinates": [ [ [ 72.83, 18.92 ], [ 72.83, 18.93 ], [ 72.82, 18.93 ], [ 72.82, 18.92 ], [ 72.83, 18.92 ] ] ] } },
{ "type": "Feature", "properties": { "cell_id": "r3_c6" }, "geometry": { "type": "Polygon", "coordinates": [ [ [ 72.84, 18.92 ], [ 72.84, 18.93 ], [ 72.83, 18.93 ], [ 72.83, 18.92 ], [ 72.84, 18.92 ] ] ] } },
{ "type": "Feature", "properties": { "cell_id": "r3_c7" }, "geometry": { "type": "Polygon", "coordinates": [ [ [ 72.85, 18.92 ], [ 72.85, 18.93 ], [ 72.84, 18.93 ], [ 72.84, 18.92 ], [ 72.85, 18.92 ] ] ] } },
{ "type": "Feature", "properties": { "cell_id": "r3_c8" }, "geometry": { "type": "Polygon", "coordinates": [ [ [ 72.86, 18.92 ], [ 72.86, 18.93 ], [ 72.85, 18.93 ], [ 72.85, 18.92 ], [ 72.86, 18.92 ] ] ] } },
{ "type": "Feature", "properties": { "cell_id": "r3_c9" }, "geometry": { "type": "Polygon", "coordinates": [ [ [ 72.87, 18.92 ], [ 72.87, 18.93 ], [ 72.86, 18.93 ], [ 72.86, 18.92 ], [ 72.87, 18.92 ] ] ] } },
{ "type": "Feature", "properties": { "cell_id": "r3_c10" }, "geometry": { "type": "Polygon", "coordinates": [ [ [ 72.88, 18.92 ], [ 72.88, 18.93 ], [ 72.87, 18.93 ], [ 72.87, 18.92 ], [ 72.88, 18.92 ] ] ] } },
{ "type": "Feature", "properties": { "cell_id": "r3_c11" }, "geometry": { "type": "Polygon", "coordinates": [ [ [ 72.89, 18.92 ], [ 72.89, 18.93 ], [ 72.88, 18.93 ], [ 72.88, 18.92 ], [ 72.89, 18.92 ] ] ] } },
{ "type": "Feature", "properties": { "cell_id": "r3_c12" }, "geometry": { "type": "Polygon", "coordinates": [ [ [ 72.9, 18.92 ], [ 72.9, 18.93 ], [ 72.89, 18.93 ], [ 72.89, 18.92 ], [ 72.9, 18.92 ] ] ] } },
{ "type": "Feature", "properties": { "cell_id": "r3_c13" }, "geometry": { "type": "Polygon", "coordinates": [ [ [ 72.91, 18.92 ], [ 72.91, 18.93 ], [ 72.9, 18.93 ], [ 72.9, 18.92 ], [ 72.91, 18.92 ] ] ] } },
{ "type": "Feature", "properties": { "cell_id": "r3_c14" }, "geometry": { "type": "Polygon", "coordinates": [ [ [ 72.92, 18.92 ], [ 72.92, 18.93 ], [ 72.91, 18.93 ], [ 72.91, 18.92 ], [ 72.92, 18.92 ] ] ] } },
{ "type": "Feature", "properties": { "cell_id": "r3_c15" }, "geometry": { "type": "Polygon", "coordinates": [ [ [ 72.93, 18.92 ], [ 72.93, 18.93 ], [ 72.92, 18.93 ], [ 72.92, 18.92 ], [ 72.93, 18.92 ] ] ] } },
{ "type": "Feature", "properties": { "cell_id": "r3_c16" }, "geometry": { "type": "Polygon", "coordinates": [ [ [ 72.94, 18.92 ], [ 72.94, 18.93 ], [ 72.93, 18.93 ], [ 72.93, 18.92 ], [ 72.94, 18.92 ] ] ] } },
{ "type": "Feature", "properties": { "cell_id": "r3_c17" }, "geometry": { "type": "Polygon", "coordinates": [ [ [ 72.95, 18.92 ], [ 72.95, 18.93 ], [ 72.94, 18.93 ], [ 72.94, 18.92 ], [ 72.95, 18.92 ] ] ] } },
{ "type": "Feature", "properties": { "cell_id": "r3_c18" }, "geometry": { "type": "Polygon", "coordinates": [ [ [ 72.96, 18.92 ], [ 72.96, 18.93 ], [ 72.95, 18.93 ], [ 72.95, 18.92 ], [ 72.96, 18.92 ] ] ] } },
{ "type": "Feature", "properties": { "cell_id": "r3_c19" }, "geometry": { "type": "Polygon", "coordinates": [ [ [ 72.97, 18.92 ], [ 72.97, 18.93 ], [ 72.96, 18.93 ], [ 72.96, 18.92 ], [ 72.97, 18.92 ] ] ] } },
{ "type": "Feature", "properties": { "cell_id": "r3_c20" }, "geometry": { "type": "Polygon", "coordinates": [ [ [ 72.980000000000103, 18.92 ], [ 72.980000000000103, 18.93 ], [ 72.97, 18.93 ], [ 72.97, 18.92 ], [ 72.980000000000103, 18.92 ] ] ] } },
{ "type": "Feature", "properties": { "cell_id": "r3_c21" }, "geometry": { "type": "Polygon", "coordinates": [ [ [ 72.99, 18.92 ], [ 72.99, 18.93 ], [ 72.980000000000103, 18.93 ], [ 72.980000000000103, 18.92 ], [ 72.99, 18.92 ] ] ] } },
{ "type": "Feature", "properties": { "cell_id": "r4_c0" }, "geometry": { "type": "Polygon", "coordinates": [ [ [ 72.78, 18.93 ], [ 72.78, 18.94 ], [ 72.77, 18.94 ], [ 72.77, 18.93 ], [ 72.78, 18.93 ] ] ] } },
{ "type": "Feature", "properties": { "cell_id": "r4_c1" }, "geometry": { "type": "Polygon", "coordinates": [ [ [ 72.79, 18.93 ], [ 72.79, 18.94 ], [ 72.78, 18.94 ], [ 72.78, 18.93 ], [ 72.79, 18.93 ] ] ] } },
{ "type": "Feature", "properties": { "cell_id": "r4_c2" }, "geometry": { "type": "Polygon", "coordinates": [ [ [ 72.8, 18.93 ], [ 72.8, 18.94 ], [ 72.79, 18.94 ], [ 72.79, 18.93 ], [ 72.8, 18.93 ] ] ] } },
{ "type": "Feature", "properties": { "cell_id": "r4_c3" }, "geometry": { "type": "Polygon", "coordinates": [ [ [ 72.81, 18.93 ], [ 72.81, 18.94 ], [ 72.8, 18.94 ], [ 72.8, 18.93 ], [ 72.81, 18.93 ] ] ] } },
{ "type": "Feature", "properties": { "cell_id": "r4_c4" }, "geometry": { "type": "Polygon", "coordinates": [ [ [ 72.82, 18.93 ], [ 72.82, 18.94 ], [ 72.81, 18.94 ], [ 72.81, 18.93 ], [ 72.82, 18.93 ] ] ] } },
{ "type": "Feature", "properties": { "cell_id": "r4_c5" }, "geometry": { "type": "Polygon", "coordinates": [ [ [ 72.83, 18.93 ], [ 72.83, 18.94 ], [ 72.82, 18.94 ], [ 72.82, 18.93 ], [ 72.83, 18.93 ] ] ] } },
{ "type": "Feature", "properties": { "cell_id": "r4_c6" }, "geometry": { "type": "Polygon", "coordinates": [ [ [ 72.84, 18.93 ], [ 72.84, 18.94 ], [ 72.83, 18.94 ], [ 72.83, 18.93 ], [ 72.84, 18.93 ] ] ] } },
{ "type": "Feature", "properties": { "cell_id": "r4_c7" }, "geometry": { "type": "Polygon", "coordinates": [ [ [ 72.85, 18.93 ], [ 72.85, 18.94 ], [ 72.84, 18.94 ], [ 72.84, 18.93 ], [ 72.85, 18.93 ] ] ] } },
{ "type": "Feature", "properties": { "cell_id": "r4_c8" }, "geometry": { "type": "Polygon", "coordinates": [ [ [ 72.86, 18.93 ], [ 72.86, 18.94 ], [ 72.85, 18.94 ], [ 72.85, 18.93 ], [ 72.86, 18.93 ] ] ] } },
{ "type": "Feature", "properties": { "cell_id": "r4_c9" }, "geometry": { "type": "Polygon", "coordinates": [ [ [ 72.87, 18.93 ], [ 72.87, 18.94 ], [ 72.86, 18.94 ], [ 72.86, 18.93 ], [ 72.87, 18.93 ] ] ] } },
{ "type": "Feature", "properties": { "cell_id": "r4_c10" }, "geometry": { "type": "Polygon", "coordinates": [ [ [ 72.88, 18.93 ], [ 72.88, 18.94 ], [ 72.87, 18.94 ], [ 72.87, 18.93 ], [ 72.88, 18.93 ] ] ] } },
{ "type": "Feature", "properties": { "cell_id": "r4_c11" }, "geometry": { "type": "Polygon", "coordinates": [ [ [ 72.89, 18.93 ], [ 72.89, 18.94 ], [ 72.88, 18.94 ], [ 72.88, 18.93 ], [ 72.89, 18.93 ] ] ] } },
{ "type": "Feature", "properties": { "cell_id": "r4_c12" }, "geometry": { "type": "Polygon", "coordinates": [ [ [ 72.9, 18.93 ], [ 72.9, 18.94 ], [ 72.89, 18.94 ], [ 72.89, 18.93 ], [ 72.9, 18.93 ] ] ] } },
{ "type": "Feature", "properties": { "cell_id": "r4_c13" }, "geometry": { "type": "Polygon", "coordinates": [ [ [ 72.91, 18.93 ], [ 72.91, 18.94 ], [ 72.9, 18.94 ], [ 72.9, 18.93 ], [ 72.91, 18.93 ] ] ] } },
{ "type": "Feature", "properties": { "cell_id": "r4_c14" }, "geometry": { "type": "Polygon", "coordinates": [ [ [ 72.92, 18.93 ], [ 72.92, 18.94 ], [ 72.91, 18.94 ], [ 72.91, 18.93 ], [ 72.92, 18.93 ] ] ] } },
{ "type": "Feature", "properties": { "cell_id": "r4_c15" }, "geometry": { "type": "Polygon", "coordinates": [ [ [ 72.93, 18.93 ], [ 72.93, 18.94 ], [ 72.92, 18.94 ], [ 72.92, 18.93 ], [ 72.93, 18.93 ] ] ] } },
{ "type": "Feature", "properties": { "cell_id": "r4_c16" }, "geometry": { "type": "Polygon", "coordinates": [ [ [ 72.94, 18.93 ], [ 72.94, 18.94 ], [ 72.93, 18.94 ], [ 72.93, 18.93 ], [ 72.94, 18.93 ] ] ] } },
{ "type": "Feature", "properties": { "cell_id": "r4_c17" }, "geometry": { "type": "Polygon", "coordinates": [ [ [ 72.95, 18.93 ], [ 72.95, 18.94 ], [ 72.94, 18.94 ], [ 72.94, 18.93 ], [ 72.95, 18.93 ] ] ] } },
{ "type": "Feature", "properties": { "cell_id": "r4_c18" }, "geometry": { "type": "Polygon", "coordinates": [ [ [ 72.96, 18.93 ], [ 72.96, 18.94 ], [ 72.95, 18.94 ], [ 72.95, 18.93 ], [ 72.96, 18.93 ] ] ] } },
{ "type": "Feature", "properties": { "cell_id": "r4_c19" }, "geometry": { "type": "Polygon", "coordinates": [ [ [ 72.97, 18.93 ], [ 72.97, 18.94 ], [ 72.96, 18.94 ], [ 72.96, 18.93 ], [ 72.97, 18.93 ] ] ] } },
{ "type": "Feature", "properties": { "cell_id": "r4_c20" }, "geometry": { "type": "Polygon", "coordinates": [ [ [ 72.980000000000103, 18.93 ], [ 72.980000000000103, 18.94 ], [ 72.97, 18.94 ], [ 72.97, 18.93 ], [ 72.980000000000103, 18.93 ] ] ] } },
{ "type": "Feature", "properties": { "cell_id": "r4_c21" }, "geometry": { "type": "Polygon", "coordinates": [ [ [ 72.99, 18.93 ], [ 72.99, 18.94 ], [ 72.980000000000103, 18.94 ], [ 72.980000000000103, 18.93 ], [ 72.99, 18.93 ] ] ] } },
{ "type": "Feature", "properties": { "cell_id": "r5_c0" }, "geometry": { "type": "Polygon", "coordinates": [ [ [ 72.78, 18.94 ], [ 72.78, 18.95 ], [ 72.77, 18.95 ], [ 72.77, 18.94 ], [ 72.78, 18.94 ] ] ] } },
{ "type": "Feature", "properties": { "cell_id": "r5_c1" }, "geometry": { "type": "Polygon", "coordinates": [ [ [ 72.79, 18.94 ], [ 72.79, 18.95 ], [ 72.78, 18.95 ], [ 72.78, 18.94 ], [ 72.79, 18.94 ] ] ] } },
{ "type": "Feature", "properties": { "cell_id": "r5_c2" }, "geometry": { "type": "Polygon", "coordinates": [ [ [ 72.8, 18.94 ], [ 72.8, 18.95 ], [ 72.79, 18.95 ], [ 72.79, 18.94 ], [ 72.8, 18.94 ] ] ] } },
{ "type": "Feature", "properties": { "cell_id": "r5_c3" }, "geometry": { "type": "Polygon", "coordinates": [ [ [ 72.81, 18.94 ], [ 72.81, 18.95 ], [ 72.8, 18.95 ], [ 72.8, 18.94 ], [ 72.81, 18.94 ] ] ] } },
{ "type": "Feature", "properties": { "cell_id": "r5_c4" }, "geometry": { "type": "Polygon", "coordinates": [ [ [ 72.82, 18.94 ], [ 72.82, 18.95 ], [ 72.81, 18.95 ], [ 72.81, 18.94 ], [ 72.82, 18.94 ] ] ] } },
{ "type": "Feature", "properties": { "cell_id": "r5_c5" }, "geometry": { "type": "Polygon", "coordinates": [ [ [ 72.83, 18.94 ], [ 72.83, 18.95 ], [ 72.82, 18.95 ], [ 72.82, 18.94 ], [ 72.83, 18.94 ] ] ] } },
{ "type": "Feature", "properties": { "cell_id": "r5_c6" }, "geometry": { "type": "Polygon", "coordinates": [ [ [ 72.84, 18.94 ], [ 72.84, 18.95 ], [ 72.83, 18.95 ], [ 72.83, 18.94 ], [ 72.84, 18.94 ] ] ] } },
{ "type": "Feature", "properties": { "cell_id": "r5_c7" }, "geometry": { "type": "Polygon", "coordinates": [ [ [ 72.85, 18.94 ], [ 72.85, 18.95 ], [ 72.84, 18.95 ], [ 72.84, 18.94 ], [ 72.85, 18.94 ] ] ] } },
{ "type": "Feature", "properties": { "cell_id": "r5_c8" }, "geometry": { "type": "Polygon", "coordinates": [ [ [ 72.86, 18.94 ], [ 72.86, 18.95 ], [ 72.85, 18.95 ], [ 72.85, 18.94 ], [ 72.86, 18.94 ] ] ] } },
{ "type": "Feature", "properties": { "cell_id": "r5_c9" }, "geometry": { "type": "Polygon", "coordinates": [ [ [ 72.87, 18.94 ], [ 72.87, 18.95 ], [ 72.86, 18.95 ], [ 72.86, 18.94 ], [ 72.87, 18.94 ] ] ] } },
{ "type": "Feature", "properties": { "cell_id": "r5_c10" }, "geometry": { "type": "Polygon", "coordinates": [ [ [ 72.88, 18.94 ], [ 72.88, 18.95 ], [ 72.87, 18.95 ], [ 72.87, 18.94 ], [ 72.88, 18.94 ] ] ] } },
{ "type": "Feature", "properties": { "cell_id": "r5_c11" }, "geometry": { "type": "Polygon", "coordinates": [ [ [ 72.89, 18.94 ], [ 72.89, 18.95 ], [ 72.88, 18.95 ], [ 72.88, 18.94 ], [ 72.89, 18.94 ] ] ] } },
{ "type": "Feature", "properties": { "cell_id": "r5_c12" }, "geometry": { "type": "Polygon", "coordinates": [ [ [ 72.9, 18.94 ], [ 72.9, 18.95 ], [ 72.89, 18.95 ], [ 72.89, 18.94 ], [ 72.9, 18.94 ] ] ] } },
{ "type": "Feature", "properties": { "cell_id": "r5_c13" }, "geometry": { "type": "Polygon", "coordinates": [ [ [ 72.91, 18.94 ], [ 72.91, 18.95 ], [ 72.9, 18.95 ], [ 72.9, 18.94 ], [ 72.91, 18.94 ] ] ] } },
{ "type": "Feature", "properties": { "cell_id": "r5_c14" }, "geometry": { "type": "Polygon", "coordinates": [ [ [ 72.92, 18.94 ], [ 72.92, 18.95 ], [ 72.91, 18.95 ], [ 72.91, 18.94 ], [ 72.92, 18.94 ] ] ] } },
{ "type": "Feature", "properties": { "cell_id": "r5_c15" }, "geometry": { "type": "Polygon", "coordinates": [ [ [ 72.93, 18.94 ], [ 72.93, 18.95 ], [ 72.92, 18.95 ], [ 72.92, 18.94 ], [ 72.93, 18.94 ] ] ] } },
{ "type": "Feature", "properties": { "cell_id": "r5_c16" }, "geometry": { "type": "Polygon", "coordinates": [ [ [ 72.94, 18.94 ], [ 72.94, 18.95 ], [ 72.93, 18.95 ], [ 72.93, 18.94 ], [ 72.94, 18.94 ] ] ] } },
{ "type": "Feature", "properties": { "cell_id": "r5_c17" }, "geometry": { "type": "Polygon", "coordinates": [ [ [ 72.95, 18.94 ], [ 72.95, 18.95 ], [ 72.94, 18.95 ], [ 72.94, 18.94 ], [ 72.95, 18.94 ] ] ] } },
{ "type": "Feature", "properties": { "cell_id": "r5_c18" }, "geometry": { "type": "Polygon", "coordinates": [ [ [ 72.96, 18.94 ], [ 72.96, 18.95 ], [ 72.95, 18.95 ], [ 72.95, 18.94 ], [ 72.96, 18.94 ] ] ] } },
{ "type": "Feature", "properties": { "cell_id": "r5_c19" }, "geometry": { "type": "Polygon", "coordinates": [ [ [ 72.97, 18.94 ], [ 72.97, 18.95 ], [ 72.96, 18.95 ], [ 72.96, 18.94 ], [ 72.97, 18.94 ] ] ] } },
{ "type": "Feature", "properties": { "cell_id": "r5_c20" }, "geometry": { "type": "Polygon", "coordinates": [ [ [ 72.980000000000103, 18.94 ], [ 72.980000000000103, 18.95 ], [ 72.97, 18.95 ], [ 72.97, 18.94 ], [ 72.980000000000103, 18.94 ] ] ] } },
{ "type": "Feature", "properties": { "cell_id": "r5_c21" }, "geometry": { "type": "Polygon", "coordinates": [ [ [ 72.99, 18.94 ], [ 72.99, 18.95 ], [ 72.980000000000103, 18.95 ], [ 72.980000000000103, 18.94 ], [ 72.99, 18.94 ] ] ] } },
{ "type": "Feature", "properties": { "cell_id": "r6_c0" }, "geometry": { "type": "Polygon", "coordinates": [ [ [ 72.78, 18.95 ], [ 72.78, 18.96 ], [ 72.77, 18.96 ], [ 72.77, 18.95 ], [ 72.78, 18.95 ] ] ] } },
{ "type": "Feature", "properties": { "cell_id": "r6_c1" }, "geometry": { "type": "Polygon", "coordinates": [ [ [ 72.79, 18.95 ], [ 72.79, 18.96 ], [ 72.78, 18.96 ], [ 72.78, 18.95 ], [ 72.79, 18.95 ] ] ] } },
{ "type": "Feature", "properties": { "cell_id": "r6_c2" }, "geometry": { "type": "Polygon", "coordinates": [ [ [ 72.8, 18.95 ], [ 72.8, 18.96 ], [ 72.79, 18.96 ], [ 72.79, 18.95 ], [ 72.8, 18.95 ] ] ] } },
{ "type": "Feature", "properties": { "cell_id": "r6_c3" }, "geometry": { "type": "Polygon", "coordinates": [ [ [ 72.81, 18.95 ], [ 72.81, 18.96 ], [ 72.8, 18.96 ], [ 72.8, 18.95 ], [ 72.81, 18.95 ] ] ] } },
{ "type": "Feature", "properties": { "cell_id": "r6_c4" }, "geometry": { "type": "Polygon", "coordinates": [ [ [ 72.82, 18.95 ], [ 72.82, 18.96 ], [ 72.81, 18.96 ], [ 72.81, 18.95 ], [ 72.82, 18.95 ] ] ] } },
{ "type": "Feature", "properties": { "cell_id": "r6_c5" }, "geometry": { "type": "Polygon", "coordinates": [ [ [ 72.83, 18.95 ], [ 72.83, 18.96 ], [ 72.82, 18.96 ], [ 72.82, 18.95 ], [ 72.83, 18.95 ] ] ] } },
{ "type": "Feature", "properties": { "cell_id": "r6_c6" }, "geometry": { "type": "Polygon", "coordinates": [ [ [ 72.84, 18.95 ], [ 72.84, 18.96 ], [ 72.83, 18.96 ], [ 72.83, 18.95 ], [ 72.84, 18.95 ] ] ] } },
{ "type": "Feature", "properties": { "cell_id": "r6_c7" }, "geometry": { "type": "Polygon", "coordinates": [ [ [ 72.85, 18.95 ], [ 72.85, 18.96 ], [ 72.84, 18.96 ], [ 72.84, 18.95 ], [ 72.85, 18.95 ] ] ] } },
{ "type": "Feature", "properties": { "cell_id": "r6_c8" }, "geometry": { "type": "Polygon", "coordinates": [ [ [ 72.86, 18.95 ], [ 72.86, 18.96 ], [ 72.85, 18.96 ], [ 72.85, 18.95 ], [ 72.86, 18.95 ] ] ] } },
{ "type": "Feature", "properties": { "cell_id": "r6_c9" }, "geometry": { "type": "Polygon", "coordinates": [ [ [ 72.87, 18.95 ], [ 72.87, 18.96 ], [ 72.86, 18.96 ], [ 72.86, 18.95 ], [ 72.87, 18.95 ] ] ] } },
{ "type": "Feature", "properties": { "cell_id": "r6_c10" }, "geometry": { "type": "Polygon", "coordinates": [ [ [ 72.88, 18.95 ], [ 72.88, 18.96 ], [ 72.87, 18.96 ], [ 72.87, 18.95 ], [ 72.88, 18.95 ] ] ] } },
{ "type": "Feature", "properties": { "cell_id": "r6_c11" }, "geometry": { "type": "Polygon", "coordinates": [ [ [ 72.89, 18.95 ], [ 72.89, 18.96 ], [ 72.88, 18.96 ], [ 72.88, 18.95 ], [ 72.89, 18.95 ] ] ] } },
{ "type": "Feature", "properties": { "cell_id": "r6_c12" }, "geometry": { "type": "Polygon", "coordinates": [ [ [ 72.9, 18.95 ], [ 72.9, 18.96 ], [ 72.89, 18.96 ], [ 72.89, 18.95 ], [ 72.9, 18.95 ] ] ] } },
{ "type": "Feature", "properties": { "cell_id": "r6_c13" }, "geometry": { "type": "Polygon", "coordinates": [ [ [ 72.91, 18.95 ], [ 72.91, 18.96 ], [ 72.9, 18.96 ], [ 72.9, 18.95 ], [ 72.91, 18.95 ] ] ] } },
{ "type": "Feature", "properties": { "cell_id": "r6_c14" }, "geometry": { "type": "Polygon", "coordinates": [ [ [ 72.92, 18.95 ], [ 72.92, 18.96 ], [ 72.91, 18.96 ], [ 72.91, 18.95 ], [ 72.92, 18.95 ] ] ] } },
{ "type": "Feature", "properties": { "cell_id": "r6_c15" }, "geometry": { "type": "Polygon", "coordinates": [ [ [ 72.93, 18.95 ], [ 72.93, 18.96 ], [ 72.92, 18.96 ], [ 72.92, 18.95 ], [ 72.93, 18.95 ] ] ] } },
{ "type": "Feature", "properties": { "cell_id": "r6_c16" }, "geometry": { "type": "Polygon", "coordinates": [ [ [ 72.94, 18.95 ], [ 72.94, 18.96 ], [ 72.93, 18.96 ], [ 72.93, 18.95 ], [ 72.94, 18.95 ] ] ] } },
{ "type": "Feature", "properties": { "cell_id": "r6_c17" }, "geometry": { "type": "Polygon", "coordinates": [ [ [ 72.95, 18.95 ], [ 72.95, 18.96 ], [ 72.94, 18.96 ], [ 72.94, 18.95 ], [ 72.95, 18.95 ] ] ] } },
{ "type": "Feature", "properties": { "cell_id": "r6_c18" }, "geometry": { "type": "Polygon", "coordinates": [ [ [ 72.96, 18.95 ], [ 72.96, 18.96 ], [ 72.95, 18.96 ], [ 72.95, 18.95 ], [ 72.96, 18.95 ] ] ] } },
{ "type": "Feature", "properties": { "cell_id": "r6_c19" }, "geometry": { "type": "Polygon", "coordinates": [ [ [ 72.97, 18.95 ], [ 72.97, 18.96 ], [ 72.96, 18.96 ], [ 72.96, 18.95 ], [ 72.97, 18.95 ] ] ] } },
{ "type": "Feature", "properties": { "cell_id": "r6_c20" }, "geometry": { "type": "Polygon", "coordinates": [ [ [ 72.980000000000103, 18.95 ], [ 72.980000000000103, 18.96 ], [ 72.97, 18.96 ], [ 72.97, 18.95 ], [ 72.980000000000103, 18.95 ] ] ] } },
{ "type": "Feature", "properties": { "cell_id": "r6_c21" }, "geometry": { "type": "Polygon", "coordinates": [ [ [ 72.99, 18.95 ], [ 72.99, 18.96 ], [ 72.980000000000103, 18.96 ], [ 72.980000000000103, 18.95 ], [ 72.99, 18.95 ] ] ] } },
{ "type": "Feature", "properties": { "cell_id": "r7_c0" }, "geometry": { "type": "Polygon", "coordinates": [ [ [ 72.78, 18.96 ], [ 72.78, 18.97 ], [ 72.77, 18.97 ], [ 72.77, 18.96 ], [ 72.78, 18.96 ] ] ] } },
{ "type": "Feature", "properties": { "cell_id": "r7_c1" }, "geometry": { "type": "Polygon", "coordinates": [ [ [ 72.79, 18.96 ], [ 72.79, 18.97 ], [ 72.78, 18.97 ], [ 72.78, 18.96 ], [ 72.79, 18.96 ] ] ] } },
{ "type": "Feature", "properties": { "cell_id": "r7_c2" }, "geometry": { "type": "Polygon", "coordinates": [ [ [ 72.8, 18.96 ], [ 72.8, 18.97 ], [ 72.79, 18.97 ], [ 72.79, 18.96 ], [ 72.8, 18.96 ] ] ] } },
{ "type": "Feature", "properties": { "cell_id": "r7_c3" }, "geometry": { "type": "Polygon", "coordinates": [ [ [ 72.81, 18.96 ], [ 72.81, 18.97 ], [ 72.8, 18.97 ], [ 72.8, 18.96 ], [ 72.81, 18.96 ] ] ] } },
{ "type": "Feature", "properties": { "cell_id": "r7_c4" }, "geometry": { "type": "Polygon", "coordinates": [ [ [ 72.82, 18.96 ], [ 72.82, 18.97 ], [ 72.81, 18.97 ], [ 72.81, 18.96 ], [ 72.82, 18.96 ] ] ] } },
{ "type": "Feature", "properties": { "cell_id": "r7_c5" }, "geometry": { "type": "Polygon", "coordinates": [ [ [ 72.83, 18.96 ], [ 72.83, 18.97 ], [ 72.82, 18.97 ], [ 72.82, 18.96 ], [ 72.83, 18.96 ] ] ] } },
{ "type": "Feature", "properties": { "cell_id": "r7_c6" }, "geometry": { "type": "Polygon", "coordinates": [ [ [ 72.84, 18.96 ], [ 72.84, 18.97 ], [ 72.83, 18.97 ], [ 72.83, 18.96 ], [ 72.84, 18.96 ] ] ] } },
{ "type": "Feature", "properties": { "cell_id": "r7_c7" }, "geometry": { "type": "Polygon", "coordinates": [ [ [ 72.85, 18.96 ], [ 72.85, 18.97 ], [ 72.84, 18.97 ], [ 72.84, 18.96 ], [ 72.85, 18.96 ] ] ] } },
{ "type": "Feature", "properties": { "cell_id": "r7_c8" }, "geometry": { "type": "Polygon", "coordinates": [ [ [ 72.86, 18.96 ], [ 72.86, 18.97 ], [ 72.85, 18.97 ], [ 72.85, 18.96 ], [ 72.86, 18.96 ] ] ] } },
{ "type": "Feature", "properties": { "cell_id": "r7_c9" }, "geometry": { "type": "Polygon", "coordinates": [ [ [ 72.87, 18.96 ], [ 72.87, 18.97 ], [ 72.86, 18.97 ], [ 72.86, 18.96 ], [ 72.87, 18.96 ] ] ] } },
{ "type": "Feature", "properties": { "cell_id": "r7_c10" }, "geometry": { "type": "Polygon", "coordinates": [ [ [ 72.88, 18.96 ], [ 72.88, 18.97 ], [ 72.87, 18.97 ], [ 72.87, 18.96 ], [ 72.88, 18.96 ] ] ] } },
{ "type": "Feature", "properties": { "cell_id": "r7_c11" }, "geometry": { "type": "Polygon", "coordinates": [ [ [ 72.89, 18.96 ], [ 72.89, 18.97 ], [ 72.88, 18.97 ], [ 72.88, 18.96 ], [ 72.89, 18.96 ] ] ] } },
{ "type": "Feature", "properties": { "cell_id": "r7_c12" }, "geometry": { "type": "Polygon", "coordinates": [ [ [ 72.9, 18.96 ], [ 72.9, 18.97 ], [ 72.89, 18.97 ], [ 72.89, 18.96 ], [ 72.9, 18.96 ] ] ] } },
{ "type": "Feature", "properties": { "cell_id": "r7_c13" }, "geometry": { "type": "Polygon", "coordinates": [ [ [ 72.91, 18.96 ], [ 72.91, 18.97 ], [ 72.9, 18.97 ], [ 72.9, 18.96 ], [ 72.91, 18.96 ] ] ] } },
{ "type": "Feature", "properties": { "cell_id": "r7_c14" }, "geometry": { "type": "Polygon", "coordinates": [ [ [ 72.92, 18.96 ], [ 72.92, 18.97 ], [ 72.91, 18.97 ], [ 72.91, 18.96 ], [ 72.92, 18.96 ] ] ] } },
{ "type": "Feature", "properties": { "cell_id": "r7_c15" }, "geometry": { "type": "Polygon", "coordinates": [ [ [ 72.93, 18.96 ], [ 72.93, 18.97 ], [ 72.92, 18.97 ], [ 72.92, 18.96 ], [ 72.93, 18.96 ] ] ] } },
{ "type": "Feature", "properties": { "cell_id": "r7_c16" }, "geometry": { "type": "Polygon", "coordinates": [ [ [ 72.94, 18.96 ], [ 72.94, 18.97 ], [ 72.93, 18.97 ], [ 72.93, 18.96 ], [ 72.94, 18.96 ] ] ] } },
{ "type": "Feature", "properties": { "cell_id": "r7_c17" }, "geometry": { "type": "Polygon", "coordinates": [ [ [ 72.95, 18.96 ], [ 72.95, 18.97 ], [ 72.94, 18.97 ], [ 72.94, 18.96 ], [ 72.95, 18.96 ] ] ] } },
{ "type": "Feature", "properties": { "cell_id": "r7_c18" }, "geometry": { "type": "Polygon", "coordinates": [ [ [ 72.96, 18.96 ], [ 72.96, 18.97 ], [ 72.95, 18.97 ], [ 72.95, 18.96 ], [ 72.96, 18.96 ] ] ] } },
{ "type": "Feature", "properties": { "cell_id": "r7_c19" }, "geometry": { "type": "Polygon", "coordinates": [ [ [ 72.97, 18.96 ], [ 72.97, 18.97 ], [ 72.96, 18.97 ], [ 72.96, 18.96 ], [ 72.97, 18.96 ] ] ] } },
{ "type": "Feature", "properties": { "cell_id": "r7_c20" }, "geometry": { "type": "Polygon", "coordinates": [ [ [ 72.980000000000103, 18.96 ], [ 72.980000000000103, 18.97 ], [ 72.97, 18.97 ], [ 72.97, 18.96 ], [ 72.980000000000103, 18.96 ] ] ] } },
{ "type": "Feature", "properties": { "cell_id": "r7_c21" }, "geometry": { "type": "Polygon", "coordinates": [ [ [ 72.99, 18.96 ], [ 72.99, 18.97 ], [ 72.980000000000103, 18.97 ], [ 72.980000000000103, 18.96 ], [ 72.99, 18.96 ] ] ] } },
{ "type": "Feature", "properties": { "cell_id": "r8_c0" }, "geometry": { "type": "Polygon", "coordinates": [ [ [ 72.78, 18.97 ], [ 72.78, 18.98 ], [ 72.77, 18.98 ], [ 72.77, 18.97 ], [ 72.78, 18.97 ] ] ] } },
{ "type": "Feature", "properties": { "cell_id": "r8_c1" }, "geometry": { "type": "Polygon", "coordinates": [ [ [ 72.79, 18.97 ], [ 72.79, 18.98 ], [ 72.78, 18.98 ], [ 72.78, 18.97 ], [ 72.79, 18.97 ] ] ] } },
{ "type": "Feature", "properties": { "cell_id": "r8_c2" }, "geometry": { "type": "Polygon", "coordinates": [ [ [ 72.8, 18.97 ], [ 72.8, 18.98 ], [ 72.79, 18.98 ], [ 72.79, 18.97 ], [ 72.8, 18.97 ] ] ] } },
{ "type": "Feature", "properties": { "cell_id": "r8_c3" }, "geometry": { "type": "Polygon", "coordinates": [ [ [ 72.81, 18.97 ], [ 72.81, 18.98 ], [ 72.8, 18.98 ], [ 72.8, 18.97 ], [ 72.81, 18.97 ] ] ] } },
{ "type": "Feature", "properties": { "cell_id": "r8_c4" }, "geometry": { "type": "Polygon", "coordinates": [ [ [ 72.82, 18.97 ], [ 72.82, 18.98 ], [ 72.81, 18.98 ], [ 72.81, 18.97 ], [ 72.82, 18.97 ] ] ] } },
{ "type": "Feature", "properties": { "cell_id": "r8_c5" }, "geometry": { "type": "Polygon", "coordinates": [ [ [ 72.83, 18.97 ], [ 72.83, 18.98 ], [ 72.82, 18.98 ], [ 72.82, 18.97 ], [ 72.83, 18.97 ] ] ] } },
{ "type": "Feature", "properties": { "cell_id": "r8_c6" }, "geometry": { "type": "Polygon", "coordinates": [ [ [ 72.84, 18.97 ], [ 72.84, 18.98 ], [ 72.83, 18.98 ], [ 72.83, 18.97 ], [ 72.84, 18.97 ] ] ] } },
{ "type": "Feature", "properties": { "cell_id": "r8_c7" }, "geometry": { "type": "Polygon", "coordinates": [ [ [ 72.85, 18.97 ], [ 72.85, 18.98 ], [ 72.84, 18.98 ], [ 72.84, 18.97 ], [ 72.85, 18.97 ] ] ] } },
{ "type": "Feature", "properties": { "cell_id": "r8_c8" }, "geometry": { "type": "Polygon", "coordinates": [ [ [ 72.86, 18.97 ], [ 72.86, 18.98 ], [ 72.85, 18.98 ], [ 72.85, 18.97 ], [ 72.86, 18.97 ] ] ] } },
{ "type": "Feature", "properties": { "cell_id": "r8_c9" }, "geometry": { "type": "Polygon", "coordinates": [ [ [ 72.87, 18.97 ], [ 72.87, 18.98 ], [ 72.86, 18.98 ], [ 72.86, 18.97 ], [ 72.87, 18.97 ] ] ] } },
{ "type": "Feature", "properties": { "cell_id": "r8_c10" }, "geometry": { "type": "Polygon", "coordinates": [ [ [ 72.88, 18.97 ], [ 72.88, 18.98 ], [ 72.87, 18.98 ], [ 72.87, 18.97 ], [ 72.88, 18.97 ] ] ] } },
{ "type": "Feature", "properties": { "cell_id": "r8_c11" }, "geometry": { "type": "Polygon", "coordinates": [ [ [ 72.89, 18.97 ], [ 72.89, 18.98 ], [ 72.88, 18.98 ], [ 72.88, 18.97 ], [ 72.89, 18.97 ] ] ] } },
{ "type": "Feature", "properties": { "cell_id": "r8_c12" }, "geometry": { "type": "Polygon", "coordinates": [ [ [ 72.9, 18.97 ], [ 72.9, 18.98 ], [ 72.89, 18.98 ], [ 72.89, 18.97 ], [ 72.9, 18.97 ] ] ] } },
{ "type": "Feature", "properties": { "cell_id": "r8_c13" }, "geometry": { "type": "Polygon", "coordinates": [ [ [ 72.91, 18.97 ], [ 72.91, 18.98 ], [ 72.9, 18.98 ], [ 72.9, 18.97 ], [ 72.91, 18.97 ] ] ] } },
{ "type": "Feature", "properties": { "cell_id": "r8_c14" }, "geometry": { "type": "Polygon", "coordinates": [ [ [ 72.92, 18.97 ], [ 72.92, 18.98 ], [ 72.91, 18.98 ], [ 72.91, 18.97 ], [ 72.92, 18.97 ] ] ] } },
{ "type": "Feature", "properties": { "cell_id": "r8_c15" }, "geometry": { "type": "Polygon", "coordinates": [ [ [ 72.93, 18.97 ], [ 72.93, 18.98 ], [ 72.92, 18.98 ], [ 72.92, 18.97 ], [ 72.93, 18.97 ] ] ] } },
{ "type": "Feature", "properties": { "cell_id": "r8_c16" }, "geometry": { "type": "Polygon", "coordinates": [ [ [ 72.94, 18.97 ], [ 72.94, 18.98 ], [ 72.93, 18.98 ], [ 72.93, 18.97 ], [ 72.94, 18.97 ] ] ] } },
{ "type": "Feature", "properties": { "cell_id": "r8_c17" }, "geometry": { "type": "Polygon", "coordinates": [ [ [ 72.95, 18.97 ], [ 72.95, 18.98 ], [ 72.94, 18.98 ], [ 72.94, 18.97 ], [ 72.95, 18.97 ] ] ] } },
{ "type": "Feature", "properties": { "cell_id": "r8_c18" }, "geometry": { "type": "Polygon", "coordinates": [ [ [ 72.96, 18.97 ], [ 72.96, 18.98 ], [ 72.95, 18.98 ], [ 72.95, 18.97 ], [ 72.96, 18.97 ] ] ] } },
{ "type": "Feature", "properties": { "cell_id": "r8_c19" }, "geometry": { "type": "Polygon", "coordinates": [ [ [ 72.97, 18.97 ], [ 72.97, 18.98 ], [ 72.96, 18.98 ], [ 72.96, 18.97 ], [ 72.97, 18.97 ] ] ] } },
{ "type": "Feature", "properties": { "cell_id": "r8_c20" }, "geometry": { "type": "Polygon", "coordinates": [ [ [ 72.980000000000103, 18.97 ], [ 72.980000000000103, 18.98 ], [ 72.97, 18.98 ], [ 72.97, 18.97 ], [ 72.980000000000103, 18.97 ] ] ] } },
{ "type": "Feature", "properties": { "cell_id": "r8_c21" }, "geometry": { "type": "Polygon", "coordinates": [ [ [ 72.99, 18.97 ], [ 72.99, 18.98 ], [ 72.980000000000103, 18.98 ], [ 72.980000000000103, 18.97 ], [ 72.99, 18.97 ] ] ] } },
{ "type": "Feature", "properties": { "cell_id": "r9_c0" }, "geometry": { "type": "Polygon", "coordinates": [ [ [ 72.78, 18.98 ], [ 72.78, 18.99 ], [ 72.77, 18.99 ], [ 72.77, 18.98 ], [ 72.78, 18.98 ] ] ] } },
{ "type": "Feature", "properties": { "cell_id": "r9_c1" }, "geometry": { "type": "Polygon", "coordinates": [ [ [ 72.79, 18.98 ], [ 72.79, 18.99 ], [ 72.78, 18.99 ], [ 72.78, 18.98 ], [ 72.79, 18.98 ] ] ] } },
{ "type": "Feature", "properties": { "cell_id": "r9_c2" }, "geometry": { "type": "Polygon", "coordinates": [ [ [ 72.8, 18.98 ], [ 72.8, 18.99 ], [ 72.79, 18.99 ], [ 72.79, 18.98 ], [ 72.8, 18.98 ] ] ] } },
{ "type": "Feature", "properties": { "cell_id": "r9_c3" }, "geometry": { "type": "Polygon", "coordinates": [ [ [ 72.81, 18.98 ], [ 72.81, 18.99 ], [ 72.8, 18.99 ], [ 72.8, 18.98 ], [ 72.81, 18.98 ] ] ] } },
{ "type": "Feature", "properties": { "cell_id": "r9_c4" }, "geometry": { "type": "Polygon", "coordinates": [ [ [ 72.82, 18.98 ], [ 72.82, 18.99 ], [ 72.81, 18.99 ], [ 72.81, 18.98 ], [ 72.82, 18.98 ] ] ] } },
{ "type": "Feature", "properties": { "cell_id": "r9_c5" }, "geometry": { "type": "Polygon", "coordinates": [ [ [ 72.83, 18.98 ], [ 72.83, 18.99 ], [ 72.82, 18.99 ], [ 72.82, 18.98 ], [ 72.83, 18.98 ] ] ] } },
{ "type": "Feature", "properties": { "cell_id": "r9_c6" }, "geometry": { "type": "Polygon", "coordinates": [ [ [ 72.84, 18.98 ], [ 72.84, 18.99 ], [ 72.83, 18.99 ], [ 72.83, 18.98 ], [ 72.84, 18.98 ] ] ] } },
{ "type": "Feature", "properties": { "cell_id": "r9_c7" }, "geometry": { "type": "Polygon", "coordinates": [ [ [ 72.85, 18.98 ], [ 72.85, 18.99 ], [ 72.84, 18.99 ], [ 72.84, 18.98 ], [ 72.85, 18.98 ] ] ] } },
{ "type": "Feature", "properties": { "cell_id": "r9_c8" }, "geometry": { "type": "Polygon", "coordinates": [ [ [ 72.86, 18.98 ], [ 72.86, 18.99 ], [ 72.85, 18.99 ], [ 72.85, 18.98 ], [ 72.86, 18.98 ] ] ] } },
{ "type": "Feature", "properties": { "cell_id": "r9_c9" }, "geometry": { "type": "Polygon", "coordinates": [ [ [ 72.87, 18.98 ], [ 72.87, 18.99 ], [ 72.86, 18.99 ], [ 72.86, 18.98 ], [ 72.87, 18.98 ] ] ] } },
{ "type": "Feature", "properties": { "cell_id": "r9_c10" }, "geometry": { "type": "Polygon", "coordinates": [ [ [ 72.88, 18.98 ], [ 72.88, 18.99 ], [ 72.87, 18.99 ], [ 72.87, 18.98 ], [ 72.88, 18.98 ] ] ] } },
{ "type": "Feature", "properties": { "cell_id": "r9_c11" }, "geometry": { "type": "Polygon", "coordinates": [ [ [ 72.89, 18.98 ], [ 72.89, 18.99 ], [ 72.88, 18.99 ], [ 72.88, 18.98 ], [ 72.89, 18.98 ] ] ] } },
{ "type": "Feature", "properties": { "cell_id": "r9_c12" }, "geometry": { "type": "Polygon", "coordinates": [ [ [ 72.9, 18.98 ], [ 72.9, 18.99 ], [ 72.89, 18.99 ], [ 72.89, 18.98 ], [ 72.9, 18.98 ] ] ] } },
{ "type": "Feature", "properties": { "cell_id": "r9_c13" }, "geometry": { "type": "Polygon", "coordinates": [ [ [ 72.91, 18.98 ], [ 72.91, 18.99 ], [ 72.9, 18.99 ], [ 72.9, 18.98 ], [ 72.91, 18.98 ] ] ] } },
{ "type": "Feature", "properties": { "cell_id": "r9_c14" }, "geometry": { "type": "Polygon", "coordinates": [ [ [ 72.92, 18.98 ], [ 72.92, 18.99 ], [ 72.91, 18.99 ], [ 72.91, 18.98 ], [ 72.92, 18.98 ] ] ] } },
{ "type": "Feature", "properties": { "cell_id": "r9_c15" }, "geometry": { "type": "Polygon", "coordinates": [ [ [ 72.93, 18.98 ], [ 72.93, 18.99 ], [ 72.92, 18.99 ], [ 72.92, 18.98 ], [ 72.93, 18.98 ] ] ] } },
{ "type": "Feature", "properties": { "cell_id": "r9_c16" }, "geometry": { "type": "Polygon", "coordinates": [ [ [ 72.94, 18.98 ], [ 72.94, 18.99 ], [ 72.93, 18.99 ], [ 72.93, 18.98 ], [ 72.94, 18.98 ] ] ] } },
{ "type": "Feature", "properties": { "cell_id": "r9_c17" }, "geometry": { "type": "Polygon", "coordinates": [ [ [ 72.95, 18.98 ], [ 72.95, 18.99 ], [ 72.94, 18.99 ], [ 72.94, 18.98 ], [ 72.95, 18.98 ] ] ] } },
{ "type": "Feature", "properties": { "cell_id": "r9_c18" }, "geometry": { "type": "Polygon", "coordinates": [ [ [ 72.96, 18.98 ], [ 72.96, 18.99 ], [ 72.95, 18.99 ], [ 72.95, 18.98 ], [ 72.96, 18.98 ] ] ] } },
{ "type": "Feature", "properties": { "cell_id": "r9_c19" }, "geometry": { "type": "Polygon", "coordinates": [ [ [ 72.97, 18.98 ], [ 72.97, 18.99 ], [ 72.96, 18.99 ], [ 72.96, 18.98 ], [ 72.97, 18.98 ] ] ] } },
{ "type": "Feature", "properties": { "cell_id": "r9_c20" }, "geometry": { "type": "Polygon", "coordinates": [ [ [ 72.980000000000103, 18.98 ], [ 72.980000000000103, 18.99 ], [ 72.97, 18.99 ], [ 72.97, 18.98 ], [ 72.980000000000103, 18.98 ] ] ] } },
{ "type": "Feature", "properties": { "cell_id": "r9_c21" }, "geometry": { "type": "Polygon", "coordinates": [ [ [ 72.99, 18.98 ], [ 72.99, 18.99 ], [ 72.980000000000103, 18.99 ], [ 72.980000000000103, 18.98 ], [ 72.99, 18.98 ] ] ] } },
{ "type": "Feature", "properties": { "cell_id": "r10_c0" }, "geometry": { "type": "Polygon", "coordinates": [ [ [ 72.78, 18.99 ], [ 72.78, 19.0 ], [ 72.77, 19.0 ], [ 72.77, 18.99 ], [ 72.78, 18.99 ] ] ] } },
{ "type": "Feature", "properties": { "cell_id": "r10_c1" }, "geometry": { "type": "Polygon", "coordinates": [ [ [ 72.79, 18.99 ], [ 72.79, 19.0 ], [ 72.78, 19.0 ], [ 72.78, 18.99 ], [ 72.79, 18.99 ] ] ] } },
{ "type": "Feature", "properties": { "cell_id": "r10_c2" }, "geometry": { "type": "Polygon", "coordinates": [ [ [ 72.8, 18.99 ], [ 72.8, 19.0 ], [ 72.79, 19.0 ], [ 72.79, 18.99 ], [ 72.8, 18.99 ] ] ] } },
{ "type": "Feature", "properties": { "cell_id": "r10_c3" }, "geometry": { "type": "Polygon", "coordinates": [ [ [ 72.81, 18.99 ], [ 72.81, 19.0 ], [ 72.8, 19.0 ], [ 72.8, 18.99 ], [ 72.81, 18.99 ] ] ] } },
{ "type": "Feature", "properties": { "cell_id": "r10_c4" }, "geometry": { "type": "Polygon", "coordinates": [ [ [ 72.82, 18.99 ], [ 72.82, 19.0 ], [ 72.81, 19.0 ], [ 72.81, 18.99 ], [ 72.82, 18.99 ] ] ] } },
{ "type": "Feature", "properties": { "cell_id": "r10_c5" }, "geometry": { "type": "Polygon", "coordinates": [ [ [ 72.83, 18.99 ], [ 72.83, 19.0 ], [ 72.82, 19.0 ], [ 72.82, 18.99 ], [ 72.83, 18.99 ] ] ] } },
{ "type": "Feature", "properties": { "cell_id": "r10_c6" }, "geometry": { "type": "Polygon", "coordinates": [ [ [ 72.84, 18.99 ], [ 72.84, 19.0 ], [ 72.83, 19.0 ], [ 72.83, 18.99 ], [ 72.84, 18.99 ] ] ] } },
{ "type": "Feature", "properties": { "cell_id": "r10_c7" }, "geometry": { "type": "Polygon", "coordinates": [ [ [ 72.85, 18.99 ], [ 72.85, 19.0 ], [ 72.84, 19.0 ], [ 72.84, 18.99 ], [ 72.85, 18.99 ] ] ] } },
{ "type": "Feature", "properties": { "cell_id": "r10_c8" }, "geometry": { "type": "Polygon", "coordinates": [ [ [ 72.86, 18.99 ], [ 72.86, 19.0 ], [ 72.85, 19.0 ], [ 72.85, 18.99 ], [ 72.86, 18.99 ] ] ] } },
{ "type": "Feature", "properties": { "cell_id": "r10_c9" }, "geometry": { "type": "Polygon", "coordinates": [ [ [ 72.87, 18.99 ], [ 72.87, 19.0 ], [ 72.86, 19.0 ], [ 72.86, 18.99 ], [ 72.87, 18.99 ] ] ] } },
{ "type": "Feature", "properties": { "cell_id": "r10_c10" }, "geometry": { "type": "Polygon", "coordinates": [ [ [ 72.88, 18.99 ], [ 72.88, 19.0 ], [ 72.87, 19.0 ], [ 72.87, 18.99 ], [ 72.88, 18.99 ] ] ] } },
{ "type": "Feature", "properties": { "cell_id": "r10_c11" }, "geometry": { "type": "Polygon", "coordinates": [ [ [ 72.89, 18.99 ], [ 72.89, 19.0 ], [ 72.88, 19.0 ], [ 72.88, 18.99 ], [ 72.89, 18.99 ] ] ] } },
{ "type": "Feature", "properties": { "cell_id": "r10_c12" }, "geometry": { "type": "Polygon", "coordinates": [ [ [ 72.9, 18.99 ], [ 72.9, 19.0 ], [ 72.89, 19.0 ], [ 72.89, 18.99 ], [ 72.9, 18.99 ] ] ] } },
{ "type": "Feature", "properties": { "cell_id": "r10_c13" }, "geometry": { "type": "Polygon", "coordinates": [ [ [ 72.91, 18.99 ], [ 72.91, 19.0 ], [ 72.9, 19.0 ], [ 72.9, 18.99 ], [ 72.91, 18.99 ] ] ] } },
{ "type": "Feature", "properties": { "cell_id": "r10_c14" }, "geometry": { "type": "Polygon", "coordinates": [ [ [ 72.92, 18.99 ], [ 72.92, 19.0 ], [ 72.91, 19.0 ], [ 72.91, 18.99 ], [ 72.92, 18.99 ] ] ] } },
{ "type": "Feature", "properties": { "cell_id": "r10_c15" }, "geometry": { "type": "Polygon", "coordinates": [ [ [ 72.93, 18.99 ], [ 72.93, 19.0 ], [ 72.92, 19.0 ], [ 72.92, 18.99 ], [ 72.93, 18.99 ] ] ] } },
{ "type": "Feature", "properties": { "cell_id": "r10_c16" }, "geometry": { "type": "Polygon", "coordinates": [ [ [ 72.94, 18.99 ], [ 72.94, 19.0 ], [ 72.93, 19.0 ], [ 72.93, 18.99 ], [ 72.94, 18.99 ] ] ] } },
{ "type": "Feature", "properties": { "cell_id": "r10_c17" }, "geometry": { "type": "Polygon", "coordinates": [ [ [ 72.95, 18.99 ], [ 72.95, 19.0 ], [ 72.94, 19.0 ], [ 72.94, 18.99 ], [ 72.95, 18.99 ] ] ] } },
{ "type": "Feature", "properties": { "cell_id": "r10_c18" }, "geometry": { "type": "Polygon", "coordinates": [ [ [ 72.96, 18.99 ], [ 72.96, 19.0 ], [ 72.95, 19.0 ], [ 72.95, 18.99 ], [ 72.96, 18.99 ] ] ] } },
{ "type": "Feature", "properties": { "cell_id": "r10_c19" }, "geometry": { "type": "Polygon", "coordinates": [ [ [ 72.97, 18.99 ], [ 72.97, 19.0 ], [ 72.96, 19.0 ], [ 72.96, 18.99 ], [ 72.97, 18.99 ] ] ] } },
{ "type": "Feature", "properties": { "cell_id": "r10_c20" }, "geometry": { "type": "Polygon", "coordinates": [ [ [ 72.980000000000103, 18.99 ], [ 72.980000000000103, 19.0 ], [ 72.97, 19.0 ], [ 72.97, 18.99 ], [ 72.980000000000103, 18.99 ] ] ] } },
{ "type": "Feature", "properties": { "cell_id": "r10_c21" }, "geometry": { "type": "Polygon", "coordinates": [ [ [ 72.99, 18.99 ], [ 72.99, 19.0 ], [ 72.980000000000103, 19.0 ], [ 72.980000000000103, 18.99 ], [ 72.99, 18.99 ] ] ] } },
{ "type": "Feature", "properties": { "cell_id": "r11_c0" }, "geometry": { "type": "Polygon", "coordinates": [ [ [ 72.78, 19.0 ], [ 72.78, 19.01 ], [ 72.77, 19.01 ], [ 72.77, 19.0 ], [ 72.78, 19.0 ] ] ] } },
{ "type": "Feature", "properties": { "cell_id": "r11_c1" }, "geometry": { "type": "Polygon", "coordinates": [ [ [ 72.79, 19.0 ], [ 72.79, 19.01 ], [ 72.78, 19.01 ], [ 72.78, 19.0 ], [ 72.79, 19.0 ] ] ] } },
{ "type": "Feature", "properties": { "cell_id": "r11_c2" }, "geometry": { "type": "Polygon", "coordinates": [ [ [ 72.8, 19.0 ], [ 72.8, 19.01 ], [ 72.79, 19.01 ], [ 72.79, 19.0 ], [ 72.8, 19.0 ] ] ] } },
{ "type": "Feature", "properties": { "cell_id": "r11_c3" }, "geometry": { "type": "Polygon", "coordinates": [ [ [ 72.81, 19.0 ], [ 72.81, 19.01 ], [ 72.8, 19.01 ], [ 72.8, 19.0 ], [ 72.81, 19.0 ] ] ] } },
{ "type": "Feature", "properties": { "cell_id": "r11_c4" }, "geometry": { "type": "Polygon", "coordinates": [ [ [ 72.82, 19.0 ], [ 72.82, 19.01 ], [ 72.81, 19.01 ], [ 72.81, 19.0 ], [ 72.82, 19.0 ] ] ] } },
{ "type": "Feature", "properties": { "cell_id": "r11_c5" }, "geometry": { "type": "Polygon", "coordinates": [ [ [ 72.83, 19.0 ], [ 72.83, 19.01 ], [ 72.82, 19.01 ], [ 72.82, 19.0 ], [ 72.83, 19.0 ] ] ] } },
{ "type": "Feature", "properties": { "cell_id": "r11_c6" }, "geometry": { "type": "Polygon", "coordinates": [ [ [ 72.84, 19.0 ], [ 72.84, 19.01 ], [ 72.83, 19.01 ], [ 72.83, 19.0 ], [ 72.84, 19.0 ] ] ] } },
{ "type": "Feature", "properties": { "cell_id": "r11_c7" }, "geometry": { "type": "Polygon", "coordinates": [ [ [ 72.85, 19.0 ], [ 72.85, 19.01 ], [ 72.84, 19.01 ], [ 72.84, 19.0 ], [ 72.85, 19.0 ] ] ] } },
{ "type": "Feature", "properties": { "cell_id": "r11_c8" }, "geometry": { "type": "Polygon", "coordinates": [ [ [ 72.86, 19.0 ], [ 72.86, 19.01 ], [ 72.85, 19.01 ], [ 72.85, 19.0 ], [ 72.86, 19.0 ] ] ] } },
{ "type": "Feature", "properties": { "cell_id": "r11_c9" }, "geometry": { "type": "Polygon", "coordinates": [ [ [ 72.87, 19.0 ], [ 72.87, 19.01 ], [ 72.86, 19.01 ], [ 72.86, 19.0 ], [ 72.87, 19.0 ] ] ] } },
{ "type": "Feature", "properties": { "cell_id": "r11_c10" }, "geometry": { "type": "Polygon", "coordinates": [ [ [ 72.88, 19.0 ], [ 72.88, 19.01 ], [ 72.87, 19.01 ], [ 72.87, 19.0 ], [ 72.88, 19.0 ] ] ] } },
{ "type": "Feature", "properties": { "cell_id": "r11_c11" }, "geometry": { "type": "Polygon", "coordinates": [ [ [ 72.89, 19.0 ], [ 72.89, 19.01 ], [ 72.88, 19.01 ], [ 72.88, 19.0 ], [ 72.89, 19.0 ] ] ] } },
{ "type": "Feature", "properties": { "cell_id": "r11_c12" }, "geometry": { "type": "Polygon", "coordinates": [ [ [ 72.9, 19.0 ], [ 72.9, 19.01 ], [ 72.89, 19.01 ], [ 72.89, 19.0 ], [ 72.9, 19.0 ] ] ] } },
{ "type": "Feature", "properties": { "cell_id": "r11_c13" }, "geometry": { "type": "Polygon", "coordinates": [ [ [ 72.91, 19.0 ], [ 72.91, 19.01 ], [ 72.9, 19.01 ], [ 72.9, 19.0 ], [ 72.91, 19.0 ] ] ] } },
{ "type": "Feature", "properties": { "cell_id": "r11_c14" }, "geometry": { "type": "Polygon", "coordinates": [ [ [ 72.92, 19.0 ], [ 72.92, 19.01 ], [ 72.91, 19.01 ], [ 72.91, 19.0 ], [ 72.92, 19.0 ] ] ] } },
{ "type": "Feature", "properties": { "cell_id": "r11_c15" }, "geometry": { "type": "Polygon", "coordinates": [ [ [ 72.93, 19.0 ], [ 72.93, 19.01 ], [ 72.92, 19.01 ], [ 72.92, 19.0 ], [ 72.93, 19.0 ] ] ] } },
{ "type": "Feature", "properties": { "cell_id": "r11_c16" }, "geometry": { "type": "Polygon", "coordinates": [ [ [ 72.94, 19.0 ], [ 72.94, 19.01 ], [ 72.93, 19.01 ], [ 72.93, 19.0 ], [ 72.94, 19.0 ] ] ] } },
{ "type": "Feature", "properties": { "cell_id": "r11_c17" }, "geometry": { "type": "Polygon", "coordinates": [ [ [ 72.95, 19.0 ], [ 72.95, 19.01 ], [ 72.94, 19.01 ], [ 72.94, 19.0 ], [ 72.95, 19.0 ] ] ] } },
{ "type": "Feature", "properties": { "cell_id": "r11_c18" }, "geometry": { "type": "Polygon", "coordinates": [ [ [ 72.96, 19.0 ], [ 72.96, 19.01 ], [ 72.95, 19.01 ], [ 72.95, 19.0 ], [ 72.96, 19.0 ] ] ] } },
{ "type": "Feature", "properties": { "cell_id": "r11_c19" }, "geometry": { "type": "Polygon", "coordinates": [ [ [ 72.97, 19.0 ], [ 72.97, 19.01 ], [ 72.96, 19.01 ], [ 72.96, 19.0 ], [ 72.97, 19.0 ] ] ] } },
{ "type": "Feature", "properties": { "cell_id": "r11_c20" }, "geometry": { "type": "Polygon", "coordinates": [ [ [ 72.980000000000103, 19.0 ], [ 72.980000000000103, 19.01 ], [ 72.97, 19.01 ], [ 72.97, 19.0 ], [ 72.980000000000103, 19.0 ] ] ] } },
{ "type": "Feature", "properties": { "cell_id": "r11_c21" }, "geometry": { "type": "Polygon", "coordinates": [ [ [ 72.99, 19.0 ], [ 72.99, 19.01 ], [ 72.980000000000103, 19.01 ], [ 72.980000000000103, 19.0 ], [ 72.99, 19.0 ] ] ] } },
{ "type": "Feature", "properties": { "cell_id": "r12_c0" }, "geometry": { "type": "Polygon", "coordinates": [ [ [ 72.78, 19.01 ], [ 72.78, 19.02 ], [ 72.77, 19.02 ], [ 72.77, 19.01 ], [ 72.78, 19.01 ] ] ] } },
{ "type": "Feature", "properties": { "cell_id": "r12_c1" }, "geometry": { "type": "Polygon", "coordinates": [ [ [ 72.79, 19.01 ], [ 72.79, 19.02 ], [ 72.78, 19.02 ], [ 72.78, 19.01 ], [ 72.79, 19.01 ] ] ] } },
{ "type": "Feature", "properties": { "cell_id": "r12_c2" }, "geometry": { "type": "Polygon", "coordinates": [ [ [ 72.8, 19.01 ], [ 72.8, 19.02 ], [ 72.79, 19.02 ], [ 72.79, 19.01 ], [ 72.8, 19.01 ] ] ] } },
{ "type": "Feature", "properties": { "cell_id": "r12_c3" }, "geometry": { "type": "Polygon", "coordinates": [ [ [ 72.81, 19.01 ], [ 72.81, 19.02 ], [ 72.8, 19.02 ], [ 72.8, 19.01 ], [ 72.81, 19.01 ] ] ] } },
{ "type": "Feature", "properties": { "cell_id": "r12_c4" }, "geometry": { "type": "Polygon", "coordinates": [ [ [ 72.82, 19.01 ], [ 72.82, 19.02 ], [ 72.81, 19.02 ], [ 72.81, 19.01 ], [ 72.82, 19.01 ] ] ] } },
{ "type": "Feature", "properties": { "cell_id": "r12_c5" }, "geometry": { "type": "Polygon", "coordinates": [ [ [ 72.83, 19.01 ], [ 72.83, 19.02 ], [ 72.82, 19.02 ], [ 72.82, 19.01 ], [ 72.83, 19.01 ] ] ] } },
{ "type": "Feature", "properties": { "cell_id": "r12_c6" }, "geometry": { "type": "Polygon", "coordinates": [ [ [ 72.84, 19.01 ], [ 72.84, 19.02 ], [ 72.83, 19.02 ], [ 72.83, 19.01 ], [ 72.84, 19.01 ] ] ] } },
{ "type": "Feature", "properties": { "cell_id": "r12_c7" }, "geometry": { "type": "Polygon", "coordinates": [ [ [ 72.85, 19.01 ], [ 72.85, 19.02 ], [ 72.84, 19.02 ], [ 72.84, 19.01 ], [ 72.85, 19.01 ] ] ] } },
{ "type": "Feature", "properties": { "cell_id": "r12_c8" }, "geometry": { "type": "Polygon", "coordinates": [ [ [ 72.86, 19.01 ], [ 72.86, 19.02 ], [ 72.85, 19.02 ], [ 72.85, 19.01 ], [ 72.86, 19.01 ] ] ] } },
{ "type": "Feature", "properties": { "cell_id": "r12_c9" }, "geometry": { "type": "Polygon", "coordinates": [ [ [ 72.87, 19.01 ], [ 72.87, 19.02 ], [ 72.86, 19.02 ], [ 72.86, 19.01 ], [ 72.87, 19.01 ] ] ] } },
{ "type": "Feature", "properties": { "cell_id": "r12_c10" }, "geometry": { "type": "Polygon", "coordinates": [ [ [ 72.88, 19.01 ], [ 72.88, 19.02 ], [ 72.87, 19.02 ], [ 72.87, 19.01 ], [ 72.88, 19.01 ] ] ] } },
{ "type": "Feature", "properties": { "cell_id": "r12_c11" }, "geometry": { "type": "Polygon", "coordinates": [ [ [ 72.89, 19.01 ], [ 72.89, 19.02 ], [ 72.88, 19.02 ], [ 72.88, 19.01 ], [ 72.89, 19.01 ] ] ] } },
{ "type": "Feature", "properties": { "cell_id": "r12_c12" }, "geometry": { "type": "Polygon", "coordinates": [ [ [ 72.9, 19.01 ], [ 72.9, 19.02 ], [ 72.89, 19.02 ], [ 72.89, 19.01 ], [ 72.9, 19.01 ] ] ] } },
{ "type": "Feature", "properties": { "cell_id": "r12_c13" }, "geometry": { "type": "Polygon", "coordinates": [ [ [ 72.91, 19.01 ], [ 72.91, 19.02 ], [ 72.9, 19.02 ], [ 72.9, 19.01 ], [ 72.91, 19.01 ] ] ] } },
{ "type": "Feature", "properties": { "cell_id": "r12_c14" }, "geometry": { "type": "Polygon", "coordinates": [ [ [ 72.92, 19.01 ], [ 72.92, 19.02 ], [ 72.91, 19.02 ], [ 72.91, 19.01 ], [ 72.92, 19.01 ] ] ] } },
{ "type": "Feature", "properties": { "cell_id": "r12_c15" }, "geometry": { "type": "Polygon", "coordinates": [ [ [ 72.93, 19.01 ], [ 72.93, 19.02 ], [ 72.92, 19.02 ], [ 72.92, 19.01 ], [ 72.93, 19.01 ] ] ] } },
{ "type": "Feature", "properties": { "cell_id": "r12_c16" }, "geometry": { "type": "Polygon", "coordinates": [ [ [ 72.94, 19.01 ], [ 72.94, 19.02 ], [ 72.93, 19.02 ], [ 72.93, 19.01 ], [ 72.94, 19.01 ] ] ] } },
{ "type": "Feature", "properties": { "cell_id": "r12_c17" }, "geometry": { "type": "Polygon", "coordinates": [ [ [ 72.95, 19.01 ], [ 72.95, 19.02 ], [ 72.94, 19.02 ], [ 72.94, 19.01 ], [ 72.95, 19.01 ] ] ] } },
{ "type": "Feature", "properties": { "cell_id": "r12_c18" }, "geometry": { "type": "Polygon", "coordinates": [ [ [ 72.96, 19.01 ], [ 72.96, 19.02 ], [ 72.95, 19.02 ], [ 72.95, 19.01 ], [ 72.96, 19.01 ] ] ] } },
{ "type": "Feature", "properties": { "cell_id": "r12_c19" }, "geometry": { "type": "Polygon", "coordinates": [ [ [ 72.97, 19.01 ], [ 72.97, 19.02 ], [ 72.96, 19.02 ], [ 72.96, 19.01 ], [ 72.97, 19.01 ] ] ] } },
{ "type": "Feature", "properties": { "cell_id": "r12_c20" }, "geometry": { "type": "Polygon", "coordinates": [ [ [ 72.980000000000103, 19.01 ], [ 72.980000000000103, 19.02 ], [ 72.97, 19.02 ], [ 72.97, 19.01 ], [ 72.980000000000103, 19.01 ] ] ] } },
{ "type": "Feature", "properties": { "cell_id": "r12_c21" }, "geometry": { "type": "Polygon", "coordinates": [ [ [ 72.99, 19.01 ], [ 72.99, 19.02 ], [ 72.980000000000103, 19.02 ], [ 72.980000000000103, 19.01 ], [ 72.99, 19.01 ] ] ] } },
{ "type": "Feature", "properties": { "cell_id": "r13_c0" }, "geometry": { "type": "Polygon", "coordinates": [ [ [ 72.78, 19.02 ], [ 72.78, 19.03 ], [ 72.77, 19.03 ], [ 72.77, 19.02 ], [ 72.78, 19.02 ] ] ] } },
{ "type": "Feature", "properties": { "cell_id": "r13_c1" }, "geometry": { "type": "Polygon", "coordinates": [ [ [ 72.79, 19.02 ], [ 72.79, 19.03 ], [ 72.78, 19.03 ], [ 72.78, 19.02 ], [ 72.79, 19.02 ] ] ] } },
{ "type": "Feature", "properties": { "cell_id": "r13_c2" }, "geometry": { "type": "Polygon", "coordinates": [ [ [ 72.8, 19.02 ], [ 72.8, 19.03 ], [ 72.79, 19.03 ], [ 72.79, 19.02 ], [ 72.8, 19.02 ] ] ] } },
{ "type": "Feature", "properties": { "cell_id": "r13_c3" }, "geometry": { "type": "Polygon", "coordinates": [ [ [ 72.81, 19.02 ], [ 72.81, 19.03 ], [ 72.8, 19.03 ], [ 72.8, 19.02 ], [ 72.81, 19.02 ] ] ] } },
{ "type": "Feature", "properties": { "cell_id": "r13_c4" }, "geometry": { "type": "Polygon", "coordinates": [ [ [ 72.82, 19.02 ], [ 72.82, 19.03 ], [ 72.81, 19.03 ], [ 72.81, 19.02 ], [ 72.82, 19.02 ] ] ] } },
{ "type": "Feature", "properties": { "cell_id": "r13_c5" }, "geometry": { "type": "Polygon", "coordinates": [ [ [ 72.83, 19.02 ], [ 72.83, 19.03 ], [ 72.82, 19.03 ], [ 72.82, 19.02 ], [ 72.83, 19.02 ] ] ] } },
{ "type": "Feature", "properties": { "cell_id": "r13_c6" }, "geometry": { "type": "Polygon", "coordinates": [ [ [ 72.84, 19.02 ], [ 72.84, 19.03 ], [ 72.83, 19.03 ], [ 72.83, 19.02 ], [ 72.84, 19.02 ] ] ] } },
{ "type": "Feature", "properties": { "cell_id": "r13_c7" }, "geometry": { "type": "Polygon", "coordinates": [ [ [ 72.85, 19.02 ], [ 72.85, 19.03 ], [ 72.84, 19.03 ], [ 72.84, 19.02 ], [ 72.85, 19.02 ] ] ] } },
{ "type": "Feature", "properties": { "cell_id": "r13_c8" }, "geometry": { "type": "Polygon", "coordinates": [ [ [ 72.86, 19.02 ], [ 72.86, 19.03 ], [ 72.85, 19.03 ], [ 72.85, 19.02 ], [ 72.86, 19.02 ] ] ] } },
{ "type": "Feature", "properties": { "cell_id": "r13_c9" }, "geometry": { "type": "Polygon", "coordinates": [ [ [ 72.87, 19.02 ], [ 72.87, 19.03 ], [ 72.86, 19.03 ], [ 72.86, 19.02 ], [ 72.87, 19.02 ] ] ] } },
{ "type": "Feature", "properties": { "cell_id": "r13_c10" }, "geometry": { "type": "Polygon", "coordinates": [ [ [ 72.88, 19.02 ], [ 72.88, 19.03 ], [ 72.87, 19.03 ], [ 72.87, 19.02 ], [ 72.88, 19.02 ] ] ] } },
{ "type": "Feature", "properties": { "cell_id": "r13_c11" }, "geometry": { "type": "Polygon", "coordinates": [ [ [ 72.89, 19.02 ], [ 72.89, 19.03 ], [ 72.88, 19.03 ], [ 72.88, 19.02 ], [ 72.89, 19.02 ] ] ] } },
{ "type": "Feature", "properties": { "cell_id": "r13_c12" }, "geometry": { "type": "Polygon", "coordinates": [ [ [ 72.9, 19.02 ], [ 72.9, 19.03 ], [ 72.89, 19.03 ], [ 72.89, 19.02 ], [ 72.9, 19.02 ] ] ] } },
{ "type": "Feature", "properties": { "cell_id": "r13_c13" }, "geometry": { "type": "Polygon", "coordinates": [ [ [ 72.91, 19.02 ], [ 72.91, 19.03 ], [ 72.9, 19.03 ], [ 72.9, 19.02 ], [ 72.91, 19.02 ] ] ] } },
{ "type": "Feature", "properties": { "cell_id": "r13_c14" }, "geometry": { "type": "Polygon", "coordinates": [ [ [ 72.92, 19.02 ], [ 72.92, 19.03 ], [ 72.91, 19.03 ], [ 72.91, 19.02 ], [ 72.92, 19.02 ] ] ] } },
{ "type": "Feature", "properties": { "cell_id": "r13_c15" }, "geometry": { "type": "Polygon", "coordinates": [ [ [ 72.93, 19.02 ], [ 72.93, 19.03 ], [ 72.92, 19.03 ], [ 72.92, 19.02 ], [ 72.93, 19.02 ] ] ] } },
{ "type": "Feature", "properties": { "cell_id": "r13_c16" }, "geometry": { "type": "Polygon", "coordinates": [ [ [ 72.94, 19.02 ], [ 72.94, 19.03 ], [ 72.93, 19.03 ], [ 72.93, 19.02 ], [ 72.94, 19.02 ] ] ] } },
{ "type": "Feature", "properties": { "cell_id": "r13_c17" }, "geometry": { "type": "Polygon", "coordinates": [ [ [ 72.95, 19.02 ], [ 72.95, 19.03 ], [ 72.94, 19.03 ], [ 72.94, 19.02 ], [ 72.95, 19.02 ] ] ] } },
{ "type": "Feature", "properties": { "cell_id": "r13_c18" }, "geometry": { "type": "Polygon", "coordinates": [ [ [ 72.96, 19.02 ], [ 72.96, 19.03 ], [ 72.95, 19.03 ], [ 72.95, 19.02 ], [ 72.96, 19.02 ] ] ] } },
{ "type": "Feature", "properties": { "cell_id": "r13_c19" }, "geometry": { "type": "Polygon", "coordinates": [ [ [ 72.97, 19.02 ], [ 72.97, 19.03 ], [ 72.96, 19.03 ], [ 72.96, 19.02 ], [ 72.97, 19.02 ] ] ] } },
{ "type": "Feature", "properties": { "cell_id": "r13_c20" }, "geometry": { "type": "Polygon", "coordinates": [ [ [ 72.980000000000103, 19.02 ], [ 72.980000000000103, 19.03 ], [ 72.97, 19.03 ], [ 72.97, 19.02 ], [ 72.980000000000103, 19.02 ] ] ] } },
{ "type": "Feature", "properties": { "cell_id": "r13_c21" }, "geometry": { "type": "Polygon", "coordinates": [ [ [ 72.99, 19.02 ], [ 72.99, 19.03 ], [ 72.980000000000103, 19.03 ], [ 72.980000000000103, 19.02 ], [ 72.99, 19.02 ] ] ] } },
{ "type": "Feature", "properties": { "cell_id": "r14_c0" }, "geometry": { "type": "Polygon", "coordinates": [ [ [ 72.78, 19.03 ], [ 72.78, 19.04 ], [ 72.77, 19.04 ], [ 72.77, 19.03 ], [ 72.78, 19.03 ] ] ] } },
{ "type": "Feature", "properties": { "cell_id": "r14_c1" }, "geometry": { "type": "Polygon", "coordinates": [ [ [ 72.79, 19.03 ], [ 72.79, 19.04 ], [ 72.78, 19.04 ], [ 72.78, 19.03 ], [ 72.79, 19.03 ] ] ] } },
{ "type": "Feature", "properties": { "cell_id": "r14_c2" }, "geometry": { "type": "Polygon", "coordinates": [ [ [ 72.8, 19.03 ], [ 72.8, 19.04 ], [ 72.79, 19.04 ], [ 72.79, 19.03 ], [ 72.8, 19.03 ] ] ] } },
{ "type": "Feature", "properties": { "cell_id": "r14_c3" }, "geometry": { "type": "Polygon", "coordinates": [ [ [ 72.81, 19.03 ], [ 72.81, 19.04 ], [ 72.8, 19.04 ], [ 72.8, 19.03 ], [ 72.81, 19.03 ] ] ] } },
{ "type": "Feature", "properties": { "cell_id": "r14_c4" }, "geometry": { "type": "Polygon", "coordinates": [ [ [ 72.82, 19.03 ], [ 72.82, 19.04 ], [ 72.81, 19.04 ], [ 72.81, 19.03 ], [ 72.82, 19.03 ] ] ] } },
{ "type": "Feature", "properties": { "cell_id": "r14_c5" }, "geometry": { "type": "Polygon", "coordinates": [ [ [ 72.83, 19.03 ], [ 72.83, 19.04 ], [ 72.82, 19.04 ], [ 72.82, 19.03 ], [ 72.83, 19.03 ] ] ] } },
{ "type": "Feature", "properties": { "cell_id": "r14_c6" }, "geometry": { "type": "Polygon", "coordinates": [ [ [ 72.84, 19.03 ], [ 72.84, 19.04 ], [ 72.83, 19.04 ], [ 72.83, 19.03 ], [ 72.84, 19.03 ] ] ] } },
{ "type": "Feature", "properties": { "cell_id": "r14_c7" }, "geometry": { "type": "Polygon", "coordinates": [ [ [ 72.85, 19.03 ], [ 72.85, 19.04 ], [ 72.84, 19.04 ], [ 72.84, 19.03 ], [ 72.85, 19.03 ] ] ] } },
{ "type": "Feature", "properties": { "cell_id": "r14_c8" }, "geometry": { "type": "Polygon", "coordinates": [ [ [ 72.86, 19.03 ], [ 72.86, 19.04 ], [ 72.85, 19.04 ], [ 72.85, 19.03 ], [ 72.86, 19.03 ] ] ] } },
{ "type": "Feature", "properties": { "cell_id": "r14_c9" }, "geometry": { "type": "Polygon", "coordinates": [ [ [ 72.87, 19.03 ], [ 72.87, 19.04 ], [ 72.86, 19.04 ], [ 72.86, 19.03 ], [ 72.87, 19.03 ] ] ] } },
{ "type": "Feature", "properties": { "cell_id": "r14_c10" }, "geometry": { "type": "Polygon", "coordinates": [ [ [ 72.88, 19.03 ], [ 72.88, 19.04 ], [ 72.87, 19.04 ], [ 72.87, 19.03 ], [ 72.88, 19.03 ] ] ] } },
{ "type": "Feature", "properties": { "cell_id": "r14_c11" }, "geometry": { "type": "Polygon", "coordinates": [ [ [ 72.89, 19.03 ], [ 72.89, 19.04 ], [ 72.88, 19.04 ], [ 72.88, 19.03 ], [ 72.89, 19.03 ] ] ] } },
{ "type": "Feature", "properties": { "cell_id": "r14_c12" }, "geometry": { "type": "Polygon", "coordinates": [ [ [ 72.9, 19.03 ], [ 72.9, 19.04 ], [ 72.89, 19.04 ], [ 72.89, 19.03 ], [ 72.9, 19.03 ] ] ] } },
{ "type": "Feature", "properties": { "cell_id": "r14_c13" }, "geometry": { "type": "Polygon", "coordinates": [ [ [ 72.91, 19.03 ], [ 72.91, 19.04 ], [ 72.9, 19.04 ], [ 72.9, 19.03 ], [ 72.91, 19.03 ] ] ] } },
{ "type": "Feature", "properties": { "cell_id": "r14_c14" }, "geometry": { "type": "Polygon", "coordinates": [ [ [ 72.92, 19.03 ], [ 72.92, 19.04 ], [ 72.91, 19.04 ], [ 72.91, 19.03 ], [ 72.92, 19.03 ] ] ] } },
{ "type": "Feature", "properties": { "cell_id": "r14_c15" }, "geometry": { "type": "Polygon", "coordinates": [ [ [ 72.93, 19.03 ], [ 72.93, 19.04 ], [ 72.92, 19.04 ], [ 72.92, 19.03 ], [ 72.93, 19.03 ] ] ] } },
{ "type": "Feature", "properties": { "cell_id": "r14_c16" }, "geometry": { "type": "Polygon", "coordinates": [ [ [ 72.94, 19.03 ], [ 72.94, 19.04 ], [ 72.93, 19.04 ], [ 72.93, 19.03 ], [ 72.94, 19.03 ] ] ] } },
{ "type": "Feature", "properties": { "cell_id": "r14_c17" }, "geometry": { "type": "Polygon", "coordinates": [ [ [ 72.95, 19.03 ], [ 72.95, 19.04 ], [ 72.94, 19.04 ], [ 72.94, 19.03 ], [ 72.95, 19.03 ] ] ] } },
{ "type": "Feature", "properties": { "cell_id": "r14_c18" }, "geometry": { "type": "Polygon", "coordinates": [ [ [ 72.96, 19.03 ], [ 72.96, 19.04 ], [ 72.95, 19.04 ], [ 72.95, 19.03 ], [ 72.96, 19.03 ] ] ] } },
{ "type": "Feature", "properties": { "cell_id": "r14_c19" }, "geometry": { "type": "Polygon", "coordinates": [ [ [ 72.97, 19.03 ], [ 72.97, 19.04 ], [ 72.96, 19.04 ], [ 72.96, 19.03 ], [ 72.97, 19.03 ] ] ] } },
{ "type": "Feature", "properties": { "cell_id": "r14_c20" }, "geometry": { "type": "Polygon", "coordinates": [ [ [ 72.980000000000103, 19.03 ], [ 72.980000000000103, 19.04 ], [ 72.97, 19.04 ], [ 72.97, 19.03 ], [ 72.980000000000103, 19.03 ] ] ] } },
{ "type": "Feature", "properties": { "cell_id": "r14_c21" }, "geometry": { "type": "Polygon", "coordinates": [ [ [ 72.99, 19.03 ], [ 72.99, 19.04 ], [ 72.980000000000103, 19.04 ], [ 72.980000000000103, 19.03 ], [ 72.99, 19.03 ] ] ] } },
{ "type": "Feature", "properties": { "cell_id": "r15_c0" }, "geometry": { "type": "Polygon", "coordinates": [ [ [ 72.78, 19.04 ], [ 72.78, 19.05 ], [ 72.77, 19.05 ], [ 72.77, 19.04 ], [ 72.78, 19.04 ] ] ] } },
{ "type": "Feature", "properties": { "cell_id": "r15_c1" }, "geometry": { "type": "Polygon", "coordinates": [ [ [ 72.79, 19.04 ], [ 72.79, 19.05 ], [ 72.78, 19.05 ], [ 72.78, 19.04 ], [ 72.79, 19.04 ] ] ] } },
{ "type": "Feature", "properties": { "cell_id": "r15_c2" }, "geometry": { "type": "Polygon", "coordinates": [ [ [ 72.8, 19.04 ], [ 72.8, 19.05 ], [ 72.79, 19.05 ], [ 72.79, 19.04 ], [ 72.8, 19.04 ] ] ] } },
{ "type": "Feature", "properties": { "cell_id": "r15_c3" }, "geometry": { "type": "Polygon", "coordinates": [ [ [ 72.81, 19.04 ], [ 72.81, 19.05 ], [ 72.8, 19.05 ], [ 72.8, 19.04 ], [ 72.81, 19.04 ] ] ] } },
{ "type": "Feature", "properties": { "cell_id": "r15_c4" }, "geometry": { "type": "Polygon", "coordinates": [ [ [ 72.82, 19.04 ], [ 72.82, 19.05 ], [ 72.81, 19.05 ], [ 72.81, 19.04 ], [ 72.82, 19.04 ] ] ] } },
{ "type": "Feature", "properties": { "cell_id": "r15_c5" }, "geometry": { "type": "Polygon", "coordinates": [ [ [ 72.83, 19.04 ], [ 72.83, 19.05 ], [ 72.82, 19.05 ], [ 72.82, 19.04 ], [ 72.83, 19.04 ] ] ] } },
{ "type": "Feature", "properties": { "cell_id": "r15_c6" }, "geometry": { "type": "Polygon", "coordinates": [ [ [ 72.84, 19.04 ], [ 72.84, 19.05 ], [ 72.83, 19.05 ], [ 72.83, 19.04 ], [ 72.84, 19.04 ] ] ] } },
{ "type": "Feature", "properties": { "cell_id": "r15_c7" }, "geometry": { "type": "Polygon", "coordinates": [ [ [ 72.85, 19.04 ], [ 72.85, 19.05 ], [ 72.84, 19.05 ], [ 72.84, 19.04 ], [ 72.85, 19.04 ] ] ] } },
{ "type": "Feature", "properties": { "cell_id": "r15_c8" }, "geometry": { "type": "Polygon", "coordinates": [ [ [ 72.86, 19.04 ], [ 72.86, 19.05 ], [ 72.85, 19.05 ], [ 72.85, 19.04 ], [ 72.86, 19.04 ] ] ] } },
{ "type": "Feature", "properties": { "cell_id": "r15_c9" }, "geometry": { "type": "Polygon", "coordinates": [ [ [ 72.87, 19.04 ], [ 72.87, 19.05 ], [ 72.86, 19.05 ], [ 72.86, 19.04 ], [ 72.87, 19.04 ] ] ] } },
{ "type": "Feature", "properties": { "cell_id": "r15_c10" }, "geometry": { "type": "Polygon", "coordinates": [ [ [ 72.88, 19.04 ], [ 72.88, 19.05 ], [ 72.87, 19.05 ], [ 72.87, 19.04 ], [ 72.88, 19.04 ] ] ] } },
{ "type": "Feature", "properties": { "cell_id": "r15_c11" }, "geometry": { "type": "Polygon", "coordinates": [ [ [ 72.89, 19.04 ], [ 72.89, 19.05 ], [ 72.88, 19.05 ], [ 72.88, 19.04 ], [ 72.89, 19.04 ] ] ] } },
{ "type": "Feature", "properties": { "cell_id": "r15_c12" }, "geometry": { "type": "Polygon", "coordinates": [ [ [ 72.9, 19.04 ], [ 72.9, 19.05 ], [ 72.89, 19.05 ], [ 72.89, 19.04 ], [ 72.9, 19.04 ] ] ] } },
{ "type": "Feature", "properties": { "cell_id": "r15_c13" }, "geometry": { "type": "Polygon", "coordinates": [ [ [ 72.91, 19.04 ], [ 72.91, 19.05 ], [ 72.9, 19.05 ], [ 72.9, 19.04 ], [ 72.91, 19.04 ] ] ] } },
{ "type": "Feature", "properties": { "cell_id": "r15_c14" }, "geometry": { "type": "Polygon", "coordinates": [ [ [ 72.92, 19.04 ], [ 72.92, 19.05 ], [ 72.91, 19.05 ], [ 72.91, 19.04 ], [ 72.92, 19.04 ] ] ] } },
{ "type": "Feature", "properties": { "cell_id": "r15_c15" }, "geometry": { "type": "Polygon", "coordinates": [ [ [ 72.93, 19.04 ], [ 72.93, 19.05 ], [ 72.92, 19.05 ], [ 72.92, 19.04 ], [ 72.93, 19.04 ] ] ] } },
{ "type": "Feature", "properties": { "cell_id": "r15_c16" }, "geometry": { "type": "Polygon", "coordinates": [ [ [ 72.94, 19.04 ], [ 72.94, 19.05 ], [ 72.93, 19.05 ], [ 72.93, 19.04 ], [ 72.94, 19.04 ] ] ] } },
{ "type": "Feature", "properties": { "cell_id": "r15_c17" }, "geometry": { "type": "Polygon", "coordinates": [ [ [ 72.95, 19.04 ], [ 72.95, 19.05 ], [ 72.94, 19.05 ], [ 72.94, 19.04 ], [ 72.95, 19.04 ] ] ] } },
{ "type": "Feature", "properties": { "cell_id": "r15_c18" }, "geometry": { "type": "Polygon", "coordinates": [ [ [ 72.96, 19.04 ], [ 72.96, 19.05 ], [ 72.95, 19.05 ], [ 72.95, 19.04 ], [ 72.96, 19.04 ] ] ] } },
{ "type": "Feature", "properties": { "cell_id": "r15_c19" }, "geometry": { "type": "Polygon", "coordinates": [ [ [ 72.97, 19.04 ], [ 72.97, 19.05 ], [ 72.96, 19.05 ], [ 72.96, 19.04 ], [ 72.97, 19.04 ] ] ] } },
{ "type": "Feature", "properties": { "cell_id": "r15_c20" }, "geometry": { "type": "Polygon", "coordinates": [ [ [ 72.980000000000103, 19.04 ], [ 72.980000000000103, 19.05 ], [ 72.97, 19.05 ], [ 72.97, 19.04 ], [ 72.980000000000103, 19.04 ] ] ] } },
{ "type": "Feature", "properties": { "cell_id": "r15_c21" }, "geometry": { "type": "Polygon", "coordinates": [ [ [ 72.99, 19.04 ], [ 72.99, 19.05 ], [ 72.980000000000103, 19.05 ], [ 72.980000000000103, 19.04 ], [ 72.99, 19.04 ] ] ] } },
{ "type": "Feature", "properties": { "cell_id": "r16_c0" }, "geometry": { "type": "Polygon", "coordinates": [ [ [ 72.78, 19.05 ], [ 72.78, 19.06 ], [ 72.77, 19.06 ], [ 72.77, 19.05 ], [ 72.78, 19.05 ] ] ] } },
{ "type": "Feature", "properties": { "cell_id": "r16_c1" }, "geometry": { "type": "Polygon", "coordinates": [ [ [ 72.79, 19.05 ], [ 72.79, 19.06 ], [ 72.78, 19.06 ], [ 72.78, 19.05 ], [ 72.79, 19.05 ] ] ] } },
{ "type": "Feature", "properties": { "cell_id": "r16_c2" }, "geometry": { "type": "Polygon", "coordinates": [ [ [ 72.8, 19.05 ], [ 72.8, 19.06 ], [ 72.79, 19.06 ], [ 72.79, 19.05 ], [ 72.8, 19.05 ] ] ] } },
{ "type": "Feature", "properties": { "cell_id": "r16_c3" }, "geometry": { "type": "Polygon", "coordinates": [ [ [ 72.81, 19.05 ], [ 72.81, 19.06 ], [ 72.8, 19.06 ], [ 72.8, 19.05 ], [ 72.81, 19.05 ] ] ] } },
{ "type": "Feature", "properties": { "cell_id": "r16_c4" }, "geometry": { "type": "Polygon", "coordinates": [ [ [ 72.82, 19.05 ], [ 72.82, 19.06 ], [ 72.81, 19.06 ], [ 72.81, 19.05 ], [ 72.82, 19.05 ] ] ] } },
{ "type": "Feature", "properties": { "cell_id": "r16_c5" }, "geometry": { "type": "Polygon", "coordinates": [ [ [ 72.83, 19.05 ], [ 72.83, 19.06 ], [ 72.82, 19.06 ], [ 72.82, 19.05 ], [ 72.83, 19.05 ] ] ] } },
{ "type": "Feature", "properties": { "cell_id": "r16_c6" }, "geometry": { "type": "Polygon", "coordinates": [ [ [ 72.84, 19.05 ], [ 72.84, 19.06 ], [ 72.83, 19.06 ], [ 72.83, 19.05 ], [ 72.84, 19.05 ] ] ] } },
{ "type": "Feature", "properties": { "cell_id": "r16_c7" }, "geometry": { "type": "Polygon", "coordinates": [ [ [ 72.85, 19.05 ], [ 72.85, 19.06 ], [ 72.84, 19.06 ], [ 72.84, 19.05 ], [ 72.85, 19.05 ] ] ] } },
{ "type": "Feature", "properties": { "cell_id": "r16_c8" }, "geometry": { "type": "Polygon", "coordinates": [ [ [ 72.86, 19.05 ], [ 72.86, 19.06 ], [ 72.85, 19.06 ], [ 72.85, 19.05 ], [ 72.86, 19.05 ] ] ] } },
{ "type": "Feature", "properties": { "cell_id": "r16_c9" }, "geometry": { "type": "Polygon", "coordinates": [ [ [ 72.87, 19.05 ], [ 72.87, 19.06 ], [ 72.86, 19.06 ], [ 72.86, 19.05 ], [ 72.87, 19.05 ] ] ] } },
{ "type": "Feature", "properties": { "cell_id": "r16_c10" }, "geometry": { "type": "Polygon", "coordinates": [ [ [ 72.88, 19.05 ], [ 72.88, 19.06 ], [ 72.87, 19.06 ], [ 72.87, 19.05 ], [ 72.88, 19.05 ] ] ] } },
{ "type": "Feature", "properties": { "cell_id": "r16_c11" }, "geometry": { "type": "Polygon", "coordinates": [ [ [ 72.89, 19.05 ], [ 72.89, 19.06 ], [ 72.88, 19.06 ], [ 72.88, 19.05 ], [ 72.89, 19.05 ] ] ] } },
{ "type": "Feature", "properties": { "cell_id": "r16_c12" }, "geometry": { "type": "Polygon", "coordinates": [ [ [ 72.9, 19.05 ], [ 72.9, 19.06 ], [ 72.89, 19.06 ], [ 72.89, 19.05 ], [ 72.9, 19.05 ] ] ] } },
{ "type": "Feature", "properties": { "cell_id": "r16_c13" }, "geometry": { "type": "Polygon", "coordinates": [ [ [ 72.91, 19.05 ], [ 72.91, 19.06 ], [ 72.9, 19.06 ], [ 72.9, 19.05 ], [ 72.91, 19.05 ] ] ] } },
{ "type": "Feature", "properties": { "cell_id": "r16_c14" }, "geometry": { "type": "Polygon", "coordinates": [ [ [ 72.92, 19.05 ], [ 72.92, 19.06 ], [ 72.91, 19.06 ], [ 72.91, 19.05 ], [ 72.92, 19.05 ] ] ] } },
{ "type": "Feature", "properties": { "cell_id": "r16_c15" }, "geometry": { "type": "Polygon", "coordinates": [ [ [ 72.93, 19.05 ], [ 72.93, 19.06 ], [ 72.92, 19.06 ], [ 72.92, 19.05 ], [ 72.93, 19.05 ] ] ] } },
{ "type": "Feature", "properties": { "cell_id": "r16_c16" }, "geometry": { "type": "Polygon", "coordinates": [ [ [ 72.94, 19.05 ], [ 72.94, 19.06 ], [ 72.93, 19.06 ], [ 72.93, 19.05 ], [ 72.94, 19.05 ] ] ] } },
{ "type": "Feature", "properties": { "cell_id": "r16_c17" }, "geometry": { "type": "Polygon", "coordinates": [ [ [ 72.95, 19.05 ], [ 72.95, 19.06 ], [ 72.94, 19.06 ], [ 72.94, 19.05 ], [ 72.95, 19.05 ] ] ] } },
{ "type": "Feature", "properties": { "cell_id": "r16_c18" }, "geometry": { "type": "Polygon", "coordinates": [ [ [ 72.96, 19.05 ], [ 72.96, 19.06 ], [ 72.95, 19.06 ], [ 72.95, 19.05 ], [ 72.96, 19.05 ] ] ] } },
{ "type": "Feature", "properties": { "cell_id": "r16_c19" }, "geometry": { "type": "Polygon", "coordinates": [ [ [ 72.97, 19.05 ], [ 72.97, 19.06 ], [ 72.96, 19.06 ], [ 72.96, 19.05 ], [ 72.97, 19.05 ] ] ] } },
{ "type": "Feature", "properties": { "cell_id": "r16_c20" }, "geometry": { "type": "Polygon", "coordinates": [ [ [ 72.980000000000103, 19.05 ], [ 72.980000000000103, 19.06 ], [ 72.97, 19.06 ], [ 72.97, 19.05 ], [ 72.980000000000103, 19.05 ] ] ] } },
{ "type": "Feature", "properties": { "cell_id": "r16_c21" }, "geometry": { "type": "Polygon", "coordinates": [ [ [ 72.99, 19.05 ], [ 72.99, 19.06 ], [ 72.980000000000103, 19.06 ], [ 72.980000000000103, 19.05 ], [ 72.99, 19.05 ] ] ] } },
{ "type": "Feature", "properties": { "cell_id": "r17_c0" }, "geometry": { "type": "Polygon", "coordinates": [ [ [ 72.78, 19.06 ], [ 72.78, 19.07 ], [ 72.77, 19.07 ], [ 72.77, 19.06 ], [ 72.78, 19.06 ] ] ] } },
{ "type": "Feature", "properties": { "cell_id": "r17_c1" }, "geometry": { "type": "Polygon", "coordinates": [ [ [ 72.79, 19.06 ], [ 72.79, 19.07 ], [ 72.78, 19.07 ], [ 72.78, 19.06 ], [ 72.79, 19.06 ] ] ] } },
{ "type": "Feature", "properties": { "cell_id": "r17_c2" }, "geometry": { "type": "Polygon", "coordinates": [ [ [ 72.8, 19.06 ], [ 72.8, 19.07 ], [ 72.79, 19.07 ], [ 72.79, 19.06 ], [ 72.8, 19.06 ] ] ] } },
{ "type": "Feature", "properties": { "cell_id": "r17_c3" }, "geometry": { "type": "Polygon", "coordinates": [ [ [ 72.81, 19.06 ], [ 72.81, 19.07 ], [ 72.8, 19.07 ], [ 72.8, 19.06 ], [ 72.81, 19.06 ] ] ] } },
{ "type": "Feature", "properties": { "cell_id": "r17_c4" }, "geometry": { "type": "Polygon", "coordinates": [ [ [ 72.82, 19.06 ], [ 72.82, 19.07 ], [ 72.81, 19.07 ], [ 72.81, 19.06 ], [ 72.82, 19.06 ] ] ] } },
{ "type": "Feature", "properties": { "cell_id": "r17_c5" }, "geometry": { "type": "Polygon", "coordinates": [ [ [ 72.83, 19.06 ], [ 72.83, 19.07 ], [ 72.82, 19.07 ], [ 72.82, 19.06 ], [ 72.83, 19.06 ] ] ] } },
{ "type": "Feature", "properties": { "cell_id": "r17_c6" }, "geometry": { "type": "Polygon", "coordinates": [ [ [ 72.84, 19.06 ], [ 72.84, 19.07 ], [ 72.83, 19.07 ], [ 72.83, 19.06 ], [ 72.84, 19.06 ] ] ] } },
{ "type": "Feature", "properties": { "cell_id": "r17_c7" }, "geometry": { "type": "Polygon", "coordinates": [ [ [ 72.85, 19.06 ], [ 72.85, 19.07 ], [ 72.84, 19.07 ], [ 72.84, 19.06 ], [ 72.85, 19.06 ] ] ] } },
{ "type": "Feature", "properties": { "cell_id": "r17_c8" }, "geometry": { "type": "Polygon", "coordinates": [ [ [ 72.86, 19.06 ], [ 72.86, 19.07 ], [ 72.85, 19.07 ], [ 72.85, 19.06 ], [ 72.86, 19.06 ] ] ] } },
{ "type": "Feature", "properties": { "cell_id": "r17_c9" }, "geometry": { "type": "Polygon", "coordinates": [ [ [ 72.87, 19.06 ], [ 72.87, 19.07 ], [ 72.86, 19.07 ], [ 72.86, 19.06 ], [ 72.87, 19.06 ] ] ] } },
{ "type": "Feature", "properties": { "cell_id": "r17_c10" }, "geometry": { "type": "Polygon", "coordinates": [ [ [ 72.88, 19.06 ], [ 72.88, 19.07 ], [ 72.87, 19.07 ], [ 72.87, 19.06 ], [ 72.88, 19.06 ] ] ] } },
{ "type": "Feature", "properties": { "cell_id": "r17_c11" }, "geometry": { "type": "Polygon", "coordinates": [ [ [ 72.89, 19.06 ], [ 72.89, 19.07 ], [ 72.88, 19.07 ], [ 72.88, 19.06 ], [ 72.89, 19.06 ] ] ] } },
{ "type": "Feature", "properties": { "cell_id": "r17_c12" }, "geometry": { "type": "Polygon", "coordinates": [ [ [ 72.9, 19.06 ], [ 72.9, 19.07 ], [ 72.89, 19.07 ], [ 72.89, 19.06 ], [ 72.9, 19.06 ] ] ] } },
{ "type": "Feature", "properties": { "cell_id": "r17_c13" }, "geometry": { "type": "Polygon", "coordinates": [ [ [ 72.91, 19.06 ], [ 72.91, 19.07 ], [ 72.9, 19.07 ], [ 72.9, 19.06 ], [ 72.91, 19.06 ] ] ] } },
{ "type": "Feature", "properties": { "cell_id": "r17_c14" }, "geometry": { "type": "Polygon", "coordinates": [ [ [ 72.92, 19.06 ], [ 72.92, 19.07 ], [ 72.91, 19.07 ], [ 72.91, 19.06 ], [ 72.92, 19.06 ] ] ] } },
{ "type": "Feature", "properties": { "cell_id": "r17_c15" }, "geometry": { "type": "Polygon", "coordinates": [ [ [ 72.93, 19.06 ], [ 72.93, 19.07 ], [ 72.92, 19.07 ], [ 72.92, 19.06 ], [ 72.93, 19.06 ] ] ] } },
{ "type": "Feature", "properties": { "cell_id": "r17_c16" }, "geometry": { "type": "Polygon", "coordinates": [ [ [ 72.94, 19.06 ], [ 72.94, 19.07 ], [ 72.93, 19.07 ], [ 72.93, 19.06 ], [ 72.94, 19.06 ] ] ] } },
{ "type": "Feature", "properties": { "cell_id": "r17_c17" }, "geometry": { "type": "Polygon", "coordinates": [ [ [ 72.95, 19.06 ], [ 72.95, 19.07 ], [ 72.94, 19.07 ], [ 72.94, 19.06 ], [ 72.95, 19.06 ] ] ] } },
{ "type": "Feature", "properties": { "cell_id": "r17_c18" }, "geometry": { "type": "Polygon", "coordinates": [ [ [ 72.96, 19.06 ], [ 72.96, 19.07 ], [ 72.95, 19.07 ], [ 72.95, 19.06 ], [ 72.96, 19.06 ] ] ] } },
{ "type": "Feature", "properties": { "cell_id": "r17_c19" }, "geometry": { "type": "Polygon", "coordinates": [ [ [ 72.97, 19.06 ], [ 72.97, 19.07 ], [ 72.96, 19.07 ], [ 72.96, 19.06 ], [ 72.97, 19.06 ] ] ] } },
{ "type": "Feature", "properties": { "cell_id": "r17_c20" }, "geometry": { "type": "Polygon", "coordinates": [ [ [ 72.980000000000103, 19.06 ], [ 72.980000000000103, 19.07 ], [ 72.97, 19.07 ], [ 72.97, 19.06 ], [ 72.980000000000103, 19.06 ] ] ] } },
{ "type": "Feature", "properties": { "cell_id": "r17_c21" }, "geometry": { "type": "Polygon", "coordinates": [ [ [ 72.99, 19.06 ], [ 72.99, 19.07 ], [ 72.980000000000103, 19.07 ], [ 72.980000000000103, 19.06 ], [ 72.99, 19.06 ] ] ] } },
{ "type": "Feature", "properties": { "cell_id": "r18_c0" }, "geometry": { "type": "Polygon", "coordinates": [ [ [ 72.78, 19.07 ], [ 72.78, 19.08 ], [ 72.77, 19.08 ], [ 72.77, 19.07 ], [ 72.78, 19.07 ] ] ] } },
{ "type": "Feature", "properties": { "cell_id": "r18_c1" }, "geometry": { "type": "Polygon", "coordinates": [ [ [ 72.79, 19.07 ], [ 72.79, 19.08 ], [ 72.78, 19.08 ], [ 72.78, 19.07 ], [ 72.79, 19.07 ] ] ] } },
{ "type": "Feature", "properties": { "cell_id": "r18_c2" }, "geometry": { "type": "Polygon", "coordinates": [ [ [ 72.8, 19.07 ], [ 72.8, 19.08 ], [ 72.79, 19.08 ], [ 72.79, 19.07 ], [ 72.8, 19.07 ] ] ] } },
{ "type": "Feature", "properties": { "cell_id": "r18_c3" }, "geometry": { "type": "Polygon", "coordinates": [ [ [ 72.81, 19.07 ], [ 72.81, 19.08 ], [ 72.8, 19.08 ], [ 72.8, 19.07 ], [ 72.81, 19.07 ] ] ] } },
{ "type": "Feature", "properties": { "cell_id": "r18_c4" }, "geometry": { "type": "Polygon", "coordinates": [ [ [ 72.82, 19.07 ], [ 72.82, 19.08 ], [ 72.81, 19.08 ], [ 72.81, 19.07 ], [ 72.82, 19.07 ] ] ] } },
{ "type": "Feature", "properties": { "cell_id": "r18_c5" }, "geometry": { "type": "Polygon", "coordinates": [ [ [ 72.83, 19.07 ], [ 72.83, 19.08 ], [ 72.82, 19.08 ], [ 72.82, 19.07 ], [ 72.83, 19.07 ] ] ] } },
{ "type": "Feature", "properties": { "cell_id": "r18_c6" }, "geometry": { "type": "Polygon", "coordinates": [ [ [ 72.84, 19.07 ], [ 72.84, 19.08 ], [ 72.83, 19.08 ], [ 72.83, 19.07 ], [ 72.84, 19.07 ] ] ] } },
{ "type": "Feature", "properties": { "cell_id": "r18_c7" }, "geometry": { "type": "Polygon", "coordinates": [ [ [ 72.85, 19.07 ], [ 72.85, 19.08 ], [ 72.84, 19.08 ], [ 72.84, 19.07 ], [ 72.85, 19.07 ] ] ] } },
{ "type": "Feature", "properties": { "cell_id": "r18_c8" }, "geometry": { "type": "Polygon", "coordinates": [ [ [ 72.86, 19.07 ], [ 72.86, 19.08 ], [ 72.85, 19.08 ], [ 72.85, 19.07 ], [ 72.86, 19.07 ] ] ] } },
{ "type": "Feature", "properties": { "cell_id": "r18_c9" }, "geometry": { "type": "Polygon", "coordinates": [ [ [ 72.87, 19.07 ], [ 72.87, 19.08 ], [ 72.86, 19.08 ], [ 72.86, 19.07 ], [ 72.87, 19.07 ] ] ] } },
{ "type": "Feature", "properties": { "cell_id": "r18_c10" }, "geometry": { "type": "Polygon", "coordinates": [ [ [ 72.88, 19.07 ], [ 72.88, 19.08 ], [ 72.87, 19.08 ], [ 72.87, 19.07 ], [ 72.88, 19.07 ] ] ] } },
{ "type": "Feature", "properties": { "cell_id": "r18_c11" }, "geometry": { "type": "Polygon", "coordinates": [ [ [ 72.89, 19.07 ], [ 72.89, 19.08 ], [ 72.88, 19.08 ], [ 72.88, 19.07 ], [ 72.89, 19.07 ] ] ] } },
{ "type": "Feature", "properties": { "cell_id": "r18_c12" }, "geometry": { "type": "Polygon", "coordinates": [ [ [ 72.9, 19.07 ], [ 72.9, 19.08 ], [ 72.89, 19.08 ], [ 72.89, 19.07 ], [ 72.9, 19.07 ] ] ] } },
{ "type": "Feature", "properties": { "cell_id": "r18_c13" }, "geometry": { "type": "Polygon", "coordinates": [ [ [ 72.91, 19.07 ], [ 72.91, 19.08 ], [ 72.9, 19.08 ], [ 72.9, 19.07 ], [ 72.91, 19.07 ] ] ] } },
{ "type": "Feature", "properties": { "cell_id": "r18_c14" }, "geometry": { "type": "Polygon", "coordinates": [ [ [ 72.92, 19.07 ], [ 72.92, 19.08 ], [ 72.91, 19.08 ], [ 72.91, 19.07 ], [ 72.92, 19.07 ] ] ] } },
{ "type": "Feature", "properties": { "cell_id": "r18_c15" }, "geometry": { "type": "Polygon", "coordinates": [ [ [ 72.93, 19.07 ], [ 72.93, 19.08 ], [ 72.92, 19.08 ], [ 72.92, 19.07 ], [ 72.93, 19.07 ] ] ] } },
{ "type": "Feature", "properties": { "cell_id": "r18_c16" }, "geometry": { "type": "Polygon", "coordinates": [ [ [ 72.94, 19.07 ], [ 72.94, 19.08 ], [ 72.93, 19.08 ], [ 72.93, 19.07 ], [ 72.94, 19.07 ] ] ] } },
{ "type": "Feature", "properties": { "cell_id": "r18_c17" }, "geometry": { "type": "Polygon", "coordinates": [ [ [ 72.95, 19.07 ], [ 72.95, 19.08 ], [ 72.94, 19.08 ], [ 72.94, 19.07 ], [ 72.95, 19.07 ] ] ] } },
{ "type": "Feature", "properties": { "cell_id": "r18_c18" }, "geometry": { "type": "Polygon", "coordinates": [ [ [ 72.96, 19.07 ], [ 72.96, 19.08 ], [ 72.95, 19.08 ], [ 72.95, 19.07 ], [ 72.96, 19.07 ] ] ] } },
{ "type": "Feature", "properties": { "cell_id": "r18_c19" }, "geometry": { "type": "Polygon", "coordinates": [ [ [ 72.97, 19.07 ], [ 72.97, 19.08 ], [ 72.96, 19.08 ], [ 72.96, 19.07 ], [ 72.97, 19.07 ] ] ] } },
{ "type": "Feature", "properties": { "cell_id": "r18_c20" }, "geometry": { "type": "Polygon", "coordinates": [ [ [ 72.980000000000103, 19.07 ], [ 72.980000000000103, 19.08 ], [ 72.97, 19.08 ], [ 72.97, 19.07 ], [ 72.980000000000103, 19.07 ] ] ] } },
{ "type": "Feature", "properties": { "cell_id": "r18_c21" }, "geometry": { "type": "Polygon", "coordinates": [ [ [ 72.99, 19.07 ], [ 72.99, 19.08 ], [ 72.980000000000103, 19.08 ], [ 72.980000000000103, 19.07 ], [ 72.99, 19.07 ] ] ] } },
{ "type": "Feature", "properties": { "cell_id": "r19_c0" }, "geometry": { "type": "Polygon", "coordinates": [ [ [ 72.78, 19.08 ], [ 72.78, 19.09 ], [ 72.77, 19.09 ], [ 72.77, 19.08 ], [ 72.78, 19.08 ] ] ] } },
{ "type": "Feature", "properties": { "cell_id": "r19_c1" }, "geometry": { "type": "Polygon", "coordinates": [ [ [ 72.79, 19.08 ], [ 72.79, 19.09 ], [ 72.78, 19.09 ], [ 72.78, 19.08 ], [ 72.79, 19.08 ] ] ] } },
{ "type": "Feature", "properties": { "cell_id": "r19_c2" }, "geometry": { "type": "Polygon", "coordinates": [ [ [ 72.8, 19.08 ], [ 72.8, 19.09 ], [ 72.79, 19.09 ], [ 72.79, 19.08 ], [ 72.8, 19.08 ] ] ] } },
{ "type": "Feature", "properties": { "cell_id": "r19_c3" }, "geometry": { "type": "Polygon", "coordinates": [ [ [ 72.81, 19.08 ], [ 72.81, 19.09 ], [ 72.8, 19.09 ], [ 72.8, 19.08 ], [ 72.81, 19.08 ] ] ] } },
{ "type": "Feature", "properties": { "cell_id": "r19_c4" }, "geometry": { "type": "Polygon", "coordinates": [ [ [ 72.82, 19.08 ], [ 72.82, 19.09 ], [ 72.81, 19.09 ], [ 72.81, 19.08 ], [ 72.82, 19.08 ] ] ] } },
{ "type": "Feature", "properties": { "cell_id": "r19_c5" }, "geometry": { "type": "Polygon", "coordinates": [ [ [ 72.83, 19.08 ], [ 72.83, 19.09 ], [ 72.82, 19.09 ], [ 72.82, 19.08 ], [ 72.83, 19.08 ] ] ] } },
{ "type": "Feature", "properties": { "cell_id": "r19_c6" }, "geometry": { "type": "Polygon", "coordinates": [ [ [ 72.84, 19.08 ], [ 72.84, 19.09 ], [ 72.83, 19.09 ], [ 72.83, 19.08 ], [ 72.84, 19.08 ] ] ] } },
{ "type": "Feature", "properties": { "cell_id": "r19_c7" }, "geometry": { "type": "Polygon", "coordinates": [ [ [ 72.85, 19.08 ], [ 72.85, 19.09 ], [ 72.84, 19.09 ], [ 72.84, 19.08 ], [ 72.85, 19.08 ] ] ] } },
{ "type": "Feature", "properties": { "cell_id": "r19_c8" }, "geometry": { "type": "Polygon", "coordinates": [ [ [ 72.86, 19.08 ], [ 72.86, 19.09 ], [ 72.85, 19.09 ], [ 72.85, 19.08 ], [ 72.86, 19.08 ] ] ] } },
{ "type": "Feature", "properties": { "cell_id": "r19_c9" }, "geometry": { "type": "Polygon", "coordinates": [ [ [ 72.87, 19.08 ], [ 72.87, 19.09 ], [ 72.86, 19.09 ], [ 72.86, 19.08 ], [ 72.87, 19.08 ] ] ] } },
{ "type": "Feature", "properties": { "cell_id": "r19_c10" }, "geometry": { "type": "Polygon", "coordinates": [ [ [ 72.88, 19.08 ], [ 72.88, 19.09 ], [ 72.87, 19.09 ], [ 72.87, 19.08 ], [ 72.88, 19.08 ] ] ] } },
{ "type": "Feature", "properties": { "cell_id": "r19_c11" }, "geometry": { "type": "Polygon", "coordinates": [ [ [ 72.89, 19.08 ], [ 72.89, 19.09 ], [ 72.88, 19.09 ], [ 72.88, 19.08 ], [ 72.89, 19.08 ] ] ] } },
{ "type": "Feature", "properties": { "cell_id": "r19_c12" }, "geometry": { "type": "Polygon", "coordinates": [ [ [ 72.9, 19.08 ], [ 72.9, 19.09 ], [ 72.89, 19.09 ], [ 72.89, 19.08 ], [ 72.9, 19.08 ] ] ] } },
{ "type": "Feature", "properties": { "cell_id": "r19_c13" }, "geometry": { "type": "Polygon", "coordinates": [ [ [ 72.91, 19.08 ], [ 72.91, 19.09 ], [ 72.9, 19.09 ], [ 72.9, 19.08 ], [ 72.91, 19.08 ] ] ] } },
{ "type": "Feature", "properties": { "cell_id": "r19_c14" }, "geometry": { "type": "Polygon", "coordinates": [ [ [ 72.92, 19.08 ], [ 72.92, 19.09 ], [ 72.91, 19.09 ], [ 72.91, 19.08 ], [ 72.92, 19.08 ] ] ] } },
{ "type": "Feature", "properties": { "cell_id": "r19_c15" }, "geometry": { "type": "Polygon", "coordinates": [ [ [ 72.93, 19.08 ], [ 72.93, 19.09 ], [ 72.92, 19.09 ], [ 72.92, 19.08 ], [ 72.93, 19.08 ] ] ] } },
{ "type": "Feature", "properties": { "cell_id": "r19_c16" }, "geometry": { "type": "Polygon", "coordinates": [ [ [ 72.94, 19.08 ], [ 72.94, 19.09 ], [ 72.93, 19.09 ], [ 72.93, 19.08 ], [ 72.94, 19.08 ] ] ] } },
{ "type": "Feature", "properties": { "cell_id": "r19_c17" }, "geometry": { "type": "Polygon", "coordinates": [ [ [ 72.95, 19.08 ], [ 72.95, 19.09 ], [ 72.94, 19.09 ], [ 72.94, 19.08 ], [ 72.95, 19.08 ] ] ] } },
{ "type": "Feature", "properties": { "cell_id": "r19_c18" }, "geometry": { "type": "Polygon", "coordinates": [ [ [ 72.96, 19.08 ], [ 72.96, 19.09 ], [ 72.95, 19.09 ], [ 72.95, 19.08 ], [ 72.96, 19.08 ] ] ] } },
{ "type": "Feature", "properties": { "cell_id": "r19_c19" }, "geometry": { "type": "Polygon", "coordinates": [ [ [ 72.97, 19.08 ], [ 72.97, 19.09 ], [ 72.96, 19.09 ], [ 72.96, 19.08 ], [ 72.97, 19.08 ] ] ] } },
{ "type": "Feature", "properties": { "cell_id": "r19_c20" }, "geometry": { "type": "Polygon", "coordinates": [ [ [ 72.980000000000103, 19.08 ], [ 72.980000000000103, 19.09 ], [ 72.97, 19.09 ], [ 72.97, 19.08 ], [ 72.980000000000103, 19.08 ] ] ] } },
{ "type": "Feature", "properties": { "cell_id": "r19_c21" }, "geometry": { "type": "Polygon", "coordinates": [ [ [ 72.99, 19.08 ], [ 72.99, 19.09 ], [ 72.980000000000103, 19.09 ], [ 72.980000000000103, 19.08 ], [ 72.99, 19.08 ] ] ] } },
{ "type": "Feature", "properties": { "cell_id": "r20_c0" }, "geometry": { "type": "Polygon", "coordinates": [ [ [ 72.78, 19.09 ], [ 72.78, 19.1 ], [ 72.77, 19.1 ], [ 72.77, 19.09 ], [ 72.78, 19.09 ] ] ] } },
{ "type": "Feature", "properties": { "cell_id": "r20_c1" }, "geometry": { "type": "Polygon", "coordinates": [ [ [ 72.79, 19.09 ], [ 72.79, 19.1 ], [ 72.78, 19.1 ], [ 72.78, 19.09 ], [ 72.79, 19.09 ] ] ] } },
{ "type": "Feature", "properties": { "cell_id": "r20_c2" }, "geometry": { "type": "Polygon", "coordinates": [ [ [ 72.8, 19.09 ], [ 72.8, 19.1 ], [ 72.79, 19.1 ], [ 72.79, 19.09 ], [ 72.8, 19.09 ] ] ] } },
{ "type": "Feature", "properties": { "cell_id": "r20_c3" }, "geometry": { "type": "Polygon", "coordinates": [ [ [ 72.81, 19.09 ], [ 72.81, 19.1 ], [ 72.8, 19.1 ], [ 72.8, 19.09 ], [ 72.81, 19.09 ] ] ] } },
{ "type": "Feature", "properties": { "cell_id": "r20_c4" }, "geometry": { "type": "Polygon", "coordinates": [ [ [ 72.82, 19.09 ], [ 72.82, 19.1 ], [ 72.81, 19.1 ], [ 72.81, 19.09 ], [ 72.82, 19.09 ] ] ] } },
{ "type": "Feature", "properties": { "cell_id": "r20_c5" }, "geometry": { "type": "Polygon", "coordinates": [ [ [ 72.83, 19.09 ], [ 72.83, 19.1 ], [ 72.82, 19.1 ], [ 72.82, 19.09 ], [ 72.83, 19.09 ] ] ] } },
{ "type": "Feature", "properties": { "cell_id": "r20_c6" }, "geometry": { "type": "Polygon", "coordinates": [ [ [ 72.84, 19.09 ], [ 72.84, 19.1 ], [ 72.83, 19.1 ], [ 72.83, 19.09 ], [ 72.84, 19.09 ] ] ] } },
{ "type": "Feature", "properties": { "cell_id": "r20_c7" }, "geometry": { "type": "Polygon", "coordinates": [ [ [ 72.85, 19.09 ], [ 72.85, 19.1 ], [ 72.84, 19.1 ], [ 72.84, 19.09 ], [ 72.85, 19.09 ] ] ] } },
{ "type": "Feature", "properties": { "cell_id": "r20_c8" }, "geometry": { "type": "Polygon", "coordinates": [ [ [ 72.86, 19.09 ], [ 72.86, 19.1 ], [ 72.85, 19.1 ], [ 72.85, 19.09 ], [ 72.86, 19.09 ] ] ] } },
{ "type": "Feature", "properties": { "cell_id": "r20_c9" }, "geometry": { "type": "Polygon", "coordinates": [ [ [ 72.87, 19.09 ], [ 72.87, 19.1 ], [ 72.86, 19.1 ], [ 72.86, 19.09 ], [ 72.87, 19.09 ] ] ] } },
{ "type": "Feature", "properties": { "cell_id": "r20_c10" }, "geometry": { "type": "Polygon", "coordinates": [ [ [ 72.88, 19.09 ], [ 72.88, 19.1 ], [ 72.87, 19.1 ], [ 72.87, 19.09 ], [ 72.88, 19.09 ] ] ] } },
{ "type": "Feature", "properties": { "cell_id": "r20_c11" }, "geometry": { "type": "Polygon", "coordinates": [ [ [ 72.89, 19.09 ], [ 72.89, 19.1 ], [ 72.88, 19.1 ], [ 72.88, 19.09 ], [ 72.89, 19.09 ] ] ] } },
{ "type": "Feature", "properties": { "cell_id": "r20_c12" }, "geometry": { "type": "Polygon", "coordinates": [ [ [ 72.9, 19.09 ], [ 72.9, 19.1 ], [ 72.89, 19.1 ], [ 72.89, 19.09 ], [ 72.9, 19.09 ] ] ] } },
{ "type": "Feature", "properties": { "cell_id": "r20_c13" }, "geometry": { "type": "Polygon", "coordinates": [ [ [ 72.91, 19.09 ], [ 72.91, 19.1 ], [ 72.9, 19.1 ], [ 72.9, 19.09 ], [ 72.91, 19.09 ] ] ] } },
{ "type": "Feature", "properties": { "cell_id": "r20_c14" }, "geometry": { "type": "Polygon", "coordinates": [ [ [ 72.92, 19.09 ], [ 72.92, 19.1 ], [ 72.91, 19.1 ], [ 72.91, 19.09 ], [ 72.92, 19.09 ] ] ] } },
{ "type": "Feature", "properties": { "cell_id": "r20_c15" }, "geometry": { "type": "Polygon", "coordinates": [ [ [ 72.93, 19.09 ], [ 72.93, 19.1 ], [ 72.92, 19.1 ], [ 72.92, 19.09 ], [ 72.93, 19.09 ] ] ] } },
{ "type": "Feature", "properties": { "cell_id": "r20_c16" }, "geometry": { "type": "Polygon", "coordinates": [ [ [ 72.94, 19.09 ], [ 72.94, 19.1 ], [ 72.93, 19.1 ], [ 72.93, 19.09 ], [ 72.94, 19.09 ] ] ] } },
{ "type": "Feature", "properties": { "cell_id": "r20_c17" }, "geometry": { "type": "Polygon", "coordinates": [ [ [ 72.95, 19.09 ], [ 72.95, 19.1 ], [ 72.94, 19.1 ], [ 72.94, 19.09 ], [ 72.95, 19.09 ] ] ] } },
{ "type": "Feature", "properties": { "cell_id": "r20_c18" }, "geometry": { "type": "Polygon", "coordinates": [ [ [ 72.96, 19.09 ], [ 72.96, 19.1 ], [ 72.95, 19.1 ], [ 72.95, 19.09 ], [ 72.96, 19.09 ] ] ] } },
{ "type": "Feature", "properties": { "cell_id": "r20_c19" }, "geometry": { "type": "Polygon", "coordinates": [ [ [ 72.97, 19.09 ], [ 72.97, 19.1 ], [ 72.96, 19.1 ], [ 72.96, 19.09 ], [ 72.97, 19.09 ] ] ] } },
{ "type": "Feature", "properties": { "cell_id": "r20_c20" }, "geometry": { "type": "Polygon", "coordinates": [ [ [ 72.980000000000103, 19.09 ], [ 72.980000000000103, 19.1 ], [ 72.97, 19.1 ], [ 72.97, 19.09 ], [ 72.980000000000103, 19.09 ] ] ] } },
{ "type": "Feature", "properties": { "cell_id": "r20_c21" }, "geometry": { "type": "Polygon", "coordinates": [ [ [ 72.99, 19.09 ], [ 72.99, 19.1 ], [ 72.980000000000103, 19.1 ], [ 72.980000000000103, 19.09 ], [ 72.99, 19.09 ] ] ] } },
{ "type": "Feature", "properties": { "cell_id": "r21_c0" }, "geometry": { "type": "Polygon", "coordinates": [ [ [ 72.78, 19.1 ], [ 72.78, 19.11 ], [ 72.77, 19.11 ], [ 72.77, 19.1 ], [ 72.78, 19.1 ] ] ] } },
{ "type": "Feature", "properties": { "cell_id": "r21_c1" }, "geometry": { "type": "Polygon", "coordinates": [ [ [ 72.79, 19.1 ], [ 72.79, 19.11 ], [ 72.78, 19.11 ], [ 72.78, 19.1 ], [ 72.79, 19.1 ] ] ] } },
{ "type": "Feature", "properties": { "cell_id": "r21_c2" }, "geometry": { "type": "Polygon", "coordinates": [ [ [ 72.8, 19.1 ], [ 72.8, 19.11 ], [ 72.79, 19.11 ], [ 72.79, 19.1 ], [ 72.8, 19.1 ] ] ] } },
{ "type": "Feature", "properties": { "cell_id": "r21_c3" }, "geometry": { "type": "Polygon", "coordinates": [ [ [ 72.81, 19.1 ], [ 72.81, 19.11 ], [ 72.8, 19.11 ], [ 72.8, 19.1 ], [ 72.81, 19.1 ] ] ] } },
{ "type": "Feature", "properties": { "cell_id": "r21_c4" }, "geometry": { "type": "Polygon", "coordinates": [ [ [ 72.82, 19.1 ], [ 72.82, 19.11 ], [ 72.81, 19.11 ], [ 72.81, 19.1 ], [ 72.82, 19.1 ] ] ] } },
{ "type": "Feature", "properties": { "cell_id": "r21_c5" }, "geometry": { "type": "Polygon", "coordinates": [ [ [ 72.83, 19.1 ], [ 72.83, 19.11 ], [ 72.82, 19.11 ], [ 72.82, 19.1 ], [ 72.83, 19.1 ] ] ] } },
{ "type": "Feature", "properties": { "cell_id": "r21_c6" }, "geometry": { "type": "Polygon", "coordinates": [ [ [ 72.84, 19.1 ], [ 72.84, 19.11 ], [ 72.83, 19.11 ], [ 72.83, 19.1 ], [ 72.84, 19.1 ] ] ] } },
{ "type": "Feature", "properties": { "cell_id": "r21_c7" }, "geometry": { "type": "Polygon", "coordinates": [ [ [ 72.85, 19.1 ], [ 72.85, 19.11 ], [ 72.84, 19.11 ], [ 72.84, 19.1 ], [ 72.85, 19.1 ] ] ] } },
{ "type": "Feature", "properties": { "cell_id": "r21_c8" }, "geometry": { "type": "Polygon", "coordinates": [ [ [ 72.86, 19.1 ], [ 72.86, 19.11 ], [ 72.85, 19.11 ], [ 72.85, 19.1 ], [ 72.86, 19.1 ] ] ] } },
{ "type": "Feature", "properties": { "cell_id": "r21_c9" }, "geometry": { "type": "Polygon", "coordinates": [ [ [ 72.87, 19.1 ], [ 72.87, 19.11 ], [ 72.86, 19.11 ], [ 72.86, 19.1 ], [ 72.87, 19.1 ] ] ] } },
{ "type": "Feature", "properties": { "cell_id": "r21_c10" }, "geometry": { "type": "Polygon", "coordinates": [ [ [ 72.88, 19.1 ], [ 72.88, 19.11 ], [ 72.87, 19.11 ], [ 72.87, 19.1 ], [ 72.88, 19.1 ] ] ] } },
{ "type": "Feature", "properties": { "cell_id": "r21_c11" }, "geometry": { "type": "Polygon", "coordinates": [ [ [ 72.89, 19.1 ], [ 72.89, 19.11 ], [ 72.88, 19.11 ], [ 72.88, 19.1 ], [ 72.89, 19.1 ] ] ] } },
{ "type": "Feature", "properties": { "cell_id": "r21_c12" }, "geometry": { "type": "Polygon", "coordinates": [ [ [ 72.9, 19.1 ], [ 72.9, 19.11 ], [ 72.89, 19.11 ], [ 72.89, 19.1 ], [ 72.9, 19.1 ] ] ] } },
{ "type": "Feature", "properties": { "cell_id": "r21_c13" }, "geometry": { "type": "Polygon", "coordinates": [ [ [ 72.91, 19.1 ], [ 72.91, 19.11 ], [ 72.9, 19.11 ], [ 72.9, 19.1 ], [ 72.91, 19.1 ] ] ] } },
{ "type": "Feature", "properties": { "cell_id": "r21_c14" }, "geometry": { "type": "Polygon", "coordinates": [ [ [ 72.92, 19.1 ], [ 72.92, 19.11 ], [ 72.91, 19.11 ], [ 72.91, 19.1 ], [ 72.92, 19.1 ] ] ] } },
{ "type": "Feature", "properties": { "cell_id": "r21_c15" }, "geometry": { "type": "Polygon", "coordinates": [ [ [ 72.93, 19.1 ], [ 72.93, 19.11 ], [ 72.92, 19.11 ], [ 72.92, 19.1 ], [ 72.93, 19.1 ] ] ] } },
{ "type": "Feature", "properties": { "cell_id": "r21_c16" }, "geometry": { "type": "Polygon", "coordinates": [ [ [ 72.94, 19.1 ], [ 72.94, 19.11 ], [ 72.93, 19.11 ], [ 72.93, 19.1 ], [ 72.94, 19.1 ] ] ] } },
{ "type": "Feature", "properties": { "cell_id": "r21_c17" }, "geometry": { "type": "Polygon", "coordinates": [ [ [ 72.95, 19.1 ], [ 72.95, 19.11 ], [ 72.94, 19.11 ], [ 72.94, 19.1 ], [ 72.95, 19.1 ] ] ] } },
{ "type": "Feature", "properties": { "cell_id": "r21_c18" }, "geometry": { "type": "Polygon", "coordinates": [ [ [ 72.96, 19.1 ], [ 72.96, 19.11 ], [ 72.95, 19.11 ], [ 72.95, 19.1 ], [ 72.96, 19.1 ] ] ] } },
{ "type": "Feature", "properties": { "cell_id": "r21_c19" }, "geometry": { "type": "Polygon", "coordinates": [ [ [ 72.97, 19.1 ], [ 72.97, 19.11 ], [ 72.96, 19.11 ], [ 72.96, 19.1 ], [ 72.97, 19.1 ] ] ] } },
{ "type": "Feature", "properties": { "cell_id": "r21_c20" }, "geometry": { "type": "Polygon", "coordinates": [ [ [ 72.980000000000103, 19.1 ], [ 72.980000000000103, 19.11 ], [ 72.97, 19.11 ], [ 72.97, 19.1 ], [ 72.980000000000103, 19.1 ] ] ] } },
{ "type": "Feature", "properties": { "cell_id": "r21_c21" }, "geometry": { "type": "Polygon", "coordinates": [ [ [ 72.99, 19.1 ], [ 72.99, 19.11 ], [ 72.980000000000103, 19.11 ], [ 72.980000000000103, 19.1 ], [ 72.99, 19.1 ] ] ] } },
{ "type": "Feature", "properties": { "cell_id": "r22_c0" }, "geometry": { "type": "Polygon", "coordinates": [ [ [ 72.78, 19.11 ], [ 72.78, 19.12 ], [ 72.77, 19.12 ], [ 72.77, 19.11 ], [ 72.78, 19.11 ] ] ] } },
{ "type": "Feature", "properties": { "cell_id": "r22_c1" }, "geometry": { "type": "Polygon", "coordinates": [ [ [ 72.79, 19.11 ], [ 72.79, 19.12 ], [ 72.78, 19.12 ], [ 72.78, 19.11 ], [ 72.79, 19.11 ] ] ] } },
{ "type": "Feature", "properties": { "cell_id": "r22_c2" }, "geometry": { "type": "Polygon", "coordinates": [ [ [ 72.8, 19.11 ], [ 72.8, 19.12 ], [ 72.79, 19.12 ], [ 72.79, 19.11 ], [ 72.8, 19.11 ] ] ] } },
{ "type": "Feature", "properties": { "cell_id": "r22_c3" }, "geometry": { "type": "Polygon", "coordinates": [ [ [ 72.81, 19.11 ], [ 72.81, 19.12 ], [ 72.8, 19.12 ], [ 72.8, 19.11 ], [ 72.81, 19.11 ] ] ] } },
{ "type": "Feature", "properties": { "cell_id": "r22_c4" }, "geometry": { "type": "Polygon", "coordinates": [ [ [ 72.82, 19.11 ], [ 72.82, 19.12 ], [ 72.81, 19.12 ], [ 72.81, 19.11 ], [ 72.82, 19.11 ] ] ] } },
{ "type": "Feature", "properties": { "cell_id": "r22_c5" }, "geometry": { "type": "Polygon", "coordinates": [ [ [ 72.83, 19.11 ], [ 72.83, 19.12 ], [ 72.82, 19.12 ], [ 72.82, 19.11 ], [ 72.83, 19.11 ] ] ] } },
{ "type": "Feature", "properties": { "cell_id": "r22_c6" }, "geometry": { "type": "Polygon", "coordinates": [ [ [ 72.84, 19.11 ], [ 72.84, 19.12 ], [ 72.83, 19.12 ], [ 72.83, 19.11 ], [ 72.84, 19.11 ] ] ] } },
{ "type": "Feature", "properties": { "cell_id": "r22_c7" }, "geometry": { "type": "Polygon", "coordinates": [ [ [ 72.85, 19.11 ], [ 72.85, 19.12 ], [ 72.84, 19.12 ], [ 72.84, 19.11 ], [ 72.85, 19.11 ] ] ] } },
{ "type": "Feature", "properties": { "cell_id": "r22_c8" }, "geometry": { "type": "Polygon", "coordinates": [ [ [ 72.86, 19.11 ], [ 72.86, 19.12 ], [ 72.85, 19.12 ], [ 72.85, 19.11 ], [ 72.86, 19.11 ] ] ] } },
{ "type": "Feature", "properties": { "cell_id": "r22_c9" }, "geometry": { "type": "Polygon", "coordinates": [ [ [ 72.87, 19.11 ], [ 72.87, 19.12 ], [ 72.86, 19.12 ], [ 72.86, 19.11 ], [ 72.87, 19.11 ] ] ] } },
{ "type": "Feature", "properties": { "cell_id": "r22_c10" }, "geometry": { "type": "Polygon", "coordinates": [ [ [ 72.88, 19.11 ], [ 72.88, 19.12 ], [ 72.87, 19.12 ], [ 72.87, 19.11 ], [ 72.88, 19.11 ] ] ] } },
{ "type": "Feature", "properties": { "cell_id": "r22_c11" }, "geometry": { "type": "Polygon", "coordinates": [ [ [ 72.89, 19.11 ], [ 72.89, 19.12 ], [ 72.88, 19.12 ], [ 72.88, 19.11 ], [ 72.89, 19.11 ] ] ] } },
{ "type": "Feature", "properties": { "cell_id": "r22_c12" }, "geometry": { "type": "Polygon", "coordinates": [ [ [ 72.9, 19.11 ], [ 72.9, 19.12 ], [ 72.89, 19.12 ], [ 72.89, 19.11 ], [ 72.9, 19.11 ] ] ] } },
{ "type": "Feature", "properties": { "cell_id": "r22_c13" }, "geometry": { "type": "Polygon", "coordinates": [ [ [ 72.91, 19.11 ], [ 72.91, 19.12 ], [ 72.9, 19.12 ], [ 72.9, 19.11 ], [ 72.91, 19.11 ] ] ] } },
{ "type": "Feature", "properties": { "cell_id": "r22_c14" }, "geometry": { "type": "Polygon", "coordinates": [ [ [ 72.92, 19.11 ], [ 72.92, 19.12 ], [ 72.91, 19.12 ], [ 72.91, 19.11 ], [ 72.92, 19.11 ] ] ] } },
{ "type": "Feature", "properties": { "cell_id": "r22_c15" }, "geometry": { "type": "Polygon", "coordinates": [ [ [ 72.93, 19.11 ], [ 72.93, 19.12 ], [ 72.92, 19.12 ], [ 72.92, 19.11 ], [ 72.93, 19.11 ] ] ] } },
{ "type": "Feature", "properties": { "cell_id": "r22_c16" }, "geometry": { "type": "Polygon", "coordinates": [ [ [ 72.94, 19.11 ], [ 72.94, 19.12 ], [ 72.93, 19.12 ], [ 72.93, 19.11 ], [ 72.94, 19.11 ] ] ] } },
{ "type": "Feature", "properties": { "cell_id": "r22_c17" }, "geometry": { "type": "Polygon", "coordinates": [ [ [ 72.95, 19.11 ], [ 72.95, 19.12 ], [ 72.94, 19.12 ], [ 72.94, 19.11 ], [ 72.95, 19.11 ] ] ] } },
{ "type": "Feature", "properties": { "cell_id": "r22_c18" }, "geometry": { "type": "Polygon", "coordinates": [ [ [ 72.96, 19.11 ], [ 72.96, 19.12 ], [ 72.95, 19.12 ], [ 72.95, 19.11 ], [ 72.96, 19.11 ] ] ] } },
{ "type": "Feature", "properties": { "cell_id": "r22_c19" }, "geometry": { "type": "Polygon", "coordinates": [ [ [ 72.97, 19.11 ], [ 72.97, 19.12 ], [ 72.96, 19.12 ], [ 72.96, 19.11 ], [ 72.97, 19.11 ] ] ] } },
{ "type": "Feature", "properties": { "cell_id": "r22_c20" }, "geometry": { "type": "Polygon", "coordinates": [ [ [ 72.980000000000103, 19.11 ], [ 72.980000000000103, 19.12 ], [ 72.97, 19.12 ], [ 72.97, 19.11 ], [ 72.980000000000103, 19.11 ] ] ] } },
{ "type": "Feature", "properties": { "cell_id": "r22_c21" }, "geometry": { "type": "Polygon", "coordinates": [ [ [ 72.99, 19.11 ], [ 72.99, 19.12 ], [ 72.980000000000103, 19.12 ], [ 72.980000000000103, 19.11 ], [ 72.99, 19.11 ] ] ] } },
{ "type": "Feature", "properties": { "cell_id": "r23_c0" }, "geometry": { "type": "Polygon", "coordinates": [ [ [ 72.78, 19.12 ], [ 72.78, 19.13 ], [ 72.77, 19.13 ], [ 72.77, 19.12 ], [ 72.78, 19.12 ] ] ] } },
{ "type": "Feature", "properties": { "cell_id": "r23_c1" }, "geometry": { "type": "Polygon", "coordinates": [ [ [ 72.79, 19.12 ], [ 72.79, 19.13 ], [ 72.78, 19.13 ], [ 72.78, 19.12 ], [ 72.79, 19.12 ] ] ] } },
{ "type": "Feature", "properties": { "cell_id": "r23_c2" }, "geometry": { "type": "Polygon", "coordinates": [ [ [ 72.8, 19.12 ], [ 72.8, 19.13 ], [ 72.79, 19.13 ], [ 72.79, 19.12 ], [ 72.8, 19.12 ] ] ] } },
{ "type": "Feature", "properties": { "cell_id": "r23_c3" }, "geometry": { "type": "Polygon", "coordinates": [ [ [ 72.81, 19.12 ], [ 72.81, 19.13 ], [ 72.8, 19.13 ], [ 72.8, 19.12 ], [ 72.81, 19.12 ] ] ] } },
{ "type": "Feature", "properties": { "cell_id": "r23_c4" }, "geometry": { "type": "Polygon", "coordinates": [ [ [ 72.82, 19.12 ], [ 72.82, 19.13 ], [ 72.81, 19.13 ], [ 72.81, 19.12 ], [ 72.82, 19.12 ] ] ] } },
{ "type": "Feature", "properties": { "cell_id": "r23_c5" }, "geometry": { "type": "Polygon", "coordinates": [ [ [ 72.83, 19.12 ], [ 72.83, 19.13 ], [ 72.82, 19.13 ], [ 72.82, 19.12 ], [ 72.83, 19.12 ] ] ] } },
{ "type": "Feature", "properties": { "cell_id": "r23_c6" }, "geometry": { "type": "Polygon", "coordinates": [ [ [ 72.84, 19.12 ], [ 72.84, 19.13 ], [ 72.83, 19.13 ], [ 72.83, 19.12 ], [ 72.84, 19.12 ] ] ] } },
{ "type": "Feature", "properties": { "cell_id": "r23_c7" }, "geometry": { "type": "Polygon", "coordinates": [ [ [ 72.85, 19.12 ], [ 72.85, 19.13 ], [ 72.84, 19.13 ], [ 72.84, 19.12 ], [ 72.85, 19.12 ] ] ] } },
{ "type": "Feature", "properties": { "cell_id": "r23_c8" }, "geometry": { "type": "Polygon", "coordinates": [ [ [ 72.86, 19.12 ], [ 72.86, 19.13 ], [ 72.85, 19.13 ], [ 72.85, 19.12 ], [ 72.86, 19.12 ] ] ] } },
{ "type": "Feature", "properties": { "cell_id": "r23_c9" }, "geometry": { "type": "Polygon", "coordinates": [ [ [ 72.87, 19.12 ], [ 72.87, 19.13 ], [ 72.86, 19.13 ], [ 72.86, 19.12 ], [ 72.87, 19.12 ] ] ] } },
{ "type": "Feature", "properties": { "cell_id": "r23_c10" }, "geometry": { "type": "Polygon", "coordinates": [ [ [ 72.88, 19.12 ], [ 72.88, 19.13 ], [ 72.87, 19.13 ], [ 72.87, 19.12 ], [ 72.88, 19.12 ] ] ] } },
{ "type": "Feature", "properties": { "cell_id": "r23_c11" }, "geometry": { "type": "Polygon", "coordinates": [ [ [ 72.89, 19.12 ], [ 72.89, 19.13 ], [ 72.88, 19.13 ], [ 72.88, 19.12 ], [ 72.89, 19.12 ] ] ] } },
{ "type": "Feature", "properties": { "cell_id": "r23_c12" }, "geometry": { "type": "Polygon", "coordinates": [ [ [ 72.9, 19.12 ], [ 72.9, 19.13 ], [ 72.89, 19.13 ], [ 72.89, 19.12 ], [ 72.9, 19.12 ] ] ] } },
{ "type": "Feature", "properties": { "cell_id": "r23_c13" }, "geometry": { "type": "Polygon", "coordinates": [ [ [ 72.91, 19.12 ], [ 72.91, 19.13 ], [ 72.9, 19.13 ], [ 72.9, 19.12 ], [ 72.91, 19.12 ] ] ] } },
{ "type": "Feature", "properties": { "cell_id": "r23_c14" }, "geometry": { "type": "Polygon", "coordinates": [ [ [ 72.92, 19.12 ], [ 72.92, 19.13 ], [ 72.91, 19.13 ], [ 72.91, 19.12 ], [ 72.92, 19.12 ] ] ] } },
{ "type": "Feature", "properties": { "cell_id": "r23_c15" }, "geometry": { "type": "Polygon", "coordinates": [ [ [ 72.93, 19.12 ], [ 72.93, 19.13 ], [ 72.92, 19.13 ], [ 72.92, 19.12 ], [ 72.93, 19.12 ] ] ] } },
{ "type": "Feature", "properties": { "cell_id": "r23_c16" }, "geometry": { "type": "Polygon", "coordinates": [ [ [ 72.94, 19.12 ], [ 72.94, 19.13 ], [ 72.93, 19.13 ], [ 72.93, 19.12 ], [ 72.94, 19.12 ] ] ] } },
{ "type": "Feature", "properties": { "cell_id": "r23_c17" }, "geometry": { "type": "Polygon", "coordinates": [ [ [ 72.95, 19.12 ], [ 72.95, 19.13 ], [ 72.94, 19.13 ], [ 72.94, 19.12 ], [ 72.95, 19.12 ] ] ] } },
{ "type": "Feature", "properties": { "cell_id": "r23_c18" }, "geometry": { "type": "Polygon", "coordinates": [ [ [ 72.96, 19.12 ], [ 72.96, 19.13 ], [ 72.95, 19.13 ], [ 72.95, 19.12 ], [ 72.96, 19.12 ] ] ] } },
{ "type": "Feature", "properties": { "cell_id": "r23_c19" }, "geometry": { "type": "Polygon", "coordinates": [ [ [ 72.97, 19.12 ], [ 72.97, 19.13 ], [ 72.96, 19.13 ], [ 72.96, 19.12 ], [ 72.97, 19.12 ] ] ] } },
{ "type": "Feature", "properties": { "cell_id": "r23_c20" }, "geometry": { "type": "Polygon", "coordinates": [ [ [ 72.980000000000103, 19.12 ], [ 72.980000000000103, 19.13 ], [ 72.97, 19.13 ], [ 72.97, 19.12 ], [ 72.980000000000103, 19.12 ] ] ] } },
{ "type": "Feature", "properties": { "cell_id": "r23_c21" }, "geometry": { "type": "Polygon", "coordinates": [ [ [ 72.99, 19.12 ], [ 72.99, 19.13 ], [ 72.980000000000103, 19.13 ], [ 72.980000000000103, 19.12 ], [ 72.99, 19.12 ] ] ] } },
{ "type": "Feature", "properties": { "cell_id": "r24_c0" }, "geometry": { "type": "Polygon", "coordinates": [ [ [ 72.78, 19.13 ], [ 72.78, 19.14 ], [ 72.77, 19.14 ], [ 72.77, 19.13 ], [ 72.78, 19.13 ] ] ] } },
{ "type": "Feature", "properties": { "cell_id": "r24_c1" }, "geometry": { "type": "Polygon", "coordinates": [ [ [ 72.79, 19.13 ], [ 72.79, 19.14 ], [ 72.78, 19.14 ], [ 72.78, 19.13 ], [ 72.79, 19.13 ] ] ] } },
{ "type": "Feature", "properties": { "cell_id": "r24_c2" }, "geometry": { "type": "Polygon", "coordinates": [ [ [ 72.8, 19.13 ], [ 72.8, 19.14 ], [ 72.79, 19.14 ], [ 72.79, 19.13 ], [ 72.8, 19.13 ] ] ] } },
{ "type": "Feature", "properties": { "cell_id": "r24_c3" }, "geometry": { "type": "Polygon", "coordinates": [ [ [ 72.81, 19.13 ], [ 72.81, 19.14 ], [ 72.8, 19.14 ], [ 72.8, 19.13 ], [ 72.81, 19.13 ] ] ] } },
{ "type": "Feature", "properties": { "cell_id": "r24_c4" }, "geometry": { "type": "Polygon", "coordinates": [ [ [ 72.82, 19.13 ], [ 72.82, 19.14 ], [ 72.81, 19.14 ], [ 72.81, 19.13 ], [ 72.82, 19.13 ] ] ] } },
{ "type": "Feature", "properties": { "cell_id": "r24_c5" }, "geometry": { "type": "Polygon", "coordinates": [ [ [ 72.83, 19.13 ], [ 72.83, 19.14 ], [ 72.82, 19.14 ], [ 72.82, 19.13 ], [ 72.83, 19.13 ] ] ] } },
{ "type": "Feature", "properties": { "cell_id": "r24_c6" }, "geometry": { "type": "Polygon", "coordinates": [ [ [ 72.84, 19.13 ], [ 72.84, 19.14 ], [ 72.83, 19.14 ], [ 72.83, 19.13 ], [ 72.84, 19.13 ] ] ] } },
{ "type": "Feature", "properties": { "cell_id": "r24_c7" }, "geometry": { "type": "Polygon", "coordinates": [ [ [ 72.85, 19.13 ], [ 72.85, 19.14 ], [ 72.84, 19.14 ], [ 72.84, 19.13 ], [ 72.85, 19.13 ] ] ] } },
{ "type": "Feature", "properties": { "cell_id": "r24_c8" }, "geometry": { "type": "Polygon", "coordinates": [ [ [ 72.86, 19.13 ], [ 72.86, 19.14 ], [ 72.85, 19.14 ], [ 72.85, 19.13 ], [ 72.86, 19.13 ] ] ] } },
{ "type": "Feature", "properties": { "cell_id": "r24_c9" }, "geometry": { "type": "Polygon", "coordinates": [ [ [ 72.87, 19.13 ], [ 72.87, 19.14 ], [ 72.86, 19.14 ], [ 72.86, 19.13 ], [ 72.87, 19.13 ] ] ] } },
{ "type": "Feature", "properties": { "cell_id": "r24_c10" }, "geometry": { "type": "Polygon", "coordinates": [ [ [ 72.88, 19.13 ], [ 72.88, 19.14 ], [ 72.87, 19.14 ], [ 72.87, 19.13 ], [ 72.88, 19.13 ] ] ] } },
{ "type": "Feature", "properties": { "cell_id": "r24_c11" }, "geometry": { "type": "Polygon", "coordinates": [ [ [ 72.89, 19.13 ], [ 72.89, 19.14 ], [ 72.88, 19.14 ], [ 72.88, 19.13 ], [ 72.89, 19.13 ] ] ] } },
{ "type": "Feature", "properties": { "cell_id": "r24_c12" }, "geometry": { "type": "Polygon", "coordinates": [ [ [ 72.9, 19.13 ], [ 72.9, 19.14 ], [ 72.89, 19.14 ], [ 72.89, 19.13 ], [ 72.9, 19.13 ] ] ] } },
{ "type": "Feature", "properties": { "cell_id": "r24_c13" }, "geometry": { "type": "Polygon", "coordinates": [ [ [ 72.91, 19.13 ], [ 72.91, 19.14 ], [ 72.9, 19.14 ], [ 72.9, 19.13 ], [ 72.91, 19.13 ] ] ] } },
{ "type": "Feature", "properties": { "cell_id": "r24_c14" }, "geometry": { "type": "Polygon", "coordinates": [ [ [ 72.92, 19.13 ], [ 72.92, 19.14 ], [ 72.91, 19.14 ], [ 72.91, 19.13 ], [ 72.92, 19.13 ] ] ] } },
{ "type": "Feature", "properties": { "cell_id": "r24_c15" }, "geometry": { "type": "Polygon", "coordinates": [ [ [ 72.93, 19.13 ], [ 72.93, 19.14 ], [ 72.92, 19.14 ], [ 72.92, 19.13 ], [ 72.93, 19.13 ] ] ] } },
{ "type": "Feature", "properties": { "cell_id": "r24_c16" }, "geometry": { "type": "Polygon", "coordinates": [ [ [ 72.94, 19.13 ], [ 72.94, 19.14 ], [ 72.93, 19.14 ], [ 72.93, 19.13 ], [ 72.94, 19.13 ] ] ] } },
{ "type": "Feature", "properties": { "cell_id": "r24_c17" }, "geometry": { "type": "Polygon", "coordinates": [ [ [ 72.95, 19.13 ], [ 72.95, 19.14 ], [ 72.94, 19.14 ], [ 72.94, 19.13 ], [ 72.95, 19.13 ] ] ] } },
{ "type": "Feature", "properties": { "cell_id": "r24_c18" }, "geometry": { "type": "Polygon", "coordinates": [ [ [ 72.96, 19.13 ], [ 72.96, 19.14 ], [ 72.95, 19.14 ], [ 72.95, 19.13 ], [ 72.96, 19.13 ] ] ] } },
{ "type": "Feature", "properties": { "cell_id": "r24_c19" }, "geometry": { "type": "Polygon", "coordinates": [ [ [ 72.97, 19.13 ], [ 72.97, 19.14 ], [ 72.96, 19.14 ], [ 72.96, 19.13 ], [ 72.97, 19.13 ] ] ] } },
{ "type": "Feature", "properties": { "cell_id": "r24_c20" }, "geometry": { "type": "Polygon", "coordinates": [ [ [ 72.980000000000103, 19.13 ], [ 72.980000000000103, 19.14 ], [ 72.97, 19.14 ], [ 72.97, 19.13 ], [ 72.980000000000103, 19.13 ] ] ] } },
{ "type": "Feature", "properties": { "cell_id": "r24_c21" }, "geometry": { "type": "Polygon", "coordinates": [ [ [ 72.99, 19.13 ], [ 72.99, 19.14 ], [ 72.980000000000103, 19.14 ], [ 72.980000000000103, 19.13 ], [ 72.99, 19.13 ] ] ] } },
{ "type": "Feature", "properties": { "cell_id": "r25_c0" }, "geometry": { "type": "Polygon", "coordinates": [ [ [ 72.78, 19.14 ], [ 72.78, 19.15 ], [ 72.77, 19.15 ], [ 72.77, 19.14 ], [ 72.78, 19.14 ] ] ] } },
{ "type": "Feature", "properties": { "cell_id": "r25_c1" }, "geometry": { "type": "Polygon", "coordinates": [ [ [ 72.79, 19.14 ], [ 72.79, 19.15 ], [ 72.78, 19.15 ], [ 72.78, 19.14 ], [ 72.79, 19.14 ] ] ] } },
{ "type": "Feature", "properties": { "cell_id": "r25_c2" }, "geometry": { "type": "Polygon", "coordinates": [ [ [ 72.8, 19.14 ], [ 72.8, 19.15 ], [ 72.79, 19.15 ], [ 72.79, 19.14 ], [ 72.8, 19.14 ] ] ] } },
{ "type": "Feature", "properties": { "cell_id": "r25_c3" }, "geometry": { "type": "Polygon", "coordinates": [ [ [ 72.81, 19.14 ], [ 72.81, 19.15 ], [ 72.8, 19.15 ], [ 72.8, 19.14 ], [ 72.81, 19.14 ] ] ] } },
{ "type": "Feature", "properties": { "cell_id": "r25_c4" }, "geometry": { "type": "Polygon", "coordinates": [ [ [ 72.82, 19.14 ], [ 72.82, 19.15 ], [ 72.81, 19.15 ], [ 72.81, 19.14 ], [ 72.82, 19.14 ] ] ] } },
{ "type": "Feature", "properties": { "cell_id": "r25_c5" }, "geometry": { "type": "Polygon", "coordinates": [ [ [ 72.83, 19.14 ], [ 72.83, 19.15 ], [ 72.82, 19.15 ], [ 72.82, 19.14 ], [ 72.83, 19.14 ] ] ] } },
{ "type": "Feature", "properties": { "cell_id": "r25_c6" }, "geometry": { "type": "Polygon", "coordinates": [ [ [ 72.84, 19.14 ], [ 72.84, 19.15 ], [ 72.83, 19.15 ], [ 72.83, 19.14 ], [ 72.84, 19.14 ] ] ] } },
{ "type": "Feature", "properties": { "cell_id": "r25_c7" }, "geometry": { "type": "Polygon", "coordinates": [ [ [ 72.85, 19.14 ], [ 72.85, 19.15 ], [ 72.84, 19.15 ], [ 72.84, 19.14 ], [ 72.85, 19.14 ] ] ] } },
{ "type": "Feature", "properties": { "cell_id": "r25_c8" }, "geometry": { "type": "Polygon", "coordinates": [ [ [ 72.86, 19.14 ], [ 72.86, 19.15 ], [ 72.85, 19.15 ], [ 72.85, 19.14 ], [ 72.86, 19.14 ] ] ] } },
{ "type": "Feature", "properties": { "cell_id": "r25_c9" }, "geometry": { "type": "Polygon", "coordinates": [ [ [ 72.87, 19.14 ], [ 72.87, 19.15 ], [ 72.86, 19.15 ], [ 72.86, 19.14 ], [ 72.87, 19.14 ] ] ] } },
{ "type": "Feature", "properties": { "cell_id": "r25_c10" }, "geometry": { "type": "Polygon", "coordinates": [ [ [ 72.88, 19.14 ], [ 72.88, 19.15 ], [ 72.87, 19.15 ], [ 72.87, 19.14 ], [ 72.88, 19.14 ] ] ] } },
{ "type": "Feature", "properties": { "cell_id": "r25_c11" }, "geometry": { "type": "Polygon", "coordinates": [ [ [ 72.89, 19.14 ], [ 72.89, 19.15 ], [ 72.88, 19.15 ], [ 72.88, 19.14 ], [ 72.89, 19.14 ] ] ] } },
{ "type": "Feature", "properties": { "cell_id": "r25_c12" }, "geometry": { "type": "Polygon", "coordinates": [ [ [ 72.9, 19.14 ], [ 72.9, 19.15 ], [ 72.89, 19.15 ], [ 72.89, 19.14 ], [ 72.9, 19.14 ] ] ] } },
{ "type": "Feature", "properties": { "cell_id": "r25_c13" }, "geometry": { "type": "Polygon", "coordinates": [ [ [ 72.91, 19.14 ], [ 72.91, 19.15 ], [ 72.9, 19.15 ], [ 72.9, 19.14 ], [ 72.91, 19.14 ] ] ] } },
{ "type": "Feature", "properties": { "cell_id": "r25_c14" }, "geometry": { "type": "Polygon", "coordinates": [ [ [ 72.92, 19.14 ], [ 72.92, 19.15 ], [ 72.91, 19.15 ], [ 72.91, 19.14 ], [ 72.92, 19.14 ] ] ] } },
{ "type": "Feature", "properties": { "cell_id": "r25_c15" }, "geometry": { "type": "Polygon", "coordinates": [ [ [ 72.93, 19.14 ], [ 72.93, 19.15 ], [ 72.92, 19.15 ], [ 72.92, 19.14 ], [ 72.93, 19.14 ] ] ] } },
{ "type": "Feature", "properties": { "cell_id": "r25_c16" }, "geometry": { "type": "Polygon", "coordinates": [ [ [ 72.94, 19.14 ], [ 72.94, 19.15 ], [ 72.93, 19.15 ], [ 72.93, 19.14 ], [ 72.94, 19.14 ] ] ] } },
{ "type": "Feature", "properties": { "cell_id": "r25_c17" }, "geometry": { "type": "Polygon", "coordinates": [ [ [ 72.95, 19.14 ], [ 72.95, 19.15 ], [ 72.94, 19.15 ], [ 72.94, 19.14 ], [ 72.95, 19.14 ] ] ] } },
{ "type": "Feature", "properties": { "cell_id": "r25_c18" }, "geometry": { "type": "Polygon", "coordinates": [ [ [ 72.96, 19.14 ], [ 72.96, 19.15 ], [ 72.95, 19.15 ], [ 72.95, 19.14 ], [ 72.96, 19.14 ] ] ] } },
{ "type": "Feature", "properties": { "cell_id": "r25_c19" }, "geometry": { "type": "Polygon", "coordinates": [ [ [ 72.97, 19.14 ], [ 72.97, 19.15 ], [ 72.96, 19.15 ], [ 72.96, 19.14 ], [ 72.97, 19.14 ] ] ] } },
{ "type": "Feature", "properties": { "cell_id": "r25_c20" }, "geometry": { "type": "Polygon", "coordinates": [ [ [ 72.980000000000103, 19.14 ], [ 72.980000000000103, 19.15 ], [ 72.97, 19.15 ], [ 72.97, 19.14 ], [ 72.980000000000103, 19.14 ] ] ] } },
{ "type": "Feature", "properties": { "cell_id": "r25_c21" }, "geometry": { "type": "Polygon", "coordinates": [ [ [ 72.99, 19.14 ], [ 72.99, 19.15 ], [ 72.980000000000103, 19.15 ], [ 72.980000000000103, 19.14 ], [ 72.99, 19.14 ] ] ] } },
{ "type": "Feature", "properties": { "cell_id": "r26_c0" }, "geometry": { "type": "Polygon", "coordinates": [ [ [ 72.78, 19.15 ], [ 72.78, 19.16 ], [ 72.77, 19.16 ], [ 72.77, 19.15 ], [ 72.78, 19.15 ] ] ] } },
{ "type": "Feature", "properties": { "cell_id": "r26_c1" }, "geometry": { "type": "Polygon", "coordinates": [ [ [ 72.79, 19.15 ], [ 72.79, 19.16 ], [ 72.78, 19.16 ], [ 72.78, 19.15 ], [ 72.79, 19.15 ] ] ] } },
{ "type": "Feature", "properties": { "cell_id": "r26_c2" }, "geometry": { "type": "Polygon", "coordinates": [ [ [ 72.8, 19.15 ], [ 72.8, 19.16 ], [ 72.79, 19.16 ], [ 72.79, 19.15 ], [ 72.8, 19.15 ] ] ] } },
{ "type": "Feature", "properties": { "cell_id": "r26_c3" }, "geometry": { "type": "Polygon", "coordinates": [ [ [ 72.81, 19.15 ], [ 72.81, 19.16 ], [ 72.8, 19.16 ], [ 72.8, 19.15 ], [ 72.81, 19.15 ] ] ] } },
{ "type": "Feature", "properties": { "cell_id": "r26_c4" }, "geometry": { "type": "Polygon", "coordinates": [ [ [ 72.82, 19.15 ], [ 72.82, 19.16 ], [ 72.81, 19.16 ], [ 72.81, 19.15 ], [ 72.82, 19.15 ] ] ] } },
{ "type": "Feature", "properties": { "cell_id": "r26_c5" }, "geometry": { "type": "Polygon", "coordinates": [ [ [ 72.83, 19.15 ], [ 72.83, 19.16 ], [ 72.82, 19.16 ], [ 72.82, 19.15 ], [ 72.83, 19.15 ] ] ] } },
{ "type": "Feature", "properties": { "cell_id": "r26_c6" }, "geometry": { "type": "Polygon", "coordinates": [ [ [ 72.84, 19.15 ], [ 72.84, 19.16 ], [ 72.83, 19.16 ], [ 72.83, 19.15 ], [ 72.84, 19.15 ] ] ] } },
{ "type": "Feature", "properties": { "cell_id": "r26_c7" }, "geometry": { "type": "Polygon", "coordinates": [ [ [ 72.85, 19.15 ], [ 72.85, 19.16 ], [ 72.84, 19.16 ], [ 72.84, 19.15 ], [ 72.85, 19.15 ] ] ] } },
{ "type": "Feature", "properties": { "cell_id": "r26_c8" }, "geometry": { "type": "Polygon", "coordinates": [ [ [ 72.86, 19.15 ], [ 72.86, 19.16 ], [ 72.85, 19.16 ], [ 72.85, 19.15 ], [ 72.86, 19.15 ] ] ] } },
{ "type": "Feature", "properties": { "cell_id": "r26_c9" }, "geometry": { "type": "Polygon", "coordinates": [ [ [ 72.87, 19.15 ], [ 72.87, 19.16 ], [ 72.86, 19.16 ], [ 72.86, 19.15 ], [ 72.87, 19.15 ] ] ] } },
{ "type": "Feature", "properties": { "cell_id": "r26_c10" }, "geometry": { "type": "Polygon", "coordinates": [ [ [ 72.88, 19.15 ], [ 72.88, 19.16 ], [ 72.87, 19.16 ], [ 72.87, 19.15 ], [ 72.88, 19.15 ] ] ] } },
{ "type": "Feature", "properties": { "cell_id": "r26_c11" }, "geometry": { "type": "Polygon", "coordinates": [ [ [ 72.89, 19.15 ], [ 72.89, 19.16 ], [ 72.88, 19.16 ], [ 72.88, 19.15 ], [ 72.89, 19.15 ] ] ] } },
{ "type": "Feature", "properties": { "cell_id": "r26_c12" }, "geometry": { "type": "Polygon", "coordinates": [ [ [ 72.9, 19.15 ], [ 72.9, 19.16 ], [ 72.89, 19.16 ], [ 72.89, 19.15 ], [ 72.9, 19.15 ] ] ] } },
{ "type": "Feature", "properties": { "cell_id": "r26_c13" }, "geometry": { "type": "Polygon", "coordinates": [ [ [ 72.91, 19.15 ], [ 72.91, 19.16 ], [ 72.9, 19.16 ], [ 72.9, 19.15 ], [ 72.91, 19.15 ] ] ] } },
{ "type": "Feature", "properties": { "cell_id": "r26_c14" }, "geometry": { "type": "Polygon", "coordinates": [ [ [ 72.92, 19.15 ], [ 72.92, 19.16 ], [ 72.91, 19.16 ], [ 72.91, 19.15 ], [ 72.92, 19.15 ] ] ] } },
{ "type": "Feature", "properties": { "cell_id": "r26_c15" }, "geometry": { "type": "Polygon", "coordinates": [ [ [ 72.93, 19.15 ], [ 72.93, 19.16 ], [ 72.92, 19.16 ], [ 72.92, 19.15 ], [ 72.93, 19.15 ] ] ] } },
{ "type": "Feature", "properties": { "cell_id": "r26_c16" }, "geometry": { "type": "Polygon", "coordinates": [ [ [ 72.94, 19.15 ], [ 72.94, 19.16 ], [ 72.93, 19.16 ], [ 72.93, 19.15 ], [ 72.94, 19.15 ] ] ] } },
{ "type": "Feature", "properties": { "cell_id": "r26_c17" }, "geometry": { "type": "Polygon", "coordinates": [ [ [ 72.95, 19.15 ], [ 72.95, 19.16 ], [ 72.94, 19.16 ], [ 72.94, 19.15 ], [ 72.95, 19.15 ] ] ] } },
{ "type": "Feature", "properties": { "cell_id": "r26_c18" }, "geometry": { "type": "Polygon", "coordinates": [ [ [ 72.96, 19.15 ], [ 72.96, 19.16 ], [ 72.95, 19.16 ], [ 72.95, 19.15 ], [ 72.96, 19.15 ] ] ] } },
{ "type": "Feature", "properties": { "cell_id": "r26_c19" }, "geometry": { "type": "Polygon", "coordinates": [ [ [ 72.97, 19.15 ], [ 72.97, 19.16 ], [ 72.96, 19.16 ], [ 72.96, 19.15 ], [ 72.97, 19.15 ] ] ] } },
{ "type": "Feature", "properties": { "cell_id": "r26_c20" }, "geometry": { "type": "Polygon", "coordinates": [ [ [ 72.980000000000103, 19.15 ], [ 72.980000000000103, 19.16 ], [ 72.97, 19.16 ], [ 72.97, 19.15 ], [ 72.980000000000103, 19.15 ] ] ] } },
{ "type": "Feature", "properties": { "cell_id": "r26_c21" }, "geometry": { "type": "Polygon", "coordinates": [ [ [ 72.99, 19.15 ], [ 72.99, 19.16 ], [ 72.980000000000103, 19.16 ], [ 72.980000000000103, 19.15 ], [ 72.99, 19.15 ] ] ] } },
{ "type": "Feature", "properties": { "cell_id": "r27_c0" }, "geometry": { "type": "Polygon", "coordinates": [ [ [ 72.78, 19.16 ], [ 72.78, 19.17 ], [ 72.77, 19.17 ], [ 72.77, 19.16 ], [ 72.78, 19.16 ] ] ] } },
{ "type": "Feature", "properties": { "cell_id": "r27_c1" }, "geometry": { "type": "Polygon", "coordinates": [ [ [ 72.79, 19.16 ], [ 72.79, 19.17 ], [ 72.78, 19.17 ], [ 72.78, 19.16 ], [ 72.79, 19.16 ] ] ] } },
{ "type": "Feature", "properties": { "cell_id": "r27_c2" }, "geometry": { "type": "Polygon", "coordinates": [ [ [ 72.8, 19.16 ], [ 72.8, 19.17 ], [ 72.79, 19.17 ], [ 72.79, 19.16 ], [ 72.8, 19.16 ] ] ] } },
{ "type": "Feature", "properties": { "cell_id": "r27_c3" }, "geometry": { "type": "Polygon", "coordinates": [ [ [ 72.81, 19.16 ], [ 72.81, 19.17 ], [ 72.8, 19.17 ], [ 72.8, 19.16 ], [ 72.81, 19.16 ] ] ] } },
{ "type": "Feature", "properties": { "cell_id": "r27_c4" }, "geometry": { "type": "Polygon", "coordinates": [ [ [ 72.82, 19.16 ], [ 72.82, 19.17 ], [ 72.81, 19.17 ], [ 72.81, 19.16 ], [ 72.82, 19.16 ] ] ] } },
{ "type": "Feature", "properties": { "cell_id": "r27_c5" }, "geometry": { "type": "Polygon", "coordinates": [ [ [ 72.83, 19.16 ], [ 72.83, 19.17 ], [ 72.82, 19.17 ], [ 72.82, 19.16 ], [ 72.83, 19.16 ] ] ] } },
{ "type": "Feature", "properties": { "cell_id": "r27_c6" }, "geometry": { "type": "Polygon", "coordinates": [ [ [ 72.84, 19.16 ], [ 72.84, 19.17 ], [ 72.83, 19.17 ], [ 72.83, 19.16 ], [ 72.84, 19.16 ] ] ] } },
{ "type": "Feature", "properties": { "cell_id": "r27_c7" }, "geometry": { "type": "Polygon", "coordinates": [ [ [ 72.85, 19.16 ], [ 72.85, 19.17 ], [ 72.84, 19.17 ], [ 72.84, 19.16 ], [ 72.85, 19.16 ] ] ] } },
{ "type": "Feature", "properties": { "cell_id": "r27_c8" }, "geometry": { "type": "Polygon", "coordinates": [ [ [ 72.86, 19.16 ], [ 72.86, 19.17 ], [ 72.85, 19.17 ], [ 72.85, 19.16 ], [ 72.86, 19.16 ] ] ] } },
{ "type": "Feature", "properties": { "cell_id": "r27_c9" }, "geometry": { "type": "Polygon", "coordinates": [ [ [ 72.87, 19.16 ], [ 72.87, 19.17 ], [ 72.86, 19.17 ], [ 72.86, 19.16 ], [ 72.87, 19.16 ] ] ] } },
{ "type": "Feature", "properties": { "cell_id": "r27_c10" }, "geometry": { "type": "Polygon", "coordinates": [ [ [ 72.88, 19.16 ], [ 72.88, 19.17 ], [ 72.87, 19.17 ], [ 72.87, 19.16 ], [ 72.88, 19.16 ] ] ] } },
{ "type": "Feature", "properties": { "cell_id": "r27_c11" }, "geometry": { "type": "Polygon", "coordinates": [ [ [ 72.89, 19.16 ], [ 72.89, 19.17 ], [ 72.88, 19.17 ], [ 72.88, 19.16 ], [ 72.89, 19.16 ] ] ] } },
{ "type": "Feature", "properties": { "cell_id": "r27_c12" }, "geometry": { "type": "Polygon", "coordinates": [ [ [ 72.9, 19.16 ], [ 72.9, 19.17 ], [ 72.89, 19.17 ], [ 72.89, 19.16 ], [ 72.9, 19.16 ] ] ] } },
{ "type": "Feature", "properties": { "cell_id": "r27_c13" }, "geometry": { "type": "Polygon", "coordinates": [ [ [ 72.91, 19.16 ], [ 72.91, 19.17 ], [ 72.9, 19.17 ], [ 72.9, 19.16 ], [ 72.91, 19.16 ] ] ] } },
{ "type": "Feature", "properties": { "cell_id": "r27_c14" }, "geometry": { "type": "Polygon", "coordinates": [ [ [ 72.92, 19.16 ], [ 72.92, 19.17 ], [ 72.91, 19.17 ], [ 72.91, 19.16 ], [ 72.92, 19.16 ] ] ] } },
{ "type": "Feature", "properties": { "cell_id": "r27_c15" }, "geometry": { "type": "Polygon", "coordinates": [ [ [ 72.93, 19.16 ], [ 72.93, 19.17 ], [ 72.92, 19.17 ], [ 72.92, 19.16 ], [ 72.93, 19.16 ] ] ] } },
{ "type": "Feature", "properties": { "cell_id": "r27_c16" }, "geometry": { "type": "Polygon", "coordinates": [ [ [ 72.94, 19.16 ], [ 72.94, 19.17 ], [ 72.93, 19.17 ], [ 72.93, 19.16 ], [ 72.94, 19.16 ] ] ] } },
{ "type": "Feature", "properties": { "cell_id": "r27_c17" }, "geometry": { "type": "Polygon", "coordinates": [ [ [ 72.95, 19.16 ], [ 72.95, 19.17 ], [ 72.94, 19.17 ], [ 72.94, 19.16 ], [ 72.95, 19.16 ] ] ] } },
{ "type": "Feature", "properties": { "cell_id": "r27_c18" }, "geometry": { "type": "Polygon", "coordinates": [ [ [ 72.96, 19.16 ], [ 72.96, 19.17 ], [ 72.95, 19.17 ], [ 72.95, 19.16 ], [ 72.96, 19.16 ] ] ] } },
{ "type": "Feature", "properties": { "cell_id": "r27_c19" }, "geometry": { "type": "Polygon", "coordinates": [ [ [ 72.97, 19.16 ], [ 72.97, 19.17 ], [ 72.96, 19.17 ], [ 72.96, 19.16 ], [ 72.97, 19.16 ] ] ] } },
{ "type": "Feature", "properties": { "cell_id": "r27_c20" }, "geometry": { "type": "Polygon", "coordinates": [ [ [ 72.980000000000103, 19.16 ], [ 72.980000000000103, 19.17 ], [ 72.97, 19.17 ], [ 72.97, 19.16 ], [ 72.980000000000103, 19.16 ] ] ] } },
{ "type": "Feature", "properties": { "cell_id": "r27_c21" }, "geometry": { "type": "Polygon", "coordinates": [ [ [ 72.99, 19.16 ], [ 72.99, 19.17 ], [ 72.980000000000103, 19.17 ], [ 72.980000000000103, 19.16 ], [ 72.99, 19.16 ] ] ] } },
{ "type": "Feature", "properties": { "cell_id": "r28_c0" }, "geometry": { "type": "Polygon", "coordinates": [ [ [ 72.78, 19.17 ], [ 72.78, 19.18 ], [ 72.77, 19.18 ], [ 72.77, 19.17 ], [ 72.78, 19.17 ] ] ] } },
{ "type": "Feature", "properties": { "cell_id": "r28_c1" }, "geometry": { "type": "Polygon", "coordinates": [ [ [ 72.79, 19.17 ], [ 72.79, 19.18 ], [ 72.78, 19.18 ], [ 72.78, 19.17 ], [ 72.79, 19.17 ] ] ] } },
{ "type": "Feature", "properties": { "cell_id": "r28_c2" }, "geometry": { "type": "Polygon", "coordinates": [ [ [ 72.8, 19.17 ], [ 72.8, 19.18 ], [ 72.79, 19.18 ], [ 72.79, 19.17 ], [ 72.8, 19.17 ] ] ] } },
{ "type": "Feature", "properties": { "cell_id": "r28_c3" }, "geometry": { "type": "Polygon", "coordinates": [ [ [ 72.81, 19.17 ], [ 72.81, 19.18 ], [ 72.8, 19.18 ], [ 72.8, 19.17 ], [ 72.81, 19.17 ] ] ] } },
{ "type": "Feature", "properties": { "cell_id": "r28_c4" }, "geometry": { "type": "Polygon", "coordinates": [ [ [ 72.82, 19.17 ], [ 72.82, 19.18 ], [ 72.81, 19.18 ], [ 72.81, 19.17 ], [ 72.82, 19.17 ] ] ] } },
{ "type": "Feature", "properties": { "cell_id": "r28_c5" }, "geometry": { "type": "Polygon", "coordinates": [ [ [ 72.83, 19.17 ], [ 72.83, 19.18 ], [ 72.82, 19.18 ], [ 72.82, 19.17 ], [ 72.83, 19.17 ] ] ] } },
{ "type": "Feature", "properties": { "cell_id": "r28_c6" }, "geometry": { "type": "Polygon", "coordinates": [ [ [ 72.84, 19.17 ], [ 72.84, 19.18 ], [ 72.83, 19.18 ], [ 72.83, 19.17 ], [ 72.84, 19.17 ] ] ] } },
{ "type": "Feature", "properties": { "cell_id": "r28_c7" }, "geometry": { "type": "Polygon", "coordinates": [ [ [ 72.85, 19.17 ], [ 72.85, 19.18 ], [ 72.84, 19.18 ], [ 72.84, 19.17 ], [ 72.85, 19.17 ] ] ] } },
{ "type": "Feature", "properties": { "cell_id": "r28_c8" }, "geometry": { "type": "Polygon", "coordinates": [ [ [ 72.86, 19.17 ], [ 72.86, 19.18 ], [ 72.85, 19.18 ], [ 72.85, 19.17 ], [ 72.86, 19.17 ] ] ] } },
{ "type": "Feature", "properties": { "cell_id": "r28_c9" }, "geometry": { "type": "Polygon", "coordinates": [ [ [ 72.87, 19.17 ], [ 72.87, 19.18 ], [ 72.86, 19.18 ], [ 72.86, 19.17 ], [ 72.87, 19.17 ] ] ] } },
{ "type": "Feature", "properties": { "cell_id": "r28_c10" }, "geometry": { "type": "Polygon", "coordinates": [ [ [ 72.88, 19.17 ], [ 72.88, 19.18 ], [ 72.87, 19.18 ], [ 72.87, 19.17 ], [ 72.88, 19.17 ] ] ] } },
{ "type": "Feature", "properties": { "cell_id": "r28_c11" }, "geometry": { "type": "Polygon", "coordinates": [ [ [ 72.89, 19.17 ], [ 72.89, 19.18 ], [ 72.88, 19.18 ], [ 72.88, 19.17 ], [ 72.89, 19.17 ] ] ] } },
{ "type": "Feature", "properties": { "cell_id": "r28_c12" }, "geometry": { "type": "Polygon", "coordinates": [ [ [ 72.9, 19.17 ], [ 72.9, 19.18 ], [ 72.89, 19.18 ], [ 72.89, 19.17 ], [ 72.9, 19.17 ] ] ] } },
{ "type": "Feature", "properties": { "cell_id": "r28_c13" }, "geometry": { "type": "Polygon", "coordinates": [ [ [ 72.91, 19.17 ], [ 72.91, 19.18 ], [ 72.9, 19.18 ], [ 72.9, 19.17 ], [ 72.91, 19.17 ] ] ] } },
{ "type": "Feature", "properties": { "cell_id": "r28_c14" }, "geometry": { "type": "Polygon", "coordinates": [ [ [ 72.92, 19.17 ], [ 72.92, 19.18 ], [ 72.91, 19.18 ], [ 72.91, 19.17 ], [ 72.92, 19.17 ] ] ] } },
{ "type": "Feature", "properties": { "cell_id": "r28_c15" }, "geometry": { "type": "Polygon", "coordinates": [ [ [ 72.93, 19.17 ], [ 72.93, 19.18 ], [ 72.92, 19.18 ], [ 72.92, 19.17 ], [ 72.93, 19.17 ] ] ] } },
{ "type": "Feature", "properties": { "cell_id": "r28_c16" }, "geometry": { "type": "Polygon", "coordinates": [ [ [ 72.94, 19.17 ], [ 72.94, 19.18 ], [ 72.93, 19.18 ], [ 72.93, 19.17 ], [ 72.94, 19.17 ] ] ] } },
{ "type": "Feature", "properties": { "cell_id": "r28_c17" }, "geometry": { "type": "Polygon", "coordinates": [ [ [ 72.95, 19.17 ], [ 72.95, 19.18 ], [ 72.94, 19.18 ], [ 72.94, 19.17 ], [ 72.95, 19.17 ] ] ] } },
{ "type": "Feature", "properties": { "cell_id": "r28_c18" }, "geometry": { "type": "Polygon", "coordinates": [ [ [ 72.96, 19.17 ], [ 72.96, 19.18 ], [ 72.95, 19.18 ], [ 72.95, 19.17 ], [ 72.96, 19.17 ] ] ] } },
{ "type": "Feature", "properties": { "cell_id": "r28_c19" }, "geometry": { "type": "Polygon", "coordinates": [ [ [ 72.97, 19.17 ], [ 72.97, 19.18 ], [ 72.96, 19.18 ], [ 72.96, 19.17 ], [ 72.97, 19.17 ] ] ] } },
{ "type": "Feature", "properties": { "cell_id": "r28_c20" }, "geometry": { "type": "Polygon", "coordinates": [ [ [ 72.980000000000103, 19.17 ], [ 72.980000000000103, 19.18 ], [ 72.97, 19.18 ], [ 72.97, 19.17 ], [ 72.980000000000103, 19.17 ] ] ] } },
{ "type": "Feature", "properties": { "cell_id": "r28_c21" }, "geometry": { "type": "Polygon", "coordinates": [ [ [ 72.99, 19.17 ], [ 72.99, 19.18 ], [ 72.980000000000103, 19.18 ], [ 72.980000000000103, 19.17 ], [ 72.99, 19.17 ] ] ] } },
{ "type": "Feature", "properties": { "cell_id": "r29_c0" }, "geometry": { "type": "Polygon", "coordinates": [ [ [ 72.78, 19.18 ], [ 72.78, 19.19 ], [ 72.77, 19.19 ], [ 72.77, 19.18 ], [ 72.78, 19.18 ] ] ] } },
{ "type": "Feature", "properties": { "cell_id": "r29_c1" }, "geometry": { "type": "Polygon", "coordinates": [ [ [ 72.79, 19.18 ], [ 72.79, 19.19 ], [ 72.78, 19.19 ], [ 72.78, 19.18 ], [ 72.79, 19.18 ] ] ] } },
{ "type": "Feature", "properties": { "cell_id": "r29_c2" }, "geometry": { "type": "Polygon", "coordinates": [ [ [ 72.8, 19.18 ], [ 72.8, 19.19 ], [ 72.79, 19.19 ], [ 72.79, 19.18 ], [ 72.8, 19.18 ] ] ] } },
{ "type": "Feature", "properties": { "cell_id": "r29_c3" }, "geometry": { "type": "Polygon", "coordinates": [ [ [ 72.81, 19.18 ], [ 72.81, 19.19 ], [ 72.8, 19.19 ], [ 72.8, 19.18 ], [ 72.81, 19.18 ] ] ] } },
{ "type": "Feature", "properties": { "cell_id": "r29_c4" }, "geometry": { "type": "Polygon", "coordinates": [ [ [ 72.82, 19.18 ], [ 72.82, 19.19 ], [ 72.81, 19.19 ], [ 72.81, 19.18 ], [ 72.82, 19.18 ] ] ] } },
{ "type": "Feature", "properties": { "cell_id": "r29_c5" }, "geometry": { "type": "Polygon", "coordinates": [ [ [ 72.83, 19.18 ], [ 72.83, 19.19 ], [ 72.82, 19.19 ], [ 72.82, 19.18 ], [ 72.83, 19.18 ] ] ] } },
{ "type": "Feature", "properties": { "cell_id": "r29_c6" }, "geometry": { "type": "Polygon", "coordinates": [ [ [ 72.84, 19.18 ], [ 72.84, 19.19 ], [ 72.83, 19.19 ], [ 72.83, 19.18 ], [ 72.84, 19.18 ] ] ] } },
{ "type": "Feature", "properties": { "cell_id": "r29_c7" }, "geometry": { "type": "Polygon", "coordinates": [ [ [ 72.85, 19.18 ], [ 72.85, 19.19 ], [ 72.84, 19.19 ], [ 72.84, 19.18 ], [ 72.85, 19.18 ] ] ] } },
{ "type": "Feature", "properties": { "cell_id": "r29_c8" }, "geometry": { "type": "Polygon", "coordinates": [ [ [ 72.86, 19.18 ], [ 72.86, 19.19 ], [ 72.85, 19.19 ], [ 72.85, 19.18 ], [ 72.86, 19.18 ] ] ] } },
{ "type": "Feature", "properties": { "cell_id": "r29_c9" }, "geometry": { "type": "Polygon", "coordinates": [ [ [ 72.87, 19.18 ], [ 72.87, 19.19 ], [ 72.86, 19.19 ], [ 72.86, 19.18 ], [ 72.87, 19.18 ] ] ] } },
{ "type": "Feature", "properties": { "cell_id": "r29_c10" }, "geometry": { "type": "Polygon", "coordinates": [ [ [ 72.88, 19.18 ], [ 72.88, 19.19 ], [ 72.87, 19.19 ], [ 72.87, 19.18 ], [ 72.88, 19.18 ] ] ] } },
{ "type": "Feature", "properties": { "cell_id": "r29_c11" }, "geometry": { "type": "Polygon", "coordinates": [ [ [ 72.89, 19.18 ], [ 72.89, 19.19 ], [ 72.88, 19.19 ], [ 72.88, 19.18 ], [ 72.89, 19.18 ] ] ] } },
{ "type": "Feature", "properties": { "cell_id": "r29_c12" }, "geometry": { "type": "Polygon", "coordinates": [ [ [ 72.9, 19.18 ], [ 72.9, 19.19 ], [ 72.89, 19.19 ], [ 72.89, 19.18 ], [ 72.9, 19.18 ] ] ] } },
{ "type": "Feature", "properties": { "cell_id": "r29_c13" }, "geometry": { "type": "Polygon", "coordinates": [ [ [ 72.91, 19.18 ], [ 72.91, 19.19 ], [ 72.9, 19.19 ], [ 72.9, 19.18 ], [ 72.91, 19.18 ] ] ] } },
{ "type": "Feature", "properties": { "cell_id": "r29_c14" }, "geometry": { "type": "Polygon", "coordinates": [ [ [ 72.92, 19.18 ], [ 72.92, 19.19 ], [ 72.91, 19.19 ], [ 72.91, 19.18 ], [ 72.92, 19.18 ] ] ] } },
{ "type": "Feature", "properties": { "cell_id": "r29_c15" }, "geometry": { "type": "Polygon", "coordinates": [ [ [ 72.93, 19.18 ], [ 72.93, 19.19 ], [ 72.92, 19.19 ], [ 72.92, 19.18 ], [ 72.93, 19.18 ] ] ] } },
{ "type": "Feature", "properties": { "cell_id": "r29_c16" }, "geometry": { "type": "Polygon", "coordinates": [ [ [ 72.94, 19.18 ], [ 72.94, 19.19 ], [ 72.93, 19.19 ], [ 72.93, 19.18 ], [ 72.94, 19.18 ] ] ] } },
{ "type": "Feature", "properties": { "cell_id": "r29_c17" }, "geometry": { "type": "Polygon", "coordinates": [ [ [ 72.95, 19.18 ], [ 72.95, 19.19 ], [ 72.94, 19.19 ], [ 72.94, 19.18 ], [ 72.95, 19.18 ] ] ] } },
{ "type": "Feature", "properties": { "cell_id": "r29_c18" }, "geometry": { "type": "Polygon", "coordinates": [ [ [ 72.96, 19.18 ], [ 72.96, 19.19 ], [ 72.95, 19.19 ], [ 72.95, 19.18 ], [ 72.96, 19.18 ] ] ] } },
{ "type": "Feature", "properties": { "cell_id": "r29_c19" }, "geometry": { "type": "Polygon", "coordinates": [ [ [ 72.97, 19.18 ], [ 72.97, 19.19 ], [ 72.96, 19.19 ], [ 72.96, 19.18 ], [ 72.97, 19.18 ] ] ] } },
{ "type": "Feature", "properties": { "cell_id": "r29_c20" }, "geometry": { "type": "Polygon", "coordinates": [ [ [ 72.980000000000103, 19.18 ], [ 72.980000000000103, 19.19 ], [ 72.97, 19.19 ], [ 72.97, 19.18 ], [ 72.980000000000103, 19.18 ] ] ] } },
{ "type": "Feature", "properties": { "cell_id": "r29_c21" }, "geometry": { "type": "Polygon", "coordinates": [ [ [ 72.99, 19.18 ], [ 72.99, 19.19 ], [ 72.980000000000103, 19.19 ], [ 72.980000000000103, 19.18 ], [ 72.99, 19.18 ] ] ] } },
{ "type": "Feature", "properties": { "cell_id": "r30_c0" }, "geometry": { "type": "Polygon", "coordinates": [ [ [ 72.78, 19.19 ], [ 72.78, 19.2 ], [ 72.77, 19.2 ], [ 72.77, 19.19 ], [ 72.78, 19.19 ] ] ] } },
{ "type": "Feature", "properties": { "cell_id": "r30_c1" }, "geometry": { "type": "Polygon", "coordinates": [ [ [ 72.79, 19.19 ], [ 72.79, 19.2 ], [ 72.78, 19.2 ], [ 72.78, 19.19 ], [ 72.79, 19.19 ] ] ] } },
{ "type": "Feature", "properties": { "cell_id": "r30_c2" }, "geometry": { "type": "Polygon", "coordinates": [ [ [ 72.8, 19.19 ], [ 72.8, 19.2 ], [ 72.79, 19.2 ], [ 72.79, 19.19 ], [ 72.8, 19.19 ] ] ] } },
{ "type": "Feature", "properties": { "cell_id": "r30_c3" }, "geometry": { "type": "Polygon", "coordinates": [ [ [ 72.81, 19.19 ], [ 72.81, 19.2 ], [ 72.8, 19.2 ], [ 72.8, 19.19 ], [ 72.81, 19.19 ] ] ] } },
{ "type": "Feature", "properties": { "cell_id": "r30_c4" }, "geometry": { "type": "Polygon", "coordinates": [ [ [ 72.82, 19.19 ], [ 72.82, 19.2 ], [ 72.81, 19.2 ], [ 72.81, 19.19 ], [ 72.82, 19.19 ] ] ] } },
{ "type": "Feature", "properties": { "cell_id": "r30_c5" }, "geometry": { "type": "Polygon", "coordinates": [ [ [ 72.83, 19.19 ], [ 72.83, 19.2 ], [ 72.82, 19.2 ], [ 72.82, 19.19 ], [ 72.83, 19.19 ] ] ] } },
{ "type": "Feature", "properties": { "cell_id": "r30_c6" }, "geometry": { "type": "Polygon", "coordinates": [ [ [ 72.84, 19.19 ], [ 72.84, 19.2 ], [ 72.83, 19.2 ], [ 72.83, 19.19 ], [ 72.84, 19.19 ] ] ] } },
{ "type": "Feature", "properties": { "cell_id": "r30_c7" }, "geometry": { "type": "Polygon", "coordinates": [ [ [ 72.85, 19.19 ], [ 72.85, 19.2 ], [ 72.84, 19.2 ], [ 72.84, 19.19 ], [ 72.85, 19.19 ] ] ] } },
{ "type": "Feature", "properties": { "cell_id": "r30_c8" }, "geometry": { "type": "Polygon", "coordinates": [ [ [ 72.86, 19.19 ], [ 72.86, 19.2 ], [ 72.85, 19.2 ], [ 72.85, 19.19 ], [ 72.86, 19.19 ] ] ] } },
{ "type": "Feature", "properties": { "cell_id": "r30_c9" }, "geometry": { "type": "Polygon", "coordinates": [ [ [ 72.87, 19.19 ], [ 72.87, 19.2 ], [ 72.86, 19.2 ], [ 72.86, 19.19 ], [ 72.87, 19.19 ] ] ] } },
{ "type": "Feature", "properties": { "cell_id": "r30_c10" }, "geometry": { "type": "Polygon", "coordinates": [ [ [ 72.88, 19.19 ], [ 72.88, 19.2 ], [ 72.87, 19.2 ], [ 72.87, 19.19 ], [ 72.88, 19.19 ] ] ] } },
{ "type": "Feature", "properties": { "cell_id": "r30_c11" }, "geometry": { "type": "Polygon", "coordinates": [ [ [ 72.89, 19.19 ], [ 72.89, 19.2 ], [ 72.88, 19.2 ], [ 72.88, 19.19 ], [ 72.89, 19.19 ] ] ] } },
{ "type": "Feature", "properties": { "cell_id": "r30_c12" }, "geometry": { "type": "Polygon", "coordinates": [ [ [ 72.9, 19.19 ], [ 72.9, 19.2 ], [ 72.89, 19.2 ], [ 72.89, 19.19 ], [ 72.9, 19.19 ] ] ] } },
{ "type": "Feature", "properties": { "cell_id": "r30_c13" }, "geometry": { "type": "Polygon", "coordinates": [ [ [ 72.91, 19.19 ], [ 72.91, 19.2 ], [ 72.9, 19.2 ], [ 72.9, 19.19 ], [ 72.91, 19.19 ] ] ] } },
{ "type": "Feature", "properties": { "cell_id": "r30_c14" }, "geometry": { "type": "Polygon", "coordinates": [ [ [ 72.92, 19.19 ], [ 72.92, 19.2 ], [ 72.91, 19.2 ], [ 72.91, 19.19 ], [ 72.92, 19.19 ] ] ] } },
{ "type": "Feature", "properties": { "cell_id": "r30_c15" }, "geometry": { "type": "Polygon", "coordinates": [ [ [ 72.93, 19.19 ], [ 72.93, 19.2 ], [ 72.92, 19.2 ], [ 72.92, 19.19 ], [ 72.93, 19.19 ] ] ] } },
{ "type": "Feature", "properties": { "cell_id": "r30_c16" }, "geometry": { "type": "Polygon", "coordinates": [ [ [ 72.94, 19.19 ], [ 72.94, 19.2 ], [ 72.93, 19.2 ], [ 72.93, 19.19 ], [ 72.94, 19.19 ] ] ] } },
{ "type": "Feature", "properties": { "cell_id": "r30_c17" }, "geometry": { "type": "Polygon", "coordinates": [ [ [ 72.95, 19.19 ], [ 72.95, 19.2 ], [ 72.94, 19.2 ], [ 72.94, 19.19 ], [ 72.95, 19.19 ] ] ] } },
{ "type": "Feature", "properties": { "cell_id": "r30_c18" }, "geometry": { "type": "Polygon", "coordinates": [ [ [ 72.96, 19.19 ], [ 72.96, 19.2 ], [ 72.95, 19.2 ], [ 72.95, 19.19 ], [ 72.96, 19.19 ] ] ] } },
{ "type": "Feature", "properties": { "cell_id": "r30_c19" }, "geometry": { "type": "Polygon", "coordinates": [ [ [ 72.97, 19.19 ], [ 72.97, 19.2 ], [ 72.96, 19.2 ], [ 72.96, 19.19 ], [ 72.97, 19.19 ] ] ] } },
{ "type": "Feature", "properties": { "cell_id": "r30_c20" }, "geometry": { "type": "Polygon", "coordinates": [ [ [ 72.980000000000103, 19.19 ], [ 72.980000000000103, 19.2 ], [ 72.97, 19.2 ], [ 72.97, 19.19 ], [ 72.980000000000103, 19.19 ] ] ] } },
{ "type": "Feature", "properties": { "cell_id": "r30_c21" }, "geometry": { "type": "Polygon", "coordinates": [ [ [ 72.99, 19.19 ], [ 72.99, 19.2 ], [ 72.980000000000103, 19.2 ], [ 72.980000000000103, 19.19 ], [ 72.99, 19.19 ] ] ] } },
{ "type": "Feature", "properties": { "cell_id": "r31_c0" }, "geometry": { "type": "Polygon", "coordinates": [ [ [ 72.78, 19.2 ], [ 72.78, 19.21 ], [ 72.77, 19.21 ], [ 72.77, 19.2 ], [ 72.78, 19.2 ] ] ] } },
{ "type": "Feature", "properties": { "cell_id": "r31_c1" }, "geometry": { "type": "Polygon", "coordinates": [ [ [ 72.79, 19.2 ], [ 72.79, 19.21 ], [ 72.78, 19.21 ], [ 72.78, 19.2 ], [ 72.79, 19.2 ] ] ] } },
{ "type": "Feature", "properties": { "cell_id": "r31_c2" }, "geometry": { "type": "Polygon", "coordinates": [ [ [ 72.8, 19.2 ], [ 72.8, 19.21 ], [ 72.79, 19.21 ], [ 72.79, 19.2 ], [ 72.8, 19.2 ] ] ] } },
{ "type": "Feature", "properties": { "cell_id": "r31_c3" }, "geometry": { "type": "Polygon", "coordinates": [ [ [ 72.81, 19.2 ], [ 72.81, 19.21 ], [ 72.8, 19.21 ], [ 72.8, 19.2 ], [ 72.81, 19.2 ] ] ] } },
{ "type": "Feature", "properties": { "cell_id": "r31_c4" }, "geometry": { "type": "Polygon", "coordinates": [ [ [ 72.82, 19.2 ], [ 72.82, 19.21 ], [ 72.81, 19.21 ], [ 72.81, 19.2 ], [ 72.82, 19.2 ] ] ] } },
{ "type": "Feature", "properties": { "cell_id": "r31_c5" }, "geometry": { "type": "Polygon", "coordinates": [ [ [ 72.83, 19.2 ], [ 72.83, 19.21 ], [ 72.82, 19.21 ], [ 72.82, 19.2 ], [ 72.83, 19.2 ] ] ] } },
{ "type": "Feature", "properties": { "cell_id": "r31_c6" }, "geometry": { "type": "Polygon", "coordinates": [ [ [ 72.84, 19.2 ], [ 72.84, 19.21 ], [ 72.83, 19.21 ], [ 72.83, 19.2 ], [ 72.84, 19.2 ] ] ] } },
{ "type": "Feature", "properties": { "cell_id": "r31_c7" }, "geometry": { "type": "Polygon", "coordinates": [ [ [ 72.85, 19.2 ], [ 72.85, 19.21 ], [ 72.84, 19.21 ], [ 72.84, 19.2 ], [ 72.85, 19.2 ] ] ] } },
{ "type": "Feature", "properties": { "cell_id": "r31_c8" }, "geometry": { "type": "Polygon", "coordinates": [ [ [ 72.86, 19.2 ], [ 72.86, 19.21 ], [ 72.85, 19.21 ], [ 72.85, 19.2 ], [ 72.86, 19.2 ] ] ] } },
{ "type": "Feature", "properties": { "cell_id": "r31_c9" }, "geometry": { "type": "Polygon", "coordinates": [ [ [ 72.87, 19.2 ], [ 72.87, 19.21 ], [ 72.86, 19.21 ], [ 72.86, 19.2 ], [ 72.87, 19.2 ] ] ] } },
{ "type": "Feature", "properties": { "cell_id": "r31_c10" }, "geometry": { "type": "Polygon", "coordinates": [ [ [ 72.88, 19.2 ], [ 72.88, 19.21 ], [ 72.87, 19.21 ], [ 72.87, 19.2 ], [ 72.88, 19.2 ] ] ] } },
{ "type": "Feature", "properties": { "cell_id": "r31_c11" }, "geometry": { "type": "Polygon", "coordinates": [ [ [ 72.89, 19.2 ], [ 72.89, 19.21 ], [ 72.88, 19.21 ], [ 72.88, 19.2 ], [ 72.89, 19.2 ] ] ] } },
{ "type": "Feature", "properties": { "cell_id": "r31_c12" }, "geometry": { "type": "Polygon", "coordinates": [ [ [ 72.9, 19.2 ], [ 72.9, 19.21 ], [ 72.89, 19.21 ], [ 72.89, 19.2 ], [ 72.9, 19.2 ] ] ] } },
{ "type": "Feature", "properties": { "cell_id": "r31_c13" }, "geometry": { "type": "Polygon", "coordinates": [ [ [ 72.91, 19.2 ], [ 72.91, 19.21 ], [ 72.9, 19.21 ], [ 72.9, 19.2 ], [ 72.91, 19.2 ] ] ] } },
{ "type": "Feature", "properties": { "cell_id": "r31_c14" }, "geometry": { "type": "Polygon", "coordinates": [ [ [ 72.92, 19.2 ], [ 72.92, 19.21 ], [ 72.91, 19.21 ], [ 72.91, 19.2 ], [ 72.92, 19.2 ] ] ] } },
{ "type": "Feature", "properties": { "cell_id": "r31_c15" }, "geometry": { "type": "Polygon", "coordinates": [ [ [ 72.93, 19.2 ], [ 72.93, 19.21 ], [ 72.92, 19.21 ], [ 72.92, 19.2 ], [ 72.93, 19.2 ] ] ] } },
{ "type": "Feature", "properties": { "cell_id": "r31_c16" }, "geometry": { "type": "Polygon", "coordinates": [ [ [ 72.94, 19.2 ], [ 72.94, 19.21 ], [ 72.93, 19.21 ], [ 72.93, 19.2 ], [ 72.94, 19.2 ] ] ] } },
{ "type": "Feature", "properties": { "cell_id": "r31_c17" }, "geometry": { "type": "Polygon", "coordinates": [ [ [ 72.95, 19.2 ], [ 72.95, 19.21 ], [ 72.94, 19.21 ], [ 72.94, 19.2 ], [ 72.95, 19.2 ] ] ] } },
{ "type": "Feature", "properties": { "cell_id": "r31_c18" }, "geometry": { "type": "Polygon", "coordinates": [ [ [ 72.96, 19.2 ], [ 72.96, 19.21 ], [ 72.95, 19.21 ], [ 72.95, 19.2 ], [ 72.96, 19.2 ] ] ] } },
{ "type": "Feature", "properties": { "cell_id": "r31_c19" }, "geometry": { "type": "Polygon", "coordinates": [ [ [ 72.97, 19.2 ], [ 72.97, 19.21 ], [ 72.96, 19.21 ], [ 72.96, 19.2 ], [ 72.97, 19.2 ] ] ] } },
{ "type": "Feature", "properties": { "cell_id": "r31_c20" }, "geometry": { "type": "Polygon", "coordinates": [ [ [ 72.980000000000103, 19.2 ], [ 72.980000000000103, 19.21 ], [ 72.97, 19.21 ], [ 72.97, 19.2 ], [ 72.980000000000103, 19.2 ] ] ] } },
{ "type": "Feature", "properties": { "cell_id": "r31_c21" }, "geometry": { "type": "Polygon", "coordinates": [ [ [ 72.99, 19.2 ], [ 72.99, 19.21 ], [ 72.980000000000103, 19.21 ], [ 72.980000000000103, 19.2 ], [ 72.99, 19.2 ] ] ] } },
{ "type": "Feature", "properties": { "cell_id": "r32_c0" }, "geometry": { "type": "Polygon", "coordinates": [ [ [ 72.78, 19.21 ], [ 72.78, 19.22 ], [ 72.77, 19.22 ], [ 72.77, 19.21 ], [ 72.78, 19.21 ] ] ] } },
{ "type": "Feature", "properties": { "cell_id": "r32_c1" }, "geometry": { "type": "Polygon", "coordinates": [ [ [ 72.79, 19.21 ], [ 72.79, 19.22 ], [ 72.78, 19.22 ], [ 72.78, 19.21 ], [ 72.79, 19.21 ] ] ] } },
{ "type": "Feature", "properties": { "cell_id": "r32_c2" }, "geometry": { "type": "Polygon", "coordinates": [ [ [ 72.8, 19.21 ], [ 72.8, 19.22 ], [ 72.79, 19.22 ], [ 72.79, 19.21 ], [ 72.8, 19.21 ] ] ] } },
{ "type": "Feature", "properties": { "cell_id": "r32_c3" }, "geometry": { "type": "Polygon", "coordinates": [ [ [ 72.81, 19.21 ], [ 72.81, 19.22 ], [ 72.8, 19.22 ], [ 72.8, 19.21 ], [ 72.81, 19.21 ] ] ] } },
{ "type": "Feature", "properties": { "cell_id": "r32_c4" }, "geometry": { "type": "Polygon", "coordinates": [ [ [ 72.82, 19.21 ], [ 72.82, 19.22 ], [ 72.81, 19.22 ], [ 72.81, 19.21 ], [ 72.82, 19.21 ] ] ] } },
{ "type": "Feature", "properties": { "cell_id": "r32_c5" }, "geometry": { "type": "Polygon", "coordinates": [ [ [ 72.83, 19.21 ], [ 72.83, 19.22 ], [ 72.82, 19.22 ], [ 72.82, 19.21 ], [ 72.83, 19.21 ] ] ] } },
{ "type": "Feature", "properties": { "cell_id": "r32_c6" }, "geometry": { "type": "Polygon", "coordinates": [ [ [ 72.84, 19.21 ], [ 72.84, 19.22 ], [ 72.83, 19.22 ], [ 72.83, 19.21 ], [ 72.84, 19.21 ] ] ] } },
{ "type": "Feature", "properties": { "cell_id": "r32_c7" }, "geometry": { "type": "Polygon", "coordinates": [ [ [ 72.85, 19.21 ], [ 72.85, 19.22 ], [ 72.84, 19.22 ], [ 72.84, 19.21 ], [ 72.85, 19.21 ] ] ] } },
{ "type": "Feature", "properties": { "cell_id": "r32_c8" }, "geometry": { "type": "Polygon", "coordinates": [ [ [ 72.86, 19.21 ], [ 72.86, 19.22 ], [ 72.85, 19.22 ], [ 72.85, 19.21 ], [ 72.86, 19.21 ] ] ] } },
{ "type": "Feature", "properties": { "cell_id": "r32_c9" }, "geometry": { "type": "Polygon", "coordinates": [ [ [ 72.87, 19.21 ], [ 72.87, 19.22 ], [ 72.86, 19.22 ], [ 72.86, 19.21 ], [ 72.87, 19.21 ] ] ] } },
{ "type": "Feature", "properties": { "cell_id": "r32_c10" }, "geometry": { "type": "Polygon", "coordinates": [ [ [ 72.88, 19.21 ], [ 72.88, 19.22 ], [ 72.87, 19.22 ], [ 72.87, 19.21 ], [ 72.88, 19.21 ] ] ] } },
{ "type": "Feature", "properties": { "cell_id": "r32_c11" }, "geometry": { "type": "Polygon", "coordinates": [ [ [ 72.89, 19.21 ], [ 72.89, 19.22 ], [ 72.88, 19.22 ], [ 72.88, 19.21 ], [ 72.89, 19.21 ] ] ] } },
{ "type": "Feature", "properties": { "cell_id": "r32_c12" }, "geometry": { "type": "Polygon", "coordinates": [ [ [ 72.9, 19.21 ], [ 72.9, 19.22 ], [ 72.89, 19.22 ], [ 72.89, 19.21 ], [ 72.9, 19.21 ] ] ] } },
{ "type": "Feature", "properties": { "cell_id": "r32_c13" }, "geometry": { "type": "Polygon", "coordinates": [ [ [ 72.91, 19.21 ], [ 72.91, 19.22 ], [ 72.9, 19.22 ], [ 72.9, 19.21 ], [ 72.91, 19.21 ] ] ] } },
{ "type": "Feature", "properties": { "cell_id": "r32_c14" }, "geometry": { "type": "Polygon", "coordinates": [ [ [ 72.92, 19.21 ], [ 72.92, 19.22 ], [ 72.91, 19.22 ], [ 72.91, 19.21 ], [ 72.92, 19.21 ] ] ] } },
{ "type": "Feature", "properties": { "cell_id": "r32_c15" }, "geometry": { "type": "Polygon", "coordinates": [ [ [ 72.93, 19.21 ], [ 72.93, 19.22 ], [ 72.92, 19.22 ], [ 72.92, 19.21 ], [ 72.93, 19.21 ] ] ] } },
{ "type": "Feature", "properties": { "cell_id": "r32_c16" }, "geometry": { "type": "Polygon", "coordinates": [ [ [ 72.94, 19.21 ], [ 72.94, 19.22 ], [ 72.93, 19.22 ], [ 72.93, 19.21 ], [ 72.94, 19.21 ] ] ] } },
{ "type": "Feature", "properties": { "cell_id": "r32_c17" }, "geometry": { "type": "Polygon", "coordinates": [ [ [ 72.95, 19.21 ], [ 72.95, 19.22 ], [ 72.94, 19.22 ], [ 72.94, 19.21 ], [ 72.95, 19.21 ] ] ] } },
{ "type": "Feature", "properties": { "cell_id": "r32_c18" }, "geometry": { "type": "Polygon", "coordinates": [ [ [ 72.96, 19.21 ], [ 72.96, 19.22 ], [ 72.95, 19.22 ], [ 72.95, 19.21 ], [ 72.96, 19.21 ] ] ] } },
{ "type": "Feature", "properties": { "cell_id": "r32_c19" }, "geometry": { "type": "Polygon", "coordinates": [ [ [ 72.97, 19.21 ], [ 72.97, 19.22 ], [ 72.96, 19.22 ], [ 72.96, 19.21 ], [ 72.97, 19.21 ] ] ] } },
{ "type": "Feature", "properties": { "cell_id": "r32_c20" }, "geometry": { "type": "Polygon", "coordinates": [ [ [ 72.980000000000103, 19.21 ], [ 72.980000000000103, 19.22 ], [ 72.97, 19.22 ], [ 72.97, 19.21 ], [ 72.980000000000103, 19.21 ] ] ] } },
{ "type": "Feature", "properties": { "cell_id": "r32_c21" }, "geometry": { "type": "Polygon", "coordinates": [ [ [ 72.99, 19.21 ], [ 72.99, 19.22 ], [ 72.980000000000103, 19.22 ], [ 72.980000000000103, 19.21 ], [ 72.99, 19.21 ] ] ] } },
{ "type": "Feature", "properties": { "cell_id": "r33_c0" }, "geometry": { "type": "Polygon", "coordinates": [ [ [ 72.78, 19.22 ], [ 72.78, 19.23 ], [ 72.77, 19.23 ], [ 72.77, 19.22 ], [ 72.78, 19.22 ] ] ] } },
{ "type": "Feature", "properties": { "cell_id": "r33_c1" }, "geometry": { "type": "Polygon", "coordinates": [ [ [ 72.79, 19.22 ], [ 72.79, 19.23 ], [ 72.78, 19.23 ], [ 72.78, 19.22 ], [ 72.79, 19.22 ] ] ] } },
{ "type": "Feature", "properties": { "cell_id": "r33_c2" }, "geometry": { "type": "Polygon", "coordinates": [ [ [ 72.8, 19.22 ], [ 72.8, 19.23 ], [ 72.79, 19.23 ], [ 72.79, 19.22 ], [ 72.8, 19.22 ] ] ] } },
{ "type": "Feature", "properties": { "cell_id": "r33_c3" }, "geometry": { "type": "Polygon", "coordinates": [ [ [ 72.81, 19.22 ], [ 72.81, 19.23 ], [ 72.8, 19.23 ], [ 72.8, 19.22 ], [ 72.81, 19.22 ] ] ] } },
{ "type": "Feature", "properties": { "cell_id": "r33_c4" }, "geometry": { "type": "Polygon", "coordinates": [ [ [ 72.82, 19.22 ], [ 72.82, 19.23 ], [ 72.81, 19.23 ], [ 72.81, 19.22 ], [ 72.82, 19.22 ] ] ] } },
{ "type": "Feature", "properties": { "cell_id": "r33_c5" }, "geometry": { "type": "Polygon", "coordinates": [ [ [ 72.83, 19.22 ], [ 72.83, 19.23 ], [ 72.82, 19.23 ], [ 72.82, 19.22 ], [ 72.83, 19.22 ] ] ] } },
{ "type": "Feature", "properties": { "cell_id": "r33_c6" }, "geometry": { "type": "Polygon", "coordinates": [ [ [ 72.84, 19.22 ], [ 72.84, 19.23 ], [ 72.83, 19.23 ], [ 72.83, 19.22 ], [ 72.84, 19.22 ] ] ] } },
{ "type": "Feature", "properties": { "cell_id": "r33_c7" }, "geometry": { "type": "Polygon", "coordinates": [ [ [ 72.85, 19.22 ], [ 72.85, 19.23 ], [ 72.84, 19.23 ], [ 72.84, 19.22 ], [ 72.85, 19.22 ] ] ] } },
{ "type": "Feature", "properties": { "cell_id": "r33_c8" }, "geometry": { "type": "Polygon", "coordinates": [ [ [ 72.86, 19.22 ], [ 72.86, 19.23 ], [ 72.85, 19.23 ], [ 72.85, 19.22 ], [ 72.86, 19.22 ] ] ] } },
{ "type": "Feature", "properties": { "cell_id": "r33_c9" }, "geometry": { "type": "Polygon", "coordinates": [ [ [ 72.87, 19.22 ], [ 72.87, 19.23 ], [ 72.86, 19.23 ], [ 72.86, 19.22 ], [ 72.87, 19.22 ] ] ] } },
{ "type": "Feature", "properties": { "cell_id": "r33_c10" }, "geometry": { "type": "Polygon", "coordinates": [ [ [ 72.88, 19.22 ], [ 72.88, 19.23 ], [ 72.87, 19.23 ], [ 72.87, 19.22 ], [ 72.88, 19.22 ] ] ] } },
{ "type": "Feature", "properties": { "cell_id": "r33_c11" }, "geometry": { "type": "Polygon", "coordinates": [ [ [ 72.89, 19.22 ], [ 72.89, 19.23 ], [ 72.88, 19.23 ], [ 72.88, 19.22 ], [ 72.89, 19.22 ] ] ] } },
{ "type": "Feature", "properties": { "cell_id": "r33_c12" }, "geometry": { "type": "Polygon", "coordinates": [ [ [ 72.9, 19.22 ], [ 72.9, 19.23 ], [ 72.89, 19.23 ], [ 72.89, 19.22 ], [ 72.9, 19.22 ] ] ] } },
{ "type": "Feature", "properties": { "cell_id": "r33_c13" }, "geometry": { "type": "Polygon", "coordinates": [ [ [ 72.91, 19.22 ], [ 72.91, 19.23 ], [ 72.9, 19.23 ], [ 72.9, 19.22 ], [ 72.91, 19.22 ] ] ] } },
{ "type": "Feature", "properties": { "cell_id": "r33_c14" }, "geometry": { "type": "Polygon", "coordinates": [ [ [ 72.92, 19.22 ], [ 72.92, 19.23 ], [ 72.91, 19.23 ], [ 72.91, 19.22 ], [ 72.92, 19.22 ] ] ] } },
{ "type": "Feature", "properties": { "cell_id": "r33_c15" }, "geometry": { "type": "Polygon", "coordinates": [ [ [ 72.93, 19.22 ], [ 72.93, 19.23 ], [ 72.92, 19.23 ], [ 72.92, 19.22 ], [ 72.93, 19.22 ] ] ] } },
{ "type": "Feature", "properties": { "cell_id": "r33_c16" }, "geometry": { "type": "Polygon", "coordinates": [ [ [ 72.94, 19.22 ], [ 72.94, 19.23 ], [ 72.93, 19.23 ], [ 72.93, 19.22 ], [ 72.94, 19.22 ] ] ] } },
{ "type": "Feature", "properties": { "cell_id": "r33_c17" }, "geometry": { "type": "Polygon", "coordinates": [ [ [ 72.95, 19.22 ], [ 72.95, 19.23 ], [ 72.94, 19.23 ], [ 72.94, 19.22 ], [ 72.95, 19.22 ] ] ] } },
{ "type": "Feature", "properties": { "cell_id": "r33_c18" }, "geometry": { "type": "Polygon", "coordinates": [ [ [ 72.96, 19.22 ], [ 72.96, 19.23 ], [ 72.95, 19.23 ], [ 72.95, 19.22 ], [ 72.96, 19.22 ] ] ] } },
{ "type": "Feature", "properties": { "cell_id": "r33_c19" }, "geometry": { "type": "Polygon", "coordinates": [ [ [ 72.97, 19.22 ], [ 72.97, 19.23 ], [ 72.96, 19.23 ], [ 72.96, 19.22 ], [ 72.97, 19.22 ] ] ] } },
{ "type": "Feature", "properties": { "cell_id": "r33_c20" }, "geometry": { "type": "Polygon", "coordinates": [ [ [ 72.980000000000103, 19.22 ], [ 72.980000000000103, 19.23 ], [ 72.97, 19.23 ], [ 72.97, 19.22 ], [ 72.980000000000103, 19.22 ] ] ] } },
{ "type": "Feature", "properties": { "cell_id": "r33_c21" }, "geometry": { "type": "Polygon", "coordinates": [ [ [ 72.99, 19.22 ], [ 72.99, 19.23 ], [ 72.980000000000103, 19.23 ], [ 72.980000000000103, 19.22 ], [ 72.99, 19.22 ] ] ] } },
{ "type": "Feature", "properties": { "cell_id": "r34_c0" }, "geometry": { "type": "Polygon", "coordinates": [ [ [ 72.78, 19.23 ], [ 72.78, 19.24 ], [ 72.77, 19.24 ], [ 72.77, 19.23 ], [ 72.78, 19.23 ] ] ] } },
{ "type": "Feature", "properties": { "cell_id": "r34_c1" }, "geometry": { "type": "Polygon", "coordinates": [ [ [ 72.79, 19.23 ], [ 72.79, 19.24 ], [ 72.78, 19.24 ], [ 72.78, 19.23 ], [ 72.79, 19.23 ] ] ] } },
{ "type": "Feature", "properties": { "cell_id": "r34_c2" }, "geometry": { "type": "Polygon", "coordinates": [ [ [ 72.8, 19.23 ], [ 72.8, 19.24 ], [ 72.79, 19.24 ], [ 72.79, 19.23 ], [ 72.8, 19.23 ] ] ] } },
{ "type": "Feature", "properties": { "cell_id": "r34_c3" }, "geometry": { "type": "Polygon", "coordinates": [ [ [ 72.81, 19.23 ], [ 72.81, 19.24 ], [ 72.8, 19.24 ], [ 72.8, 19.23 ], [ 72.81, 19.23 ] ] ] } },
{ "type": "Feature", "properties": { "cell_id": "r34_c4" }, "geometry": { "type": "Polygon", "coordinates": [ [ [ 72.82, 19.23 ], [ 72.82, 19.24 ], [ 72.81, 19.24 ], [ 72.81, 19.23 ], [ 72.82, 19.23 ] ] ] } },
{ "type": "Feature", "properties": { "cell_id": "r34_c5" }, "geometry": { "type": "Polygon", "coordinates": [ [ [ 72.83, 19.23 ], [ 72.83, 19.24 ], [ 72.82, 19.24 ], [ 72.82, 19.23 ], [ 72.83, 19.23 ] ] ] } },
{ "type": "Feature", "properties": { "cell_id": "r34_c6" }, "geometry": { "type": "Polygon", "coordinates": [ [ [ 72.84, 19.23 ], [ 72.84, 19.24 ], [ 72.83, 19.24 ], [ 72.83, 19.23 ], [ 72.84, 19.23 ] ] ] } },
{ "type": "Feature", "properties": { "cell_id": "r34_c7" }, "geometry": { "type": "Polygon", "coordinates": [ [ [ 72.85, 19.23 ], [ 72.85, 19.24 ], [ 72.84, 19.24 ], [ 72.84, 19.23 ], [ 72.85, 19.23 ] ] ] } },
{ "type": "Feature", "properties": { "cell_id": "r34_c8" }, "geometry": { "type": "Polygon", "coordinates": [ [ [ 72.86, 19.23 ], [ 72.86, 19.24 ], [ 72.85, 19.24 ], [ 72.85, 19.23 ], [ 72.86, 19.23 ] ] ] } },
{ "type": "Feature", "properties": { "cell_id": "r34_c9" }, "geometry": { "type": "Polygon", "coordinates": [ [ [ 72.87, 19.23 ], [ 72.87, 19.24 ], [ 72.86, 19.24 ], [ 72.86, 19.23 ], [ 72.87, 19.23 ] ] ] } },
{ "type": "Feature", "properties": { "cell_id": "r34_c10" }, "geometry": { "type": "Polygon", "coordinates": [ [ [ 72.88, 19.23 ], [ 72.88, 19.24 ], [ 72.87, 19.24 ], [ 72.87, 19.23 ], [ 72.88, 19.23 ] ] ] } },
{ "type": "Feature", "properties": { "cell_id": "r34_c11" }, "geometry": { "type": "Polygon", "coordinates": [ [ [ 72.89, 19.23 ], [ 72.89, 19.24 ], [ 72.88, 19.24 ], [ 72.88, 19.23 ], [ 72.89, 19.23 ] ] ] } },
{ "type": "Feature", "properties": { "cell_id": "r34_c12" }, "geometry": { "type": "Polygon", "coordinates": [ [ [ 72.9, 19.23 ], [ 72.9, 19.24 ], [ 72.89, 19.24 ], [ 72.89, 19.23 ], [ 72.9, 19.23 ] ] ] } },
{ "type": "Feature", "properties": { "cell_id": "r34_c13" }, "geometry": { "type": "Polygon", "coordinates": [ [ [ 72.91, 19.23 ], [ 72.91, 19.24 ], [ 72.9, 19.24 ], [ 72.9, 19.23 ], [ 72.91, 19.23 ] ] ] } },
{ "type": "Feature", "properties": { "cell_id": "r34_c14" }, "geometry": { "type": "Polygon", "coordinates": [ [ [ 72.92, 19.23 ], [ 72.92, 19.24 ], [ 72.91, 19.24 ], [ 72.91, 19.23 ], [ 72.92, 19.23 ] ] ] } },
{ "type": "Feature", "properties": { "cell_id": "r34_c15" }, "geometry": { "type": "Polygon", "coordinates": [ [ [ 72.93, 19.23 ], [ 72.93, 19.24 ], [ 72.92, 19.24 ], [ 72.92, 19.23 ], [ 72.93, 19.23 ] ] ] } },
{ "type": "Feature", "properties": { "cell_id": "r34_c16" }, "geometry": { "type": "Polygon", "coordinates": [ [ [ 72.94, 19.23 ], [ 72.94, 19.24 ], [ 72.93, 19.24 ], [ 72.93, 19.23 ], [ 72.94, 19.23 ] ] ] } },
{ "type": "Feature", "properties": { "cell_id": "r34_c17" }, "geometry": { "type": "Polygon", "coordinates": [ [ [ 72.95, 19.23 ], [ 72.95, 19.24 ], [ 72.94, 19.24 ], [ 72.94, 19.23 ], [ 72.95, 19.23 ] ] ] } },
{ "type": "Feature", "properties": { "cell_id": "r34_c18" }, "geometry": { "type": "Polygon", "coordinates": [ [ [ 72.96, 19.23 ], [ 72.96, 19.24 ], [ 72.95, 19.24 ], [ 72.95, 19.23 ], [ 72.96, 19.23 ] ] ] } },
{ "type": "Feature", "properties": { "cell_id": "r34_c19" }, "geometry": { "type": "Polygon", "coordinates": [ [ [ 72.97, 19.23 ], [ 72.97, 19.24 ], [ 72.96, 19.24 ], [ 72.96, 19.23 ], [ 72.97, 19.23 ] ] ] } },
{ "type": "Feature", "properties": { "cell_id": "r34_c20" }, "geometry": { "type": "Polygon", "coordinates": [ [ [ 72.980000000000103, 19.23 ], [ 72.980000000000103, 19.24 ], [ 72.97, 19.24 ], [ 72.97, 19.23 ], [ 72.980000000000103, 19.23 ] ] ] } },
{ "type": "Feature", "properties": { "cell_id": "r34_c21" }, "geometry": { "type": "Polygon", "coordinates": [ [ [ 72.99, 19.23 ], [ 72.99, 19.24 ], [ 72.980000000000103, 19.24 ], [ 72.980000000000103, 19.23 ], [ 72.99, 19.23 ] ] ] } },
{ "type": "Feature", "properties": { "cell_id": "r35_c0" }, "geometry": { "type": "Polygon", "coordinates": [ [ [ 72.78, 19.24 ], [ 72.78, 19.25 ], [ 72.77, 19.25 ], [ 72.77, 19.24 ], [ 72.78, 19.24 ] ] ] } },
{ "type": "Feature", "properties": { "cell_id": "r35_c1" }, "geometry": { "type": "Polygon", "coordinates": [ [ [ 72.79, 19.24 ], [ 72.79, 19.25 ], [ 72.78, 19.25 ], [ 72.78, 19.24 ], [ 72.79, 19.24 ] ] ] } },
{ "type": "Feature", "properties": { "cell_id": "r35_c2" }, "geometry": { "type": "Polygon", "coordinates": [ [ [ 72.8, 19.24 ], [ 72.8, 19.25 ], [ 72.79, 19.25 ], [ 72.79, 19.24 ], [ 72.8, 19.24 ] ] ] } },
{ "type": "Feature", "properties": { "cell_id": "r35_c3" }, "geometry": { "type": "Polygon", "coordinates": [ [ [ 72.81, 19.24 ], [ 72.81, 19.25 ], [ 72.8, 19.25 ], [ 72.8, 19.24 ], [ 72.81, 19.24 ] ] ] } },
{ "type": "Feature", "properties": { "cell_id": "r35_c4" }, "geometry": { "type": "Polygon", "coordinates": [ [ [ 72.82, 19.24 ], [ 72.82, 19.25 ], [ 72.81, 19.25 ], [ 72.81, 19.24 ], [ 72.82, 19.24 ] ] ] } },
{ "type": "Feature", "properties": { "cell_id": "r35_c5" }, "geometry": { "type": "Polygon", "coordinates": [ [ [ 72.83, 19.24 ], [ 72.83, 19.25 ], [ 72.82, 19.25 ], [ 72.82, 19.24 ], [ 72.83, 19.24 ] ] ] } },
{ "type": "Feature", "properties": { "cell_id": "r35_c6" }, "geometry": { "type": "Polygon", "coordinates": [ [ [ 72.84, 19.24 ], [ 72.84, 19.25 ], [ 72.83, 19.25 ], [ 72.83, 19.24 ], [ 72.84, 19.24 ] ] ] } },
{ "type": "Feature", "properties": { "cell_id": "r35_c7" }, "geometry": { "type": "Polygon", "coordinates": [ [ [ 72.85, 19.24 ], [ 72.85, 19.25 ], [ 72.84, 19.25 ], [ 72.84, 19.24 ], [ 72.85, 19.24 ] ] ] } },
{ "type": "Feature", "properties": { "cell_id": "r35_c8" }, "geometry": { "type": "Polygon", "coordinates": [ [ [ 72.86, 19.24 ], [ 72.86, 19.25 ], [ 72.85, 19.25 ], [ 72.85, 19.24 ], [ 72.86, 19.24 ] ] ] } },
{ "type": "Feature", "properties": { "cell_id": "r35_c9" }, "geometry": { "type": "Polygon", "coordinates": [ [ [ 72.87, 19.24 ], [ 72.87, 19.25 ], [ 72.86, 19.25 ], [ 72.86, 19.24 ], [ 72.87, 19.24 ] ] ] } },
{ "type": "Feature", "properties": { "cell_id": "r35_c10" }, "geometry": { "type": "Polygon", "coordinates": [ [ [ 72.88, 19.24 ], [ 72.88, 19.25 ], [ 72.87, 19.25 ], [ 72.87, 19.24 ], [ 72.88, 19.24 ] ] ] } },
{ "type": "Feature", "properties": { "cell_id": "r35_c11" }, "geometry": { "type": "Polygon", "coordinates": [ [ [ 72.89, 19.24 ], [ 72.89, 19.25 ], [ 72.88, 19.25 ], [ 72.88, 19.24 ], [ 72.89, 19.24 ] ] ] } },
{ "type": "Feature", "properties": { "cell_id": "r35_c12" }, "geometry": { "type": "Polygon", "coordinates": [ [ [ 72.9, 19.24 ], [ 72.9, 19.25 ], [ 72.89, 19.25 ], [ 72.89, 19.24 ], [ 72.9, 19.24 ] ] ] } },
{ "type": "Feature", "properties": { "cell_id": "r35_c13" }, "geometry": { "type": "Polygon", "coordinates": [ [ [ 72.91, 19.24 ], [ 72.91, 19.25 ], [ 72.9, 19.25 ], [ 72.9, 19.24 ], [ 72.91, 19.24 ] ] ] } },
{ "type": "Feature", "properties": { "cell_id": "r35_c14" }, "geometry": { "type": "Polygon", "coordinates": [ [ [ 72.92, 19.24 ], [ 72.92, 19.25 ], [ 72.91, 19.25 ], [ 72.91, 19.24 ], [ 72.92, 19.24 ] ] ] } },
{ "type": "Feature", "properties": { "cell_id": "r35_c15" }, "geometry": { "type": "Polygon", "coordinates": [ [ [ 72.93, 19.24 ], [ 72.93, 19.25 ], [ 72.92, 19.25 ], [ 72.92, 19.24 ], [ 72.93, 19.24 ] ] ] } },
{ "type": "Feature", "properties": { "cell_id": "r35_c16" }, "geometry": { "type": "Polygon", "coordinates": [ [ [ 72.94, 19.24 ], [ 72.94, 19.25 ], [ 72.93, 19.25 ], [ 72.93, 19.24 ], [ 72.94, 19.24 ] ] ] } },
{ "type": "Feature", "properties": { "cell_id": "r35_c17" }, "geometry": { "type": "Polygon", "coordinates": [ [ [ 72.95, 19.24 ], [ 72.95, 19.25 ], [ 72.94, 19.25 ], [ 72.94, 19.24 ], [ 72.95, 19.24 ] ] ] } },
{ "type": "Feature", "properties": { "cell_id": "r35_c18" }, "geometry": { "type": "Polygon", "coordinates": [ [ [ 72.96, 19.24 ], [ 72.96, 19.25 ], [ 72.95, 19.25 ], [ 72.95, 19.24 ], [ 72.96, 19.24 ] ] ] } },
{ "type": "Feature", "properties": { "cell_id": "r35_c19" }, "geometry": { "type": "Polygon", "coordinates": [ [ [ 72.97, 19.24 ], [ 72.97, 19.25 ], [ 72.96, 19.25 ], [ 72.96, 19.24 ], [ 72.97, 19.24 ] ] ] } },
{ "type": "Feature", "properties": { "cell_id": "r35_c20" }, "geometry": { "type": "Polygon", "coordinates": [ [ [ 72.980000000000103, 19.24 ], [ 72.980000000000103, 19.25 ], [ 72.97, 19.25 ], [ 72.97, 19.24 ], [ 72.980000000000103, 19.24 ] ] ] } },
{ "type": "Feature", "properties": { "cell_id": "r35_c21" }, "geometry": { "type": "Polygon", "coordinates": [ [ [ 72.99, 19.24 ], [ 72.99, 19.25 ], [ 72.980000000000103, 19.25 ], [ 72.980000000000103, 19.24 ], [ 72.99, 19.24 ] ] ] } },
{ "type": "Feature", "properties": { "cell_id": "r36_c0" }, "geometry": { "type": "Polygon", "coordinates": [ [ [ 72.78, 19.25 ], [ 72.78, 19.26 ], [ 72.77, 19.26 ], [ 72.77, 19.25 ], [ 72.78, 19.25 ] ] ] } },
{ "type": "Feature", "properties": { "cell_id": "r36_c1" }, "geometry": { "type": "Polygon", "coordinates": [ [ [ 72.79, 19.25 ], [ 72.79, 19.26 ], [ 72.78, 19.26 ], [ 72.78, 19.25 ], [ 72.79, 19.25 ] ] ] } },
{ "type": "Feature", "properties": { "cell_id": "r36_c2" }, "geometry": { "type": "Polygon", "coordinates": [ [ [ 72.8, 19.25 ], [ 72.8, 19.26 ], [ 72.79, 19.26 ], [ 72.79, 19.25 ], [ 72.8, 19.25 ] ] ] } },
{ "type": "Feature", "properties": { "cell_id": "r36_c3" }, "geometry": { "type": "Polygon", "coordinates": [ [ [ 72.81, 19.25 ], [ 72.81, 19.26 ], [ 72.8, 19.26 ], [ 72.8, 19.25 ], [ 72.81, 19.25 ] ] ] } },
{ "type": "Feature", "properties": { "cell_id": "r36_c4" }, "geometry": { "type": "Polygon", "coordinates": [ [ [ 72.82, 19.25 ], [ 72.82, 19.26 ], [ 72.81, 19.26 ], [ 72.81, 19.25 ], [ 72.82, 19.25 ] ] ] } },
{ "type": "Feature", "properties": { "cell_id": "r36_c5" }, "geometry": { "type": "Polygon", "coordinates": [ [ [ 72.83, 19.25 ], [ 72.83, 19.26 ], [ 72.82, 19.26 ], [ 72.82, 19.25 ], [ 72.83, 19.25 ] ] ] } },
{ "type": "Feature", "properties": { "cell_id": "r36_c6" }, "geometry": { "type": "Polygon", "coordinates": [ [ [ 72.84, 19.25 ], [ 72.84, 19.26 ], [ 72.83, 19.26 ], [ 72.83, 19.25 ], [ 72.84, 19.25 ] ] ] } },
{ "type": "Feature", "properties": { "cell_id": "r36_c7" }, "geometry": { "type": "Polygon", "coordinates": [ [ [ 72.85, 19.25 ], [ 72.85, 19.26 ], [ 72.84, 19.26 ], [ 72.84, 19.25 ], [ 72.85, 19.25 ] ] ] } },
{ "type": "Feature", "properties": { "cell_id": "r36_c8" }, "geometry": { "type": "Polygon", "coordinates": [ [ [ 72.86, 19.25 ], [ 72.86, 19.26 ], [ 72.85, 19.26 ], [ 72.85, 19.25 ], [ 72.86, 19.25 ] ] ] } },
{ "type": "Feature", "properties": { "cell_id": "r36_c9" }, "geometry": { "type": "Polygon", "coordinates": [ [ [ 72.87, 19.25 ], [ 72.87, 19.26 ], [ 72.86, 19.26 ], [ 72.86, 19.25 ], [ 72.87, 19.25 ] ] ] } },
{ "type": "Feature", "properties": { "cell_id": "r36_c10" }, "geometry": { "type": "Polygon", "coordinates": [ [ [ 72.88, 19.25 ], [ 72.88, 19.26 ], [ 72.87, 19.26 ], [ 72.87, 19.25 ], [ 72.88, 19.25 ] ] ] } },
{ "type": "Feature", "properties": { "cell_id": "r36_c11" }, "geometry": { "type": "Polygon", "coordinates": [ [ [ 72.89, 19.25 ], [ 72.89, 19.26 ], [ 72.88, 19.26 ], [ 72.88, 19.25 ], [ 72.89, 19.25 ] ] ] } },
{ "type": "Feature", "properties": { "cell_id": "r36_c12" }, "geometry": { "type": "Polygon", "coordinates": [ [ [ 72.9, 19.25 ], [ 72.9, 19.26 ], [ 72.89, 19.26 ], [ 72.89, 19.25 ], [ 72.9, 19.25 ] ] ] } },
{ "type": "Feature", "properties": { "cell_id": "r36_c13" }, "geometry": { "type": "Polygon", "coordinates": [ [ [ 72.91, 19.25 ], [ 72.91, 19.26 ], [ 72.9, 19.26 ], [ 72.9, 19.25 ], [ 72.91, 19.25 ] ] ] } },
{ "type": "Feature", "properties": { "cell_id": "r36_c14" }, "geometry": { "type": "Polygon", "coordinates": [ [ [ 72.92, 19.25 ], [ 72.92, 19.26 ], [ 72.91, 19.26 ], [ 72.91, 19.25 ], [ 72.92, 19.25 ] ] ] } },
{ "type": "Feature", "properties": { "cell_id": "r36_c15" }, "geometry": { "type": "Polygon", "coordinates": [ [ [ 72.93, 19.25 ], [ 72.93, 19.26 ], [ 72.92, 19.26 ], [ 72.92, 19.25 ], [ 72.93, 19.25 ] ] ] } },
{ "type": "Feature", "properties": { "cell_id": "r36_c16" }, "geometry": { "type": "Polygon", "coordinates": [ [ [ 72.94, 19.25 ], [ 72.94, 19.26 ], [ 72.93, 19.26 ], [ 72.93, 19.25 ], [ 72.94, 19.25 ] ] ] } },
{ "type": "Feature", "properties": { "cell_id": "r36_c17" }, "geometry": { "type": "Polygon", "coordinates": [ [ [ 72.95, 19.25 ], [ 72.95, 19.26 ], [ 72.94, 19.26 ], [ 72.94, 19.25 ], [ 72.95, 19.25 ] ] ] } },
{ "type": "Feature", "properties": { "cell_id": "r36_c18" }, "geometry": { "type": "Polygon", "coordinates": [ [ [ 72.96, 19.25 ], [ 72.96, 19.26 ], [ 72.95, 19.26 ], [ 72.95, 19.25 ], [ 72.96, 19.25 ] ] ] } },
{ "type": "Feature", "properties": { "cell_id": "r36_c19" }, "geometry": { "type": "Polygon", "coordinates": [ [ [ 72.97, 19.25 ], [ 72.97, 19.26 ], [ 72.96, 19.26 ], [ 72.96, 19.25 ], [ 72.97, 19.25 ] ] ] } },
{ "type": "Feature", "properties": { "cell_id": "r36_c20" }, "geometry": { "type": "Polygon", "coordinates": [ [ [ 72.980000000000103, 19.25 ], [ 72.980000000000103, 19.26 ], [ 72.97, 19.26 ], [ 72.97, 19.25 ], [ 72.980000000000103, 19.25 ] ] ] } },
{ "type": "Feature", "properties": { "cell_id": "r36_c21" }, "geometry": { "type": "Polygon", "coordinates": [ [ [ 72.99, 19.25 ], [ 72.99, 19.26 ], [ 72.980000000000103, 19.26 ], [ 72.980000000000103, 19.25 ], [ 72.99, 19.25 ] ] ] } },
{ "type": "Feature", "properties": { "cell_id": "r37_c0" }, "geometry": { "type": "Polygon", "coordinates": [ [ [ 72.78, 19.26 ], [ 72.78, 19.27 ], [ 72.77, 19.27 ], [ 72.77, 19.26 ], [ 72.78, 19.26 ] ] ] } },
{ "type": "Feature", "properties": { "cell_id": "r37_c1" }, "geometry": { "type": "Polygon", "coordinates": [ [ [ 72.79, 19.26 ], [ 72.79, 19.27 ], [ 72.78, 19.27 ], [ 72.78, 19.26 ], [ 72.79, 19.26 ] ] ] } },
{ "type": "Feature", "properties": { "cell_id": "r37_c2" }, "geometry": { "type": "Polygon", "coordinates": [ [ [ 72.8, 19.26 ], [ 72.8, 19.27 ], [ 72.79, 19.27 ], [ 72.79, 19.26 ], [ 72.8, 19.26 ] ] ] } },
{ "type": "Feature", "properties": { "cell_id": "r37_c3" }, "geometry": { "type": "Polygon", "coordinates": [ [ [ 72.81, 19.26 ], [ 72.81, 19.27 ], [ 72.8, 19.27 ], [ 72.8, 19.26 ], [ 72.81, 19.26 ] ] ] } },
{ "type": "Feature", "properties": { "cell_id": "r37_c4" }, "geometry": { "type": "Polygon", "coordinates": [ [ [ 72.82, 19.26 ], [ 72.82, 19.27 ], [ 72.81, 19.27 ], [ 72.81, 19.26 ], [ 72.82, 19.26 ] ] ] } },
{ "type": "Feature", "properties": { "cell_id": "r37_c5" }, "geometry": { "type": "Polygon", "coordinates": [ [ [ 72.83, 19.26 ], [ 72.83, 19.27 ], [ 72.82, 19.27 ], [ 72.82, 19.26 ], [ 72.83, 19.26 ] ] ] } },
{ "type": "Feature", "properties": { "cell_id": "r37_c6" }, "geometry": { "type": "Polygon", "coordinates": [ [ [ 72.84, 19.26 ], [ 72.84, 19.27 ], [ 72.83, 19.27 ], [ 72.83, 19.26 ], [ 72.84, 19.26 ] ] ] } },
{ "type": "Feature", "properties": { "cell_id": "r37_c7" }, "geometry": { "type": "Polygon", "coordinates": [ [ [ 72.85, 19.26 ], [ 72.85, 19.27 ], [ 72.84, 19.27 ], [ 72.84, 19.26 ], [ 72.85, 19.26 ] ] ] } },
{ "type": "Feature", "properties": { "cell_id": "r37_c8" }, "geometry": { "type": "Polygon", "coordinates": [ [ [ 72.86, 19.26 ], [ 72.86, 19.27 ], [ 72.85, 19.27 ], [ 72.85, 19.26 ], [ 72.86, 19.26 ] ] ] } },
{ "type": "Feature", "properties": { "cell_id": "r37_c9" }, "geometry": { "type": "Polygon", "coordinates": [ [ [ 72.87, 19.26 ], [ 72.87, 19.27 ], [ 72.86, 19.27 ], [ 72.86, 19.26 ], [ 72.87, 19.26 ] ] ] } },
{ "type": "Feature", "properties": { "cell_id": "r37_c10" }, "geometry": { "type": "Polygon", "coordinates": [ [ [ 72.88, 19.26 ], [ 72.88, 19.27 ], [ 72.87, 19.27 ], [ 72.87, 19.26 ], [ 72.88, 19.26 ] ] ] } },
{ "type": "Feature", "properties": { "cell_id": "r37_c11" }, "geometry": { "type": "Polygon", "coordinates": [ [ [ 72.89, 19.26 ], [ 72.89, 19.27 ], [ 72.88, 19.27 ], [ 72.88, 19.26 ], [ 72.89, 19.26 ] ] ] } },
{ "type": "Feature", "properties": { "cell_id": "r37_c12" }, "geometry": { "type": "Polygon", "coordinates": [ [ [ 72.9, 19.26 ], [ 72.9, 19.27 ], [ 72.89, 19.27 ], [ 72.89, 19.26 ], [ 72.9, 19.26 ] ] ] } },
{ "type": "Feature", "properties": { "cell_id": "r37_c13" }, "geometry": { "type": "Polygon", "coordinates": [ [ [ 72.91, 19.26 ], [ 72.91, 19.27 ], [ 72.9, 19.27 ], [ 72.9, 19.26 ], [ 72.91, 19.26 ] ] ] } },
{ "type": "Feature", "properties": { "cell_id": "r37_c14" }, "geometry": { "type": "Polygon", "coordinates": [ [ [ 72.92, 19.26 ], [ 72.92, 19.27 ], [ 72.91, 19.27 ], [ 72.91, 19.26 ], [ 72.92, 19.26 ] ] ] } },
{ "type": "Feature", "properties": { "cell_id": "r37_c15" }, "geometry": { "type": "Polygon", "coordinates": [ [ [ 72.93, 19.26 ], [ 72.93, 19.27 ], [ 72.92, 19.27 ], [ 72.92, 19.26 ], [ 72.93, 19.26 ] ] ] } },
{ "type": "Feature", "properties": { "cell_id": "r37_c16" }, "geometry": { "type": "Polygon", "coordinates": [ [ [ 72.94, 19.26 ], [ 72.94, 19.27 ], [ 72.93, 19.27 ], [ 72.93, 19.26 ], [ 72.94, 19.26 ] ] ] } },
{ "type": "Feature", "properties": { "cell_id": "r37_c17" }, "geometry": { "type": "Polygon", "coordinates": [ [ [ 72.95, 19.26 ], [ 72.95, 19.27 ], [ 72.94, 19.27 ], [ 72.94, 19.26 ], [ 72.95, 19.26 ] ] ] } },
{ "type": "Feature", "properties": { "cell_id": "r37_c18" }, "geometry": { "type": "Polygon", "coordinates": [ [ [ 72.96, 19.26 ], [ 72.96, 19.27 ], [ 72.95, 19.27 ], [ 72.95, 19.26 ], [ 72.96, 19.26 ] ] ] } },
{ "type": "Feature", "properties": { "cell_id": "r37_c19" }, "geometry": { "type": "Polygon", "coordinates": [ [ [ 72.97, 19.26 ], [ 72.97, 19.27 ], [ 72.96, 19.27 ], [ 72.96, 19.26 ], [ 72.97, 19.26 ] ] ] } },
{ "type": "Feature", "properties": { "cell_id": "r37_c20" }, "geometry": { "type": "Polygon", "coordinates": [ [ [ 72.980000000000103, 19.26 ], [ 72.980000000000103, 19.27 ], [ 72.97, 19.27 ], [ 72.97, 19.26 ], [ 72.980000000000103, 19.26 ] ] ] } },
{ "type": "Feature", "properties": { "cell_id": "r37_c21" }, "geometry": { "type": "Polygon", "coordinates": [ [ [ 72.99, 19.26 ], [ 72.99, 19.27 ], [ 72.980000000000103, 19.27 ], [ 72.980000000000103, 19.26 ], [ 72.99, 19.26 ] ] ] } }
]
}
