{
"type": "FeatureCollection",
"name": "lst_grid",
"crs": { "type": "name", "properties": { "name": "urn:ogc:def:crs:OGC:1.3:CRS84" } },
"features": [
{ "type": "Feature", "properties": { "cell_id": "r0_c0", "mean_lst": 30.243749068792379 }, "geometry": { "type": "Polygon", "coordinates": [ [ [ 72.78, 18.89 ], [ 72.78, 18.9 ], [ 72.77, 18.9 ], [ 72.77, 18.89 ], [ 72.78, 18.89 ] ] ] } },
{ "type": "Feature", "properties": { "cell_id": "r0_c1", "mean_lst": 30.268030267544237 }, "geometry": { "type": "Polygon", "coordinates": [ [ [ 72.79, 18.89 ], [ 72.79, 18.9 ], [ 72.78, 18.9 ], [ 72.78, 18.89 ], [ 72.79, 18.89 ] ] ] } },
{ "type": "Feature", "properties": { "cell_id": "r0_c2", "mean_lst": 30.272786158887396 }, "geometry": { "type": "Polygon", "coordinates": [ [ [ 72.8, 18.89 ], [ 72.8, 18.9 ], [ 72.79, 18.9 ], [ 72.79, 18.89 ], [ 72.8, 18.89 ] ] ] } },
{ "type": "Feature", "properties": { "cell_id": "r0_c3", "mean_lst": 33.068555285819812 }, "geometry": { "type": "Polygon", "coordinates": [ [ [ 72.81, 18.89 ], [ 72.81, 18.9 ], [ 72.8, 18.9 ], [ 72.8, 18.89 ], [ 72.81, 18.89 ] ] ] } },
{ "type": "Feature", "properties": { "cell_id": "r0_c4", "mean_lst": 33.255702459170976 }, "geometry": { "type": "Polygon", "coordinates": [ [ [ 72.82, 18.89 ], [ 72.82, 18.9 ], [ 72.81, 18.9 ], [ 72.81, 18.89 ], [ 72.82, 18.89 ] ] ] } },
{ "type": "Feature", "properties": { "cell_id": "r0_c5", "mean_lst": 30.43536912487367 }, "geometry": { "type": "Polygon", "coordinates": [ [ [ 72.83, 18.89 ], [ 72.83, 18.9 ], [ 72.82, 18.9 ], [ 72.82, 18.89 ], [ 72.83, 18.89 ] ] ] } },
{ "type": "Feature", "properties": { "cell_id": "r0_c6", "mean_lst": 30.283985992880194 }, "geometry": { "type": "Polygon", "coordinates": [ [ [ 72.84, 18.89 ], [ 72.84, 18.9 ], [ 72.83, 18.9 ], [ 72.83, 18.89 ], [ 72.84, 18.89 ] ] ] } },
{ "type": "Feature", "properties": { "cell_id": "r0_c7", "mean_lst": 30.177602574137225 }, "geometry": { "type": "Polygon", "coordinates": [ [ [ 72.85, 18.89 ], [ 72.85, 18.9 ], [ 72.84, 18.9 ], [ 72.84, 18.89 ], [ 72.85, 18.89 ] ] ] } },
{ "type": "Feature", "properties": { "cell_id": "r0_c8", "mean_lst": 30.147230157842117 }, "geometry": { "type": "Polygon", "coordinates": [ [ [ 72.86, 18.89 ], [ 72.86, 18.9 ], [ 72.85, 18.9 ], [ 72.85, 18.89 ], [ 72.86, 18.89 ] ] ] } },
{ "type": "Feature", "properties": { "cell_id": "r0_c9", "mean_lst": 30.273219850714781 }, "geometry": { "type": "Polygon", "coordinates": [ [ [ 72.87, 18.89 ], [ 72.87, 18.9 ], [ 72.86, 18.9 ], [ 72.86, 18.89 ], [ 72.87, 18.89 ] ] ] } },
{ "type": "Feature", "properties": { "cell_id": "r0_c10", "mean_lst": 30.493809954106322 }, "geometry": { "type": "Polygon", "coordinates": [ [ [ 72.88, 18.89 ], [ 72.88, 18.9 ], [ 72.87, 18.9 ], [ 72.87, 18.89 ], [ 72.88, 18.89 ] ] ] } },
{ "type": "Feature", "properties": { "cell_id": "r0_c11", "mean_lst": 30.713212600364979 }, "geometry": { "type": "Polygon", "coordinates": [ [ [ 72.89, 18.89 ], [ 72.89, 18.9 ], [ 72.88, 18.9 ], [ 72.88, 18.89 ], [ 72.89, 18.89 ] ] ] } },
{ "type": "Feature", "properties": { "cell_id": "r0_c12", "mean_lst": 30.797403382775389 }, "geometry": { "type": "Polygon", "coordinates": [ [ [ 72.9, 18.89 ], [ 72.9, 18.9 ], [ 72.89, 18.9 ], [ 72.89, 18.89 ], [ 72.9, 18.89 ] ] ] } },
{ "type": "Feature", "properties": { "cell_id": "r0_c13", "mean_lst": 33.186723408239629 }, "geometry": { "type": "Polygon", "coordinates": [ [ [ 72.91, 18.89 ], [ 72.91, 18.9 ], [ 72.9, 18.9 ], [ 72.9, 18.89 ], [ 72.91, 18.89 ] ] ] } },
{ "type": "Feature", "properties": { "cell_id": "r0_c14", "mean_lst": 38.264885072940267 }, "geometry": { "type": "Polygon", "coordinates": [ [ [ 72.92, 18.89 ], [ 72.92, 18.9 ], [ 72.91, 18.9 ], [ 72.91, 18.89 ], [ 72.92, 18.89 ] ] ] } },
{ "type": "Feature", "properties": { "cell_id": "r0_c15", "mean_lst": 40.990544475834007 }, "geometry": { "type": "Polygon", "coordinates": [ [ [ 72.93, 18.89 ], [ 72.93, 18.9 ], [ 72.92, 18.9 ], [ 72.92, 18.89 ], [ 72.93, 18.89 ] ] ] } },
{ "type": "Feature", "properties": { "cell_id": "r0_c16", "mean_lst": 37.400729036149883 }, "geometry": { "type": "Polygon", "coordinates": [ [ [ 72.94, 18.89 ], [ 72.94, 18.9 ], [ 72.93, 18.9 ], [ 72.93, 18.89 ], [ 72.94, 18.89 ] ] ] } },
{ "type": "Feature", "properties": { "cell_id": "r0_c17", "mean_lst": 37.891813011709331 }, "geometry": { "type": "Polygon", "coordinates": [ [ [ 72.95, 18.89 ], [ 72.95, 18.9 ], [ 72.94, 18.9 ], [ 72.94, 18.89 ], [ 72.95, 18.89 ] ] ] } },
{ "type": "Feature", "properties": { "cell_id": "r0_c18", "mean_lst": 41.520227571280117 }, "geometry": { "type": "Polygon", "coordinates": [ [ [ 72.96, 18.89 ], [ 72.96, 18.9 ], [ 72.95, 18.9 ], [ 72.95, 18.89 ], [ 72.96, 18.89 ] ] ] } },
{ "type": "Feature", "properties": { "cell_id": "r0_c19", "mean_lst": 47.182775838099097 }, "geometry": { "type": "Polygon", "coordinates": [ [ [ 72.97, 18.89 ], [ 72.97, 18.9 ], [ 72.96, 18.9 ], [ 72.96, 18.89 ], [ 72.97, 18.89 ] ] ] } },
{ "type": "Feature", "properties": { "cell_id": "r0_c20", "mean_lst": 44.809592346473096 }, "geometry": { "type": "Polygon", "coordinates": [ [ [ 72.980000000000103, 18.89 ], [ 72.980000000000103, 18.9 ], [ 72.97, 18.9 ], [ 72.97, 18.89 ], [ 72.980000000000103, 18.89 ] ] ] } },
{ "type": "Feature", "properties": { "cell_id": "r0_c21", "mean_lst": 44.62435602935124 }, "geometry": { "type": "Polygon", "coordinates": [ [ [ 72.99, 18.89 ], [ 72.99, 18.9 ], [ 72.980000000000103, 18.9 ], [ 72.980000000000103, 18.89 ], [ 72.99, 18.89 ] ] ] } },
{ "type": "Feature", "properties": { "cell_id": "r1_c0", "mean_lst": 30.169194923130977 }, "geometry": { "type": "Polygon", "coordinates": [ [ [ 72.78, 18.9 ], [ 72.78, 18.91 ], [ 72.77, 18.91 ], [ 72.77, 18.9 ], [ 72.78, 18.9 ] ] ] } },
{ "type": "Feature", "properties": { "cell_id": "r1_c1", "mean_lst": 30.232193788942926 }, "geometry": { "type": "Polygon", "coordinates": [ [ [ 72.79, 18.9 ], [ 72.79, 18.91 ], [ 72.78, 18.91 ], [ 72.78, 18.9 ], [ 72.79, 18.9 ] ] ] } },
{ "type": "Feature", "properties": { "cell_id": "r1_c2", "mean_lst": 30.373447687583131 }, "geometry": { "type": "Polygon", "coordinates": [ [ [ 72.8, 18.9 ], [ 72.8, 18.91 ], [ 72.79, 18.91 ], [ 72.79, 18.9 ], [ 72.8, 18.9 ] ] ] } },
{ "type": "Feature", "properties": { "cell_id": "r1_c3", "mean_lst": 36.270955415564949 }, "geometry": { "type": "Polygon", "coordinates": [ [ [ 72.81, 18.9 ], [ 72.81, 18.91 ], [ 72.8, 18.91 ], [ 72.8, 18.9 ], [ 72.81, 18.9 ] ] ] } },
{ "type": "Feature", "properties": { "cell_id": "r1_c4", "mean_lst": 38.554675994341956 }, "geometry": { "type": "Polygon", "coordinates": [ [ [ 72.82, 18.9 ], [ 72.82, 18.91 ], [ 72.81, 18.91 ], [ 72.81, 18.9 ], [ 72.82, 18.9 ] ] ] } },
{ "type": "Feature", "properties": { "cell_id": "r1_c5", "mean_lst": 31.663835033850876 }, "geometry": { "type": "Polygon", "coordinates": [ [ [ 72.83, 18.9 ], [ 72.83, 18.91 ], [ 72.82, 18.91 ], [ 72.82, 18.9 ], [ 72.83, 18.9 ] ] ] } },
{ "type": "Feature", "properties": { "cell_id": "r1_c6", "mean_lst": 30.367878143474002 }, "geometry": { "type": "Polygon", "coordinates": [ [ [ 72.84, 18.9 ], [ 72.84, 18.91 ], [ 72.83, 18.91 ], [ 72.83, 18.9 ], [ 72.84, 18.9 ] ] ] } },
{ "type": "Feature", "properties": { "cell_id": "r1_c7", "mean_lst": 30.2456630941703 }, "geometry": { "type": "Polygon", "coordinates": [ [ [ 72.85, 18.9 ], [ 72.85, 18.91 ], [ 72.84, 18.91 ], [ 72.84, 18.9 ], [ 72.85, 18.9 ] ] ] } },
{ "type": "Feature", "properties": { "cell_id": "r1_c8", "mean_lst": 30.329236083182785 }, "geometry": { "type": "Polygon", "coordinates": [ [ [ 72.86, 18.9 ], [ 72.86, 18.91 ], [ 72.85, 18.91 ], [ 72.85, 18.9 ], [ 72.86, 18.9 ] ] ] } },
{ "type": "Feature", "properties": { "cell_id": "r1_c9", "mean_lst": 30.493037779799078 }, "geometry": { "type": "Polygon", "coordinates": [ [ [ 72.87, 18.9 ], [ 72.87, 18.91 ], [ 72.86, 18.91 ], [ 72.86, 18.9 ], [ 72.87, 18.9 ] ] ] } },
{ "type": "Feature", "properties": { "cell_id": "r1_c10", "mean_lst": 30.562334312960843 }, "geometry": { "type": "Polygon", "coordinates": [ [ [ 72.88, 18.9 ], [ 72.88, 18.91 ], [ 72.87, 18.91 ], [ 72.87, 18.9 ], [ 72.88, 18.9 ] ] ] } },
{ "type": "Feature", "properties": { "cell_id": "r1_c11", "mean_lst": 30.50324882500626 }, "geometry": { "type": "Polygon", "coordinates": [ [ [ 72.89, 18.9 ], [ 72.89, 18.91 ], [ 72.88, 18.91 ], [ 72.88, 18.9 ], [ 72.89, 18.9 ] ] ] } },
{ "type": "Feature", "properties": { "cell_id": "r1_c12", "mean_lst": 30.517619432837165 }, "geometry": { "type": "Polygon", "coordinates": [ [ [ 72.9, 18.9 ], [ 72.9, 18.91 ], [ 72.89, 18.91 ], [ 72.89, 18.9 ], [ 72.9, 18.9 ] ] ] } },
{ "type": "Feature", "properties": { "cell_id": "r1_c13", "mean_lst": 31.266850863345621 }, "geometry": { "type": "Polygon", "coordinates": [ [ [ 72.91, 18.9 ], [ 72.91, 18.91 ], [ 72.9, 18.91 ], [ 72.9, 18.9 ], [ 72.91, 18.9 ] ] ] } },
{ "type": "Feature", "properties": { "cell_id": "r1_c14", "mean_lst": 35.218464673238302 }, "geometry": { "type": "Polygon", "coordinates": [ [ [ 72.92, 18.9 ], [ 72.92, 18.91 ], [ 72.91, 18.91 ], [ 72.91, 18.9 ], [ 72.92, 18.9 ] ] ] } },
{ "type": "Feature", "properties": { "cell_id": "r1_c15", "mean_lst": 40.406600325274418 }, "geometry": { "type": "Polygon", "coordinates": [ [ [ 72.93, 18.9 ], [ 72.93, 18.91 ], [ 72.92, 18.91 ], [ 72.92, 18.9 ], [ 72.93, 18.9 ] ] ] } },
{ "type": "Feature", "properties": { "cell_id": "r1_c16", "mean_lst": 33.797431091293383 }, "geometry": { "type": "Polygon", "coordinates": [ [ [ 72.94, 18.9 ], [ 72.94, 18.91 ], [ 72.93, 18.91 ], [ 72.93, 18.9 ], [ 72.94, 18.9 ] ] ] } },
{ "type": "Feature", "properties": { "cell_id": "r1_c17", "mean_lst": 38.028665285286181 }, "geometry": { "type": "Polygon", "coordinates": [ [ [ 72.95, 18.9 ], [ 72.95, 18.91 ], [ 72.94, 18.91 ], [ 72.94, 18.9 ], [ 72.95, 18.9 ] ] ] } },
{ "type": "Feature", "properties": { "cell_id": "r1_c18", "mean_lst": 38.230687327062178 }, "geometry": { "type": "Polygon", "coordinates": [ [ [ 72.96, 18.9 ], [ 72.96, 18.91 ], [ 72.95, 18.91 ], [ 72.95, 18.9 ], [ 72.96, 18.9 ] ] ] } },
{ "type": "Feature", "properties": { "cell_id": "r1_c19", "mean_lst": 39.335683820234046 }, "geometry": { "type": "Polygon", "coordinates": [ [ [ 72.97, 18.9 ], [ 72.97, 18.91 ], [ 72.96, 18.91 ], [ 72.96, 18.9 ], [ 72.97, 18.9 ] ] ] } },
{ "type": "Feature", "properties": { "cell_id": "r1_c20", "mean_lst": 45.012377701242805 }, "geometry": { "type": "Polygon", "coordinates": [ [ [ 72.980000000000103, 18.9 ], [ 72.980000000000103, 18.91 ], [ 72.97, 18.91 ], [ 72.97, 18.9 ], [ 72.980000000000103, 18.9 ] ] ] } },
{ "type": "Feature", "properties": { "cell_id": "r1_c21", "mean_lst": 43.666330395180644 }, "geometry": { "type": "Polygon", "coordinates": [ [ [ 72.99, 18.9 ], [ 72.99, 18.91 ], [ 72.980000000000103, 18.91 ], [ 72.980000000000103, 18.9 ], [ 72.99, 18.9 ] ] ] } },
{ "type": "Feature", "properties": { "cell_id": "r2_c0", "mean_lst": 30.244134841518438 }, "geometry": { "type": "Polygon", "coordinates": [ [ [ 72.78, 18.91 ], [ 72.78, 18.92 ], [ 72.77, 18.92 ], [ 72.77, 18.91 ], [ 72.78, 18.91 ] ] ] } },
{ "type": "Feature", "properties": { "cell_id": "r2_c1", "mean_lst": 30.19959283289786 }, "geometry": { "type": "Polygon", "coordinates": [ [ [ 72.79, 18.91 ], [ 72.79, 18.92 ], [ 72.78, 18.92 ], [ 72.78, 18.91 ], [ 72.79, 18.91 ] ] ] } },
{ "type": "Feature", "properties": { "cell_id": "r2_c2", "mean_lst": 30.334067177962428 }, "geometry": { "type": "Polygon", "coordinates": [ [ [ 72.8, 18.91 ], [ 72.8, 18.92 ], [ 72.79, 18.92 ], [ 72.79, 18.91 ], [ 72.8, 18.91 ] ] ] } },
{ "type": "Feature", "properties": { "cell_id": "r2_c3", "mean_lst": 32.18277981882661 }, "geometry": { "type": "Polygon", "coordinates": [ [ [ 72.81, 18.91 ], [ 72.81, 18.92 ], [ 72.8, 18.92 ], [ 72.8, 18.91 ], [ 72.81, 18.91 ] ] ] } },
{ "type": "Feature", "properties": { "cell_id": "r2_c4", "mean_lst": 35.353465861752269 }, "geometry": { "type": "Polygon", "coordinates": [ [ [ 72.82, 18.91 ], [ 72.82, 18.92 ], [ 72.81, 18.92 ], [ 72.81, 18.91 ], [ 72.82, 18.91 ] ] ] } },
{ "type": "Feature", "properties": { "cell_id": "r2_c5", "mean_lst": 38.067160593015927 }, "geometry": { "type": "Polygon", "coordinates": [ [ [ 72.83, 18.91 ], [ 72.83, 18.92 ], [ 72.82, 18.92 ], [ 72.82, 18.91 ], [ 72.83, 18.91 ] ] ] } },
{ "type": "Feature", "properties": { "cell_id": "r2_c6", "mean_lst": 31.69391157371938 }, "geometry": { "type": "Polygon", "coordinates": [ [ [ 72.84, 18.91 ], [ 72.84, 18.92 ], [ 72.83, 18.92 ], [ 72.83, 18.91 ], [ 72.84, 18.91 ] ] ] } },
{ "type": "Feature", "properties": { "cell_id": "r2_c7", "mean_lst": 30.33578103334877 }, "geometry": { "type": "Polygon", "coordinates": [ [ [ 72.85, 18.91 ], [ 72.85, 18.92 ], [ 72.84, 18.92 ], [ 72.84, 18.91 ], [ 72.85, 18.91 ] ] ] } },
{ "type": "Feature", "properties": { "cell_id": "r2_c8", "mean_lst": 30.254883427666126 }, "geometry": { "type": "Polygon", "coordinates": [ [ [ 72.86, 18.91 ], [ 72.86, 18.92 ], [ 72.85, 18.92 ], [ 72.85, 18.91 ], [ 72.86, 18.91 ] ] ] } },
{ "type": "Feature", "properties": { "cell_id": "r2_c9", "mean_lst": 30.409007480412921 }, "geometry": { "type": "Polygon", "coordinates": [ [ [ 72.87, 18.91 ], [ 72.87, 18.92 ], [ 72.86, 18.92 ], [ 72.86, 18.91 ], [ 72.87, 18.91 ] ] ] } },
{ "type": "Feature", "properties": { "cell_id": "r2_c10", "mean_lst": 30.754242941605234 }, "geometry": { "type": "Polygon", "coordinates": [ [ [ 72.88, 18.91 ], [ 72.88, 18.92 ], [ 72.87, 18.92 ], [ 72.87, 18.91 ], [ 72.88, 18.91 ] ] ] } },
{ "type": "Feature", "properties": { "cell_id": "r2_c11", "mean_lst": 30.415500732062256 }, "geometry": { "type": "Polygon", "coordinates": [ [ [ 72.89, 18.91 ], [ 72.89, 18.92 ], [ 72.88, 18.92 ], [ 72.88, 18.91 ], [ 72.89, 18.91 ] ] ] } },
{ "type": "Feature", "properties": { "cell_id": "r2_c12", "mean_lst": 30.573820601740152 }, "geometry": { "type": "Polygon", "coordinates": [ [ [ 72.9, 18.91 ], [ 72.9, 18.92 ], [ 72.89, 18.92 ], [ 72.89, 18.91 ], [ 72.9, 18.91 ] ] ] } },
{ "type": "Feature", "properties": { "cell_id": "r2_c13", "mean_lst": 30.73338896577226 }, "geometry": { "type": "Polygon", "coordinates": [ [ [ 72.91, 18.91 ], [ 72.91, 18.92 ], [ 72.9, 18.92 ], [ 72.9, 18.91 ], [ 72.91, 18.91 ] ] ] } },
{ "type": "Feature", "properties": { "cell_id": "r2_c14", "mean_lst": 31.395867745571369 }, "geometry": { "type": "Polygon", "coordinates": [ [ [ 72.92, 18.91 ], [ 72.92, 18.92 ], [ 72.91, 18.92 ], [ 72.91, 18.91 ], [ 72.92, 18.91 ] ] ] } },
{ "type": "Feature", "properties": { "cell_id": "r2_c15", "mean_lst": 32.327715327591577 }, "geometry": { "type": "Polygon", "coordinates": [ [ [ 72.93, 18.91 ], [ 72.93, 18.92 ], [ 72.92, 18.92 ], [ 72.92, 18.91 ], [ 72.93, 18.91 ] ] ] } },
{ "type": "Feature", "properties": { "cell_id": "r2_c16", "mean_lst": 31.075680197485884 }, "geometry": { "type": "Polygon", "coordinates": [ [ [ 72.94, 18.91 ], [ 72.94, 18.92 ], [ 72.93, 18.92 ], [ 72.93, 18.91 ], [ 72.94, 18.91 ] ] ] } },
{ "type": "Feature", "properties": { "cell_id": "r2_c17", "mean_lst": 31.821878965823025 }, "geometry": { "type": "Polygon", "coordinates": [ [ [ 72.95, 18.91 ], [ 72.95, 18.92 ], [ 72.94, 18.92 ], [ 72.94, 18.91 ], [ 72.95, 18.91 ] ] ] } },
{ "type": "Feature", "properties": { "cell_id": "r2_c18", "mean_lst": 33.567436056252575 }, "geometry": { "type": "Polygon", "coordinates": [ [ [ 72.96, 18.91 ], [ 72.96, 18.92 ], [ 72.95, 18.92 ], [ 72.95, 18.91 ], [ 72.96, 18.91 ] ] ] } },
{ "type": "Feature", "properties": { "cell_id": "r2_c19", "mean_lst": 37.616599826505762 }, "geometry": { "type": "Polygon", "coordinates": [ [ [ 72.97, 18.91 ], [ 72.97, 18.92 ], [ 72.96, 18.92 ], [ 72.96, 18.91 ], [ 72.97, 18.91 ] ] ] } },
{ "type": "Feature", "properties": { "cell_id": "r2_c20", "mean_lst": 45.99020235194179 }, "geometry": { "type": "Polygon", "coordinates": [ [ [ 72.980000000000103, 18.91 ], [ 72.980000000000103, 18.92 ], [ 72.97, 18.92 ], [ 72.97, 18.91 ], [ 72.980000000000103, 18.91 ] ] ] } },
{ "type": "Feature", "properties": { "cell_id": "r2_c21", "mean_lst": 44.051029412378092 }, "geometry": { "type": "Polygon", "coordinates": [ [ [ 72.99, 18.91 ], [ 72.99, 18.92 ], [ 72.980000000000103, 18.92 ], [ 72.980000000000103, 18.91 ], [ 72.99, 18.91 ] ] ] } },
{ "type": "Feature", "properties": { "cell_id": "r3_c0", "mean_lst": 30.428969629145609 }, "geometry": { "type": "Polygon", "coordinates": [ [ [ 72.78, 18.92 ], [ 72.78, 18.93 ], [ 72.77, 18.93 ], [ 72.77, 18.92 ], [ 72.78, 18.92 ] ] ] } },
{ "type": "Feature", "properties": { "cell_id": "r3_c1", "mean_lst": 30.428251447569561 }, "geometry": { "type": "Polygon", "coordinates": [ [ [ 72.79, 18.92 ], [ 72.79, 18.93 ], [ 72.78, 18.93 ], [ 72.78, 18.92 ], [ 72.79, 18.92 ] ] ] } },
{ "type": "Feature", "properties": { "cell_id": "r3_c2", "mean_lst": 30.555386803583815 }, "geometry": { "type": "Polygon", "coordinates": [ [ [ 72.8, 18.92 ], [ 72.8, 18.93 ], [ 72.79, 18.93 ], [ 72.79, 18.92 ], [ 72.8, 18.92 ] ] ] } },
{ "type": "Feature", "properties": { "cell_id": "r3_c3", "mean_lst": 30.634979016360365 }, "geometry": { "type": "Polygon", "coordinates": [ [ [ 72.81, 18.92 ], [ 72.81, 18.93 ], [ 72.8, 18.93 ], [ 72.8, 18.92 ], [ 72.81, 18.92 ] ] ] } },
{ "type": "Feature", "properties": { "cell_id": "r3_c4", "mean_lst": 31.151187685877002 }, "geometry": { "type": "Polygon", "coordinates": [ [ [ 72.82, 18.92 ], [ 72.82, 18.93 ], [ 72.81, 18.93 ], [ 72.81, 18.92 ], [ 72.82, 18.92 ] ] ] } },
{ "type": "Feature", "properties": { "cell_id": "r3_c5", "mean_lst": 38.957085619892062 }, "geometry": { "type": "Polygon", "coordinates": [ [ [ 72.83, 18.92 ], [ 72.83, 18.93 ], [ 72.82, 18.93 ], [ 72.82, 18.92 ], [ 72.83, 18.92 ] ] ] } },
{ "type": "Feature", "properties": { "cell_id": "r3_c6", "mean_lst": 39.90693814340203 }, "geometry": { "type": "Polygon", "coordinates": [ [ [ 72.84, 18.92 ], [ 72.84, 18.93 ], [ 72.83, 18.93 ], [ 72.83, 18.92 ], [ 72.84, 18.92 ] ] ] } },
{ "type": "Feature", "properties": { "cell_id": "r3_c7", "mean_lst": 31.186752732968593 }, "geometry": { "type": "Polygon", "coordinates": [ [ [ 72.85, 18.92 ], [ 72.85, 18.93 ], [ 72.84, 18.93 ], [ 72.84, 18.92 ], [ 72.85, 18.92 ] ] ] } },
{ "type": "Feature", "properties": { "cell_id": "r3_c8", "mean_lst": 30.017884476552069 }, "geometry": { "type": "Polygon", "coordinates": [ [ [ 72.86, 18.92 ], [ 72.86, 18.93 ], [ 72.85, 18.93 ], [ 72.85, 18.92 ], [ 72.86, 18.92 ] ] ] } },
{ "type": "Feature", "properties": { "cell_id": "r3_c9", "mean_lst": 30.372638507779484 }, "geometry": { "type": "Polygon", "coordinates": [ [ [ 72.87, 18.92 ], [ 72.87, 18.93 ], [ 72.86, 18.93 ], [ 72.86, 18.92 ], [ 72.87, 18.92 ] ] ] } },
{ "type": "Feature", "properties": { "cell_id": "r3_c10", "mean_lst": 30.484077845756264 }, "geometry": { "type": "Polygon", "coordinates": [ [ [ 72.88, 18.92 ], [ 72.88, 18.93 ], [ 72.87, 18.93 ], [ 72.87, 18.92 ], [ 72.88, 18.92 ] ] ] } },
{ "type": "Feature", "properties": { "cell_id": "r3_c11", "mean_lst": 30.491425783224244 }, "geometry": { "type": "Polygon", "coordinates": [ [ [ 72.89, 18.92 ], [ 72.89, 18.93 ], [ 72.88, 18.93 ], [ 72.88, 18.92 ], [ 72.89, 18.92 ] ] ] } },
{ "type": "Feature", "properties": { "cell_id": "r3_c12", "mean_lst": 30.499341246894204 }, "geometry": { "type": "Polygon", "coordinates": [ [ [ 72.9, 18.92 ], [ 72.9, 18.93 ], [ 72.89, 18.93 ], [ 72.89, 18.92 ], [ 72.9, 18.92 ] ] ] } },
{ "type": "Feature", "properties": { "cell_id": "r3_c13", "mean_lst": 30.632136604235356 }, "geometry": { "type": "Polygon", "coordinates": [ [ [ 72.91, 18.92 ], [ 72.91, 18.93 ], [ 72.9, 18.93 ], [ 72.9, 18.92 ], [ 72.91, 18.92 ] ] ] } },
{ "type": "Feature", "properties": { "cell_id": "r3_c14", "mean_lst": 30.710975515981453 }, "geometry": { "type": "Polygon", "coordinates": [ [ [ 72.92, 18.92 ], [ 72.92, 18.93 ], [ 72.91, 18.93 ], [ 72.91, 18.92 ], [ 72.92, 18.92 ] ] ] } },
{ "type": "Feature", "properties": { "cell_id": "r3_c15", "mean_lst": 31.20879822695322 }, "geometry": { "type": "Polygon", "coordinates": [ [ [ 72.93, 18.92 ], [ 72.93, 18.93 ], [ 72.92, 18.93 ], [ 72.92, 18.92 ], [ 72.93, 18.92 ] ] ] } },
{ "type": "Feature", "properties": { "cell_id": "r3_c16", "mean_lst": 32.780717319094059 }, "geometry": { "type": "Polygon", "coordinates": [ [ [ 72.94, 18.92 ], [ 72.94, 18.93 ], [ 72.93, 18.93 ], [ 72.93, 18.92 ], [ 72.94, 18.92 ] ] ] } },
{ "type": "Feature", "properties": { "cell_id": "r3_c17", "mean_lst": 31.639141910100872 }, "geometry": { "type": "Polygon", "coordinates": [ [ [ 72.95, 18.92 ], [ 72.95, 18.93 ], [ 72.94, 18.93 ], [ 72.94, 18.92 ], [ 72.95, 18.92 ] ] ] } },
{ "type": "Feature", "properties": { "cell_id": "r3_c18", "mean_lst": 38.199753326872141 }, "geometry": { "type": "Polygon", "coordinates": [ [ [ 72.96, 18.92 ], [ 72.96, 18.93 ], [ 72.95, 18.93 ], [ 72.95, 18.92 ], [ 72.96, 18.92 ] ] ] } },
{ "type": "Feature", "properties": { "cell_id": "r3_c19", "mean_lst": 44.692180826669585 }, "geometry": { "type": "Polygon", "coordinates": [ [ [ 72.97, 18.92 ], [ 72.97, 18.93 ], [ 72.96, 18.93 ], [ 72.96, 18.92 ], [ 72.97, 18.92 ] ] ] } },
{ "type": "Feature", "properties": { "cell_id": "r3_c20", "mean_lst": 43.121351190476673 }, "geometry": { "type": "Polygon", "coordinates": [ [ [ 72.980000000000103, 18.92 ], [ 72.980000000000103, 18.93 ], [ 72.97, 18.93 ], [ 72.97, 18.92 ], [ 72.980000000000103, 18.92 ] ] ] } },
{ "type": "Feature", "properties": { "cell_id": "r3_c21", "mean_lst": 37.920917795181936 }, "geometry": { "type": "Polygon", "coordinates": [ [ [ 72.99, 18.92 ], [ 72.99, 18.93 ], [ 72.980000000000103, 18.93 ], [ 72.980000000000103, 18.92 ], [ 72.99, 18.92 ] ] ] } },
{ "type": "Feature", "properties": { "cell_id": "r4_c0", "mean_lst": 30.48448691481687 }, "geometry": { "type": "Polygon", "coordinates": [ [ [ 72.78, 18.93 ], [ 72.78, 18.94 ], [ 72.77, 18.94 ], [ 72.77, 18.93 ], [ 72.78, 18.93 ] ] ] } },
{ "type": "Feature", "properties": { "cell_id": "r4_c1", "mean_lst": 30.629317737975811 }, "geometry": { "type": "Polygon", "coordinates": [ [ [ 72.79, 18.93 ], [ 72.79, 18.94 ], [ 72.78, 18.94 ], [ 72.78, 18.93 ], [ 72.79, 18.93 ] ] ] } },
{ "type": "Feature", "properties": { "cell_id": "r4_c2", "mean_lst": 30.995602726317166 }, "geometry": { "type": "Polygon", "coordinates": [ [ [ 72.8, 18.93 ], [ 72.8, 18.94 ], [ 72.79, 18.94 ], [ 72.79, 18.93 ], [ 72.8, 18.93 ] ] ] } },
{ "type": "Feature", "properties": { "cell_id": "r4_c3", "mean_lst": 30.78061502794699 }, "geometry": { "type": "Polygon", "coordinates": [ [ [ 72.81, 18.93 ], [ 72.81, 18.94 ], [ 72.8, 18.94 ], [ 72.8, 18.93 ], [ 72.81, 18.93 ] ] ] } },
{ "type": "Feature", "properties": { "cell_id": "r4_c4", "mean_lst": 31.044489701278959 }, "geometry": { "type": "Polygon", "coordinates": [ [ [ 72.82, 18.93 ], [ 72.82, 18.94 ], [ 72.81, 18.94 ], [ 72.81, 18.93 ], [ 72.82, 18.93 ] ] ] } },
{ "type": "Feature", "properties": { "cell_id": "r4_c5", "mean_lst": 38.182679501310226 }, "geometry": { "type": "Polygon", "coordinates": [ [ [ 72.83, 18.93 ], [ 72.83, 18.94 ], [ 72.82, 18.94 ], [ 72.82, 18.93 ], [ 72.83, 18.93 ] ] ] } },
{ "type": "Feature", "properties": { "cell_id": "r4_c6", "mean_lst": 43.035216195628621 }, "geometry": { "type": "Polygon", "coordinates": [ [ [ 72.84, 18.93 ], [ 72.84, 18.94 ], [ 72.83, 18.94 ], [ 72.83, 18.93 ], [ 72.84, 18.93 ] ] ] } },
{ "type": "Feature", "properties": { "cell_id": "r4_c7", "mean_lst": 34.031492043025629 }, "geometry": { "type": "Polygon", "coordinates": [ [ [ 72.85, 18.93 ], [ 72.85, 18.94 ], [ 72.84, 18.94 ], [ 72.84, 18.93 ], [ 72.85, 18.93 ] ] ] } },
{ "type": "Feature", "properties": { "cell_id": "r4_c8", "mean_lst": 30.047054958453725 }, "geometry": { "type": "Polygon", "coordinates": [ [ [ 72.86, 18.93 ], [ 72.86, 18.94 ], [ 72.85, 18.94 ], [ 72.85, 18.93 ], [ 72.86, 18.93 ] ] ] } },
{ "type": "Feature", "properties": { "cell_id": "r4_c9", "mean_lst": 30.322487354861376 }, "geometry": { "type": "Polygon", "coordinates": [ [ [ 72.87, 18.93 ], [ 72.87, 18.94 ], [ 72.86, 18.94 ], [ 72.86, 18.93 ], [ 72.87, 18.93 ] ] ] } },
{ "type": "Feature", "properties": { "cell_id": "r4_c10", "mean_lst": 30.561769954519509 }, "geometry": { "type": "Polygon", "coordinates": [ [ [ 72.88, 18.93 ], [ 72.88, 18.94 ], [ 72.87, 18.94 ], [ 72.87, 18.93 ], [ 72.88, 18.93 ] ] ] } },
{ "type": "Feature", "properties": { "cell_id": "r4_c11", "mean_lst": 30.667021158441859 }, "geometry": { "type": "Polygon", "coordinates": [ [ [ 72.89, 18.93 ], [ 72.89, 18.94 ], [ 72.88, 18.94 ], [ 72.88, 18.93 ], [ 72.89, 18.93 ] ] ] } },
{ "type": "Feature", "properties": { "cell_id": "r4_c12", "mean_lst": 30.669813963536463 }, "geometry": { "type": "Polygon", "coordinates": [ [ [ 72.9, 18.93 ], [ 72.9, 18.94 ], [ 72.89, 18.94 ], [ 72.89, 18.93 ], [ 72.9, 18.93 ] ] ] } },
{ "type": "Feature", "properties": { "cell_id": "r4_c13", "mean_lst": 30.474733739054685 }, "geometry": { "type": "Polygon", "coordinates": [ [ [ 72.91, 18.93 ], [ 72.91, 18.94 ], [ 72.9, 18.94 ], [ 72.9, 18.93 ], [ 72.91, 18.93 ] ] ] } },
{ "type": "Feature", "properties": { "cell_id": "r4_c14", "mean_lst": 30.714909384326351 }, "geometry": { "type": "Polygon", "coordinates": [ [ [ 72.92, 18.93 ], [ 72.92, 18.94 ], [ 72.91, 18.94 ], [ 72.91, 18.93 ], [ 72.92, 18.93 ] ] ] } },
{ "type": "Feature", "properties": { "cell_id": "r4_c15", "mean_lst": 30.967299854864066 }, "geometry": { "type": "Polygon", "coordinates": [ [ [ 72.93, 18.93 ], [ 72.93, 18.94 ], [ 72.92, 18.94 ], [ 72.92, 18.93 ], [ 72.93, 18.93 ] ] ] } },
{ "type": "Feature", "properties": { "cell_id": "r4_c16", "mean_lst": 38.406630265369841 }, "geometry": { "type": "Polygon", "coordinates": [ [ [ 72.94, 18.93 ], [ 72.94, 18.94 ], [ 72.93, 18.94 ], [ 72.93, 18.93 ], [ 72.94, 18.93 ] ] ] } },
{ "type": "Feature", "properties": { "cell_id": "r4_c17", "mean_lst": 40.451879966737941 }, "geometry": { "type": "Polygon", "coordinates": [ [ [ 72.95, 18.93 ], [ 72.95, 18.94 ], [ 72.94, 18.94 ], [ 72.94, 18.93 ], [ 72.95, 18.93 ] ] ] } },
{ "type": "Feature", "properties": { "cell_id": "r4_c18", "mean_lst": 40.338903524071519 }, "geometry": { "type": "Polygon", "coordinates": [ [ [ 72.96, 18.93 ], [ 72.96, 18.94 ], [ 72.95, 18.94 ], [ 72.95, 18.93 ], [ 72.96, 18.93 ] ] ] } },
{ "type": "Feature", "properties": { "cell_id": "r4_c19", "mean_lst": 40.301665102357504 }, "geometry": { "type": "Polygon", "coordinates": [ [ [ 72.97, 18.93 ], [ 72.97, 18.94 ], [ 72.96, 18.94 ], [ 72.96, 18.93 ], [ 72.97, 18.93 ] ] ] } },
{ "type": "Feature", "properties": { "cell_id": "r4_c20", "mean_lst": 37.472262298367198 }, "geometry": { "type": "Polygon", "coordinates": [ [ [ 72.980000000000103, 18.93 ], [ 72.980000000000103, 18.94 ], [ 72.97, 18.94 ], [ 72.97, 18.93 ], [ 72.980000000000103, 18.93 ] ] ] } },
{ "type": "Feature", "properties": { "cell_id": "r4_c21", "mean_lst": 37.193256830413532 }, "geometry": { "type": "Polygon", "coordinates": [ [ [ 72.99, 18.93 ], [ 72.99, 18.94 ], [ 72.980000000000103, 18.94 ], [ 72.980000000000103, 18.93 ], [ 72.99, 18.93 ] ] ] } },
{ "type": "Feature", "properties": { "cell_id": "r5_c0", "mean_lst": 30.520347753062001 }, "geometry": { "type": "Polygon", "coordinates": [ [ [ 72.78, 18.94 ], [ 72.78, 18.95 ], [ 72.77, 18.95 ], [ 72.77, 18.94 ], [ 72.78, 18.94 ] ] ] } },
{ "type": "Feature", "properties": { "cell_id": "r5_c1", "mean_lst": 30.723421395424168 }, "geometry": { "type": "Polygon", "coordinates": [ [ [ 72.79, 18.94 ], [ 72.79, 18.95 ], [ 72.78, 18.95 ], [ 72.78, 18.94 ], [ 72.79, 18.94 ] ] ] } },
{ "type": "Feature", "properties": { "cell_id": "r5_c2", "mean_lst": 34.016227129581679 }, "geometry": { "type": "Polygon", "coordinates": [ [ [ 72.8, 18.94 ], [ 72.8, 18.95 ], [ 72.79, 18.95 ], [ 72.79, 18.94 ], [ 72.8, 18.94 ] ] ] } },
{ "type": "Feature", "properties": { "cell_id": "r5_c3", "mean_lst": 31.309219483965638 }, "geometry": { "type": "Polygon", "coordinates": [ [ [ 72.81, 18.94 ], [ 72.81, 18.95 ], [ 72.8, 18.95 ], [ 72.8, 18.94 ], [ 72.81, 18.94 ] ] ] } },
{ "type": "Feature", "properties": { "cell_id": "r5_c4", "mean_lst": 31.514049798892252 }, "geometry": { "type": "Polygon", "coordinates": [ [ [ 72.82, 18.94 ], [ 72.82, 18.95 ], [ 72.81, 18.95 ], [ 72.81, 18.94 ], [ 72.82, 18.94 ] ] ] } },
{ "type": "Feature", "properties": { "cell_id": "r5_c5", "mean_lst": 41.106639479985262 }, "geometry": { "type": "Polygon", "coordinates": [ [ [ 72.83, 18.94 ], [ 72.83, 18.95 ], [ 72.82, 18.95 ], [ 72.82, 18.94 ], [ 72.83, 18.94 ] ] ] } },
{ "type": "Feature", "properties": { "cell_id": "r5_c6", "mean_lst": 45.400481302689265 }, "geometry": { "type": "Polygon", "coordinates": [ [ [ 72.84, 18.94 ], [ 72.84, 18.95 ], [ 72.83, 18.95 ], [ 72.83, 18.94 ], [ 72.84, 18.94 ] ] ] } },
{ "type": "Feature", "properties": { "cell_id": "r5_c7", "mean_lst": 39.458003226794588 }, "geometry": { "type": "Polygon", "coordinates": [ [ [ 72.85, 18.94 ], [ 72.85, 18.95 ], [ 72.84, 18.95 ], [ 72.84, 18.94 ], [ 72.85, 18.94 ] ] ] } },
{ "type": "Feature", "properties": { "cell_id": "r5_c8", "mean_lst": 31.299353779817814 }, "geometry": { "type": "Polygon", "coordinates": [ [ [ 72.86, 18.94 ], [ 72.86, 18.95 ], [ 72.85, 18.95 ], [ 72.85, 18.94 ], [ 72.86, 18.94 ] ] ] } },
{ "type": "Feature", "properties": { "cell_id": "r5_c9", "mean_lst": 30.678060919538606 }, "geometry": { "type": "Polygon", "coordinates": [ [ [ 72.87, 18.94 ], [ 72.87, 18.95 ], [ 72.86, 18.95 ], [ 72.86, 18.94 ], [ 72.87, 18.94 ] ] ] } },
{ "type": "Feature", "properties": { "cell_id": "r5_c10", "mean_lst": 30.660641763278477 }, "geometry": { "type": "Polygon", "coordinates": [ [ [ 72.88, 18.94 ], [ 72.88, 18.95 ], [ 72.87, 18.95 ], [ 72.87, 18.94 ], [ 72.88, 18.94 ] ] ] } },
{ "type": "Feature", "properties": { "cell_id": "r5_c11", "mean_lst": 30.707191714196956 }, "geometry": { "type": "Polygon", "coordinates": [ [ [ 72.89, 18.94 ], [ 72.89, 18.95 ], [ 72.88, 18.95 ], [ 72.88, 18.94 ], [ 72.89, 18.94 ] ] ] } },
{ "type": "Feature", "properties": { "cell_id": "r5_c12", "mean_lst": 30.71356145144442 }, "geometry": { "type": "Polygon", "coordinates": [ [ [ 72.9, 18.94 ], [ 72.9, 18.95 ], [ 72.89, 18.95 ], [ 72.89, 18.94 ], [ 72.9, 18.94 ] ] ] } },
{ "type": "Feature", "properties": { "cell_id": "r5_c13", "mean_lst": 30.349019360140293 }, "geometry": { "type": "Polygon", "coordinates": [ [ [ 72.91, 18.94 ], [ 72.91, 18.95 ], [ 72.9, 18.95 ], [ 72.9, 18.94 ], [ 72.91, 18.94 ] ] ] } },
{ "type": "Feature", "properties": { "cell_id": "r5_c14", "mean_lst": 30.466391723440243 }, "geometry": { "type": "Polygon", "coordinates": [ [ [ 72.92, 18.94 ], [ 72.92, 18.95 ], [ 72.91, 18.95 ], [ 72.91, 18.94 ], [ 72.92, 18.94 ] ] ] } },
{ "type": "Feature", "properties": { "cell_id": "r5_c15", "mean_lst": 30.648922218761737 }, "geometry": { "type": "Polygon", "coordinates": [ [ [ 72.93, 18.94 ], [ 72.93, 18.95 ], [ 72.92, 18.95 ], [ 72.92, 18.94 ], [ 72.93, 18.94 ] ] ] } },
{ "type": "Feature", "properties": { "cell_id": "r5_c16", "mean_lst": 31.832382701958942 }, "geometry": { "type": "Polygon", "coordinates": [ [ [ 72.94, 18.94 ], [ 72.94, 18.95 ], [ 72.93, 18.95 ], [ 72.93, 18.94 ], [ 72.94, 18.94 ] ] ] } },
{ "type": "Feature", "properties": { "cell_id": "r5_c17", "mean_lst": 41.991547109584538 }, "geometry": { "type": "Polygon", "coordinates": [ [ [ 72.95, 18.94 ], [ 72.95, 18.95 ], [ 72.94, 18.95 ], [ 72.94, 18.94 ], [ 72.95, 18.94 ] ] ] } },
{ "type": "Feature", "properties": { "cell_id": "r5_c18", "mean_lst": 44.161963293771471 }, "geometry": { "type": "Polygon", "coordinates": [ [ [ 72.96, 18.94 ], [ 72.96, 18.95 ], [ 72.95, 18.95 ], [ 72.95, 18.94 ], [ 72.96, 18.94 ] ] ] } },
{ "type": "Feature", "properties": { "cell_id": "r5_c19", "mean_lst": 39.638582472969809 }, "geometry": { "type": "Polygon", "coordinates": [ [ [ 72.97, 18.94 ], [ 72.97, 18.95 ], [ 72.96, 18.95 ], [ 72.96, 18.94 ], [ 72.97, 18.94 ] ] ] } },
{ "type": "Feature", "properties": { "cell_id": "r5_c20", "mean_lst": 35.79713299802571 }, "geometry": { "type": "Polygon", "coordinates": [ [ [ 72.980000000000103, 18.94 ], [ 72.980000000000103, 18.95 ], [ 72.97, 18.95 ], [ 72.97, 18.94 ], [ 72.980000000000103, 18.94 ] ] ] } },
{ "type": "Feature", "properties": { "cell_id": "r5_c21", "mean_lst": 35.256304701318875 }, "geometry": { "type": "Polygon", "coordinates": [ [ [ 72.99, 18.94 ], [ 72.99, 18.95 ], [ 72.980000000000103, 18.95 ], [ 72.980000000000103, 18.94 ], [ 72.99, 18.94 ] ] ] } },
{ "type": "Feature", "properties": { "cell_id": "r6_c0", "mean_lst": 30.502036026867778 }, "geometry": { "type": "Polygon", "coordinates": [ [ [ 72.78, 18.95 ], [ 72.78, 18.96 ], [ 72.77, 18.96 ], [ 72.77, 18.95 ], [ 72.78, 18.95 ] ] ] } },
{ "type": "Feature", "properties": { "cell_id": "r6_c1", "mean_lst": 30.660087088822586 }, "geometry": { "type": "Polygon", "coordinates": [ [ [ 72.79, 18.95 ], [ 72.79, 18.96 ], [ 72.78, 18.96 ], [ 72.78, 18.95 ], [ 72.79, 18.95 ] ] ] } },
{ "type": "Feature", "properties": { "cell_id": "r6_c2", "mean_lst": 34.360492769550198 }, "geometry": { "type": "Polygon", "coordinates": [ [ [ 72.8, 18.95 ], [ 72.8, 18.96 ], [ 72.79, 18.96 ], [ 72.79, 18.95 ], [ 72.8, 18.95 ] ] ] } },
{ "type": "Feature", "properties": { "cell_id": "r6_c3", "mean_lst": 37.613501121459059 }, "geometry": { "type": "Polygon", "coordinates": [ [ [ 72.81, 18.95 ], [ 72.81, 18.96 ], [ 72.8, 18.96 ], [ 72.8, 18.95 ], [ 72.81, 18.95 ] ] ] } },
{ "type": "Feature", "properties": { "cell_id": "r6_c4", "mean_lst": 40.420390461206743 }, "geometry": { "type": "Polygon", "coordinates": [ [ [ 72.82, 18.95 ], [ 72.82, 18.96 ], [ 72.81, 18.96 ], [ 72.81, 18.95 ], [ 72.82, 18.95 ] ] ] } },
{ "type": "Feature", "properties": { "cell_id": "r6_c5", "mean_lst": 43.768907197489689 }, "geometry": { "type": "Polygon", "coordinates": [ [ [ 72.83, 18.95 ], [ 72.83, 18.96 ], [ 72.82, 18.96 ], [ 72.82, 18.95 ], [ 72.83, 18.95 ] ] ] } },
{ "type": "Feature", "properties": { "cell_id": "r6_c6", "mean_lst": 45.275067282752509 }, "geometry": { "type": "Polygon", "coordinates": [ [ [ 72.84, 18.95 ], [ 72.84, 18.96 ], [ 72.83, 18.96 ], [ 72.83, 18.95 ], [ 72.84, 18.95 ] ] ] } },
{ "type": "Feature", "properties": { "cell_id": "r6_c7", "mean_lst": 42.372363482651195 }, "geometry": { "type": "Polygon", "coordinates": [ [ [ 72.85, 18.95 ], [ 72.85, 18.96 ], [ 72.84, 18.96 ], [ 72.84, 18.95 ], [ 72.85, 18.95 ] ] ] } },
{ "type": "Feature", "properties": { "cell_id": "r6_c8", "mean_lst": 30.783692407396714 }, "geometry": { "type": "Polygon", "coordinates": [ [ [ 72.86, 18.95 ], [ 72.86, 18.96 ], [ 72.85, 18.96 ], [ 72.85, 18.95 ], [ 72.86, 18.95 ] ] ] } },
{ "type": "Feature", "properties": { "cell_id": "r6_c9", "mean_lst": 30.694010796101917 }, "geometry": { "type": "Polygon", "coordinates": [ [ [ 72.87, 18.95 ], [ 72.87, 18.96 ], [ 72.86, 18.96 ], [ 72.86, 18.95 ], [ 72.87, 18.95 ] ] ] } },
{ "type": "Feature", "properties": { "cell_id": "r6_c10", "mean_lst": 30.676520506932839 }, "geometry": { "type": "Polygon", "coordinates": [ [ [ 72.88, 18.95 ], [ 72.88, 18.96 ], [ 72.87, 18.96 ], [ 72.87, 18.95 ], [ 72.88, 18.95 ] ] ] } },
{ "type": "Feature", "properties": { "cell_id": "r6_c11", "mean_lst": 30.610342060694162 }, "geometry": { "type": "Polygon", "coordinates": [ [ [ 72.89, 18.95 ], [ 72.89, 18.96 ], [ 72.88, 18.96 ], [ 72.88, 18.95 ], [ 72.89, 18.95 ] ] ] } },
{ "type": "Feature", "properties": { "cell_id": "r6_c12", "mean_lst": 30.917572216156799 }, "geometry": { "type": "Polygon", "coordinates": [ [ [ 72.9, 18.95 ], [ 72.9, 18.96 ], [ 72.89, 18.96 ], [ 72.89, 18.95 ], [ 72.9, 18.95 ] ] ] } },
{ "type": "Feature", "properties": { "cell_id": "r6_c13", "mean_lst": 32.376315424711635 }, "geometry": { "type": "Polygon", "coordinates": [ [ [ 72.91, 18.95 ], [ 72.91, 18.96 ], [ 72.9, 18.96 ], [ 72.9, 18.95 ], [ 72.91, 18.95 ] ] ] } },
{ "type": "Feature", "properties": { "cell_id": "r6_c14", "mean_lst": 30.384722341102755 }, "geometry": { "type": "Polygon", "coordinates": [ [ [ 72.92, 18.95 ], [ 72.92, 18.96 ], [ 72.91, 18.96 ], [ 72.91, 18.95 ], [ 72.92, 18.95 ] ] ] } },
{ "type": "Feature", "properties": { "cell_id": "r6_c15", "mean_lst": 31.571258552218207 }, "geometry": { "type": "Polygon", "coordinates": [ [ [ 72.93, 18.95 ], [ 72.93, 18.96 ], [ 72.92, 18.96 ], [ 72.92, 18.95 ], [ 72.93, 18.95 ] ] ] } },
{ "type": "Feature", "properties": { "cell_id": "r6_c16", "mean_lst": 34.78088543204823 }, "geometry": { "type": "Polygon", "coordinates": [ [ [ 72.94, 18.95 ], [ 72.94, 18.96 ], [ 72.93, 18.96 ], [ 72.93, 18.95 ], [ 72.94, 18.95 ] ] ] } },
{ "type": "Feature", "properties": { "cell_id": "r6_c17", "mean_lst": 33.945048757980025 }, "geometry": { "type": "Polygon", "coordinates": [ [ [ 72.95, 18.95 ], [ 72.95, 18.96 ], [ 72.94, 18.96 ], [ 72.94, 18.95 ], [ 72.95, 18.95 ] ] ] } },
{ "type": "Feature", "properties": { "cell_id": "r6_c18", "mean_lst": 44.931872261632314 }, "geometry": { "type": "Polygon", "coordinates": [ [ [ 72.96, 18.95 ], [ 72.96, 18.96 ], [ 72.95, 18.96 ], [ 72.95, 18.95 ], [ 72.96, 18.95 ] ] ] } },
{ "type": "Feature", "properties": { "cell_id": "r6_c19", "mean_lst": 35.922344752031556 }, "geometry": { "type": "Polygon", "coordinates": [ [ [ 72.97, 18.95 ], [ 72.97, 18.96 ], [ 72.96, 18.96 ], [ 72.96, 18.95 ], [ 72.97, 18.95 ] ] ] } },
{ "type": "Feature", "properties": { "cell_id": "r6_c20", "mean_lst": 34.182025491052769 }, "geometry": { "type": "Polygon", "coordinates": [ [ [ 72.980000000000103, 18.95 ], [ 72.980000000000103, 18.96 ], [ 72.97, 18.96 ], [ 72.97, 18.95 ], [ 72.980000000000103, 18.95 ] ] ] } },
{ "type": "Feature", "properties": { "cell_id": "r6_c21", "mean_lst": 36.378591235548086 }, "geometry": { "type": "Polygon", "coordinates": [ [ [ 72.99, 18.95 ], [ 72.99, 18.96 ], [ 72.980000000000103, 18.96 ], [ 72.980000000000103, 18.95 ], [ 72.99, 18.95 ] ] ] } },
{ "type": "Feature", "properties": { "cell_id": "r7_c0", "mean_lst": 30.670976569186934 }, "geometry": { "type": "Polygon", "coordinates": [ [ [ 72.78, 18.96 ], [ 72.78, 18.97 ], [ 72.77, 18.97 ], [ 72.77, 18.96 ], [ 72.78, 18.96 ] ] ] } },
{ "type": "Feature", "properties": { "cell_id": "r7_c1", "mean_lst": 30.731636272765815 }, "geometry": { "type": "Polygon", "coordinates": [ [ [ 72.79, 18.96 ], [ 72.79, 18.97 ], [ 72.78, 18.97 ], [ 72.78, 18.96 ], [ 72.79, 18.96 ] ] ] } },
{ "type": "Feature", "properties": { "cell_id": "r7_c2", "mean_lst": 31.798863467562043 }, "geometry": { "type": "Polygon", "coordinates": [ [ [ 72.8, 18.96 ], [ 72.8, 18.97 ], [ 72.79, 18.97 ], [ 72.79, 18.96 ], [ 72.8, 18.96 ] ] ] } },
{ "type": "Feature", "properties": { "cell_id": "r7_c3", "mean_lst": 39.983337737791153 }, "geometry": { "type": "Polygon", "coordinates": [ [ [ 72.81, 18.96 ], [ 72.81, 18.97 ], [ 72.8, 18.97 ], [ 72.8, 18.96 ], [ 72.81, 18.96 ] ] ] } },
{ "type": "Feature", "properties": { "cell_id": "r7_c4", "mean_lst": 41.8062158940633 }, "geometry": { "type": "Polygon", "coordinates": [ [ [ 72.82, 18.96 ], [ 72.82, 18.97 ], [ 72.81, 18.97 ], [ 72.81, 18.96 ], [ 72.82, 18.96 ] ] ] } },
{ "type": "Feature", "properties": { "cell_id": "r7_c5", "mean_lst": 44.399907251071248 }, "geometry": { "type": "Polygon", "coordinates": [ [ [ 72.83, 18.96 ], [ 72.83, 18.97 ], [ 72.82, 18.97 ], [ 72.82, 18.96 ], [ 72.83, 18.96 ] ] ] } },
{ "type": "Feature", "properties": { "cell_id": "r7_c6", "mean_lst": 43.244661675088373 }, "geometry": { "type": "Polygon", "coordinates": [ [ [ 72.84, 18.96 ], [ 72.84, 18.97 ], [ 72.83, 18.97 ], [ 72.83, 18.96 ], [ 72.84, 18.96 ] ] ] } },
{ "type": "Feature", "properties": { "cell_id": "r7_c7", "mean_lst": 43.952086219125142 }, "geometry": { "type": "Polygon", "coordinates": [ [ [ 72.85, 18.96 ], [ 72.85, 18.97 ], [ 72.84, 18.97 ], [ 72.84, 18.96 ], [ 72.85, 18.96 ] ] ] } },
{ "type": "Feature", "properties": { "cell_id": "r7_c8", "mean_lst": 31.873779725390854 }, "geometry": { "type": "Polygon", "coordinates": [ [ [ 72.86, 18.96 ], [ 72.86, 18.97 ], [ 72.85, 18.97 ], [ 72.85, 18.96 ], [ 72.86, 18.96 ] ] ] } },
{ "type": "Feature", "properties": { "cell_id": "r7_c9", "mean_lst": 30.781488681840589 }, "geometry": { "type": "Polygon", "coordinates": [ [ [ 72.87, 18.96 ], [ 72.87, 18.97 ], [ 72.86, 18.97 ], [ 72.86, 18.96 ], [ 72.87, 18.96 ] ] ] } },
{ "type": "Feature", "properties": { "cell_id": "r7_c10", "mean_lst": 30.71932921188268 }, "geometry": { "type": "Polygon", "coordinates": [ [ [ 72.88, 18.96 ], [ 72.88, 18.97 ], [ 72.87, 18.97 ], [ 72.87, 18.96 ], [ 72.88, 18.96 ] ] ] } },
{ "type": "Feature", "properties": { "cell_id": "r7_c11", "mean_lst": 30.481979532520992 }, "geometry": { "type": "Polygon", "coordinates": [ [ [ 72.89, 18.96 ], [ 72.89, 18.97 ], [ 72.88, 18.97 ], [ 72.88, 18.96 ], [ 72.89, 18.96 ] ] ] } },
{ "type": "Feature", "properties": { "cell_id": "r7_c12", "mean_lst": 30.820477613026043 }, "geometry": { "type": "Polygon", "coordinates": [ [ [ 72.9, 18.96 ], [ 72.9, 18.97 ], [ 72.89, 18.97 ], [ 72.89, 18.96 ], [ 72.9, 18.96 ] ] ] } },
{ "type": "Feature", "properties": { "cell_id": "r7_c13", "mean_lst": 31.633128773634883 }, "geometry": { "type": "Polygon", "coordinates": [ [ [ 72.91, 18.96 ], [ 72.91, 18.97 ], [ 72.9, 18.97 ], [ 72.9, 18.96 ], [ 72.91, 18.96 ] ] ] } },
{ "type": "Feature", "properties": { "cell_id": "r7_c14", "mean_lst": 30.199748189292823 }, "geometry": { "type": "Polygon", "coordinates": [ [ [ 72.92, 18.96 ], [ 72.92, 18.97 ], [ 72.91, 18.97 ], [ 72.91, 18.96 ], [ 72.92, 18.96 ] ] ] } },
{ "type": "Feature", "properties": { "cell_id": "r7_c15", "mean_lst": 32.505097452096827 }, "geometry": { "type": "Polygon", "coordinates": [ [ [ 72.93, 18.96 ], [ 72.93, 18.97 ], [ 72.92, 18.97 ], [ 72.92, 18.96 ], [ 72.93, 18.96 ] ] ] } },
{ "type": "Feature", "properties": { "cell_id": "r7_c16", "mean_lst": 37.797036744012757 }, "geometry": { "type": "Polygon", "coordinates": [ [ [ 72.94, 18.96 ], [ 72.94, 18.97 ], [ 72.93, 18.97 ], [ 72.93, 18.96 ], [ 72.94, 18.96 ] ] ] } },
{ "type": "Feature", "properties": { "cell_id": "r7_c17", "mean_lst": 32.220515864448522 }, "geometry": { "type": "Polygon", "coordinates": [ [ [ 72.95, 18.96 ], [ 72.95, 18.97 ], [ 72.94, 18.97 ], [ 72.94, 18.96 ], [ 72.95, 18.96 ] ] ] } },
{ "type": "Feature", "properties": { "cell_id": "r7_c18", "mean_lst": 34.701883938732834 }, "geometry": { "type": "Polygon", "coordinates": [ [ [ 72.96, 18.96 ], [ 72.96, 18.97 ], [ 72.95, 18.97 ], [ 72.95, 18.96 ], [ 72.96, 18.96 ] ] ] } },
{ "type": "Feature", "properties": { "cell_id": "r7_c19", "mean_lst": 38.088369721349991 }, "geometry": { "type": "Polygon", "coordinates": [ [ [ 72.97, 18.96 ], [ 72.97, 18.97 ], [ 72.96, 18.97 ], [ 72.96, 18.96 ], [ 72.97, 18.96 ] ] ] } },
{ "type": "Feature", "properties": { "cell_id": "r7_c20", "mean_lst": 34.25745535258006 }, "geometry": { "type": "Polygon", "coordinates": [ [ [ 72.980000000000103, 18.96 ], [ 72.980000000000103, 18.97 ], [ 72.97, 18.97 ], [ 72.97, 18.96 ], [ 72.980000000000103, 18.96 ] ] ] } },
{ "type": "Feature", "properties": { "cell_id": "r7_c21", "mean_lst": 36.441282397562382 }, "geometry": { "type": "Polygon", "coordinates": [ [ [ 72.99, 18.96 ], [ 72.99, 18.97 ], [ 72.980000000000103, 18.97 ], [ 72.980000000000103, 18.96 ], [ 72.99, 18.96 ] ] ] } },
{ "type": "Feature", "properties": { "cell_id": "r8_c0", "mean_lst": 30.663549670947052 }, "geometry": { "type": "Polygon", "coordinates": [ [ [ 72.78, 18.97 ], [ 72.78, 18.98 ], [ 72.77, 18.98 ], [ 72.77, 18.97 ], [ 72.78, 18.97 ] ] ] } },
{ "type": "Feature", "properties": { "cell_id": "r8_c1", "mean_lst": 30.976605499500966 }, "geometry": { "type": "Polygon", "coordinates": [ [ [ 72.79, 18.97 ], [ 72.79, 18.98 ], [ 72.78, 18.98 ], [ 72.78, 18.97 ], [ 72.79, 18.97 ] ] ] } },
{ "type": "Feature", "properties": { "cell_id": "r8_c2", "mean_lst": 31.084794336047885 }, "geometry": { "type": "Polygon", "coordinates": [ [ [ 72.8, 18.97 ], [ 72.8, 18.98 ], [ 72.79, 18.98 ], [ 72.79, 18.97 ], [ 72.8, 18.97 ] ] ] } },
{ "type": "Feature", "properties": { "cell_id": "r8_c3", "mean_lst": 38.071934053785448 }, "geometry": { "type": "Polygon", "coordinates": [ [ [ 72.81, 18.97 ], [ 72.81, 18.98 ], [ 72.8, 18.98 ], [ 72.8, 18.97 ], [ 72.81, 18.97 ] ] ] } },
{ "type": "Feature", "properties": { "cell_id": "r8_c4", "mean_lst": 40.149798850045016 }, "geometry": { "type": "Polygon", "coordinates": [ [ [ 72.82, 18.97 ], [ 72.82, 18.98 ], [ 72.81, 18.98 ], [ 72.81, 18.97 ], [ 72.82, 18.97 ] ] ] } },
{ "type": "Feature", "properties": { "cell_id": "r8_c5", "mean_lst": 42.372876904418924 }, "geometry": { "type": "Polygon", "coordinates": [ [ [ 72.83, 18.97 ], [ 72.83, 18.98 ], [ 72.82, 18.98 ], [ 72.82, 18.97 ], [ 72.83, 18.97 ] ] ] } },
{ "type": "Feature", "properties": { "cell_id": "r8_c6", "mean_lst": 42.252136587907273 }, "geometry": { "type": "Polygon", "coordinates": [ [ [ 72.84, 18.97 ], [ 72.84, 18.98 ], [ 72.83, 18.98 ], [ 72.83, 18.97 ], [ 72.84, 18.97 ] ] ] } },
{ "type": "Feature", "properties": { "cell_id": "r8_c7", "mean_lst": 44.969890939488408 }, "geometry": { "type": "Polygon", "coordinates": [ [ [ 72.85, 18.97 ], [ 72.85, 18.98 ], [ 72.84, 18.98 ], [ 72.84, 18.97 ], [ 72.85, 18.97 ] ] ] } },
{ "type": "Feature", "properties": { "cell_id": "r8_c8", "mean_lst": 36.849748160889014 }, "geometry": { "type": "Polygon", "coordinates": [ [ [ 72.86, 18.97 ], [ 72.86, 18.98 ], [ 72.85, 18.98 ], [ 72.85, 18.97 ], [ 72.86, 18.97 ] ] ] } },
{ "type": "Feature", "properties": { "cell_id": "r8_c9", "mean_lst": 30.779763200793447 }, "geometry": { "type": "Polygon", "coordinates": [ [ [ 72.87, 18.97 ], [ 72.87, 18.98 ], [ 72.86, 18.98 ], [ 72.86, 18.97 ], [ 72.87, 18.97 ] ] ] } },
{ "type": "Feature", "properties": { "cell_id": "r8_c10", "mean_lst": 31.113925444061746 }, "geometry": { "type": "Polygon", "coordinates": [ [ [ 72.88, 18.97 ], [ 72.88, 18.98 ], [ 72.87, 18.98 ], [ 72.87, 18.97 ], [ 72.88, 18.97 ] ] ] } },
{ "type": "Feature", "properties": { "cell_id": "r8_c11", "mean_lst": 30.663539552545309 }, "geometry": { "type": "Polygon", "coordinates": [ [ [ 72.89, 18.97 ], [ 72.89, 18.98 ], [ 72.88, 18.98 ], [ 72.88, 18.97 ], [ 72.89, 18.97 ] ] ] } },
{ "type": "Feature", "properties": { "cell_id": "r8_c12", "mean_lst": 30.366990609739869 }, "geometry": { "type": "Polygon", "coordinates": [ [ [ 72.9, 18.97 ], [ 72.9, 18.98 ], [ 72.89, 18.98 ], [ 72.89, 18.97 ], [ 72.9, 18.97 ] ] ] } },
{ "type": "Feature", "properties": { "cell_id": "r8_c13", "mean_lst": 30.162068365341259 }, "geometry": { "type": "Polygon", "coordinates": [ [ [ 72.91, 18.97 ], [ 72.91, 18.98 ], [ 72.9, 18.98 ], [ 72.9, 18.97 ], [ 72.91, 18.97 ] ] ] } },
{ "type": "Feature", "properties": { "cell_id": "r8_c14", "mean_lst": 30.37238484753777 }, "geometry": { "type": "Polygon", "coordinates": [ [ [ 72.92, 18.97 ], [ 72.92, 18.98 ], [ 72.91, 18.98 ], [ 72.91, 18.97 ], [ 72.92, 18.97 ] ] ] } },
{ "type": "Feature", "properties": { "cell_id": "r8_c15", "mean_lst": 30.372652651592258 }, "geometry": { "type": "Polygon", "coordinates": [ [ [ 72.93, 18.97 ], [ 72.93, 18.98 ], [ 72.92, 18.98 ], [ 72.92, 18.97 ], [ 72.93, 18.97 ] ] ] } },
{ "type": "Feature", "properties": { "cell_id": "r8_c16", "mean_lst": 31.533710646697632 }, "geometry": { "type": "Polygon", "coordinates": [ [ [ 72.94, 18.97 ], [ 72.94, 18.98 ], [ 72.93, 18.98 ], [ 72.93, 18.97 ], [ 72.94, 18.97 ] ] ] } },
{ "type": "Feature", "properties": { "cell_id": "r8_c17", "mean_lst": 30.991772256555809 }, "geometry": { "type": "Polygon", "coordinates": [ [ [ 72.95, 18.97 ], [ 72.95, 18.98 ], [ 72.94, 18.98 ], [ 72.94, 18.97 ], [ 72.95, 18.97 ] ] ] } },
{ "type": "Feature", "properties": { "cell_id": "r8_c18", "mean_lst": 33.462870189584528 }, "geometry": { "type": "Polygon", "coordinates": [ [ [ 72.96, 18.97 ], [ 72.96, 18.98 ], [ 72.95, 18.98 ], [ 72.95, 18.97 ], [ 72.96, 18.97 ] ] ] } },
{ "type": "Feature", "properties": { "cell_id": "r8_c19", "mean_lst": 31.785049447788523 }, "geometry": { "type": "Polygon", "coordinates": [ [ [ 72.97, 18.97 ], [ 72.97, 18.98 ], [ 72.96, 18.98 ], [ 72.96, 18.97 ], [ 72.97, 18.97 ] ] ] } },
{ "type": "Feature", "properties": { "cell_id": "r8_c20", "mean_lst": 31.389725578443969 }, "geometry": { "type": "Polygon", "coordinates": [ [ [ 72.980000000000103, 18.97 ], [ 72.980000000000103, 18.98 ], [ 72.97, 18.98 ], [ 72.97, 18.97 ], [ 72.980000000000103, 18.97 ] ] ] } },
{ "type": "Feature", "properties": { "cell_id": "r8_c21", "mean_lst": 32.102405238329872 }, "geometry": { "type": "Polygon", "coordinates": [ [ [ 72.99, 18.97 ], [ 72.99, 18.98 ], [ 72.980000000000103, 18.98 ], [ 72.980000000000103, 18.97 ], [ 72.99, 18.97 ] ] ] } },
{ "type": "Feature", "properties": { "cell_id": "r9_c0", "mean_lst": 30.899464551340298 }, "geometry": { "type": "Polygon", "coordinates": [ [ [ 72.78, 18.98 ], [ 72.78, 18.99 ], [ 72.77, 18.99 ], [ 72.77, 18.98 ], [ 72.78, 18.98 ] ] ] } },
{ "type": "Feature", "properties": { "cell_id": "r9_c1", "mean_lst": 31.019573412139135 }, "geometry": { "type": "Polygon", "coordinates": [ [ [ 72.79, 18.98 ], [ 72.79, 18.99 ], [ 72.78, 18.99 ], [ 72.78, 18.98 ], [ 72.79, 18.98 ] ] ] } },
{ "type": "Feature", "properties": { "cell_id": "r9_c2", "mean_lst": 31.175800547636531 }, "geometry": { "type": "Polygon", "coordinates": [ [ [ 72.8, 18.98 ], [ 72.8, 18.99 ], [ 72.79, 18.99 ], [ 72.79, 18.98 ], [ 72.8, 18.98 ] ] ] } },
{ "type": "Feature", "properties": { "cell_id": "r9_c3", "mean_lst": 31.930258416931348 }, "geometry": { "type": "Polygon", "coordinates": [ [ [ 72.81, 18.98 ], [ 72.81, 18.99 ], [ 72.8, 18.99 ], [ 72.8, 18.98 ], [ 72.81, 18.98 ] ] ] } },
{ "type": "Feature", "properties": { "cell_id": "r9_c4", "mean_lst": 41.274108834880224 }, "geometry": { "type": "Polygon", "coordinates": [ [ [ 72.82, 18.98 ], [ 72.82, 18.99 ], [ 72.81, 18.99 ], [ 72.81, 18.98 ], [ 72.82, 18.98 ] ] ] } },
{ "type": "Feature", "properties": { "cell_id": "r9_c5", "mean_lst": 42.538392606720578 }, "geometry": { "type": "Polygon", "coordinates": [ [ [ 72.83, 18.98 ], [ 72.83, 18.99 ], [ 72.82, 18.99 ], [ 72.82, 18.98 ], [ 72.83, 18.98 ] ] ] } },
{ "type": "Feature", "properties": { "cell_id": "r9_c6", "mean_lst": 42.011614031051238 }, "geometry": { "type": "Polygon", "coordinates": [ [ [ 72.84, 18.98 ], [ 72.84, 18.99 ], [ 72.83, 18.99 ], [ 72.83, 18.98 ], [ 72.84, 18.98 ] ] ] } },
{ "type": "Feature", "properties": { "cell_id": "r9_c7", "mean_lst": 45.177997679768346 }, "geometry": { "type": "Polygon", "coordinates": [ [ [ 72.85, 18.98 ], [ 72.85, 18.99 ], [ 72.84, 18.99 ], [ 72.84, 18.98 ], [ 72.85, 18.98 ] ] ] } },
{ "type": "Feature", "properties": { "cell_id": "r9_c8", "mean_lst": 44.910400822457795 }, "geometry": { "type": "Polygon", "coordinates": [ [ [ 72.86, 18.98 ], [ 72.86, 18.99 ], [ 72.85, 18.99 ], [ 72.85, 18.98 ], [ 72.86, 18.98 ] ] ] } },
{ "type": "Feature", "properties": { "cell_id": "r9_c9", "mean_lst": 31.699380456877062 }, "geometry": { "type": "Polygon", "coordinates": [ [ [ 72.87, 18.98 ], [ 72.87, 18.99 ], [ 72.86, 18.99 ], [ 72.86, 18.98 ], [ 72.87, 18.98 ] ] ] } },
{ "type": "Feature", "properties": { "cell_id": "r9_c10", "mean_lst": 30.717766244669821 }, "geometry": { "type": "Polygon", "coordinates": [ [ [ 72.88, 18.98 ], [ 72.88, 18.99 ], [ 72.87, 18.99 ], [ 72.87, 18.98 ], [ 72.88, 18.98 ] ] ] } },
{ "type": "Feature", "properties": { "cell_id": "r9_c11", "mean_lst": 31.313404824458598 }, "geometry": { "type": "Polygon", "coordinates": [ [ [ 72.89, 18.98 ], [ 72.89, 18.99 ], [ 72.88, 18.99 ], [ 72.88, 18.98 ], [ 72.89, 18.98 ] ] ] } },
{ "type": "Feature", "properties": { "cell_id": "r9_c12", "mean_lst": 31.503444886614854 }, "geometry": { "type": "Polygon", "coordinates": [ [ [ 72.9, 18.98 ], [ 72.9, 18.99 ], [ 72.89, 18.99 ], [ 72.89, 18.98 ], [ 72.9, 18.98 ] ] ] } },
{ "type": "Feature", "properties": { "cell_id": "r9_c13", "mean_lst": 30.718077182063059 }, "geometry": { "type": "Polygon", "coordinates": [ [ [ 72.91, 18.98 ], [ 72.91, 18.99 ], [ 72.9, 18.99 ], [ 72.9, 18.98 ], [ 72.91, 18.98 ] ] ] } },
{ "type": "Feature", "properties": { "cell_id": "r9_c14", "mean_lst": 31.526385717079751 }, "geometry": { "type": "Polygon", "coordinates": [ [ [ 72.92, 18.98 ], [ 72.92, 18.99 ], [ 72.91, 18.99 ], [ 72.91, 18.98 ], [ 72.92, 18.98 ] ] ] } },
{ "type": "Feature", "properties": { "cell_id": "r9_c15", "mean_lst": 31.363796578938459 }, "geometry": { "type": "Polygon", "coordinates": [ [ [ 72.93, 18.98 ], [ 72.93, 18.99 ], [ 72.92, 18.99 ], [ 72.92, 18.98 ], [ 72.93, 18.98 ] ] ] } },
{ "type": "Feature", "properties": { "cell_id": "r9_c16", "mean_lst": 30.996562017263049 }, "geometry": { "type": "Polygon", "coordinates": [ [ [ 72.94, 18.98 ], [ 72.94, 18.99 ], [ 72.93, 18.99 ], [ 72.93, 18.98 ], [ 72.94, 18.98 ] ] ] } },
{ "type": "Feature", "properties": { "cell_id": "r9_c17", "mean_lst": 31.196306092032234 }, "geometry": { "type": "Polygon", "coordinates": [ [ [ 72.95, 18.98 ], [ 72.95, 18.99 ], [ 72.94, 18.99 ], [ 72.94, 18.98 ], [ 72.95, 18.98 ] ] ] } },
{ "type": "Feature", "properties": { "cell_id": "r9_c18", "mean_lst": 30.968370336693045 }, "geometry": { "type": "Polygon", "coordinates": [ [ [ 72.96, 18.98 ], [ 72.96, 18.99 ], [ 72.95, 18.99 ], [ 72.95, 18.98 ], [ 72.96, 18.98 ] ] ] } },
{ "type": "Feature", "properties": { "cell_id": "r9_c19", "mean_lst": 31.044424327900366 }, "geometry": { "type": "Polygon", "coordinates": [ [ [ 72.97, 18.98 ], [ 72.97, 18.99 ], [ 72.96, 18.99 ], [ 72.96, 18.98 ], [ 72.97, 18.98 ] ] ] } },
{ "type": "Feature", "properties": { "cell_id": "r9_c20", "mean_lst": 31.489765150298531 }, "geometry": { "type": "Polygon", "coordinates": [ [ [ 72.980000000000103, 18.98 ], [ 72.980000000000103, 18.99 ], [ 72.97, 18.99 ], [ 72.97, 18.98 ], [ 72.980000000000103, 18.98 ] ] ] } },
{ "type": "Feature", "properties": { "cell_id": "r9_c21", "mean_lst": 31.843664635535674 }, "geometry": { "type": "Polygon", "coordinates": [ [ [ 72.99, 18.98 ], [ 72.99, 18.99 ], [ 72.980000000000103, 18.99 ], [ 72.980000000000103, 18.98 ], [ 72.99, 18.98 ] ] ] } },
{ "type": "Feature", "properties": { "cell_id": "r10_c0", "mean_lst": 30.930274868903947 }, "geometry": { "type": "Polygon", "coordinates": [ [ [ 72.78, 18.99 ], [ 72.78, 19.0 ], [ 72.77, 19.0 ], [ 72.77, 18.99 ], [ 72.78, 18.99 ] ] ] } },
{ "type": "Feature", "properties": { "cell_id": "r10_c1", "mean_lst": 30.820818545689018 }, "geometry": { "type": "Polygon", "coordinates": [ [ [ 72.79, 18.99 ], [ 72.79, 19.0 ], [ 72.78, 19.0 ], [ 72.78, 18.99 ], [ 72.79, 18.99 ] ] ] } },
{ "type": "Feature", "properties": { "cell_id": "r10_c2", "mean_lst": 31.07013692741279 }, "geometry": { "type": "Polygon", "coordinates": [ [ [ 72.8, 18.99 ], [ 72.8, 19.0 ], [ 72.79, 19.0 ], [ 72.79, 18.99 ], [ 72.8, 18.99 ] ] ] } },
{ "type": "Feature", "properties": { "cell_id": "r10_c3", "mean_lst": 31.552899835140618 }, "geometry": { "type": "Polygon", "coordinates": [ [ [ 72.81, 18.99 ], [ 72.81, 19.0 ], [ 72.8, 19.0 ], [ 72.8, 18.99 ], [ 72.81, 18.99 ] ] ] } },
{ "type": "Feature", "properties": { "cell_id": "r10_c4", "mean_lst": 41.763287347387482 }, "geometry": { "type": "Polygon", "coordinates": [ [ [ 72.82, 18.99 ], [ 72.82, 19.0 ], [ 72.81, 19.0 ], [ 72.81, 18.99 ], [ 72.82, 18.99 ] ] ] } },
{ "type": "Feature", "properties": { "cell_id": "r10_c5", "mean_lst": 41.99312049804093 }, "geometry": { "type": "Polygon", "coordinates": [ [ [ 72.83, 18.99 ], [ 72.83, 19.0 ], [ 72.82, 19.0 ], [ 72.82, 18.99 ], [ 72.83, 18.99 ] ] ] } },
{ "type": "Feature", "properties": { "cell_id": "r10_c6", "mean_lst": 42.039546854705776 }, "geometry": { "type": "Polygon", "coordinates": [ [ [ 72.84, 18.99 ], [ 72.84, 19.0 ], [ 72.83, 19.0 ], [ 72.83, 18.99 ], [ 72.84, 18.99 ] ] ] } },
{ "type": "Feature", "properties": { "cell_id": "r10_c7", "mean_lst": 42.941806960335001 }, "geometry": { "type": "Polygon", "coordinates": [ [ [ 72.85, 18.99 ], [ 72.85, 19.0 ], [ 72.84, 19.0 ], [ 72.84, 18.99 ], [ 72.85, 18.99 ] ] ] } },
{ "type": "Feature", "properties": { "cell_id": "r10_c8", "mean_lst": 44.787853182374675 }, "geometry": { "type": "Polygon", "coordinates": [ [ [ 72.86, 18.99 ], [ 72.86, 19.0 ], [ 72.85, 19.0 ], [ 72.85, 18.99 ], [ 72.86, 18.99 ] ] ] } },
{ "type": "Feature", "properties": { "cell_id": "r10_c9", "mean_lst": 33.616153656965146 }, "geometry": { "type": "Polygon", "coordinates": [ [ [ 72.87, 18.99 ], [ 72.87, 19.0 ], [ 72.86, 19.0 ], [ 72.86, 18.99 ], [ 72.87, 18.99 ] ] ] } },
{ "type": "Feature", "properties": { "cell_id": "r10_c10", "mean_lst": 32.221871858690967 }, "geometry": { "type": "Polygon", "coordinates": [ [ [ 72.88, 18.99 ], [ 72.88, 19.0 ], [ 72.87, 19.0 ], [ 72.87, 18.99 ], [ 72.88, 18.99 ] ] ] } },
{ "type": "Feature", "properties": { "cell_id": "r10_c11", "mean_lst": 33.811388201965315 }, "geometry": { "type": "Polygon", "coordinates": [ [ [ 72.89, 18.99 ], [ 72.89, 19.0 ], [ 72.88, 19.0 ], [ 72.88, 18.99 ], [ 72.89, 18.99 ] ] ] } },
{ "type": "Feature", "properties": { "cell_id": "r10_c12", "mean_lst": 36.026225619135481 }, "geometry": { "type": "Polygon", "coordinates": [ [ [ 72.9, 18.99 ], [ 72.9, 19.0 ], [ 72.89, 19.0 ], [ 72.89, 18.99 ], [ 72.9, 18.99 ] ] ] } },
{ "type": "Feature", "properties": { "cell_id": "r10_c13", "mean_lst": 35.983201903793393 }, "geometry": { "type": "Polygon", "coordinates": [ [ [ 72.91, 18.99 ], [ 72.91, 19.0 ], [ 72.9, 19.0 ], [ 72.9, 18.99 ], [ 72.91, 18.99 ] ] ] } },
{ "type": "Feature", "properties": { "cell_id": "r10_c14", "mean_lst": 32.109391915548407 }, "geometry": { "type": "Polygon", "coordinates": [ [ [ 72.92, 18.99 ], [ 72.92, 19.0 ], [ 72.91, 19.0 ], [ 72.91, 18.99 ], [ 72.92, 18.99 ] ] ] } },
{ "type": "Feature", "properties": { "cell_id": "r10_c15", "mean_lst": 31.107991131369985 }, "geometry": { "type": "Polygon", "coordinates": [ [ [ 72.93, 18.99 ], [ 72.93, 19.0 ], [ 72.92, 19.0 ], [ 72.92, 18.99 ], [ 72.93, 18.99 ] ] ] } },
{ "type": "Feature", "properties": { "cell_id": "r10_c16", "mean_lst": 30.596044536699036 }, "geometry": { "type": "Polygon", "coordinates": [ [ [ 72.94, 18.99 ], [ 72.94, 19.0 ], [ 72.93, 19.0 ], [ 72.93, 18.99 ], [ 72.94, 18.99 ] ] ] } },
{ "type": "Feature", "properties": { "cell_id": "r10_c17", "mean_lst": 31.323888712352439 }, "geometry": { "type": "Polygon", "coordinates": [ [ [ 72.95, 18.99 ], [ 72.95, 19.0 ], [ 72.94, 19.0 ], [ 72.94, 18.99 ], [ 72.95, 18.99 ] ] ] } },
{ "type": "Feature", "properties": { "cell_id": "r10_c18", "mean_lst": 31.669100675656416 }, "geometry": { "type": "Polygon", "coordinates": [ [ [ 72.96, 18.99 ], [ 72.96, 19.0 ], [ 72.95, 19.0 ], [ 72.95, 18.99 ], [ 72.96, 18.99 ] ] ] } },
{ "type": "Feature", "properties": { "cell_id": "r10_c19", "mean_lst": 31.321749685349676 }, "geometry": { "type": "Polygon", "coordinates": [ [ [ 72.97, 18.99 ], [ 72.97, 19.0 ], [ 72.96, 19.0 ], [ 72.96, 18.99 ], [ 72.97, 18.99 ] ] ] } },
{ "type": "Feature", "properties": { "cell_id": "r10_c20", "mean_lst": 31.353886733108176 }, "geometry": { "type": "Polygon", "coordinates": [ [ [ 72.980000000000103, 18.99 ], [ 72.980000000000103, 19.0 ], [ 72.97, 19.0 ], [ 72.97, 18.99 ], [ 72.980000000000103, 18.99 ] ] ] } },
{ "type": "Feature", "properties": { "cell_id": "r10_c21", "mean_lst": 31.181701532310701 }, "geometry": { "type": "Polygon", "coordinates": [ [ [ 72.99, 18.99 ], [ 72.99, 19.0 ], [ 72.980000000000103, 19.0 ], [ 72.980000000000103, 18.99 ], [ 72.99, 18.99 ] ] ] } },
{ "type": "Feature", "properties": { "cell_id": "r11_c0", "mean_lst": 31.07237744062645 }, "geometry": { "type": "Polygon", "coordinates": [ [ [ 72.78, 19.0 ], [ 72.78, 19.01 ], [ 72.77, 19.01 ], [ 72.77, 19.0 ], [ 72.78, 19.0 ] ] ] } },
{ "type": "Feature", "properties": { "cell_id": "r11_c1", "mean_lst": 30.940176609709571 }, "geometry": { "type": "Polygon", "coordinates": [ [ [ 72.79, 19.0 ], [ 72.79, 19.01 ], [ 72.78, 19.01 ], [ 72.78, 19.0 ], [ 72.79, 19.0 ] ] ] } },
{ "type": "Feature", "properties": { "cell_id": "r11_c2", "mean_lst": 31.065632042011185 }, "geometry": { "type": "Polygon", "coordinates": [ [ [ 72.8, 19.0 ], [ 72.8, 19.01 ], [ 72.79, 19.01 ], [ 72.79, 19.0 ], [ 72.8, 19.0 ] ] ] } },
{ "type": "Feature", "properties": { "cell_id": "r11_c3", "mean_lst": 31.376678827152659 }, "geometry": { "type": "Polygon", "coordinates": [ [ [ 72.81, 19.0 ], [ 72.81, 19.01 ], [ 72.8, 19.01 ], [ 72.8, 19.0 ], [ 72.81, 19.0 ] ] ] } },
{ "type": "Feature", "properties": { "cell_id": "r11_c4", "mean_lst": 40.578216987782369 }, "geometry": { "type": "Polygon", "coordinates": [ [ [ 72.82, 19.0 ], [ 72.82, 19.01 ], [ 72.81, 19.01 ], [ 72.81, 19.0 ], [ 72.82, 19.0 ] ] ] } },
{ "type": "Feature", "properties": { "cell_id": "r11_c5", "mean_lst": 42.06271181076719 }, "geometry": { "type": "Polygon", "coordinates": [ [ [ 72.83, 19.0 ], [ 72.83, 19.01 ], [ 72.82, 19.01 ], [ 72.82, 19.0 ], [ 72.83, 19.0 ] ] ] } },
{ "type": "Feature", "properties": { "cell_id": "r11_c6", "mean_lst": 43.241264939185939 }, "geometry": { "type": "Polygon", "coordinates": [ [ [ 72.84, 19.0 ], [ 72.84, 19.01 ], [ 72.83, 19.01 ], [ 72.83, 19.0 ], [ 72.84, 19.0 ] ] ] } },
{ "type": "Feature", "properties": { "cell_id": "r11_c7", "mean_lst": 41.263205055754376 }, "geometry": { "type": "Polygon", "coordinates": [ [ [ 72.85, 19.0 ], [ 72.85, 19.01 ], [ 72.84, 19.01 ], [ 72.84, 19.0 ], [ 72.85, 19.0 ] ] ] } },
{ "type": "Feature", "properties": { "cell_id": "r11_c8", "mean_lst": 42.958862540867635 }, "geometry": { "type": "Polygon", "coordinates": [ [ [ 72.86, 19.0 ], [ 72.86, 19.01 ], [ 72.85, 19.01 ], [ 72.85, 19.0 ], [ 72.86, 19.0 ] ] ] } },
{ "type": "Feature", "properties": { "cell_id": "r11_c9", "mean_lst": 38.348508862962412 }, "geometry": { "type": "Polygon", "coordinates": [ [ [ 72.87, 19.0 ], [ 72.87, 19.01 ], [ 72.86, 19.01 ], [ 72.86, 19.0 ], [ 72.87, 19.0 ] ] ] } },
{ "type": "Feature", "properties": { "cell_id": "r11_c10", "mean_lst": 33.230385827866094 }, "geometry": { "type": "Polygon", "coordinates": [ [ [ 72.88, 19.0 ], [ 72.88, 19.01 ], [ 72.87, 19.01 ], [ 72.87, 19.0 ], [ 72.88, 19.0 ] ] ] } },
{ "type": "Feature", "properties": { "cell_id": "r11_c11", "mean_lst": 34.131361757854421 }, "geometry": { "type": "Polygon", "coordinates": [ [ [ 72.89, 19.0 ], [ 72.89, 19.01 ], [ 72.88, 19.01 ], [ 72.88, 19.0 ], [ 72.89, 19.0 ] ] ] } },
{ "type": "Feature", "properties": { "cell_id": "r11_c12", "mean_lst": 42.360952222226445 }, "geometry": { "type": "Polygon", "coordinates": [ [ [ 72.9, 19.0 ], [ 72.9, 19.01 ], [ 72.89, 19.01 ], [ 72.89, 19.0 ], [ 72.9, 19.0 ] ] ] } },
{ "type": "Feature", "properties": { "cell_id": "r11_c13", "mean_lst": 42.562319473407051 }, "geometry": { "type": "Polygon", "coordinates": [ [ [ 72.91, 19.0 ], [ 72.91, 19.01 ], [ 72.9, 19.01 ], [ 72.9, 19.0 ], [ 72.91, 19.0 ] ] ] } },
{ "type": "Feature", "properties": { "cell_id": "r11_c14", "mean_lst": 37.705572488382337 }, "geometry": { "type": "Polygon", "coordinates": [ [ [ 72.92, 19.0 ], [ 72.92, 19.01 ], [ 72.91, 19.01 ], [ 72.91, 19.0 ], [ 72.92, 19.0 ] ] ] } },
{ "type": "Feature", "properties": { "cell_id": "r11_c15", "mean_lst": 33.429772413021183 }, "geometry": { "type": "Polygon", "coordinates": [ [ [ 72.93, 19.0 ], [ 72.93, 19.01 ], [ 72.92, 19.01 ], [ 72.92, 19.0 ], [ 72.93, 19.0 ] ] ] } },
{ "type": "Feature", "properties": { "cell_id": "r11_c16", "mean_lst": 31.088639080559251 }, "geometry": { "type": "Polygon", "coordinates": [ [ [ 72.94, 19.0 ], [ 72.94, 19.01 ], [ 72.93, 19.01 ], [ 72.93, 19.0 ], [ 72.94, 19.0 ] ] ] } },
{ "type": "Feature", "properties": { "cell_id": "r11_c17", "mean_lst": 30.715060185735144 }, "geometry": { "type": "Polygon", "coordinates": [ [ [ 72.95, 19.0 ], [ 72.95, 19.01 ], [ 72.94, 19.01 ], [ 72.94, 19.0 ], [ 72.95, 19.0 ] ] ] } },
{ "type": "Feature", "properties": { "cell_id": "r11_c18", "mean_lst": 30.863495271699094 }, "geometry": { "type": "Polygon", "coordinates": [ [ [ 72.96, 19.0 ], [ 72.96, 19.01 ], [ 72.95, 19.01 ], [ 72.95, 19.0 ], [ 72.96, 19.0 ] ] ] } },
{ "type": "Feature", "properties": { "cell_id": "r11_c19", "mean_lst": 31.20669774274814 }, "geometry": { "type": "Polygon", "coordinates": [ [ [ 72.97, 19.0 ], [ 72.97, 19.01 ], [ 72.96, 19.01 ], [ 72.96, 19.0 ], [ 72.97, 19.0 ] ] ] } },
{ "type": "Feature", "properties": { "cell_id": "r11_c20", "mean_lst": 31.304601094143283 }, "geometry": { "type": "Polygon", "coordinates": [ [ [ 72.980000000000103, 19.0 ], [ 72.980000000000103, 19.01 ], [ 72.97, 19.01 ], [ 72.97, 19.0 ], [ 72.980000000000103, 19.0 ] ] ] } },
{ "type": "Feature", "properties": { "cell_id": "r11_c21", "mean_lst": 31.416987302648089 }, "geometry": { "type": "Polygon", "coordinates": [ [ [ 72.99, 19.0 ], [ 72.99, 19.01 ], [ 72.980000000000103, 19.01 ], [ 72.980000000000103, 19.0 ], [ 72.99, 19.0 ] ] ] } },
{ "type": "Feature", "properties": { "cell_id": "r12_c0", "mean_lst": 31.018160005865045 }, "geometry": { "type": "Polygon", "coordinates": [ [ [ 72.78, 19.01 ], [ 72.78, 19.02 ], [ 72.77, 19.02 ], [ 72.77, 19.01 ], [ 72.78, 19.01 ] ] ] } },
{ "type": "Feature", "properties": { "cell_id": "r12_c1", "mean_lst": 30.908562985319282 }, "geometry": { "type": "Polygon", "coordinates": [ [ [ 72.79, 19.01 ], [ 72.79, 19.02 ], [ 72.78, 19.02 ], [ 72.78, 19.01 ], [ 72.79, 19.01 ] ] ] } },
{ "type": "Feature", "properties": { "cell_id": "r12_c2", "mean_lst": 30.898840386505274 }, "geometry": { "type": "Polygon", "coordinates": [ [ [ 72.8, 19.01 ], [ 72.8, 19.02 ], [ 72.79, 19.02 ], [ 72.79, 19.01 ], [ 72.8, 19.01 ] ] ] } },
{ "type": "Feature", "properties": { "cell_id": "r12_c3", "mean_lst": 31.180131461978856 }, "geometry": { "type": "Polygon", "coordinates": [ [ [ 72.81, 19.01 ], [ 72.81, 19.02 ], [ 72.8, 19.02 ], [ 72.8, 19.01 ], [ 72.81, 19.01 ] ] ] } },
{ "type": "Feature", "properties": { "cell_id": "r12_c4", "mean_lst": 36.569707785241071 }, "geometry": { "type": "Polygon", "coordinates": [ [ [ 72.82, 19.01 ], [ 72.82, 19.02 ], [ 72.81, 19.02 ], [ 72.81, 19.01 ], [ 72.82, 19.01 ] ] ] } },
{ "type": "Feature", "properties": { "cell_id": "r12_c5", "mean_lst": 39.628920540780712 }, "geometry": { "type": "Polygon", "coordinates": [ [ [ 72.83, 19.01 ], [ 72.83, 19.02 ], [ 72.82, 19.02 ], [ 72.82, 19.01 ], [ 72.83, 19.01 ] ] ] } },
{ "type": "Feature", "properties": { "cell_id": "r12_c6", "mean_lst": 40.847816000441057 }, "geometry": { "type": "Polygon", "coordinates": [ [ [ 72.84, 19.01 ], [ 72.84, 19.02 ], [ 72.83, 19.02 ], [ 72.83, 19.01 ], [ 72.84, 19.01 ] ] ] } },
{ "type": "Feature", "properties": { "cell_id": "r12_c7", "mean_lst": 42.14611571702499 }, "geometry": { "type": "Polygon", "coordinates": [ [ [ 72.85, 19.01 ], [ 72.85, 19.02 ], [ 72.84, 19.02 ], [ 72.84, 19.01 ], [ 72.85, 19.01 ] ] ] } },
{ "type": "Feature", "properties": { "cell_id": "r12_c8", "mean_lst": 41.516580635388806 }, "geometry": { "type": "Polygon", "coordinates": [ [ [ 72.86, 19.01 ], [ 72.86, 19.02 ], [ 72.85, 19.02 ], [ 72.85, 19.01 ], [ 72.86, 19.01 ] ] ] } },
{ "type": "Feature", "properties": { "cell_id": "r12_c9", "mean_lst": 43.114650870797171 }, "geometry": { "type": "Polygon", "coordinates": [ [ [ 72.87, 19.01 ], [ 72.87, 19.02 ], [ 72.86, 19.02 ], [ 72.86, 19.01 ], [ 72.87, 19.01 ] ] ] } },
{ "type": "Feature", "properties": { "cell_id": "r12_c10", "mean_lst": 39.935865996657114 }, "geometry": { "type": "Polygon", "coordinates": [ [ [ 72.88, 19.01 ], [ 72.88, 19.02 ], [ 72.87, 19.02 ], [ 72.87, 19.01 ], [ 72.88, 19.01 ] ] ] } },
{ "type": "Feature", "properties": { "cell_id": "r12_c11", "mean_lst": 37.944781839228789 }, "geometry": { "type": "Polygon", "coordinates": [ [ [ 72.89, 19.01 ], [ 72.89, 19.02 ], [ 72.88, 19.02 ], [ 72.88, 19.01 ], [ 72.89, 19.01 ] ] ] } },
{ "type": "Feature", "properties": { "cell_id": "r12_c12", "mean_lst": 45.021815031210465 }, "geometry": { "type": "Polygon", "coordinates": [ [ [ 72.9, 19.01 ], [ 72.9, 19.02 ], [ 72.89, 19.02 ], [ 72.89, 19.01 ], [ 72.9, 19.01 ] ] ] } },
{ "type": "Feature", "properties": { "cell_id": "r12_c13", "mean_lst": 45.124674388371552 }, "geometry": { "type": "Polygon", "coordinates": [ [ [ 72.91, 19.01 ], [ 72.91, 19.02 ], [ 72.9, 19.02 ], [ 72.9, 19.01 ], [ 72.91, 19.01 ] ] ] } },
{ "type": "Feature", "properties": { "cell_id": "r12_c14", "mean_lst": 39.550160655815453 }, "geometry": { "type": "Polygon", "coordinates": [ [ [ 72.92, 19.01 ], [ 72.92, 19.02 ], [ 72.91, 19.02 ], [ 72.91, 19.01 ], [ 72.92, 19.01 ] ] ] } },
{ "type": "Feature", "properties": { "cell_id": "r12_c15", "mean_lst": 38.800886226494043 }, "geometry": { "type": "Polygon", "coordinates": [ [ [ 72.93, 19.01 ], [ 72.93, 19.02 ], [ 72.92, 19.02 ], [ 72.92, 19.01 ], [ 72.93, 19.01 ] ] ] } },
{ "type": "Feature", "properties": { "cell_id": "r12_c16", "mean_lst": 33.306603638612131 }, "geometry": { "type": "Polygon", "coordinates": [ [ [ 72.94, 19.01 ], [ 72.94, 19.02 ], [ 72.93, 19.02 ], [ 72.93, 19.01 ], [ 72.94, 19.01 ] ] ] } },
{ "type": "Feature", "properties": { "cell_id": "r12_c17", "mean_lst": 32.093968520693053 }, "geometry": { "type": "Polygon", "coordinates": [ [ [ 72.95, 19.01 ], [ 72.95, 19.02 ], [ 72.94, 19.02 ], [ 72.94, 19.01 ], [ 72.95, 19.01 ] ] ] } },
{ "type": "Feature", "properties": { "cell_id": "r12_c18", "mean_lst": 30.977410786305501 }, "geometry": { "type": "Polygon", "coordinates": [ [ [ 72.96, 19.01 ], [ 72.96, 19.02 ], [ 72.95, 19.02 ], [ 72.95, 19.01 ], [ 72.96, 19.01 ] ] ] } },
{ "type": "Feature", "properties": { "cell_id": "r12_c19", "mean_lst": 31.159037647769456 }, "geometry": { "type": "Polygon", "coordinates": [ [ [ 72.97, 19.01 ], [ 72.97, 19.02 ], [ 72.96, 19.02 ], [ 72.96, 19.01 ], [ 72.97, 19.01 ] ] ] } },
{ "type": "Feature", "properties": { "cell_id": "r12_c20", "mean_lst": 31.346880321508408 }, "geometry": { "type": "Polygon", "coordinates": [ [ [ 72.980000000000103, 19.01 ], [ 72.980000000000103, 19.02 ], [ 72.97, 19.02 ], [ 72.97, 19.01 ], [ 72.980000000000103, 19.01 ] ] ] } },
{ "type": "Feature", "properties": { "cell_id": "r12_c21", "mean_lst": 31.399193420091311 }, "geometry": { "type": "Polygon", "coordinates": [ [ [ 72.99, 19.01 ], [ 72.99, 19.02 ], [ 72.980000000000103, 19.02 ], [ 72.980000000000103, 19.01 ], [ 72.99, 19.01 ] ] ] } },
{ "type": "Feature", "properties": { "cell_id": "r13_c0", "mean_lst": 30.872635385218921 }, "geometry": { "type": "Polygon", "coordinates": [ [ [ 72.78, 19.02 ], [ 72.78, 19.03 ], [ 72.77, 19.03 ], [ 72.77, 19.02 ], [ 72.78, 19.02 ] ] ] } },
{ "type": "Feature", "properties": { "cell_id": "r13_c1", "mean_lst": 30.988383675591422 }, "geometry": { "type": "Polygon", "coordinates": [ [ [ 72.79, 19.02 ], [ 72.79, 19.03 ], [ 72.78, 19.03 ], [ 72.78, 19.02 ], [ 72.79, 19.02 ] ] ] } },
{ "type": "Feature", "properties": { "cell_id": "r13_c2", "mean_lst": 30.954578389207853 }, "geometry": { "type": "Polygon", "coordinates": [ [ [ 72.8, 19.02 ], [ 72.8, 19.03 ], [ 72.79, 19.03 ], [ 72.79, 19.02 ], [ 72.8, 19.02 ] ] ] } },
{ "type": "Feature", "properties": { "cell_id": "r13_c3", "mean_lst": 31.11215010364376 }, "geometry": { "type": "Polygon", "coordinates": [ [ [ 72.81, 19.02 ], [ 72.81, 19.03 ], [ 72.8, 19.03 ], [ 72.8, 19.02 ], [ 72.81, 19.02 ] ] ] } },
{ "type": "Feature", "properties": { "cell_id": "r13_c4", "mean_lst": 33.465921308477377 }, "geometry": { "type": "Polygon", "coordinates": [ [ [ 72.82, 19.02 ], [ 72.82, 19.03 ], [ 72.81, 19.03 ], [ 72.81, 19.02 ], [ 72.82, 19.02 ] ] ] } },
{ "type": "Feature", "properties": { "cell_id": "r13_c5", "mean_lst": 32.207888286554457 }, "geometry": { "type": "Polygon", "coordinates": [ [ [ 72.83, 19.02 ], [ 72.83, 19.03 ], [ 72.82, 19.03 ], [ 72.82, 19.02 ], [ 72.83, 19.02 ] ] ] } },
{ "type": "Feature", "properties": { "cell_id": "r13_c6", "mean_lst": 37.966850113616708 }, "geometry": { "type": "Polygon", "coordinates": [ [ [ 72.84, 19.02 ], [ 72.84, 19.03 ], [ 72.83, 19.03 ], [ 72.83, 19.02 ], [ 72.84, 19.02 ] ] ] } },
{ "type": "Feature", "properties": { "cell_id": "r13_c7", "mean_lst": 41.855225220599358 }, "geometry": { "type": "Polygon", "coordinates": [ [ [ 72.85, 19.02 ], [ 72.85, 19.03 ], [ 72.84, 19.03 ], [ 72.84, 19.02 ], [ 72.85, 19.02 ] ] ] } },
{ "type": "Feature", "properties": { "cell_id": "r13_c8", "mean_lst": 40.477066385933419 }, "geometry": { "type": "Polygon", "coordinates": [ [ [ 72.86, 19.02 ], [ 72.86, 19.03 ], [ 72.85, 19.03 ], [ 72.85, 19.02 ], [ 72.86, 19.02 ] ] ] } },
{ "type": "Feature", "properties": { "cell_id": "r13_c9", "mean_lst": 42.789544718377357 }, "geometry": { "type": "Polygon", "coordinates": [ [ [ 72.87, 19.02 ], [ 72.87, 19.03 ], [ 72.86, 19.03 ], [ 72.86, 19.02 ], [ 72.87, 19.02 ] ] ] } },
{ "type": "Feature", "properties": { "cell_id": "r13_c10", "mean_lst": 43.46286088419042 }, "geometry": { "type": "Polygon", "coordinates": [ [ [ 72.88, 19.02 ], [ 72.88, 19.03 ], [ 72.87, 19.03 ], [ 72.87, 19.02 ], [ 72.88, 19.02 ] ] ] } },
{ "type": "Feature", "properties": { "cell_id": "r13_c11", "mean_lst": 41.928819473679944 }, "geometry": { "type": "Polygon", "coordinates": [ [ [ 72.89, 19.02 ], [ 72.89, 19.03 ], [ 72.88, 19.03 ], [ 72.88, 19.02 ], [ 72.89, 19.02 ] ] ] } },
{ "type": "Feature", "properties": { "cell_id": "r13_c12", "mean_lst": 44.592245731505351 }, "geometry": { "type": "Polygon", "coordinates": [ [ [ 72.9, 19.02 ], [ 72.9, 19.03 ], [ 72.89, 19.03 ], [ 72.89, 19.02 ], [ 72.9, 19.02 ] ] ] } },
{ "type": "Feature", "properties": { "cell_id": "r13_c13", "mean_lst": 45.247877670508416 }, "geometry": { "type": "Polygon", "coordinates": [ [ [ 72.91, 19.02 ], [ 72.91, 19.03 ], [ 72.9, 19.03 ], [ 72.9, 19.02 ], [ 72.91, 19.02 ] ] ] } },
{ "type": "Feature", "properties": { "cell_id": "r13_c14", "mean_lst": 40.246766273812064 }, "geometry": { "type": "Polygon", "coordinates": [ [ [ 72.92, 19.02 ], [ 72.92, 19.03 ], [ 72.91, 19.03 ], [ 72.91, 19.02 ], [ 72.92, 19.02 ] ] ] } },
{ "type": "Feature", "properties": { "cell_id": "r13_c15", "mean_lst": 38.286851771413374 }, "geometry": { "type": "Polygon", "coordinates": [ [ [ 72.93, 19.02 ], [ 72.93, 19.03 ], [ 72.92, 19.03 ], [ 72.92, 19.02 ], [ 72.93, 19.02 ] ] ] } },
{ "type": "Feature", "properties": { "cell_id": "r13_c16", "mean_lst": 37.868114474661674 }, "geometry": { "type": "Polygon", "coordinates": [ [ [ 72.94, 19.02 ], [ 72.94, 19.03 ], [ 72.93, 19.03 ], [ 72.93, 19.02 ], [ 72.94, 19.02 ] ] ] } },
{ "type": "Feature", "properties": { "cell_id": "r13_c17", "mean_lst": 35.359402634671696 }, "geometry": { "type": "Polygon", "coordinates": [ [ [ 72.95, 19.02 ], [ 72.95, 19.03 ], [ 72.94, 19.03 ], [ 72.94, 19.02 ], [ 72.95, 19.02 ] ] ] } },
{ "type": "Feature", "properties": { "cell_id": "r13_c18", "mean_lst": 32.763116884702846 }, "geometry": { "type": "Polygon", "coordinates": [ [ [ 72.96, 19.02 ], [ 72.96, 19.03 ], [ 72.95, 19.03 ], [ 72.95, 19.02 ], [ 72.96, 19.02 ] ] ] } },
{ "type": "Feature", "properties": { "cell_id": "r13_c19", "mean_lst": 31.088462438831332 }, "geometry": { "type": "Polygon", "coordinates": [ [ [ 72.97, 19.02 ], [ 72.97, 19.03 ], [ 72.96, 19.03 ], [ 72.96, 19.02 ], [ 72.97, 19.02 ] ] ] } },
{ "type": "Feature", "properties": { "cell_id": "r13_c20", "mean_lst": 31.168776709543828 }, "geometry": { "type": "Polygon", "coordinates": [ [ [ 72.980000000000103, 19.02 ], [ 72.980000000000103, 19.03 ], [ 72.97, 19.03 ], [ 72.97, 19.02 ], [ 72.980000000000103, 19.02 ] ] ] } },
{ "type": "Feature", "properties": { "cell_id": "r13_c21", "mean_lst": 31.500211657917237 }, "geometry": { "type": "Polygon", "coordinates": [ [ [ 72.99, 19.02 ], [ 72.99, 19.03 ], [ 72.980000000000103, 19.03 ], [ 72.980000000000103, 19.02 ], [ 72.99, 19.02 ] ] ] } },
{ "type": "Feature", "properties": { "cell_id": "r14_c0", "mean_lst": 30.917669714073959 }, "geometry": { "type": "Polygon", "coordinates": [ [ [ 72.78, 19.03 ], [ 72.78, 19.04 ], [ 72.77, 19.04 ], [ 72.77, 19.03 ], [ 72.78, 19.03 ] ] ] } },
{ "type": "Feature", "properties": { "cell_id": "r14_c1", "mean_lst": 31.157460379922533 }, "geometry": { "type": "Polygon", "coordinates": [ [ [ 72.79, 19.03 ], [ 72.79, 19.04 ], [ 72.78, 19.04 ], [ 72.78, 19.03 ], [ 72.79, 19.03 ] ] ] } },
{ "type": "Feature", "properties": { "cell_id": "r14_c2", "mean_lst": 31.2245621527188 }, "geometry": { "type": "Polygon", "coordinates": [ [ [ 72.8, 19.03 ], [ 72.8, 19.04 ], [ 72.79, 19.04 ], [ 72.79, 19.03 ], [ 72.8, 19.03 ] ] ] } },
{ "type": "Feature", "properties": { "cell_id": "r14_c3", "mean_lst": 31.14777644127216 }, "geometry": { "type": "Polygon", "coordinates": [ [ [ 72.81, 19.03 ], [ 72.81, 19.04 ], [ 72.8, 19.04 ], [ 72.8, 19.03 ], [ 72.81, 19.03 ] ] ] } },
{ "type": "Feature", "properties": { "cell_id": "r14_c4", "mean_lst": 31.742158073446269 }, "geometry": { "type": "Polygon", "coordinates": [ [ [ 72.82, 19.03 ], [ 72.82, 19.04 ], [ 72.81, 19.04 ], [ 72.81, 19.03 ], [ 72.82, 19.03 ] ] ] } },
{ "type": "Feature", "properties": { "cell_id": "r14_c5", "mean_lst": 31.886003653376036 }, "geometry": { "type": "Polygon", "coordinates": [ [ [ 72.83, 19.03 ], [ 72.83, 19.04 ], [ 72.82, 19.04 ], [ 72.82, 19.03 ], [ 72.83, 19.03 ] ] ] } },
{ "type": "Feature", "properties": { "cell_id": "r14_c6", "mean_lst": 34.511451998885427 }, "geometry": { "type": "Polygon", "coordinates": [ [ [ 72.84, 19.03 ], [ 72.84, 19.04 ], [ 72.83, 19.04 ], [ 72.83, 19.03 ], [ 72.84, 19.03 ] ] ] } },
{ "type": "Feature", "properties": { "cell_id": "r14_c7", "mean_lst": 41.588992350915653 }, "geometry": { "type": "Polygon", "coordinates": [ [ [ 72.85, 19.03 ], [ 72.85, 19.04 ], [ 72.84, 19.04 ], [ 72.84, 19.03 ], [ 72.85, 19.03 ] ] ] } },
{ "type": "Feature", "properties": { "cell_id": "r14_c8", "mean_lst": 43.376505284993939 }, "geometry": { "type": "Polygon", "coordinates": [ [ [ 72.86, 19.03 ], [ 72.86, 19.04 ], [ 72.85, 19.04 ], [ 72.85, 19.03 ], [ 72.86, 19.03 ] ] ] } },
{ "type": "Feature", "properties": { "cell_id": "r14_c9", "mean_lst": 42.870496842343819 }, "geometry": { "type": "Polygon", "coordinates": [ [ [ 72.87, 19.03 ], [ 72.87, 19.04 ], [ 72.86, 19.04 ], [ 72.86, 19.03 ], [ 72.87, 19.03 ] ] ] } },
{ "type": "Feature", "properties": { "cell_id": "r14_c10", "mean_lst": 45.670112819243109 }, "geometry": { "type": "Polygon", "coordinates": [ [ [ 72.88, 19.03 ], [ 72.88, 19.04 ], [ 72.87, 19.04 ], [ 72.87, 19.03 ], [ 72.88, 19.03 ] ] ] } },
{ "type": "Feature", "properties": { "cell_id": "r14_c11", "mean_lst": 43.589037626829253 }, "geometry": { "type": "Polygon", "coordinates": [ [ [ 72.89, 19.03 ], [ 72.89, 19.04 ], [ 72.88, 19.04 ], [ 72.88, 19.03 ], [ 72.89, 19.03 ] ] ] } },
{ "type": "Feature", "properties": { "cell_id": "r14_c12", "mean_lst": 42.311220785594891 }, "geometry": { "type": "Polygon", "coordinates": [ [ [ 72.9, 19.03 ], [ 72.9, 19.04 ], [ 72.89, 19.04 ], [ 72.89, 19.03 ], [ 72.9, 19.03 ] ] ] } },
{ "type": "Feature", "properties": { "cell_id": "r14_c13", "mean_lst": 42.095899575294922 }, "geometry": { "type": "Polygon", "coordinates": [ [ [ 72.91, 19.03 ], [ 72.91, 19.04 ], [ 72.9, 19.04 ], [ 72.9, 19.03 ], [ 72.91, 19.03 ] ] ] } },
{ "type": "Feature", "properties": { "cell_id": "r14_c14", "mean_lst": 39.953872698815921 }, "geometry": { "type": "Polygon", "coordinates": [ [ [ 72.92, 19.03 ], [ 72.92, 19.04 ], [ 72.91, 19.04 ], [ 72.91, 19.03 ], [ 72.92, 19.03 ] ] ] } },
{ "type": "Feature", "properties": { "cell_id": "r14_c15", "mean_lst": 40.164888185247968 }, "geometry": { "type": "Polygon", "coordinates": [ [ [ 72.93, 19.03 ], [ 72.93, 19.04 ], [ 72.92, 19.04 ], [ 72.92, 19.03 ], [ 72.93, 19.03 ] ] ] } },
{ "type": "Feature", "properties": { "cell_id": "r14_c16", "mean_lst": 40.317892653596061 }, "geometry": { "type": "Polygon", "coordinates": [ [ [ 72.94, 19.03 ], [ 72.94, 19.04 ], [ 72.93, 19.04 ], [ 72.93, 19.03 ], [ 72.94, 19.03 ] ] ] } },
{ "type": "Feature", "properties": { "cell_id": "r14_c17", "mean_lst": 41.287516108461418 }, "geometry": { "type": "Polygon", "coordinates": [ [ [ 72.95, 19.03 ], [ 72.95, 19.04 ], [ 72.94, 19.04 ], [ 72.94, 19.03 ], [ 72.95, 19.03 ] ] ] } },
{ "type": "Feature", "properties": { "cell_id": "r14_c18", "mean_lst": 36.432515718092468 }, "geometry": { "type": "Polygon", "coordinates": [ [ [ 72.96, 19.03 ], [ 72.96, 19.04 ], [ 72.95, 19.04 ], [ 72.95, 19.03 ], [ 72.96, 19.03 ] ] ] } },
{ "type": "Feature", "properties": { "cell_id": "r14_c19", "mean_lst": 31.377381516181728 }, "geometry": { "type": "Polygon", "coordinates": [ [ [ 72.97, 19.03 ], [ 72.97, 19.04 ], [ 72.96, 19.04 ], [ 72.96, 19.03 ], [ 72.97, 19.03 ] ] ] } },
{ "type": "Feature", "properties": { "cell_id": "r14_c20", "mean_lst": 31.08423444257885 }, "geometry": { "type": "Polygon", "coordinates": [ [ [ 72.980000000000103, 19.03 ], [ 72.980000000000103, 19.04 ], [ 72.97, 19.04 ], [ 72.97, 19.03 ], [ 72.980000000000103, 19.03 ] ] ] } },
{ "type": "Feature", "properties": { "cell_id": "r14_c21", "mean_lst": 31.334632826535799 }, "geometry": { "type": "Polygon", "coordinates": [ [ [ 72.99, 19.03 ], [ 72.99, 19.04 ], [ 72.980000000000103, 19.04 ], [ 72.980000000000103, 19.03 ], [ 72.99, 19.03 ] ] ] } },
{ "type": "Feature", "properties": { "cell_id": "r15_c0", "mean_lst": 30.767610390864494 }, "geometry": { "type": "Polygon", "coordinates": [ [ [ 72.78, 19.04 ], [ 72.78, 19.05 ], [ 72.77, 19.05 ], [ 72.77, 19.04 ], [ 72.78, 19.04 ] ] ] } },
{ "type": "Feature", "properties": { "cell_id": "r15_c1", "mean_lst": 30.926152296969544 }, "geometry": { "type": "Polygon", "coordinates": [ [ [ 72.79, 19.04 ], [ 72.79, 19.05 ], [ 72.78, 19.05 ], [ 72.78, 19.04 ], [ 72.79, 19.04 ] ] ] } },
{ "type": "Feature", "properties": { "cell_id": "r15_c2", "mean_lst": 30.728221026513804 }, "geometry": { "type": "Polygon", "coordinates": [ [ [ 72.8, 19.04 ], [ 72.8, 19.05 ], [ 72.79, 19.05 ], [ 72.79, 19.04 ], [ 72.8, 19.04 ] ] ] } },
{ "type": "Feature", "properties": { "cell_id": "r15_c3", "mean_lst": 30.885115575314547 }, "geometry": { "type": "Polygon", "coordinates": [ [ [ 72.81, 19.04 ], [ 72.81, 19.05 ], [ 72.8, 19.05 ], [ 72.8, 19.04 ], [ 72.81, 19.04 ] ] ] } },
{ "type": "Feature", "properties": { "cell_id": "r15_c4", "mean_lst": 32.083870078036206 }, "geometry": { "type": "Polygon", "coordinates": [ [ [ 72.82, 19.04 ], [ 72.82, 19.05 ], [ 72.81, 19.05 ], [ 72.81, 19.04 ], [ 72.82, 19.04 ] ] ] } },
{ "type": "Feature", "properties": { "cell_id": "r15_c5", "mean_lst": 38.894212564497941 }, "geometry": { "type": "Polygon", "coordinates": [ [ [ 72.83, 19.04 ], [ 72.83, 19.05 ], [ 72.82, 19.05 ], [ 72.82, 19.04 ], [ 72.83, 19.04 ] ] ] } },
{ "type": "Feature", "properties": { "cell_id": "r15_c6", "mean_lst": 37.039440725423084 }, "geometry": { "type": "Polygon", "coordinates": [ [ [ 72.84, 19.04 ], [ 72.84, 19.05 ], [ 72.83, 19.05 ], [ 72.83, 19.04 ], [ 72.84, 19.04 ] ] ] } },
{ "type": "Feature", "properties": { "cell_id": "r15_c7", "mean_lst": 41.580911889340648 }, "geometry": { "type": "Polygon", "coordinates": [ [ [ 72.85, 19.04 ], [ 72.85, 19.05 ], [ 72.84, 19.05 ], [ 72.84, 19.04 ], [ 72.85, 19.04 ] ] ] } },
{ "type": "Feature", "properties": { "cell_id": "r15_c8", "mean_lst": 45.696149735358233 }, "geometry": { "type": "Polygon", "coordinates": [ [ [ 72.86, 19.04 ], [ 72.86, 19.05 ], [ 72.85, 19.05 ], [ 72.85, 19.04 ], [ 72.86, 19.04 ] ] ] } },
{ "type": "Feature", "properties": { "cell_id": "r15_c9", "mean_lst": 43.39262553884808 }, "geometry": { "type": "Polygon", "coordinates": [ [ [ 72.87, 19.04 ], [ 72.87, 19.05 ], [ 72.86, 19.05 ], [ 72.86, 19.04 ], [ 72.87, 19.04 ] ] ] } },
{ "type": "Feature", "properties": { "cell_id": "r15_c10", "mean_lst": 44.610907405233483 }, "geometry": { "type": "Polygon", "coordinates": [ [ [ 72.88, 19.04 ], [ 72.88, 19.05 ], [ 72.87, 19.05 ], [ 72.87, 19.04 ], [ 72.88, 19.04 ] ] ] } },
{ "type": "Feature", "properties": { "cell_id": "r15_c11", "mean_lst": 42.913180775425353 }, "geometry": { "type": "Polygon", "coordinates": [ [ [ 72.89, 19.04 ], [ 72.89, 19.05 ], [ 72.88, 19.05 ], [ 72.88, 19.04 ], [ 72.89, 19.04 ] ] ] } },
{ "type": "Feature", "properties": { "cell_id": "r15_c12", "mean_lst": 43.349273626372899 }, "geometry": { "type": "Polygon", "coordinates": [ [ [ 72.9, 19.04 ], [ 72.9, 19.05 ], [ 72.89, 19.05 ], [ 72.89, 19.04 ], [ 72.9, 19.04 ] ] ] } },
{ "type": "Feature", "properties": { "cell_id": "r15_c13", "mean_lst": 40.763468277463829 }, "geometry": { "type": "Polygon", "coordinates": [ [ [ 72.91, 19.04 ], [ 72.91, 19.05 ], [ 72.9, 19.05 ], [ 72.9, 19.04 ], [ 72.91, 19.04 ] ] ] } },
{ "type": "Feature", "properties": { "cell_id": "r15_c14", "mean_lst": 41.95014090617331 }, "geometry": { "type": "Polygon", "coordinates": [ [ [ 72.92, 19.04 ], [ 72.92, 19.05 ], [ 72.91, 19.05 ], [ 72.91, 19.04 ], [ 72.92, 19.04 ] ] ] } },
{ "type": "Feature", "properties": { "cell_id": "r15_c15", "mean_lst": 42.186147799232359 }, "geometry": { "type": "Polygon", "coordinates": [ [ [ 72.93, 19.04 ], [ 72.93, 19.05 ], [ 72.92, 19.05 ], [ 72.92, 19.04 ], [ 72.93, 19.04 ] ] ] } },
{ "type": "Feature", "properties": { "cell_id": "r15_c16", "mean_lst": 40.8966984521348 }, "geometry": { "type": "Polygon", "coordinates": [ [ [ 72.94, 19.04 ], [ 72.94, 19.05 ], [ 72.93, 19.05 ], [ 72.93, 19.04 ], [ 72.94, 19.04 ] ] ] } },
{ "type": "Feature", "properties": { "cell_id": "r15_c17", "mean_lst": 41.038094375880391 }, "geometry": { "type": "Polygon", "coordinates": [ [ [ 72.95, 19.04 ], [ 72.95, 19.05 ], [ 72.94, 19.05 ], [ 72.94, 19.04 ], [ 72.95, 19.04 ] ] ] } },
{ "type": "Feature", "properties": { "cell_id": "r15_c18", "mean_lst": 36.550805275513689 }, "geometry": { "type": "Polygon", "coordinates": [ [ [ 72.96, 19.04 ], [ 72.96, 19.05 ], [ 72.95, 19.05 ], [ 72.95, 19.04 ], [ 72.96, 19.04 ] ] ] } },
{ "type": "Feature", "properties": { "cell_id": "r15_c19", "mean_lst": 31.732279436836688 }, "geometry": { "type": "Polygon", "coordinates": [ [ [ 72.97, 19.04 ], [ 72.97, 19.05 ], [ 72.96, 19.05 ], [ 72.96, 19.04 ], [ 72.97, 19.04 ] ] ] } },
{ "type": "Feature", "properties": { "cell_id": "r15_c20", "mean_lst": 31.180906778688033 }, "geometry": { "type": "Polygon", "coordinates": [ [ [ 72.980000000000103, 19.04 ], [ 72.980000000000103, 19.05 ], [ 72.97, 19.05 ], [ 72.97, 19.04 ], [ 72.980000000000103, 19.04 ] ] ] } },
{ "type": "Feature", "properties": { "cell_id": "r15_c21", "mean_lst": 31.35691008934003 }, "geometry": { "type": "Polygon", "coordinates": [ [ [ 72.99, 19.04 ], [ 72.99, 19.05 ], [ 72.980000000000103, 19.05 ], [ 72.980000000000103, 19.04 ], [ 72.99, 19.04 ] ] ] } },
{ "type": "Feature", "properties": { "cell_id": "r16_c0", "mean_lst": 30.805191789885971 }, "geometry": { "type": "Polygon", "coordinates": [ [ [ 72.78, 19.05 ], [ 72.78, 19.06 ], [ 72.77, 19.06 ], [ 72.77, 19.05 ], [ 72.78, 19.05 ] ] ] } },
{ "type": "Feature", "properties": { "cell_id": "r16_c1", "mean_lst": 30.705413750325629 }, "geometry": { "type": "Polygon", "coordinates": [ [ [ 72.79, 19.05 ], [ 72.79, 19.06 ], [ 72.78, 19.06 ], [ 72.78, 19.05 ], [ 72.79, 19.05 ] ] ] } },
{ "type": "Feature", "properties": { "cell_id": "r16_c2", "mean_lst": 30.664719864132145 }, "geometry": { "type": "Polygon", "coordinates": [ [ [ 72.8, 19.05 ], [ 72.8, 19.06 ], [ 72.79, 19.06 ], [ 72.79, 19.05 ], [ 72.8, 19.05 ] ] ] } },
{ "type": "Feature", "properties": { "cell_id": "r16_c3", "mean_lst": 30.73028959334745 }, "geometry": { "type": "Polygon", "coordinates": [ [ [ 72.81, 19.05 ], [ 72.81, 19.06 ], [ 72.8, 19.06 ], [ 72.8, 19.05 ], [ 72.81, 19.05 ] ] ] } },
{ "type": "Feature", "properties": { "cell_id": "r16_c4", "mean_lst": 31.115809978597063 }, "geometry": { "type": "Polygon", "coordinates": [ [ [ 72.82, 19.05 ], [ 72.82, 19.06 ], [ 72.81, 19.06 ], [ 72.81, 19.05 ], [ 72.82, 19.05 ] ] ] } },
{ "type": "Feature", "properties": { "cell_id": "r16_c5", "mean_lst": 39.491099088078194 }, "geometry": { "type": "Polygon", "coordinates": [ [ [ 72.83, 19.05 ], [ 72.83, 19.06 ], [ 72.82, 19.06 ], [ 72.82, 19.05 ], [ 72.83, 19.05 ] ] ] } },
{ "type": "Feature", "properties": { "cell_id": "r16_c6", "mean_lst": 42.498252182546352 }, "geometry": { "type": "Polygon", "coordinates": [ [ [ 72.84, 19.05 ], [ 72.84, 19.06 ], [ 72.83, 19.06 ], [ 72.83, 19.05 ], [ 72.84, 19.05 ] ] ] } },
{ "type": "Feature", "properties": { "cell_id": "r16_c7", "mean_lst": 41.692759644053183 }, "geometry": { "type": "Polygon", "coordinates": [ [ [ 72.85, 19.05 ], [ 72.85, 19.06 ], [ 72.84, 19.06 ], [ 72.84, 19.05 ], [ 72.85, 19.05 ] ] ] } },
{ "type": "Feature", "properties": { "cell_id": "r16_c8", "mean_lst": 38.557518239411721 }, "geometry": { "type": "Polygon", "coordinates": [ [ [ 72.86, 19.05 ], [ 72.86, 19.06 ], [ 72.85, 19.06 ], [ 72.85, 19.05 ], [ 72.86, 19.05 ] ] ] } },
{ "type": "Feature", "properties": { "cell_id": "r16_c9", "mean_lst": 41.659346141443208 }, "geometry": { "type": "Polygon", "coordinates": [ [ [ 72.87, 19.05 ], [ 72.87, 19.06 ], [ 72.86, 19.06 ], [ 72.86, 19.05 ], [ 72.87, 19.05 ] ] ] } },
{ "type": "Feature", "properties": { "cell_id": "r16_c10", "mean_lst": 42.632817915509882 }, "geometry": { "type": "Polygon", "coordinates": [ [ [ 72.88, 19.05 ], [ 72.88, 19.06 ], [ 72.87, 19.06 ], [ 72.87, 19.05 ], [ 72.88, 19.05 ] ] ] } },
{ "type": "Feature", "properties": { "cell_id": "r16_c11", "mean_lst": 43.129236342651971 }, "geometry": { "type": "Polygon", "coordinates": [ [ [ 72.89, 19.05 ], [ 72.89, 19.06 ], [ 72.88, 19.06 ], [ 72.88, 19.05 ], [ 72.89, 19.05 ] ] ] } },
{ "type": "Feature", "properties": { "cell_id": "r16_c12", "mean_lst": 41.339865064685014 }, "geometry": { "type": "Polygon", "coordinates": [ [ [ 72.9, 19.05 ], [ 72.9, 19.06 ], [ 72.89, 19.06 ], [ 72.89, 19.05 ], [ 72.9, 19.05 ] ] ] } },
{ "type": "Feature", "properties": { "cell_id": "r16_c13", "mean_lst": 42.155493449606716 }, "geometry": { "type": "Polygon", "coordinates": [ [ [ 72.91, 19.05 ], [ 72.91, 19.06 ], [ 72.9, 19.06 ], [ 72.9, 19.05 ], [ 72.91, 19.05 ] ] ] } },
{ "type": "Feature", "properties": { "cell_id": "r16_c14", "mean_lst": 45.285829391966701 }, "geometry": { "type": "Polygon", "coordinates": [ [ [ 72.92, 19.05 ], [ 72.92, 19.06 ], [ 72.91, 19.06 ], [ 72.91, 19.05 ], [ 72.92, 19.05 ] ] ] } },
{ "type": "Feature", "properties": { "cell_id": "r16_c15", "mean_lst": 46.129596232884403 }, "geometry": { "type": "Polygon", "coordinates": [ [ [ 72.93, 19.05 ], [ 72.93, 19.06 ], [ 72.92, 19.06 ], [ 72.92, 19.05 ], [ 72.93, 19.05 ] ] ] } },
{ "type": "Feature", "properties": { "cell_id": "r16_c16", "mean_lst": 46.290699401230917 }, "geometry": { "type": "Polygon", "coordinates": [ [ [ 72.94, 19.05 ], [ 72.94, 19.06 ], [ 72.93, 19.06 ], [ 72.93, 19.05 ], [ 72.94, 19.05 ] ] ] } },
{ "type": "Feature", "properties": { "cell_id": "r16_c17", "mean_lst": 38.144855975364514 }, "geometry": { "type": "Polygon", "coordinates": [ [ [ 72.95, 19.05 ], [ 72.95, 19.06 ], [ 72.94, 19.06 ], [ 72.94, 19.05 ], [ 72.95, 19.05 ] ] ] } },
{ "type": "Feature", "properties": { "cell_id": "r16_c18", "mean_lst": 38.158994423968828 }, "geometry": { "type": "Polygon", "coordinates": [ [ [ 72.96, 19.05 ], [ 72.96, 19.06 ], [ 72.95, 19.06 ], [ 72.95, 19.05 ], [ 72.96, 19.05 ] ] ] } },
{ "type": "Feature", "properties": { "cell_id": "r16_c19", "mean_lst": 33.316693550177469 }, "geometry": { "type": "Polygon", "coordinates": [ [ [ 72.97, 19.05 ], [ 72.97, 19.06 ], [ 72.96, 19.06 ], [ 72.96, 19.05 ], [ 72.97, 19.05 ] ] ] } },
{ "type": "Feature", "properties": { "cell_id": "r16_c20", "mean_lst": 31.38554324944181 }, "geometry": { "type": "Polygon", "coordinates": [ [ [ 72.980000000000103, 19.05 ], [ 72.980000000000103, 19.06 ], [ 72.97, 19.06 ], [ 72.97, 19.05 ], [ 72.980000000000103, 19.05 ] ] ] } },
{ "type": "Feature", "properties": { "cell_id": "r16_c21", "mean_lst": 32.374668025455421 }, "geometry": { "type": "Polygon", "coordinates": [ [ [ 72.99, 19.05 ], [ 72.99, 19.06 ], [ 72.980000000000103, 19.06 ], [ 72.980000000000103, 19.05 ], [ 72.99, 19.05 ] ] ] } },
{ "type": "Feature", "properties": { "cell_id": "r17_c0", "mean_lst": 31.026085506460969 }, "geometry": { "type": "Polygon", "coordinates": [ [ [ 72.78, 19.06 ], [ 72.78, 19.07 ], [ 72.77, 19.07 ], [ 72.77, 19.06 ], [ 72.78, 19.06 ] ] ] } },
{ "type": "Feature", "properties": { "cell_id": "r17_c1", "mean_lst": 30.685467270385566 }, "geometry": { "type": "Polygon", "coordinates": [ [ [ 72.79, 19.06 ], [ 72.79, 19.07 ], [ 72.78, 19.07 ], [ 72.78, 19.06 ], [ 72.79, 19.06 ] ] ] } },
{ "type": "Feature", "properties": { "cell_id": "r17_c2", "mean_lst": 30.752095493480581 }, "geometry": { "type": "Polygon", "coordinates": [ [ [ 72.8, 19.06 ], [ 72.8, 19.07 ], [ 72.79, 19.07 ], [ 72.79, 19.06 ], [ 72.8, 19.06 ] ] ] } },
{ "type": "Feature", "properties": { "cell_id": "r17_c3", "mean_lst": 30.782866029025801 }, "geometry": { "type": "Polygon", "coordinates": [ [ [ 72.81, 19.06 ], [ 72.81, 19.07 ], [ 72.8, 19.07 ], [ 72.8, 19.06 ], [ 72.81, 19.06 ] ] ] } },
{ "type": "Feature", "properties": { "cell_id": "r17_c4", "mean_lst": 31.276411268166665 }, "geometry": { "type": "Polygon", "coordinates": [ [ [ 72.82, 19.06 ], [ 72.82, 19.07 ], [ 72.81, 19.07 ], [ 72.81, 19.06 ], [ 72.82, 19.06 ] ] ] } },
{ "type": "Feature", "properties": { "cell_id": "r17_c5", "mean_lst": 38.159944709140042 }, "geometry": { "type": "Polygon", "coordinates": [ [ [ 72.83, 19.06 ], [ 72.83, 19.07 ], [ 72.82, 19.07 ], [ 72.82, 19.06 ], [ 72.83, 19.06 ] ] ] } },
{ "type": "Feature", "properties": { "cell_id": "r17_c6", "mean_lst": 40.799571766741749 }, "geometry": { "type": "Polygon", "coordinates": [ [ [ 72.84, 19.06 ], [ 72.84, 19.07 ], [ 72.83, 19.07 ], [ 72.83, 19.06 ], [ 72.84, 19.06 ] ] ] } },
{ "type": "Feature", "properties": { "cell_id": "r17_c7", "mean_lst": 43.967997600247173 }, "geometry": { "type": "Polygon", "coordinates": [ [ [ 72.85, 19.06 ], [ 72.85, 19.07 ], [ 72.84, 19.07 ], [ 72.84, 19.06 ], [ 72.85, 19.06 ] ] ] } },
{ "type": "Feature", "properties": { "cell_id": "r17_c8", "mean_lst": 42.664273090353625 }, "geometry": { "type": "Polygon", "coordinates": [ [ [ 72.86, 19.06 ], [ 72.86, 19.07 ], [ 72.85, 19.07 ], [ 72.85, 19.06 ], [ 72.86, 19.06 ] ] ] } },
{ "type": "Feature", "properties": { "cell_id": "r17_c9", "mean_lst": 43.713323571240053 }, "geometry": { "type": "Polygon", "coordinates": [ [ [ 72.87, 19.06 ], [ 72.87, 19.07 ], [ 72.86, 19.07 ], [ 72.86, 19.06 ], [ 72.87, 19.06 ] ] ] } },
{ "type": "Feature", "properties": { "cell_id": "r17_c10", "mean_lst": 43.471561887029139 }, "geometry": { "type": "Polygon", "coordinates": [ [ [ 72.88, 19.06 ], [ 72.88, 19.07 ], [ 72.87, 19.07 ], [ 72.87, 19.06 ], [ 72.88, 19.06 ] ] ] } },
{ "type": "Feature", "properties": { "cell_id": "r17_c11", "mean_lst": 42.458446313003712 }, "geometry": { "type": "Polygon", "coordinates": [ [ [ 72.89, 19.06 ], [ 72.89, 19.07 ], [ 72.88, 19.07 ], [ 72.88, 19.06 ], [ 72.89, 19.06 ] ] ] } },
{ "type": "Feature", "properties": { "cell_id": "r17_c12", "mean_lst": 42.371543552674446 }, "geometry": { "type": "Polygon", "coordinates": [ [ [ 72.9, 19.06 ], [ 72.9, 19.07 ], [ 72.89, 19.07 ], [ 72.89, 19.06 ], [ 72.9, 19.06 ] ] ] } },
{ "type": "Feature", "properties": { "cell_id": "r17_c13", "mean_lst": 42.701096083156287 }, "geometry": { "type": "Polygon", "coordinates": [ [ [ 72.91, 19.06 ], [ 72.91, 19.07 ], [ 72.9, 19.07 ], [ 72.9, 19.06 ], [ 72.91, 19.06 ] ] ] } },
{ "type": "Feature", "properties": { "cell_id": "r17_c14", "mean_lst": 43.329169220470931 }, "geometry": { "type": "Polygon", "coordinates": [ [ [ 72.92, 19.06 ], [ 72.92, 19.07 ], [ 72.91, 19.07 ], [ 72.91, 19.06 ], [ 72.92, 19.06 ] ] ] } },
{ "type": "Feature", "properties": { "cell_id": "r17_c15", "mean_lst": 48.333986626087516 }, "geometry": { "type": "Polygon", "coordinates": [ [ [ 72.93, 19.06 ], [ 72.93, 19.07 ], [ 72.92, 19.07 ], [ 72.92, 19.06 ], [ 72.93, 19.06 ] ] ] } },
{ "type": "Feature", "properties": { "cell_id": "r17_c16", "mean_lst": 44.249397446627711 }, "geometry": { "type": "Polygon", "coordinates": [ [ [ 72.94, 19.06 ], [ 72.94, 19.07 ], [ 72.93, 19.07 ], [ 72.93, 19.06 ], [ 72.94, 19.06 ] ] ] } },
{ "type": "Feature", "properties": { "cell_id": "r17_c17", "mean_lst": 37.669401691142404 }, "geometry": { "type": "Polygon", "coordinates": [ [ [ 72.95, 19.06 ], [ 72.95, 19.07 ], [ 72.94, 19.07 ], [ 72.94, 19.06 ], [ 72.95, 19.06 ] ] ] } },
{ "type": "Feature", "properties": { "cell_id": "r17_c18", "mean_lst": 34.910483310905946 }, "geometry": { "type": "Polygon", "coordinates": [ [ [ 72.96, 19.06 ], [ 72.96, 19.07 ], [ 72.95, 19.07 ], [ 72.95, 19.06 ], [ 72.96, 19.06 ] ] ] } },
{ "type": "Feature", "properties": { "cell_id": "r17_c19", "mean_lst": 32.035124808704637 }, "geometry": { "type": "Polygon", "coordinates": [ [ [ 72.97, 19.06 ], [ 72.97, 19.07 ], [ 72.96, 19.07 ], [ 72.96, 19.06 ], [ 72.97, 19.06 ] ] ] } },
{ "type": "Feature", "properties": { "cell_id": "r17_c20", "mean_lst": 32.385042238757549 }, "geometry": { "type": "Polygon", "coordinates": [ [ [ 72.980000000000103, 19.06 ], [ 72.980000000000103, 19.07 ], [ 72.97, 19.07 ], [ 72.97, 19.06 ], [ 72.980000000000103, 19.06 ] ] ] } },
{ "type": "Feature", "properties": { "cell_id": "r17_c21", "mean_lst": 36.40579938483134 }, "geometry": { "type": "Polygon", "coordinates": [ [ [ 72.99, 19.06 ], [ 72.99, 19.07 ], [ 72.980000000000103, 19.07 ], [ 72.980000000000103, 19.06 ], [ 72.99, 19.06 ] ] ] } },
{ "type": "Feature", "properties": { "cell_id": "r18_c0", "mean_lst": 30.842502775044391 }, "geometry": { "type": "Polygon", "coordinates": [ [ [ 72.78, 19.07 ], [ 72.78, 19.08 ], [ 72.77, 19.08 ], [ 72.77, 19.07 ], [ 72.78, 19.07 ] ] ] } },
{ "type": "Feature", "properties": { "cell_id": "r18_c1", "mean_lst": 30.654078351468453 }, "geometry": { "type": "Polygon", "coordinates": [ [ [ 72.79, 19.07 ], [ 72.79, 19.08 ], [ 72.78, 19.08 ], [ 72.78, 19.07 ], [ 72.79, 19.07 ] ] ] } },
{ "type": "Feature", "properties": { "cell_id": "r18_c2", "mean_lst": 30.586005231887889 }, "geometry": { "type": "Polygon", "coordinates": [ [ [ 72.8, 19.07 ], [ 72.8, 19.08 ], [ 72.79, 19.08 ], [ 72.79, 19.07 ], [ 72.8, 19.07 ] ] ] } },
{ "type": "Feature", "properties": { "cell_id": "r18_c3", "mean_lst": 30.800812712358749 }, "geometry": { "type": "Polygon", "coordinates": [ [ [ 72.81, 19.07 ], [ 72.81, 19.08 ], [ 72.8, 19.08 ], [ 72.8, 19.07 ], [ 72.81, 19.07 ] ] ] } },
{ "type": "Feature", "properties": { "cell_id": "r18_c4", "mean_lst": 31.081650284539379 }, "geometry": { "type": "Polygon", "coordinates": [ [ [ 72.82, 19.07 ], [ 72.82, 19.08 ], [ 72.81, 19.08 ], [ 72.81, 19.07 ], [ 72.82, 19.07 ] ] ] } },
{ "type": "Feature", "properties": { "cell_id": "r18_c5", "mean_lst": 40.494259541427745 }, "geometry": { "type": "Polygon", "coordinates": [ [ [ 72.83, 19.07 ], [ 72.83, 19.08 ], [ 72.82, 19.08 ], [ 72.82, 19.07 ], [ 72.83, 19.07 ] ] ] } },
{ "type": "Feature", "properties": { "cell_id": "r18_c6", "mean_lst": 39.60063773896227 }, "geometry": { "type": "Polygon", "coordinates": [ [ [ 72.84, 19.07 ], [ 72.84, 19.08 ], [ 72.83, 19.08 ], [ 72.83, 19.07 ], [ 72.84, 19.07 ] ] ] } },
{ "type": "Feature", "properties": { "cell_id": "r18_c7", "mean_lst": 43.71829952621993 }, "geometry": { "type": "Polygon", "coordinates": [ [ [ 72.85, 19.07 ], [ 72.85, 19.08 ], [ 72.84, 19.08 ], [ 72.84, 19.07 ], [ 72.85, 19.07 ] ] ] } },
{ "type": "Feature", "properties": { "cell_id": "r18_c8", "mean_lst": 42.267489829069525 }, "geometry": { "type": "Polygon", "coordinates": [ [ [ 72.86, 19.07 ], [ 72.86, 19.08 ], [ 72.85, 19.08 ], [ 72.85, 19.07 ], [ 72.86, 19.07 ] ] ] } },
{ "type": "Feature", "properties": { "cell_id": "r18_c9", "mean_lst": 42.516520685854701 }, "geometry": { "type": "Polygon", "coordinates": [ [ [ 72.87, 19.07 ], [ 72.87, 19.08 ], [ 72.86, 19.08 ], [ 72.86, 19.07 ], [ 72.87, 19.07 ] ] ] } },
{ "type": "Feature", "properties": { "cell_id": "r18_c10", "mean_lst": 45.117805753024122 }, "geometry": { "type": "Polygon", "coordinates": [ [ [ 72.88, 19.07 ], [ 72.88, 19.08 ], [ 72.87, 19.08 ], [ 72.87, 19.07 ], [ 72.88, 19.07 ] ] ] } },
{ "type": "Feature", "properties": { "cell_id": "r18_c11", "mean_lst": 44.283012776586794 }, "geometry": { "type": "Polygon", "coordinates": [ [ [ 72.89, 19.07 ], [ 72.89, 19.08 ], [ 72.88, 19.08 ], [ 72.88, 19.07 ], [ 72.89, 19.07 ] ] ] } },
{ "type": "Feature", "properties": { "cell_id": "r18_c12", "mean_lst": 42.849472072781154 }, "geometry": { "type": "Polygon", "coordinates": [ [ [ 72.9, 19.07 ], [ 72.9, 19.08 ], [ 72.89, 19.08 ], [ 72.89, 19.07 ], [ 72.9, 19.07 ] ] ] } },
{ "type": "Feature", "properties": { "cell_id": "r18_c13", "mean_lst": 40.198244141673229 }, "geometry": { "type": "Polygon", "coordinates": [ [ [ 72.91, 19.07 ], [ 72.91, 19.08 ], [ 72.9, 19.08 ], [ 72.9, 19.07 ], [ 72.91, 19.07 ] ] ] } },
{ "type": "Feature", "properties": { "cell_id": "r18_c14", "mean_lst": 43.614582998283097 }, "geometry": { "type": "Polygon", "coordinates": [ [ [ 72.92, 19.07 ], [ 72.92, 19.08 ], [ 72.91, 19.08 ], [ 72.91, 19.07 ], [ 72.92, 19.07 ] ] ] } },
{ "type": "Feature", "properties": { "cell_id": "r18_c15", "mean_lst": 43.631063926514862 }, "geometry": { "type": "Polygon", "coordinates": [ [ [ 72.93, 19.07 ], [ 72.93, 19.08 ], [ 72.92, 19.08 ], [ 72.92, 19.07 ], [ 72.93, 19.07 ] ] ] } },
{ "type": "Feature", "properties": { "cell_id": "r18_c16", "mean_lst": 39.316241035036256 }, "geometry": { "type": "Polygon", "coordinates": [ [ [ 72.94, 19.07 ], [ 72.94, 19.08 ], [ 72.93, 19.08 ], [ 72.93, 19.07 ], [ 72.94, 19.07 ] ] ] } },
{ "type": "Feature", "properties": { "cell_id": "r18_c17", "mean_lst": 37.669579146387576 }, "geometry": { "type": "Polygon", "coordinates": [ [ [ 72.95, 19.07 ], [ 72.95, 19.08 ], [ 72.94, 19.08 ], [ 72.94, 19.07 ], [ 72.95, 19.07 ] ] ] } },
{ "type": "Feature", "properties": { "cell_id": "r18_c18", "mean_lst": 33.481276503956529 }, "geometry": { "type": "Polygon", "coordinates": [ [ [ 72.96, 19.07 ], [ 72.96, 19.08 ], [ 72.95, 19.08 ], [ 72.95, 19.07 ], [ 72.96, 19.07 ] ] ] } },
{ "type": "Feature", "properties": { "cell_id": "r18_c19", "mean_lst": 31.393676156875362 }, "geometry": { "type": "Polygon", "coordinates": [ [ [ 72.97, 19.07 ], [ 72.97, 19.08 ], [ 72.96, 19.08 ], [ 72.96, 19.07 ], [ 72.97, 19.07 ] ] ] } },
{ "type": "Feature", "properties": { "cell_id": "r18_c20", "mean_lst": 31.969050070265297 }, "geometry": { "type": "Polygon", "coordinates": [ [ [ 72.980000000000103, 19.07 ], [ 72.980000000000103, 19.08 ], [ 72.97, 19.08 ], [ 72.97, 19.07 ], [ 72.980000000000103, 19.07 ] ] ] } },
{ "type": "Feature", "properties": { "cell_id": "r18_c21", "mean_lst": 36.738656223180584 }, "geometry": { "type": "Polygon", "coordinates": [ [ [ 72.99, 19.07 ], [ 72.99, 19.08 ], [ 72.980000000000103, 19.08 ], [ 72.980000000000103, 19.07 ], [ 72.99, 19.07 ] ] ] } },
{ "type": "Feature", "properties": { "cell_id": "r19_c0", "mean_lst": 31.000587586432808 }, "geometry": { "type": "Polygon", "coordinates": [ [ [ 72.78, 19.08 ], [ 72.78, 19.09 ], [ 72.77, 19.09 ], [ 72.77, 19.08 ], [ 72.78, 19.08 ] ] ] } },
{ "type": "Feature", "properties": { "cell_id": "r19_c1", "mean_lst": 30.87203240375629 }, "geometry": { "type": "Polygon", "coordinates": [ [ [ 72.79, 19.08 ], [ 72.79, 19.09 ], [ 72.78, 19.09 ], [ 72.78, 19.08 ], [ 72.79, 19.08 ] ] ] } },
{ "type": "Feature", "properties": { "cell_id": "r19_c2", "mean_lst": 30.591486678924184 }, "geometry": { "type": "Polygon", "coordinates": [ [ [ 72.8, 19.08 ], [ 72.8, 19.09 ], [ 72.79, 19.09 ], [ 72.79, 19.08 ], [ 72.8, 19.08 ] ] ] } },
{ "type": "Feature", "properties": { "cell_id": "r19_c3", "mean_lst": 30.714835860630409 }, "geometry": { "type": "Polygon", "coordinates": [ [ [ 72.81, 19.08 ], [ 72.81, 19.09 ], [ 72.8, 19.09 ], [ 72.8, 19.08 ], [ 72.81, 19.08 ] ] ] } },
{ "type": "Feature", "properties": { "cell_id": "r19_c4", "mean_lst": 31.107437288506144 }, "geometry": { "type": "Polygon", "coordinates": [ [ [ 72.82, 19.08 ], [ 72.82, 19.09 ], [ 72.81, 19.09 ], [ 72.81, 19.08 ], [ 72.82, 19.08 ] ] ] } },
{ "type": "Feature", "properties": { "cell_id": "r19_c5", "mean_lst": 37.62504240753487 }, "geometry": { "type": "Polygon", "coordinates": [ [ [ 72.83, 19.08 ], [ 72.83, 19.09 ], [ 72.82, 19.09 ], [ 72.82, 19.08 ], [ 72.83, 19.08 ] ] ] } },
{ "type": "Feature", "properties": { "cell_id": "r19_c6", "mean_lst": 41.116008435230782 }, "geometry": { "type": "Polygon", "coordinates": [ [ [ 72.84, 19.08 ], [ 72.84, 19.09 ], [ 72.83, 19.09 ], [ 72.83, 19.08 ], [ 72.84, 19.08 ] ] ] } },
{ "type": "Feature", "properties": { "cell_id": "r19_c7", "mean_lst": 44.344241698847505 }, "geometry": { "type": "Polygon", "coordinates": [ [ [ 72.85, 19.08 ], [ 72.85, 19.09 ], [ 72.84, 19.09 ], [ 72.84, 19.08 ], [ 72.85, 19.08 ] ] ] } },
{ "type": "Feature", "properties": { "cell_id": "r19_c8", "mean_lst": 45.951272029898661 }, "geometry": { "type": "Polygon", "coordinates": [ [ [ 72.86, 19.08 ], [ 72.86, 19.09 ], [ 72.85, 19.09 ], [ 72.85, 19.08 ], [ 72.86, 19.08 ] ] ] } },
{ "type": "Feature", "properties": { "cell_id": "r19_c9", "mean_lst": 46.949782732788201 }, "geometry": { "type": "Polygon", "coordinates": [ [ [ 72.87, 19.08 ], [ 72.87, 19.09 ], [ 72.86, 19.09 ], [ 72.86, 19.08 ], [ 72.87, 19.08 ] ] ] } },
{ "type": "Feature", "properties": { "cell_id": "r19_c10", "mean_lst": 47.808473845775644 }, "geometry": { "type": "Polygon", "coordinates": [ [ [ 72.88, 19.08 ], [ 72.88, 19.09 ], [ 72.87, 19.09 ], [ 72.87, 19.08 ], [ 72.88, 19.08 ] ] ] } },
{ "type": "Feature", "properties": { "cell_id": "r19_c11", "mean_lst": 44.647035156746796 }, "geometry": { "type": "Polygon", "coordinates": [ [ [ 72.89, 19.08 ], [ 72.89, 19.09 ], [ 72.88, 19.09 ], [ 72.88, 19.08 ], [ 72.89, 19.08 ] ] ] } },
{ "type": "Feature", "properties": { "cell_id": "r19_c12", "mean_lst": 43.677351257894273 }, "geometry": { "type": "Polygon", "coordinates": [ [ [ 72.9, 19.08 ], [ 72.9, 19.09 ], [ 72.89, 19.09 ], [ 72.89, 19.08 ], [ 72.9, 19.08 ] ] ] } },
{ "type": "Feature", "properties": { "cell_id": "r19_c13", "mean_lst": 41.029521141422507 }, "geometry": { "type": "Polygon", "coordinates": [ [ [ 72.91, 19.08 ], [ 72.91, 19.09 ], [ 72.9, 19.09 ], [ 72.9, 19.08 ], [ 72.91, 19.08 ] ] ] } },
{ "type": "Feature", "properties": { "cell_id": "r19_c14", "mean_lst": 41.390812736348984 }, "geometry": { "type": "Polygon", "coordinates": [ [ [ 72.92, 19.08 ], [ 72.92, 19.09 ], [ 72.91, 19.09 ], [ 72.91, 19.08 ], [ 72.92, 19.08 ] ] ] } },
{ "type": "Feature", "properties": { "cell_id": "r19_c15", "mean_lst": 37.698769915804498 }, "geometry": { "type": "Polygon", "coordinates": [ [ [ 72.93, 19.08 ], [ 72.93, 19.09 ], [ 72.92, 19.09 ], [ 72.92, 19.08 ], [ 72.93, 19.08 ] ] ] } },
{ "type": "Feature", "properties": { "cell_id": "r19_c16", "mean_lst": 38.700429822785487 }, "geometry": { "type": "Polygon", "coordinates": [ [ [ 72.94, 19.08 ], [ 72.94, 19.09 ], [ 72.93, 19.09 ], [ 72.93, 19.08 ], [ 72.94, 19.08 ] ] ] } },
{ "type": "Feature", "properties": { "cell_id": "r19_c17", "mean_lst": 36.647331401246241 }, "geometry": { "type": "Polygon", "coordinates": [ [ [ 72.95, 19.08 ], [ 72.95, 19.09 ], [ 72.94, 19.09 ], [ 72.94, 19.08 ], [ 72.95, 19.08 ] ] ] } },
{ "type": "Feature", "properties": { "cell_id": "r19_c18", "mean_lst": 32.439100165488853 }, "geometry": { "type": "Polygon", "coordinates": [ [ [ 72.96, 19.08 ], [ 72.96, 19.09 ], [ 72.95, 19.09 ], [ 72.95, 19.08 ], [ 72.96, 19.08 ] ] ] } },
{ "type": "Feature", "properties": { "cell_id": "r19_c19", "mean_lst": 31.63736631114665 }, "geometry": { "type": "Polygon", "coordinates": [ [ [ 72.97, 19.08 ], [ 72.97, 19.09 ], [ 72.96, 19.09 ], [ 72.96, 19.08 ], [ 72.97, 19.08 ] ] ] } },
{ "type": "Feature", "properties": { "cell_id": "r19_c20", "mean_lst": 31.847303672803797 }, "geometry": { "type": "Polygon", "coordinates": [ [ [ 72.980000000000103, 19.08 ], [ 72.980000000000103, 19.09 ], [ 72.97, 19.09 ], [ 72.97, 19.08 ], [ 72.980000000000103, 19.08 ] ] ] } },
{ "type": "Feature", "properties": { "cell_id": "r19_c21", "mean_lst": 33.170734223923894 }, "geometry": { "type": "Polygon", "coordinates": [ [ [ 72.99, 19.08 ], [ 72.99, 19.09 ], [ 72.980000000000103, 19.09 ], [ 72.980000000000103, 19.08 ], [ 72.99, 19.08 ] ] ] } },
{ "type": "Feature", "properties": { "cell_id": "r20_c0", "mean_lst": 30.854032605080494 }, "geometry": { "type": "Polygon", "coordinates": [ [ [ 72.78, 19.09 ], [ 72.78, 19.1 ], [ 72.77, 19.1 ], [ 72.77, 19.09 ], [ 72.78, 19.09 ] ] ] } },
{ "type": "Feature", "properties": { "cell_id": "r20_c1", "mean_lst": 30.97428206147455 }, "geometry": { "type": "Polygon", "coordinates": [ [ [ 72.79, 19.09 ], [ 72.79, 19.1 ], [ 72.78, 19.1 ], [ 72.78, 19.09 ], [ 72.79, 19.09 ] ] ] } },
{ "type": "Feature", "properties": { "cell_id": "r20_c2", "mean_lst": 30.89364143463073 }, "geometry": { "type": "Polygon", "coordinates": [ [ [ 72.8, 19.09 ], [ 72.8, 19.1 ], [ 72.79, 19.1 ], [ 72.79, 19.09 ], [ 72.8, 19.09 ] ] ] } },
{ "type": "Feature", "properties": { "cell_id": "r20_c3", "mean_lst": 30.699437640304581 }, "geometry": { "type": "Polygon", "coordinates": [ [ [ 72.81, 19.09 ], [ 72.81, 19.1 ], [ 72.8, 19.1 ], [ 72.8, 19.09 ], [ 72.81, 19.09 ] ] ] } },
{ "type": "Feature", "properties": { "cell_id": "r20_c4", "mean_lst": 30.91736916862104 }, "geometry": { "type": "Polygon", "coordinates": [ [ [ 72.82, 19.09 ], [ 72.82, 19.1 ], [ 72.81, 19.1 ], [ 72.81, 19.09 ], [ 72.82, 19.09 ] ] ] } },
{ "type": "Feature", "properties": { "cell_id": "r20_c5", "mean_lst": 35.303770719410998 }, "geometry": { "type": "Polygon", "coordinates": [ [ [ 72.83, 19.09 ], [ 72.83, 19.1 ], [ 72.82, 19.1 ], [ 72.82, 19.09 ], [ 72.83, 19.09 ] ] ] } },
{ "type": "Feature", "properties": { "cell_id": "r20_c6", "mean_lst": 43.993711358002315 }, "geometry": { "type": "Polygon", "coordinates": [ [ [ 72.84, 19.09 ], [ 72.84, 19.1 ], [ 72.83, 19.1 ], [ 72.83, 19.09 ], [ 72.84, 19.09 ] ] ] } },
{ "type": "Feature", "properties": { "cell_id": "r20_c7", "mean_lst": 42.054971115403326 }, "geometry": { "type": "Polygon", "coordinates": [ [ [ 72.85, 19.09 ], [ 72.85, 19.1 ], [ 72.84, 19.1 ], [ 72.84, 19.09 ], [ 72.85, 19.09 ] ] ] } },
{ "type": "Feature", "properties": { "cell_id": "r20_c8", "mean_lst": 46.859020964051709 }, "geometry": { "type": "Polygon", "coordinates": [ [ [ 72.86, 19.09 ], [ 72.86, 19.1 ], [ 72.85, 19.1 ], [ 72.85, 19.09 ], [ 72.86, 19.09 ] ] ] } },
{ "type": "Feature", "properties": { "cell_id": "r20_c9", "mean_lst": 48.929549092015939 }, "geometry": { "type": "Polygon", "coordinates": [ [ [ 72.87, 19.09 ], [ 72.87, 19.1 ], [ 72.86, 19.1 ], [ 72.86, 19.09 ], [ 72.87, 19.09 ] ] ] } },
{ "type": "Feature", "properties": { "cell_id": "r20_c10", "mean_lst": 48.562542182387276 }, "geometry": { "type": "Polygon", "coordinates": [ [ [ 72.88, 19.09 ], [ 72.88, 19.1 ], [ 72.87, 19.1 ], [ 72.87, 19.09 ], [ 72.88, 19.09 ] ] ] } },
{ "type": "Feature", "properties": { "cell_id": "r20_c11", "mean_lst": 46.161238838853926 }, "geometry": { "type": "Polygon", "coordinates": [ [ [ 72.89, 19.09 ], [ 72.89, 19.1 ], [ 72.88, 19.1 ], [ 72.88, 19.09 ], [ 72.89, 19.09 ] ] ] } },
{ "type": "Feature", "properties": { "cell_id": "r20_c12", "mean_lst": 46.712093562113537 }, "geometry": { "type": "Polygon", "coordinates": [ [ [ 72.9, 19.09 ], [ 72.9, 19.1 ], [ 72.89, 19.1 ], [ 72.89, 19.09 ], [ 72.9, 19.09 ] ] ] } },
{ "type": "Feature", "properties": { "cell_id": "r20_c13", "mean_lst": 44.323469251173563 }, "geometry": { "type": "Polygon", "coordinates": [ [ [ 72.91, 19.09 ], [ 72.91, 19.1 ], [ 72.9, 19.1 ], [ 72.9, 19.09 ], [ 72.91, 19.09 ] ] ] } },
{ "type": "Feature", "properties": { "cell_id": "r20_c14", "mean_lst": 42.970378661664228 }, "geometry": { "type": "Polygon", "coordinates": [ [ [ 72.92, 19.09 ], [ 72.92, 19.1 ], [ 72.91, 19.1 ], [ 72.91, 19.09 ], [ 72.92, 19.09 ] ] ] } },
{ "type": "Feature", "properties": { "cell_id": "r20_c15", "mean_lst": 43.910566404614535 }, "geometry": { "type": "Polygon", "coordinates": [ [ [ 72.93, 19.09 ], [ 72.93, 19.1 ], [ 72.92, 19.1 ], [ 72.92, 19.09 ], [ 72.93, 19.09 ] ] ] } },
{ "type": "Feature", "properties": { "cell_id": "r20_c16", "mean_lst": 38.299525710196917 }, "geometry": { "type": "Polygon", "coordinates": [ [ [ 72.94, 19.09 ], [ 72.94, 19.1 ], [ 72.93, 19.1 ], [ 72.93, 19.09 ], [ 72.94, 19.09 ] ] ] } },
{ "type": "Feature", "properties": { "cell_id": "r20_c17", "mean_lst": 33.992950590151537 }, "geometry": { "type": "Polygon", "coordinates": [ [ [ 72.95, 19.09 ], [ 72.95, 19.1 ], [ 72.94, 19.1 ], [ 72.94, 19.09 ], [ 72.95, 19.09 ] ] ] } },
{ "type": "Feature", "properties": { "cell_id": "r20_c18", "mean_lst": 33.004741995542332 }, "geometry": { "type": "Polygon", "coordinates": [ [ [ 72.96, 19.09 ], [ 72.96, 19.1 ], [ 72.95, 19.1 ], [ 72.95, 19.09 ], [ 72.96, 19.09 ] ] ] } },
{ "type": "Feature", "properties": { "cell_id": "r20_c19", "mean_lst": 31.590840525531515 }, "geometry": { "type": "Polygon", "coordinates": [ [ [ 72.97, 19.09 ], [ 72.97, 19.1 ], [ 72.96, 19.1 ], [ 72.96, 19.09 ], [ 72.97, 19.09 ] ] ] } },
{ "type": "Feature", "properties": { "cell_id": "r20_c20", "mean_lst": 31.937836344873531 }, "geometry": { "type": "Polygon", "coordinates": [ [ [ 72.980000000000103, 19.09 ], [ 72.980000000000103, 19.1 ], [ 72.97, 19.1 ], [ 72.97, 19.09 ], [ 72.980000000000103, 19.09 ] ] ] } },
{ "type": "Feature", "properties": { "cell_id": "r20_c21", "mean_lst": 33.713180388383066 }, "geometry": { "type": "Polygon", "coordinates": [ [ [ 72.99, 19.09 ], [ 72.99, 19.1 ], [ 72.980000000000103, 19.1 ], [ 72.980000000000103, 19.09 ], [ 72.99, 19.09 ] ] ] } },
{ "type": "Feature", "properties": { "cell_id": "r21_c0", "mean_lst": 30.890932444620933 }, "geometry": { "type": "Polygon", "coordinates": [ [ [ 72.78, 19.1 ], [ 72.78, 19.11 ], [ 72.77, 19.11 ], [ 72.77, 19.1 ], [ 72.78, 19.1 ] ] ] } },
{ "type": "Feature", "properties": { "cell_id": "r21_c1", "mean_lst": 30.948069849052818 }, "geometry": { "type": "Polygon", "coordinates": [ [ [ 72.79, 19.1 ], [ 72.79, 19.11 ], [ 72.78, 19.11 ], [ 72.78, 19.1 ], [ 72.79, 19.1 ] ] ] } },
{ "type": "Feature", "properties": { "cell_id": "r21_c2", "mean_lst": 31.09907415728194 }, "geometry": { "type": "Polygon", "coordinates": [ [ [ 72.8, 19.1 ], [ 72.8, 19.11 ], [ 72.79, 19.11 ], [ 72.79, 19.1 ], [ 72.8, 19.1 ] ] ] } },
{ "type": "Feature", "properties": { "cell_id": "r21_c3", "mean_lst": 30.921571496773566 }, "geometry": { "type": "Polygon", "coordinates": [ [ [ 72.81, 19.1 ], [ 72.81, 19.11 ], [ 72.8, 19.11 ], [ 72.8, 19.1 ], [ 72.81, 19.1 ] ] ] } },
{ "type": "Feature", "properties": { "cell_id": "r21_c4", "mean_lst": 30.850790321667358 }, "geometry": { "type": "Polygon", "coordinates": [ [ [ 72.82, 19.1 ], [ 72.82, 19.11 ], [ 72.81, 19.11 ], [ 72.81, 19.1 ], [ 72.82, 19.1 ] ] ] } },
{ "type": "Feature", "properties": { "cell_id": "r21_c5", "mean_lst": 36.291403019276942 }, "geometry": { "type": "Polygon", "coordinates": [ [ [ 72.83, 19.1 ], [ 72.83, 19.11 ], [ 72.82, 19.11 ], [ 72.82, 19.1 ], [ 72.83, 19.1 ] ] ] } },
{ "type": "Feature", "properties": { "cell_id": "r21_c6", "mean_lst": 40.322380013742389 }, "geometry": { "type": "Polygon", "coordinates": [ [ [ 72.84, 19.1 ], [ 72.84, 19.11 ], [ 72.83, 19.11 ], [ 72.83, 19.1 ], [ 72.84, 19.1 ] ] ] } },
{ "type": "Feature", "properties": { "cell_id": "r21_c7", "mean_lst": 40.30901992935825 }, "geometry": { "type": "Polygon", "coordinates": [ [ [ 72.85, 19.1 ], [ 72.85, 19.11 ], [ 72.84, 19.11 ], [ 72.84, 19.1 ], [ 72.85, 19.1 ] ] ] } },
{ "type": "Feature", "properties": { "cell_id": "r21_c8", "mean_lst": 42.090231578772126 }, "geometry": { "type": "Polygon", "coordinates": [ [ [ 72.86, 19.1 ], [ 72.86, 19.11 ], [ 72.85, 19.11 ], [ 72.85, 19.1 ], [ 72.86, 19.1 ] ] ] } },
{ "type": "Feature", "properties": { "cell_id": "r21_c9", "mean_lst": 42.278205807011147 }, "geometry": { "type": "Polygon", "coordinates": [ [ [ 72.87, 19.1 ], [ 72.87, 19.11 ], [ 72.86, 19.11 ], [ 72.86, 19.1 ], [ 72.87, 19.1 ] ] ] } },
{ "type": "Feature", "properties": { "cell_id": "r21_c10", "mean_lst": 44.221528661288986 }, "geometry": { "type": "Polygon", "coordinates": [ [ [ 72.88, 19.1 ], [ 72.88, 19.11 ], [ 72.87, 19.11 ], [ 72.87, 19.1 ], [ 72.88, 19.1 ] ] ] } },
{ "type": "Feature", "properties": { "cell_id": "r21_c11", "mean_lst": 43.488942110458567 }, "geometry": { "type": "Polygon", "coordinates": [ [ [ 72.89, 19.1 ], [ 72.89, 19.11 ], [ 72.88, 19.11 ], [ 72.88, 19.1 ], [ 72.89, 19.1 ] ] ] } },
{ "type": "Feature", "properties": { "cell_id": "r21_c12", "mean_lst": 47.131364467088687 }, "geometry": { "type": "Polygon", "coordinates": [ [ [ 72.9, 19.1 ], [ 72.9, 19.11 ], [ 72.89, 19.11 ], [ 72.89, 19.1 ], [ 72.9, 19.1 ] ] ] } },
{ "type": "Feature", "properties": { "cell_id": "r21_c13", "mean_lst": 43.585591465463722 }, "geometry": { "type": "Polygon", "coordinates": [ [ [ 72.91, 19.1 ], [ 72.91, 19.11 ], [ 72.9, 19.11 ], [ 72.9, 19.1 ], [ 72.91, 19.1 ] ] ] } },
{ "type": "Feature", "properties": { "cell_id": "r21_c14", "mean_lst": 44.803197024877875 }, "geometry": { "type": "Polygon", "coordinates": [ [ [ 72.92, 19.1 ], [ 72.92, 19.11 ], [ 72.91, 19.11 ], [ 72.91, 19.1 ], [ 72.92, 19.1 ] ] ] } },
{ "type": "Feature", "properties": { "cell_id": "r21_c15", "mean_lst": 43.943968664437513 }, "geometry": { "type": "Polygon", "coordinates": [ [ [ 72.93, 19.1 ], [ 72.93, 19.11 ], [ 72.92, 19.11 ], [ 72.92, 19.1 ], [ 72.93, 19.1 ] ] ] } },
{ "type": "Feature", "properties": { "cell_id": "r21_c16", "mean_lst": 42.560737593289325 }, "geometry": { "type": "Polygon", "coordinates": [ [ [ 72.94, 19.1 ], [ 72.94, 19.11 ], [ 72.93, 19.11 ], [ 72.93, 19.1 ], [ 72.94, 19.1 ] ] ] } },
{ "type": "Feature", "properties": { "cell_id": "r21_c17", "mean_lst": 36.371010820265219 }, "geometry": { "type": "Polygon", "coordinates": [ [ [ 72.95, 19.1 ], [ 72.95, 19.11 ], [ 72.94, 19.11 ], [ 72.94, 19.1 ], [ 72.95, 19.1 ] ] ] } },
{ "type": "Feature", "properties": { "cell_id": "r21_c18", "mean_lst": 32.551521746944708 }, "geometry": { "type": "Polygon", "coordinates": [ [ [ 72.96, 19.1 ], [ 72.96, 19.11 ], [ 72.95, 19.11 ], [ 72.95, 19.1 ], [ 72.96, 19.1 ] ] ] } },
{ "type": "Feature", "properties": { "cell_id": "r21_c19", "mean_lst": 31.731850226256391 }, "geometry": { "type": "Polygon", "coordinates": [ [ [ 72.97, 19.1 ], [ 72.97, 19.11 ], [ 72.96, 19.11 ], [ 72.96, 19.1 ], [ 72.97, 19.1 ] ] ] } },
{ "type": "Feature", "properties": { "cell_id": "r21_c20", "mean_lst": 32.242980166940754 }, "geometry": { "type": "Polygon", "coordinates": [ [ [ 72.980000000000103, 19.1 ], [ 72.980000000000103, 19.11 ], [ 72.97, 19.11 ], [ 72.97, 19.1 ], [ 72.980000000000103, 19.1 ] ] ] } },
{ "type": "Feature", "properties": { "cell_id": "r21_c21", "mean_lst": 34.325774826330445 }, "geometry": { "type": "Polygon", "coordinates": [ [ [ 72.99, 19.1 ], [ 72.99, 19.11 ], [ 72.980000000000103, 19.11 ], [ 72.980000000000103, 19.1 ], [ 72.99, 19.1 ] ] ] } },
{ "type": "Feature", "properties": { "cell_id": "r22_c0", "mean_lst": 30.715750130698517 }, "geometry": { "type": "Polygon", "coordinates": [ [ [ 72.78, 19.11 ], [ 72.78, 19.12 ], [ 72.77, 19.12 ], [ 72.77, 19.11 ], [ 72.78, 19.11 ] ] ] } },
{ "type": "Feature", "properties": { "cell_id": "r22_c1", "mean_lst": 30.804517426045276 }, "geometry": { "type": "Polygon", "coordinates": [ [ [ 72.79, 19.11 ], [ 72.79, 19.12 ], [ 72.78, 19.12 ], [ 72.78, 19.11 ], [ 72.79, 19.11 ] ] ] } },
{ "type": "Feature", "properties": { "cell_id": "r22_c2", "mean_lst": 31.173774428398762 }, "geometry": { "type": "Polygon", "coordinates": [ [ [ 72.8, 19.11 ], [ 72.8, 19.12 ], [ 72.79, 19.12 ], [ 72.79, 19.11 ], [ 72.8, 19.11 ] ] ] } },
{ "type": "Feature", "properties": { "cell_id": "r22_c3", "mean_lst": 31.031161006143105 }, "geometry": { "type": "Polygon", "coordinates": [ [ [ 72.81, 19.11 ], [ 72.81, 19.12 ], [ 72.8, 19.12 ], [ 72.8, 19.11 ], [ 72.81, 19.11 ] ] ] } },
{ "type": "Feature", "properties": { "cell_id": "r22_c4", "mean_lst": 31.294563015460881 }, "geometry": { "type": "Polygon", "coordinates": [ [ [ 72.82, 19.11 ], [ 72.82, 19.12 ], [ 72.81, 19.12 ], [ 72.81, 19.11 ], [ 72.82, 19.11 ] ] ] } },
{ "type": "Feature", "properties": { "cell_id": "r22_c5", "mean_lst": 39.58083949434377 }, "geometry": { "type": "Polygon", "coordinates": [ [ [ 72.83, 19.11 ], [ 72.83, 19.12 ], [ 72.82, 19.12 ], [ 72.82, 19.11 ], [ 72.83, 19.11 ] ] ] } },
{ "type": "Feature", "properties": { "cell_id": "r22_c6", "mean_lst": 41.51126630642829 }, "geometry": { "type": "Polygon", "coordinates": [ [ [ 72.84, 19.11 ], [ 72.84, 19.12 ], [ 72.83, 19.12 ], [ 72.83, 19.11 ], [ 72.84, 19.11 ] ] ] } },
{ "type": "Feature", "properties": { "cell_id": "r22_c7", "mean_lst": 40.896073857331366 }, "geometry": { "type": "Polygon", "coordinates": [ [ [ 72.85, 19.11 ], [ 72.85, 19.12 ], [ 72.84, 19.12 ], [ 72.84, 19.11 ], [ 72.85, 19.11 ] ] ] } },
{ "type": "Feature", "properties": { "cell_id": "r22_c8", "mean_lst": 41.728763902953567 }, "geometry": { "type": "Polygon", "coordinates": [ [ [ 72.86, 19.11 ], [ 72.86, 19.12 ], [ 72.85, 19.12 ], [ 72.85, 19.11 ], [ 72.86, 19.11 ] ] ] } },
{ "type": "Feature", "properties": { "cell_id": "r22_c9", "mean_lst": 41.90452588818583 }, "geometry": { "type": "Polygon", "coordinates": [ [ [ 72.87, 19.11 ], [ 72.87, 19.12 ], [ 72.86, 19.12 ], [ 72.86, 19.11 ], [ 72.87, 19.11 ] ] ] } },
{ "type": "Feature", "properties": { "cell_id": "r22_c10", "mean_lst": 42.776561172751663 }, "geometry": { "type": "Polygon", "coordinates": [ [ [ 72.88, 19.11 ], [ 72.88, 19.12 ], [ 72.87, 19.12 ], [ 72.87, 19.11 ], [ 72.88, 19.11 ] ] ] } },
{ "type": "Feature", "properties": { "cell_id": "r22_c11", "mean_lst": 41.564935630009913 }, "geometry": { "type": "Polygon", "coordinates": [ [ [ 72.89, 19.11 ], [ 72.89, 19.12 ], [ 72.88, 19.12 ], [ 72.88, 19.11 ], [ 72.89, 19.11 ] ] ] } },
{ "type": "Feature", "properties": { "cell_id": "r22_c12", "mean_lst": 41.697780230966856 }, "geometry": { "type": "Polygon", "coordinates": [ [ [ 72.9, 19.11 ], [ 72.9, 19.12 ], [ 72.89, 19.12 ], [ 72.89, 19.11 ], [ 72.9, 19.11 ] ] ] } },
{ "type": "Feature", "properties": { "cell_id": "r22_c13", "mean_lst": 40.873102040963268 }, "geometry": { "type": "Polygon", "coordinates": [ [ [ 72.91, 19.11 ], [ 72.91, 19.12 ], [ 72.9, 19.12 ], [ 72.9, 19.11 ], [ 72.91, 19.11 ] ] ] } },
{ "type": "Feature", "properties": { "cell_id": "r22_c14", "mean_lst": 43.420489668759757 }, "geometry": { "type": "Polygon", "coordinates": [ [ [ 72.92, 19.11 ], [ 72.92, 19.12 ], [ 72.91, 19.12 ], [ 72.91, 19.11 ], [ 72.92, 19.11 ] ] ] } },
{ "type": "Feature", "properties": { "cell_id": "r22_c15", "mean_lst": 44.949113521249664 }, "geometry": { "type": "Polygon", "coordinates": [ [ [ 72.93, 19.11 ], [ 72.93, 19.12 ], [ 72.92, 19.12 ], [ 72.92, 19.11 ], [ 72.93, 19.11 ] ] ] } },
{ "type": "Feature", "properties": { "cell_id": "r22_c16", "mean_lst": 44.602624367642839 }, "geometry": { "type": "Polygon", "coordinates": [ [ [ 72.94, 19.11 ], [ 72.94, 19.12 ], [ 72.93, 19.12 ], [ 72.93, 19.11 ], [ 72.94, 19.11 ] ] ] } },
{ "type": "Feature", "properties": { "cell_id": "r22_c17", "mean_lst": 37.609884370402987 }, "geometry": { "type": "Polygon", "coordinates": [ [ [ 72.95, 19.11 ], [ 72.95, 19.12 ], [ 72.94, 19.12 ], [ 72.94, 19.11 ], [ 72.95, 19.11 ] ] ] } },
{ "type": "Feature", "properties": { "cell_id": "r22_c18", "mean_lst": 33.81260361172729 }, "geometry": { "type": "Polygon", "coordinates": [ [ [ 72.96, 19.11 ], [ 72.96, 19.12 ], [ 72.95, 19.12 ], [ 72.95, 19.11 ], [ 72.96, 19.11 ] ] ] } },
{ "type": "Feature", "properties": { "cell_id": "r22_c19", "mean_lst": 32.199735621636705 }, "geometry": { "type": "Polygon", "coordinates": [ [ [ 72.97, 19.11 ], [ 72.97, 19.12 ], [ 72.96, 19.12 ], [ 72.96, 19.11 ], [ 72.97, 19.11 ] ] ] } },
{ "type": "Feature", "properties": { "cell_id": "r22_c20", "mean_lst": 32.552493482256928 }, "geometry": { "type": "Polygon", "coordinates": [ [ [ 72.980000000000103, 19.11 ], [ 72.980000000000103, 19.12 ], [ 72.97, 19.12 ], [ 72.97, 19.11 ], [ 72.980000000000103, 19.11 ] ] ] } },
{ "type": "Feature", "properties": { "cell_id": "r22_c21", "mean_lst": 34.317163904978365 }, "geometry": { "type": "Polygon", "coordinates": [ [ [ 72.99, 19.11 ], [ 72.99, 19.12 ], [ 72.980000000000103, 19.12 ], [ 72.980000000000103, 19.11 ], [ 72.99, 19.11 ] ] ] } },
{ "type": "Feature", "properties": { "cell_id": "r23_c0", "mean_lst": 30.751458378049275 }, "geometry": { "type": "Polygon", "coordinates": [ [ [ 72.78, 19.12 ], [ 72.78, 19.13 ], [ 72.77, 19.13 ], [ 72.77, 19.12 ], [ 72.78, 19.12 ] ] ] } },
{ "type": "Feature", "properties": { "cell_id": "r23_c1", "mean_lst": 30.940772562241147 }, "geometry": { "type": "Polygon", "coordinates": [ [ [ 72.79, 19.12 ], [ 72.79, 19.13 ], [ 72.78, 19.13 ], [ 72.78, 19.12 ], [ 72.79, 19.12 ] ] ] } },
{ "type": "Feature", "properties": { "cell_id": "r23_c2", "mean_lst": 31.092566243216069 }, "geometry": { "type": "Polygon", "coordinates": [ [ [ 72.8, 19.12 ], [ 72.8, 19.13 ], [ 72.79, 19.13 ], [ 72.79, 19.12 ], [ 72.8, 19.12 ] ] ] } },
{ "type": "Feature", "properties": { "cell_id": "r23_c3", "mean_lst": 31.017068308242543 }, "geometry": { "type": "Polygon", "coordinates": [ [ [ 72.81, 19.12 ], [ 72.81, 19.13 ], [ 72.8, 19.13 ], [ 72.8, 19.12 ], [ 72.81, 19.12 ] ] ] } },
{ "type": "Feature", "properties": { "cell_id": "r23_c4", "mean_lst": 34.919586666971917 }, "geometry": { "type": "Polygon", "coordinates": [ [ [ 72.82, 19.12 ], [ 72.82, 19.13 ], [ 72.81, 19.13 ], [ 72.81, 19.12 ], [ 72.82, 19.12 ] ] ] } },
{ "type": "Feature", "properties": { "cell_id": "r23_c5", "mean_lst": 40.144223301890435 }, "geometry": { "type": "Polygon", "coordinates": [ [ [ 72.83, 19.12 ], [ 72.83, 19.13 ], [ 72.82, 19.13 ], [ 72.82, 19.12 ], [ 72.83, 19.12 ] ] ] } },
{ "type": "Feature", "properties": { "cell_id": "r23_c6", "mean_lst": 42.092273286503108 }, "geometry": { "type": "Polygon", "coordinates": [ [ [ 72.84, 19.12 ], [ 72.84, 19.13 ], [ 72.83, 19.13 ], [ 72.83, 19.12 ], [ 72.84, 19.12 ] ] ] } },
{ "type": "Feature", "properties": { "cell_id": "r23_c7", "mean_lst": 42.424697215750356 }, "geometry": { "type": "Polygon", "coordinates": [ [ [ 72.85, 19.12 ], [ 72.85, 19.13 ], [ 72.84, 19.13 ], [ 72.84, 19.12 ], [ 72.85, 19.12 ] ] ] } },
{ "type": "Feature", "properties": { "cell_id": "r23_c8", "mean_lst": 42.742724894503745 }, "geometry": { "type": "Polygon", "coordinates": [ [ [ 72.86, 19.12 ], [ 72.86, 19.13 ], [ 72.85, 19.13 ], [ 72.85, 19.12 ], [ 72.86, 19.12 ] ] ] } },
{ "type": "Feature", "properties": { "cell_id": "r23_c9", "mean_lst": 41.510540990980012 }, "geometry": { "type": "Polygon", "coordinates": [ [ [ 72.87, 19.12 ], [ 72.87, 19.13 ], [ 72.86, 19.13 ], [ 72.86, 19.12 ], [ 72.87, 19.12 ] ] ] } },
{ "type": "Feature", "properties": { "cell_id": "r23_c10", "mean_lst": 41.758280690110709 }, "geometry": { "type": "Polygon", "coordinates": [ [ [ 72.88, 19.12 ], [ 72.88, 19.13 ], [ 72.87, 19.13 ], [ 72.87, 19.12 ], [ 72.88, 19.12 ] ] ] } },
{ "type": "Feature", "properties": { "cell_id": "r23_c11", "mean_lst": 42.113715227584059 }, "geometry": { "type": "Polygon", "coordinates": [ [ [ 72.89, 19.12 ], [ 72.89, 19.13 ], [ 72.88, 19.13 ], [ 72.88, 19.12 ], [ 72.89, 19.12 ] ] ] } },
{ "type": "Feature", "properties": { "cell_id": "r23_c12", "mean_lst": 40.024451451887479 }, "geometry": { "type": "Polygon", "coordinates": [ [ [ 72.9, 19.12 ], [ 72.9, 19.13 ], [ 72.89, 19.13 ], [ 72.89, 19.12 ], [ 72.9, 19.12 ] ] ] } },
{ "type": "Feature", "properties": { "cell_id": "r23_c13", "mean_lst": 33.500710616143927 }, "geometry": { "type": "Polygon", "coordinates": [ [ [ 72.91, 19.12 ], [ 72.91, 19.13 ], [ 72.9, 19.13 ], [ 72.9, 19.12 ], [ 72.91, 19.12 ] ] ] } },
{ "type": "Feature", "properties": { "cell_id": "r23_c14", "mean_lst": 38.789111160605081 }, "geometry": { "type": "Polygon", "coordinates": [ [ [ 72.92, 19.12 ], [ 72.92, 19.13 ], [ 72.91, 19.13 ], [ 72.91, 19.12 ], [ 72.92, 19.12 ] ] ] } },
{ "type": "Feature", "properties": { "cell_id": "r23_c15", "mean_lst": 44.323961763592258 }, "geometry": { "type": "Polygon", "coordinates": [ [ [ 72.93, 19.12 ], [ 72.93, 19.13 ], [ 72.92, 19.13 ], [ 72.92, 19.12 ], [ 72.93, 19.12 ] ] ] } },
{ "type": "Feature", "properties": { "cell_id": "r23_c16", "mean_lst": 42.229225512975553 }, "geometry": { "type": "Polygon", "coordinates": [ [ [ 72.94, 19.12 ], [ 72.94, 19.13 ], [ 72.93, 19.13 ], [ 72.93, 19.12 ], [ 72.94, 19.12 ] ] ] } },
{ "type": "Feature", "properties": { "cell_id": "r23_c17", "mean_lst": 41.947545096312034 }, "geometry": { "type": "Polygon", "coordinates": [ [ [ 72.95, 19.12 ], [ 72.95, 19.13 ], [ 72.94, 19.13 ], [ 72.94, 19.12 ], [ 72.95, 19.12 ] ] ] } },
{ "type": "Feature", "properties": { "cell_id": "r23_c18", "mean_lst": 41.169169406064334 }, "geometry": { "type": "Polygon", "coordinates": [ [ [ 72.96, 19.12 ], [ 72.96, 19.13 ], [ 72.95, 19.13 ], [ 72.95, 19.12 ], [ 72.96, 19.12 ] ] ] } },
{ "type": "Feature", "properties": { "cell_id": "r23_c19", "mean_lst": 33.087570154088851 }, "geometry": { "type": "Polygon", "coordinates": [ [ [ 72.97, 19.12 ], [ 72.97, 19.13 ], [ 72.96, 19.13 ], [ 72.96, 19.12 ], [ 72.97, 19.12 ] ] ] } },
{ "type": "Feature", "properties": { "cell_id": "r23_c20", "mean_lst": 32.284079404635555 }, "geometry": { "type": "Polygon", "coordinates": [ [ [ 72.980000000000103, 19.12 ], [ 72.980000000000103, 19.13 ], [ 72.97, 19.13 ], [ 72.97, 19.12 ], [ 72.980000000000103, 19.12 ] ] ] } },
{ "type": "Feature", "properties": { "cell_id": "r23_c21", "mean_lst": 35.149826282643232 }, "geometry": { "type": "Polygon", "coordinates": [ [ [ 72.99, 19.12 ], [ 72.99, 19.13 ], [ 72.980000000000103, 19.13 ], [ 72.980000000000103, 19.12 ], [ 72.99, 19.12 ] ] ] } },
{ "type": "Feature", "properties": { "cell_id": "r24_c0", "mean_lst": 30.497350907597205 }, "geometry": { "type": "Polygon", "coordinates": [ [ [ 72.78, 19.13 ], [ 72.78, 19.14 ], [ 72.77, 19.14 ], [ 72.77, 19.13 ], [ 72.78, 19.13 ] ] ] } },
{ "type": "Feature", "properties": { "cell_id": "r24_c1", "mean_lst": 34.409746929445667 }, "geometry": { "type": "Polygon", "coordinates": [ [ [ 72.79, 19.13 ], [ 72.79, 19.14 ], [ 72.78, 19.14 ], [ 72.78, 19.13 ], [ 72.79, 19.13 ] ] ] } },
{ "type": "Feature", "properties": { "cell_id": "r24_c2", "mean_lst": 38.363801164072186 }, "geometry": { "type": "Polygon", "coordinates": [ [ [ 72.8, 19.13 ], [ 72.8, 19.14 ], [ 72.79, 19.14 ], [ 72.79, 19.13 ], [ 72.8, 19.13 ] ] ] } },
{ "type": "Feature", "properties": { "cell_id": "r24_c3", "mean_lst": 33.213408946613747 }, "geometry": { "type": "Polygon", "coordinates": [ [ [ 72.81, 19.13 ], [ 72.81, 19.14 ], [ 72.8, 19.14 ], [ 72.8, 19.13 ], [ 72.81, 19.13 ] ] ] } },
{ "type": "Feature", "properties": { "cell_id": "r24_c4", "mean_lst": 39.329506776764447 }, "geometry": { "type": "Polygon", "coordinates": [ [ [ 72.82, 19.13 ], [ 72.82, 19.14 ], [ 72.81, 19.14 ], [ 72.81, 19.13 ], [ 72.82, 19.13 ] ] ] } },
{ "type": "Feature", "properties": { "cell_id": "r24_c5", "mean_lst": 41.493507759017923 }, "geometry": { "type": "Polygon", "coordinates": [ [ [ 72.83, 19.13 ], [ 72.83, 19.14 ], [ 72.82, 19.14 ], [ 72.82, 19.13 ], [ 72.83, 19.13 ] ] ] } },
{ "type": "Feature", "properties": { "cell_id": "r24_c6", "mean_lst": 43.503119402193917 }, "geometry": { "type": "Polygon", "coordinates": [ [ [ 72.84, 19.13 ], [ 72.84, 19.14 ], [ 72.83, 19.14 ], [ 72.83, 19.13 ], [ 72.84, 19.13 ] ] ] } },
{ "type": "Feature", "properties": { "cell_id": "r24_c7", "mean_lst": 43.445386075988665 }, "geometry": { "type": "Polygon", "coordinates": [ [ [ 72.85, 19.13 ], [ 72.85, 19.14 ], [ 72.84, 19.14 ], [ 72.84, 19.13 ], [ 72.85, 19.13 ] ] ] } },
{ "type": "Feature", "properties": { "cell_id": "r24_c8", "mean_lst": 42.850695071243194 }, "geometry": { "type": "Polygon", "coordinates": [ [ [ 72.86, 19.13 ], [ 72.86, 19.14 ], [ 72.85, 19.14 ], [ 72.85, 19.13 ], [ 72.86, 19.13 ] ] ] } },
{ "type": "Feature", "properties": { "cell_id": "r24_c9", "mean_lst": 42.888540341694068 }, "geometry": { "type": "Polygon", "coordinates": [ [ [ 72.87, 19.13 ], [ 72.87, 19.14 ], [ 72.86, 19.14 ], [ 72.86, 19.13 ], [ 72.87, 19.13 ] ] ] } },
{ "type": "Feature", "properties": { "cell_id": "r24_c10", "mean_lst": 42.530111938916818 }, "geometry": { "type": "Polygon", "coordinates": [ [ [ 72.88, 19.13 ], [ 72.88, 19.14 ], [ 72.87, 19.14 ], [ 72.87, 19.13 ], [ 72.88, 19.13 ] ] ] } },
{ "type": "Feature", "properties": { "cell_id": "r24_c11", "mean_lst": 41.520635721187467 }, "geometry": { "type": "Polygon", "coordinates": [ [ [ 72.89, 19.13 ], [ 72.89, 19.14 ], [ 72.88, 19.14 ], [ 72.88, 19.13 ], [ 72.89, 19.13 ] ] ] } },
{ "type": "Feature", "properties": { "cell_id": "r24_c12", "mean_lst": 41.569356912664823 }, "geometry": { "type": "Polygon", "coordinates": [ [ [ 72.9, 19.13 ], [ 72.9, 19.14 ], [ 72.89, 19.14 ], [ 72.89, 19.13 ], [ 72.9, 19.13 ] ] ] } },
{ "type": "Feature", "properties": { "cell_id": "r24_c13", "mean_lst": 36.064373464486664 }, "geometry": { "type": "Polygon", "coordinates": [ [ [ 72.91, 19.13 ], [ 72.91, 19.14 ], [ 72.9, 19.14 ], [ 72.9, 19.13 ], [ 72.91, 19.13 ] ] ] } },
{ "type": "Feature", "properties": { "cell_id": "r24_c14", "mean_lst": 38.437119132009414 }, "geometry": { "type": "Polygon", "coordinates": [ [ [ 72.92, 19.13 ], [ 72.92, 19.14 ], [ 72.91, 19.14 ], [ 72.91, 19.13 ], [ 72.92, 19.13 ] ] ] } },
{ "type": "Feature", "properties": { "cell_id": "r24_c15", "mean_lst": 41.797089154837572 }, "geometry": { "type": "Polygon", "coordinates": [ [ [ 72.93, 19.13 ], [ 72.93, 19.14 ], [ 72.92, 19.14 ], [ 72.92, 19.13 ], [ 72.93, 19.13 ] ] ] } },
{ "type": "Feature", "properties": { "cell_id": "r24_c16", "mean_lst": 44.196317825076683 }, "geometry": { "type": "Polygon", "coordinates": [ [ [ 72.94, 19.13 ], [ 72.94, 19.14 ], [ 72.93, 19.14 ], [ 72.93, 19.13 ], [ 72.94, 19.13 ] ] ] } },
{ "type": "Feature", "properties": { "cell_id": "r24_c17", "mean_lst": 40.627635767873535 }, "geometry": { "type": "Polygon", "coordinates": [ [ [ 72.95, 19.13 ], [ 72.95, 19.14 ], [ 72.94, 19.14 ], [ 72.94, 19.13 ], [ 72.95, 19.13 ] ] ] } },
{ "type": "Feature", "properties": { "cell_id": "r24_c18", "mean_lst": 34.77657759022599 }, "geometry": { "type": "Polygon", "coordinates": [ [ [ 72.96, 19.13 ], [ 72.96, 19.14 ], [ 72.95, 19.14 ], [ 72.95, 19.13 ], [ 72.96, 19.13 ] ] ] } },
{ "type": "Feature", "properties": { "cell_id": "r24_c19", "mean_lst": 33.124067185443032 }, "geometry": { "type": "Polygon", "coordinates": [ [ [ 72.97, 19.13 ], [ 72.97, 19.14 ], [ 72.96, 19.14 ], [ 72.96, 19.13 ], [ 72.97, 19.13 ] ] ] } },
{ "type": "Feature", "properties": { "cell_id": "r24_c20", "mean_lst": 32.583278372215645 }, "geometry": { "type": "Polygon", "coordinates": [ [ [ 72.980000000000103, 19.13 ], [ 72.980000000000103, 19.14 ], [ 72.97, 19.14 ], [ 72.97, 19.13 ], [ 72.980000000000103, 19.13 ] ] ] } },
{ "type": "Feature", "properties": { "cell_id": "r24_c21", "mean_lst": 35.326225852963965 }, "geometry": { "type": "Polygon", "coordinates": [ [ [ 72.99, 19.13 ], [ 72.99, 19.14 ], [ 72.980000000000103, 19.14 ], [ 72.980000000000103, 19.13 ], [ 72.99, 19.13 ] ] ] } },
{ "type": "Feature", "properties": { "cell_id": "r25_c0", "mean_lst": 30.567136028551985 }, "geometry": { "type": "Polygon", "coordinates": [ [ [ 72.78, 19.14 ], [ 72.78, 19.15 ], [ 72.77, 19.15 ], [ 72.77, 19.14 ], [ 72.78, 19.14 ] ] ] } },
{ "type": "Feature", "properties": { "cell_id": "r25_c1", "mean_lst": 33.156100691969634 }, "geometry": { "type": "Polygon", "coordinates": [ [ [ 72.79, 19.14 ], [ 72.79, 19.15 ], [ 72.78, 19.15 ], [ 72.78, 19.14 ], [ 72.79, 19.14 ] ] ] } },
{ "type": "Feature", "properties": { "cell_id": "r25_c2", "mean_lst": 40.572116976595723 }, "geometry": { "type": "Polygon", "coordinates": [ [ [ 72.8, 19.14 ], [ 72.8, 19.15 ], [ 72.79, 19.15 ], [ 72.79, 19.14 ], [ 72.8, 19.14 ] ] ] } },
{ "type": "Feature", "properties": { "cell_id": "r25_c3", "mean_lst": 37.694280312376002 }, "geometry": { "type": "Polygon", "coordinates": [ [ [ 72.81, 19.14 ], [ 72.81, 19.15 ], [ 72.8, 19.15 ], [ 72.8, 19.14 ], [ 72.81, 19.14 ] ] ] } },
{ "type": "Feature", "properties": { "cell_id": "r25_c4", "mean_lst": 37.362493167322533 }, "geometry": { "type": "Polygon", "coordinates": [ [ [ 72.82, 19.14 ], [ 72.82, 19.15 ], [ 72.81, 19.15 ], [ 72.81, 19.14 ], [ 72.82, 19.14 ] ] ] } },
{ "type": "Feature", "properties": { "cell_id": "r25_c5", "mean_lst": 39.034247381782357 }, "geometry": { "type": "Polygon", "coordinates": [ [ [ 72.83, 19.14 ], [ 72.83, 19.15 ], [ 72.82, 19.15 ], [ 72.82, 19.14 ], [ 72.83, 19.14 ] ] ] } },
{ "type": "Feature", "properties": { "cell_id": "r25_c6", "mean_lst": 43.922635627029706 }, "geometry": { "type": "Polygon", "coordinates": [ [ [ 72.84, 19.14 ], [ 72.84, 19.15 ], [ 72.83, 19.15 ], [ 72.83, 19.14 ], [ 72.84, 19.14 ] ] ] } },
{ "type": "Feature", "properties": { "cell_id": "r25_c7", "mean_lst": 43.572697537335543 }, "geometry": { "type": "Polygon", "coordinates": [ [ [ 72.85, 19.14 ], [ 72.85, 19.15 ], [ 72.84, 19.15 ], [ 72.84, 19.14 ], [ 72.85, 19.14 ] ] ] } },
{ "type": "Feature", "properties": { "cell_id": "r25_c8", "mean_lst": 44.746305388692249 }, "geometry": { "type": "Polygon", "coordinates": [ [ [ 72.86, 19.14 ], [ 72.86, 19.15 ], [ 72.85, 19.15 ], [ 72.85, 19.14 ], [ 72.86, 19.14 ] ] ] } },
{ "type": "Feature", "properties": { "cell_id": "r25_c9", "mean_lst": 41.174457327209012 }, "geometry": { "type": "Polygon", "coordinates": [ [ [ 72.87, 19.14 ], [ 72.87, 19.15 ], [ 72.86, 19.15 ], [ 72.86, 19.14 ], [ 72.87, 19.14 ] ] ] } },
{ "type": "Feature", "properties": { "cell_id": "r25_c10", "mean_lst": 39.931674824519462 }, "geometry": { "type": "Polygon", "coordinates": [ [ [ 72.88, 19.14 ], [ 72.88, 19.15 ], [ 72.87, 19.15 ], [ 72.87, 19.14 ], [ 72.88, 19.14 ] ] ] } },
{ "type": "Feature", "properties": { "cell_id": "r25_c11", "mean_lst": 41.880589322455677 }, "geometry": { "type": "Polygon", "coordinates": [ [ [ 72.89, 19.14 ], [ 72.89, 19.15 ], [ 72.88, 19.15 ], [ 72.88, 19.14 ], [ 72.89, 19.14 ] ] ] } },
{ "type": "Feature", "properties": { "cell_id": "r25_c12", "mean_lst": 43.456438350126135 }, "geometry": { "type": "Polygon", "coordinates": [ [ [ 72.9, 19.14 ], [ 72.9, 19.15 ], [ 72.89, 19.15 ], [ 72.89, 19.14 ], [ 72.9, 19.14 ] ] ] } },
{ "type": "Feature", "properties": { "cell_id": "r25_c13", "mean_lst": 32.449119873563177 }, "geometry": { "type": "Polygon", "coordinates": [ [ [ 72.91, 19.14 ], [ 72.91, 19.15 ], [ 72.9, 19.15 ], [ 72.9, 19.14 ], [ 72.91, 19.14 ] ] ] } },
{ "type": "Feature", "properties": { "cell_id": "r25_c14", "mean_lst": 36.995865333276917 }, "geometry": { "type": "Polygon", "coordinates": [ [ [ 72.92, 19.14 ], [ 72.92, 19.15 ], [ 72.91, 19.15 ], [ 72.91, 19.14 ], [ 72.92, 19.14 ] ] ] } },
{ "type": "Feature", "properties": { "cell_id": "r25_c15", "mean_lst": 44.908393739083309 }, "geometry": { "type": "Polygon", "coordinates": [ [ [ 72.93, 19.14 ], [ 72.93, 19.15 ], [ 72.92, 19.15 ], [ 72.92, 19.14 ], [ 72.93, 19.14 ] ] ] } },
{ "type": "Feature", "properties": { "cell_id": "r25_c16", "mean_lst": 43.702505002914805 }, "geometry": { "type": "Polygon", "coordinates": [ [ [ 72.94, 19.14 ], [ 72.94, 19.15 ], [ 72.93, 19.15 ], [ 72.93, 19.14 ], [ 72.94, 19.14 ] ] ] } },
{ "type": "Feature", "properties": { "cell_id": "r25_c17", "mean_lst": 40.432783066424932 }, "geometry": { "type": "Polygon", "coordinates": [ [ [ 72.95, 19.14 ], [ 72.95, 19.15 ], [ 72.94, 19.15 ], [ 72.94, 19.14 ], [ 72.95, 19.14 ] ] ] } },
{ "type": "Feature", "properties": { "cell_id": "r25_c18", "mean_lst": 35.231024550440871 }, "geometry": { "type": "Polygon", "coordinates": [ [ [ 72.96, 19.14 ], [ 72.96, 19.15 ], [ 72.95, 19.15 ], [ 72.95, 19.14 ], [ 72.96, 19.14 ] ] ] } },
{ "type": "Feature", "properties": { "cell_id": "r25_c19", "mean_lst": 37.815328516072917 }, "geometry": { "type": "Polygon", "coordinates": [ [ [ 72.97, 19.14 ], [ 72.97, 19.15 ], [ 72.96, 19.15 ], [ 72.96, 19.14 ], [ 72.97, 19.14 ] ] ] } },
{ "type": "Feature", "properties": { "cell_id": "r25_c20", "mean_lst": 33.494236728473624 }, "geometry": { "type": "Polygon", "coordinates": [ [ [ 72.980000000000103, 19.14 ], [ 72.980000000000103, 19.15 ], [ 72.97, 19.15 ], [ 72.97, 19.14 ], [ 72.980000000000103, 19.14 ] ] ] } },
{ "type": "Feature", "properties": { "cell_id": "r25_c21", "mean_lst": 39.338129114019722 }, "geometry": { "type": "Polygon", "coordinates": [ [ [ 72.99, 19.14 ], [ 72.99, 19.15 ], [ 72.980000000000103, 19.15 ], [ 72.980000000000103, 19.14 ], [ 72.99, 19.14 ] ] ] } },
{ "type": "Feature", "properties": { "cell_id": "r26_c0", "mean_lst": 30.507530889614632 }, "geometry": { "type": "Polygon", "coordinates": [ [ [ 72.78, 19.15 ], [ 72.78, 19.16 ], [ 72.77, 19.16 ], [ 72.77, 19.15 ], [ 72.78, 19.15 ] ] ] } },
{ "type": "Feature", "properties": { "cell_id": "r26_c1", "mean_lst": 36.964837118001633 }, "geometry": { "type": "Polygon", "coordinates": [ [ [ 72.79, 19.15 ], [ 72.79, 19.16 ], [ 72.78, 19.16 ], [ 72.78, 19.15 ], [ 72.79, 19.15 ] ] ] } },
{ "type": "Feature", "properties": { "cell_id": "r26_c2", "mean_lst": 35.96354294367044 }, "geometry": { "type": "Polygon", "coordinates": [ [ [ 72.8, 19.15 ], [ 72.8, 19.16 ], [ 72.79, 19.16 ], [ 72.79, 19.15 ], [ 72.8, 19.15 ] ] ] } },
{ "type": "Feature", "properties": { "cell_id": "r26_c3", "mean_lst": 35.524597760802401 }, "geometry": { "type": "Polygon", "coordinates": [ [ [ 72.81, 19.15 ], [ 72.81, 19.16 ], [ 72.8, 19.16 ], [ 72.8, 19.15 ], [ 72.81, 19.15 ] ] ] } },
{ "type": "Feature", "properties": { "cell_id": "r26_c4", "mean_lst": 33.956372423533203 }, "geometry": { "type": "Polygon", "coordinates": [ [ [ 72.82, 19.15 ], [ 72.82, 19.16 ], [ 72.81, 19.16 ], [ 72.81, 19.15 ], [ 72.82, 19.15 ] ] ] } },
{ "type": "Feature", "properties": { "cell_id": "r26_c5", "mean_lst": 41.44033272635307 }, "geometry": { "type": "Polygon", "coordinates": [ [ [ 72.83, 19.15 ], [ 72.83, 19.16 ], [ 72.82, 19.16 ], [ 72.82, 19.15 ], [ 72.83, 19.15 ] ] ] } },
{ "type": "Feature", "properties": { "cell_id": "r26_c6", "mean_lst": 43.929037782472939 }, "geometry": { "type": "Polygon", "coordinates": [ [ [ 72.84, 19.15 ], [ 72.84, 19.16 ], [ 72.83, 19.16 ], [ 72.83, 19.15 ], [ 72.84, 19.15 ] ] ] } },
{ "type": "Feature", "properties": { "cell_id": "r26_c7", "mean_lst": 41.659474967457527 }, "geometry": { "type": "Polygon", "coordinates": [ [ [ 72.85, 19.15 ], [ 72.85, 19.16 ], [ 72.84, 19.16 ], [ 72.84, 19.15 ], [ 72.85, 19.15 ] ] ] } },
{ "type": "Feature", "properties": { "cell_id": "r26_c8", "mean_lst": 42.575643970595188 }, "geometry": { "type": "Polygon", "coordinates": [ [ [ 72.86, 19.15 ], [ 72.86, 19.16 ], [ 72.85, 19.16 ], [ 72.85, 19.15 ], [ 72.86, 19.15 ] ] ] } },
{ "type": "Feature", "properties": { "cell_id": "r26_c9", "mean_lst": 38.827906272551722 }, "geometry": { "type": "Polygon", "coordinates": [ [ [ 72.87, 19.15 ], [ 72.87, 19.16 ], [ 72.86, 19.16 ], [ 72.86, 19.15 ], [ 72.87, 19.15 ] ] ] } },
{ "type": "Feature", "properties": { "cell_id": "r26_c10", "mean_lst": 38.527736847013792 }, "geometry": { "type": "Polygon", "coordinates": [ [ [ 72.88, 19.15 ], [ 72.88, 19.16 ], [ 72.87, 19.16 ], [ 72.87, 19.15 ], [ 72.88, 19.15 ] ] ] } },
{ "type": "Feature", "properties": { "cell_id": "r26_c11", "mean_lst": 41.587588295880622 }, "geometry": { "type": "Polygon", "coordinates": [ [ [ 72.89, 19.15 ], [ 72.89, 19.16 ], [ 72.88, 19.16 ], [ 72.88, 19.15 ], [ 72.89, 19.15 ] ] ] } },
{ "type": "Feature", "properties": { "cell_id": "r26_c12", "mean_lst": 40.869349255543447 }, "geometry": { "type": "Polygon", "coordinates": [ [ [ 72.9, 19.15 ], [ 72.9, 19.16 ], [ 72.89, 19.16 ], [ 72.89, 19.15 ], [ 72.9, 19.15 ] ] ] } },
{ "type": "Feature", "properties": { "cell_id": "r26_c13", "mean_lst": 33.408210706325903 }, "geometry": { "type": "Polygon", "coordinates": [ [ [ 72.91, 19.15 ], [ 72.91, 19.16 ], [ 72.9, 19.16 ], [ 72.9, 19.15 ], [ 72.91, 19.15 ] ] ] } },
{ "type": "Feature", "properties": { "cell_id": "r26_c14", "mean_lst": 31.166271244266564 }, "geometry": { "type": "Polygon", "coordinates": [ [ [ 72.92, 19.15 ], [ 72.92, 19.16 ], [ 72.91, 19.16 ], [ 72.91, 19.15 ], [ 72.92, 19.15 ] ] ] } },
{ "type": "Feature", "properties": { "cell_id": "r26_c15", "mean_lst": 41.351694811723519 }, "geometry": { "type": "Polygon", "coordinates": [ [ [ 72.93, 19.15 ], [ 72.93, 19.16 ], [ 72.92, 19.16 ], [ 72.92, 19.15 ], [ 72.93, 19.15 ] ] ] } },
{ "type": "Feature", "properties": { "cell_id": "r26_c16", "mean_lst": 44.919354325533362 }, "geometry": { "type": "Polygon", "coordinates": [ [ [ 72.94, 19.15 ], [ 72.94, 19.16 ], [ 72.93, 19.16 ], [ 72.93, 19.15 ], [ 72.94, 19.15 ] ] ] } },
{ "type": "Feature", "properties": { "cell_id": "r26_c17", "mean_lst": 43.780205441102062 }, "geometry": { "type": "Polygon", "coordinates": [ [ [ 72.95, 19.15 ], [ 72.95, 19.16 ], [ 72.94, 19.16 ], [ 72.94, 19.15 ], [ 72.95, 19.15 ] ] ] } },
{ "type": "Feature", "properties": { "cell_id": "r26_c18", "mean_lst": 40.119826895584147 }, "geometry": { "type": "Polygon", "coordinates": [ [ [ 72.96, 19.15 ], [ 72.96, 19.16 ], [ 72.95, 19.16 ], [ 72.95, 19.15 ], [ 72.96, 19.15 ] ] ] } },
{ "type": "Feature", "properties": { "cell_id": "r26_c19", "mean_lst": 37.966654007474396 }, "geometry": { "type": "Polygon", "coordinates": [ [ [ 72.97, 19.15 ], [ 72.97, 19.16 ], [ 72.96, 19.16 ], [ 72.96, 19.15 ], [ 72.97, 19.15 ] ] ] } },
{ "type": "Feature", "properties": { "cell_id": "r26_c20", "mean_lst": 36.78341593517699 }, "geometry": { "type": "Polygon", "coordinates": [ [ [ 72.980000000000103, 19.15 ], [ 72.980000000000103, 19.16 ], [ 72.97, 19.16 ], [ 72.97, 19.15 ], [ 72.980000000000103, 19.15 ] ] ] } },
{ "type": "Feature", "properties": { "cell_id": "r26_c21", "mean_lst": 36.140342058264281 }, "geometry": { "type": "Polygon", "coordinates": [ [ [ 72.99, 19.15 ], [ 72.99, 19.16 ], [ 72.980000000000103, 19.16 ], [ 72.980000000000103, 19.15 ], [ 72.99, 19.15 ] ] ] } },
{ "type": "Feature", "properties": { "cell_id": "r27_c0", "mean_lst": 30.69179984849994 }, "geometry": { "type": "Polygon", "coordinates": [ [ [ 72.78, 19.16 ], [ 72.78, 19.17 ], [ 72.77, 19.17 ], [ 72.77, 19.16 ], [ 72.78, 19.16 ] ] ] } },
{ "type": "Feature", "properties": { "cell_id": "r27_c1", "mean_lst": 36.629612467759031 }, "geometry": { "type": "Polygon", "coordinates": [ [ [ 72.79, 19.16 ], [ 72.79, 19.17 ], [ 72.78, 19.17 ], [ 72.78, 19.16 ], [ 72.79, 19.16 ] ] ] } },
{ "type": "Feature", "properties": { "cell_id": "r27_c2", "mean_lst": 37.186700659370274 }, "geometry": { "type": "Polygon", "coordinates": [ [ [ 72.8, 19.16 ], [ 72.8, 19.17 ], [ 72.79, 19.17 ], [ 72.79, 19.16 ], [ 72.8, 19.16 ] ] ] } },
{ "type": "Feature", "properties": { "cell_id": "r27_c3", "mean_lst": 41.224898161305113 }, "geometry": { "type": "Polygon", "coordinates": [ [ [ 72.81, 19.16 ], [ 72.81, 19.17 ], [ 72.8, 19.17 ], [ 72.8, 19.16 ], [ 72.81, 19.16 ] ] ] } },
{ "type": "Feature", "properties": { "cell_id": "r27_c4", "mean_lst": 33.486650100307081 }, "geometry": { "type": "Polygon", "coordinates": [ [ [ 72.82, 19.16 ], [ 72.82, 19.17 ], [ 72.81, 19.17 ], [ 72.81, 19.16 ], [ 72.82, 19.16 ] ] ] } },
{ "type": "Feature", "properties": { "cell_id": "r27_c5", "mean_lst": 37.352157573221334 }, "geometry": { "type": "Polygon", "coordinates": [ [ [ 72.83, 19.16 ], [ 72.83, 19.17 ], [ 72.82, 19.17 ], [ 72.82, 19.16 ], [ 72.83, 19.16 ] ] ] } },
{ "type": "Feature", "properties": { "cell_id": "r27_c6", "mean_lst": 42.662824138397795 }, "geometry": { "type": "Polygon", "coordinates": [ [ [ 72.84, 19.16 ], [ 72.84, 19.17 ], [ 72.83, 19.17 ], [ 72.83, 19.16 ], [ 72.84, 19.16 ] ] ] } },
{ "type": "Feature", "properties": { "cell_id": "r27_c7", "mean_lst": 41.165355189557374 }, "geometry": { "type": "Polygon", "coordinates": [ [ [ 72.85, 19.16 ], [ 72.85, 19.17 ], [ 72.84, 19.17 ], [ 72.84, 19.16 ], [ 72.85, 19.16 ] ] ] } },
{ "type": "Feature", "properties": { "cell_id": "r27_c8", "mean_lst": 40.672937645588519 }, "geometry": { "type": "Polygon", "coordinates": [ [ [ 72.86, 19.16 ], [ 72.86, 19.17 ], [ 72.85, 19.17 ], [ 72.85, 19.16 ], [ 72.86, 19.16 ] ] ] } },
{ "type": "Feature", "properties": { "cell_id": "r27_c9", "mean_lst": 37.061627912890032 }, "geometry": { "type": "Polygon", "coordinates": [ [ [ 72.87, 19.16 ], [ 72.87, 19.17 ], [ 72.86, 19.17 ], [ 72.86, 19.16 ], [ 72.87, 19.16 ] ] ] } },
{ "type": "Feature", "properties": { "cell_id": "r27_c10", "mean_lst": 39.646923459445887 }, "geometry": { "type": "Polygon", "coordinates": [ [ [ 72.88, 19.16 ], [ 72.88, 19.17 ], [ 72.87, 19.17 ], [ 72.87, 19.16 ], [ 72.88, 19.16 ] ] ] } },
{ "type": "Feature", "properties": { "cell_id": "r27_c11", "mean_lst": 40.811003561039819 }, "geometry": { "type": "Polygon", "coordinates": [ [ [ 72.89, 19.16 ], [ 72.89, 19.17 ], [ 72.88, 19.17 ], [ 72.88, 19.16 ], [ 72.89, 19.16 ] ] ] } },
{ "type": "Feature", "properties": { "cell_id": "r27_c12", "mean_lst": 39.046116869194826 }, "geometry": { "type": "Polygon", "coordinates": [ [ [ 72.9, 19.16 ], [ 72.9, 19.17 ], [ 72.89, 19.17 ], [ 72.89, 19.16 ], [ 72.9, 19.16 ] ] ] } },
{ "type": "Feature", "properties": { "cell_id": "r27_c13", "mean_lst": 36.752896324398868 }, "geometry": { "type": "Polygon", "coordinates": [ [ [ 72.91, 19.16 ], [ 72.91, 19.17 ], [ 72.9, 19.17 ], [ 72.9, 19.16 ], [ 72.91, 19.16 ] ] ] } },
{ "type": "Feature", "properties": { "cell_id": "r27_c14", "mean_lst": 33.744462562918848 }, "geometry": { "type": "Polygon", "coordinates": [ [ [ 72.92, 19.16 ], [ 72.92, 19.17 ], [ 72.91, 19.17 ], [ 72.91, 19.16 ], [ 72.92, 19.16 ] ] ] } },
{ "type": "Feature", "properties": { "cell_id": "r27_c15", "mean_lst": 40.92896112023422 }, "geometry": { "type": "Polygon", "coordinates": [ [ [ 72.93, 19.16 ], [ 72.93, 19.17 ], [ 72.92, 19.17 ], [ 72.92, 19.16 ], [ 72.93, 19.16 ] ] ] } },
{ "type": "Feature", "properties": { "cell_id": "r27_c16", "mean_lst": 45.630126862443682 }, "geometry": { "type": "Polygon", "coordinates": [ [ [ 72.94, 19.16 ], [ 72.94, 19.17 ], [ 72.93, 19.17 ], [ 72.93, 19.16 ], [ 72.94, 19.16 ] ] ] } },
{ "type": "Feature", "properties": { "cell_id": "r27_c17", "mean_lst": 42.744649147691966 }, "geometry": { "type": "Polygon", "coordinates": [ [ [ 72.95, 19.16 ], [ 72.95, 19.17 ], [ 72.94, 19.17 ], [ 72.94, 19.16 ], [ 72.95, 19.16 ] ] ] } },
{ "type": "Feature", "properties": { "cell_id": "r27_c18", "mean_lst": 42.116505243238223 }, "geometry": { "type": "Polygon", "coordinates": [ [ [ 72.96, 19.16 ], [ 72.96, 19.17 ], [ 72.95, 19.17 ], [ 72.95, 19.16 ], [ 72.96, 19.16 ] ] ] } },
{ "type": "Feature", "properties": { "cell_id": "r27_c19", "mean_lst": 39.513966919474214 }, "geometry": { "type": "Polygon", "coordinates": [ [ [ 72.97, 19.16 ], [ 72.97, 19.17 ], [ 72.96, 19.17 ], [ 72.96, 19.16 ], [ 72.97, 19.16 ] ] ] } },
{ "type": "Feature", "properties": { "cell_id": "r27_c20", "mean_lst": 38.03364160640519 }, "geometry": { "type": "Polygon", "coordinates": [ [ [ 72.980000000000103, 19.16 ], [ 72.980000000000103, 19.17 ], [ 72.97, 19.17 ], [ 72.97, 19.16 ], [ 72.980000000000103, 19.16 ] ] ] } },
{ "type": "Feature", "properties": { "cell_id": "r27_c21", "mean_lst": 35.308543819151993 }, "geometry": { "type": "Polygon", "coordinates": [ [ [ 72.99, 19.16 ], [ 72.99, 19.17 ], [ 72.980000000000103, 19.17 ], [ 72.980000000000103, 19.16 ], [ 72.99, 19.16 ] ] ] } },
{ "type": "Feature", "properties": { "cell_id": "r28_c0", "mean_lst": 30.571760377639837 }, "geometry": { "type": "Polygon", "coordinates": [ [ [ 72.78, 19.17 ], [ 72.78, 19.18 ], [ 72.77, 19.18 ], [ 72.77, 19.17 ], [ 72.78, 19.17 ] ] ] } },
{ "type": "Feature", "properties": { "cell_id": "r28_c1", "mean_lst": 31.024074803989453 }, "geometry": { "type": "Polygon", "coordinates": [ [ [ 72.79, 19.17 ], [ 72.79, 19.18 ], [ 72.78, 19.18 ], [ 72.78, 19.17 ], [ 72.79, 19.17 ] ] ] } },
{ "type": "Feature", "properties": { "cell_id": "r28_c2", "mean_lst": 37.37128607235632 }, "geometry": { "type": "Polygon", "coordinates": [ [ [ 72.8, 19.17 ], [ 72.8, 19.18 ], [ 72.79, 19.18 ], [ 72.79, 19.17 ], [ 72.8, 19.17 ] ] ] } },
{ "type": "Feature", "properties": { "cell_id": "r28_c3", "mean_lst": 44.370292944104271 }, "geometry": { "type": "Polygon", "coordinates": [ [ [ 72.81, 19.17 ], [ 72.81, 19.18 ], [ 72.8, 19.18 ], [ 72.8, 19.17 ], [ 72.81, 19.17 ] ] ] } },
{ "type": "Feature", "properties": { "cell_id": "r28_c4", "mean_lst": 38.476654817729639 }, "geometry": { "type": "Polygon", "coordinates": [ [ [ 72.82, 19.17 ], [ 72.82, 19.18 ], [ 72.81, 19.18 ], [ 72.81, 19.17 ], [ 72.82, 19.17 ] ] ] } },
{ "type": "Feature", "properties": { "cell_id": "r28_c5", "mean_lst": 33.801994168901821 }, "geometry": { "type": "Polygon", "coordinates": [ [ [ 72.83, 19.17 ], [ 72.83, 19.18 ], [ 72.82, 19.18 ], [ 72.82, 19.17 ], [ 72.83, 19.17 ] ] ] } },
{ "type": "Feature", "properties": { "cell_id": "r28_c6", "mean_lst": 40.67377708823421 }, "geometry": { "type": "Polygon", "coordinates": [ [ [ 72.84, 19.17 ], [ 72.84, 19.18 ], [ 72.83, 19.18 ], [ 72.83, 19.17 ], [ 72.84, 19.17 ] ] ] } },
{ "type": "Feature", "properties": { "cell_id": "r28_c7", "mean_lst": 41.441361858732527 }, "geometry": { "type": "Polygon", "coordinates": [ [ [ 72.85, 19.17 ], [ 72.85, 19.18 ], [ 72.84, 19.18 ], [ 72.84, 19.17 ], [ 72.85, 19.17 ] ] ] } },
{ "type": "Feature", "properties": { "cell_id": "r28_c8", "mean_lst": 42.696484834235214 }, "geometry": { "type": "Polygon", "coordinates": [ [ [ 72.86, 19.17 ], [ 72.86, 19.18 ], [ 72.85, 19.18 ], [ 72.85, 19.17 ], [ 72.86, 19.17 ] ] ] } },
{ "type": "Feature", "properties": { "cell_id": "r28_c9", "mean_lst": 41.601236590451187 }, "geometry": { "type": "Polygon", "coordinates": [ [ [ 72.87, 19.17 ], [ 72.87, 19.18 ], [ 72.86, 19.18 ], [ 72.86, 19.17 ], [ 72.87, 19.17 ] ] ] } },
{ "type": "Feature", "properties": { "cell_id": "r28_c10", "mean_lst": 42.303610854358233 }, "geometry": { "type": "Polygon", "coordinates": [ [ [ 72.88, 19.17 ], [ 72.88, 19.18 ], [ 72.87, 19.18 ], [ 72.87, 19.17 ], [ 72.88, 19.17 ] ] ] } },
{ "type": "Feature", "properties": { "cell_id": "r28_c11", "mean_lst": 43.595906259197193 }, "geometry": { "type": "Polygon", "coordinates": [ [ [ 72.89, 19.17 ], [ 72.89, 19.18 ], [ 72.88, 19.18 ], [ 72.88, 19.17 ], [ 72.89, 19.17 ] ] ] } },
{ "type": "Feature", "properties": { "cell_id": "r28_c12", "mean_lst": 36.773797366016169 }, "geometry": { "type": "Polygon", "coordinates": [ [ [ 72.9, 19.17 ], [ 72.9, 19.18 ], [ 72.89, 19.18 ], [ 72.89, 19.17 ], [ 72.9, 19.17 ] ] ] } },
{ "type": "Feature", "properties": { "cell_id": "r28_c13", "mean_lst": 38.360164743566074 }, "geometry": { "type": "Polygon", "coordinates": [ [ [ 72.91, 19.17 ], [ 72.91, 19.18 ], [ 72.9, 19.18 ], [ 72.9, 19.17 ], [ 72.91, 19.17 ] ] ] } },
{ "type": "Feature", "properties": { "cell_id": "r28_c14", "mean_lst": 36.826349867667204 }, "geometry": { "type": "Polygon", "coordinates": [ [ [ 72.92, 19.17 ], [ 72.92, 19.18 ], [ 72.91, 19.18 ], [ 72.91, 19.17 ], [ 72.92, 19.17 ] ] ] } },
{ "type": "Feature", "properties": { "cell_id": "r28_c15", "mean_lst": 37.704269163582332 }, "geometry": { "type": "Polygon", "coordinates": [ [ [ 72.93, 19.17 ], [ 72.93, 19.18 ], [ 72.92, 19.18 ], [ 72.92, 19.17 ], [ 72.93, 19.17 ] ] ] } },
{ "type": "Feature", "properties": { "cell_id": "r28_c16", "mean_lst": 42.81185783148365 }, "geometry": { "type": "Polygon", "coordinates": [ [ [ 72.94, 19.17 ], [ 72.94, 19.18 ], [ 72.93, 19.18 ], [ 72.93, 19.17 ], [ 72.94, 19.17 ] ] ] } },
{ "type": "Feature", "properties": { "cell_id": "r28_c17", "mean_lst": 40.550023927070981 }, "geometry": { "type": "Polygon", "coordinates": [ [ [ 72.95, 19.17 ], [ 72.95, 19.18 ], [ 72.94, 19.18 ], [ 72.94, 19.17 ], [ 72.95, 19.17 ] ] ] } },
{ "type": "Feature", "properties": { "cell_id": "r28_c18", "mean_lst": 41.360277475874192 }, "geometry": { "type": "Polygon", "coordinates": [ [ [ 72.96, 19.17 ], [ 72.96, 19.18 ], [ 72.95, 19.18 ], [ 72.95, 19.17 ], [ 72.96, 19.17 ] ] ] } },
{ "type": "Feature", "properties": { "cell_id": "r28_c19", "mean_lst": 41.799485035757797 }, "geometry": { "type": "Polygon", "coordinates": [ [ [ 72.97, 19.17 ], [ 72.97, 19.18 ], [ 72.96, 19.18 ], [ 72.96, 19.17 ], [ 72.97, 19.17 ] ] ] } },
{ "type": "Feature", "properties": { "cell_id": "r28_c20", "mean_lst": 42.660757806357047 }, "geometry": { "type": "Polygon", "coordinates": [ [ [ 72.980000000000103, 19.17 ], [ 72.980000000000103, 19.18 ], [ 72.97, 19.18 ], [ 72.97, 19.17 ], [ 72.980000000000103, 19.17 ] ] ] } },
{ "type": "Feature", "properties": { "cell_id": "r28_c21", "mean_lst": 40.767268316651503 }, "geometry": { "type": "Polygon", "coordinates": [ [ [ 72.99, 19.17 ], [ 72.99, 19.18 ], [ 72.980000000000103, 19.18 ], [ 72.980000000000103, 19.17 ], [ 72.99, 19.17 ] ] ] } },
{ "type": "Feature", "properties": { "cell_id": "r29_c0", "mean_lst": 30.637719054279554 }, "geometry": { "type": "Polygon", "coordinates": [ [ [ 72.78, 19.18 ], [ 72.78, 19.19 ], [ 72.77, 19.19 ], [ 72.77, 19.18 ], [ 72.78, 19.18 ] ] ] } },
{ "type": "Feature", "properties": { "cell_id": "r29_c1", "mean_lst": 30.810023711210558 }, "geometry": { "type": "Polygon", "coordinates": [ [ [ 72.79, 19.18 ], [ 72.79, 19.19 ], [ 72.78, 19.19 ], [ 72.78, 19.18 ], [ 72.79, 19.18 ] ] ] } },
{ "type": "Feature", "properties": { "cell_id": "r29_c2", "mean_lst": 36.021292810860061 }, "geometry": { "type": "Polygon", "coordinates": [ [ [ 72.8, 19.18 ], [ 72.8, 19.19 ], [ 72.79, 19.19 ], [ 72.79, 19.18 ], [ 72.8, 19.18 ] ] ] } },
{ "type": "Feature", "properties": { "cell_id": "r29_c3", "mean_lst": 42.923869908452026 }, "geometry": { "type": "Polygon", "coordinates": [ [ [ 72.81, 19.18 ], [ 72.81, 19.19 ], [ 72.8, 19.19 ], [ 72.8, 19.18 ], [ 72.81, 19.18 ] ] ] } },
{ "type": "Feature", "properties": { "cell_id": "r29_c4", "mean_lst": 45.594507985473655 }, "geometry": { "type": "Polygon", "coordinates": [ [ [ 72.82, 19.18 ], [ 72.82, 19.19 ], [ 72.81, 19.19 ], [ 72.81, 19.18 ], [ 72.82, 19.18 ] ] ] } },
{ "type": "Feature", "properties": { "cell_id": "r29_c5", "mean_lst": 41.553805942610708 }, "geometry": { "type": "Polygon", "coordinates": [ [ [ 72.83, 19.18 ], [ 72.83, 19.19 ], [ 72.82, 19.19 ], [ 72.82, 19.18 ], [ 72.83, 19.18 ] ] ] } },
{ "type": "Feature", "properties": { "cell_id": "r29_c6", "mean_lst": 42.545384289513144 }, "geometry": { "type": "Polygon", "coordinates": [ [ [ 72.84, 19.18 ], [ 72.84, 19.19 ], [ 72.83, 19.19 ], [ 72.83, 19.18 ], [ 72.84, 19.18 ] ] ] } },
{ "type": "Feature", "properties": { "cell_id": "r29_c7", "mean_lst": 41.734743322774953 }, "geometry": { "type": "Polygon", "coordinates": [ [ [ 72.85, 19.18 ], [ 72.85, 19.19 ], [ 72.84, 19.19 ], [ 72.84, 19.18 ], [ 72.85, 19.18 ] ] ] } },
{ "type": "Feature", "properties": { "cell_id": "r29_c8", "mean_lst": 42.193317653274384 }, "geometry": { "type": "Polygon", "coordinates": [ [ [ 72.86, 19.18 ], [ 72.86, 19.19 ], [ 72.85, 19.19 ], [ 72.85, 19.18 ], [ 72.86, 19.18 ] ] ] } },
{ "type": "Feature", "properties": { "cell_id": "r29_c9", "mean_lst": 45.235030481470467 }, "geometry": { "type": "Polygon", "coordinates": [ [ [ 72.87, 19.18 ], [ 72.87, 19.19 ], [ 72.86, 19.19 ], [ 72.86, 19.18 ], [ 72.87, 19.18 ] ] ] } },
{ "type": "Feature", "properties": { "cell_id": "r29_c10", "mean_lst": 42.979815931184298 }, "geometry": { "type": "Polygon", "coordinates": [ [ [ 72.88, 19.18 ], [ 72.88, 19.19 ], [ 72.87, 19.19 ], [ 72.87, 19.18 ], [ 72.88, 19.18 ] ] ] } },
{ "type": "Feature", "properties": { "cell_id": "r29_c11", "mean_lst": 39.925955617753729 }, "geometry": { "type": "Polygon", "coordinates": [ [ [ 72.89, 19.18 ], [ 72.89, 19.19 ], [ 72.88, 19.19 ], [ 72.88, 19.18 ], [ 72.89, 19.18 ] ] ] } },
{ "type": "Feature", "properties": { "cell_id": "r29_c12", "mean_lst": 35.976017177223724 }, "geometry": { "type": "Polygon", "coordinates": [ [ [ 72.9, 19.18 ], [ 72.9, 19.19 ], [ 72.89, 19.19 ], [ 72.89, 19.18 ], [ 72.9, 19.18 ] ] ] } },
{ "type": "Feature", "properties": { "cell_id": "r29_c13", "mean_lst": 36.816170479244889 }, "geometry": { "type": "Polygon", "coordinates": [ [ [ 72.91, 19.18 ], [ 72.91, 19.19 ], [ 72.9, 19.19 ], [ 72.9, 19.18 ], [ 72.91, 19.18 ] ] ] } },
{ "type": "Feature", "properties": { "cell_id": "r29_c14", "mean_lst": 35.728007218320791 }, "geometry": { "type": "Polygon", "coordinates": [ [ [ 72.92, 19.18 ], [ 72.92, 19.19 ], [ 72.91, 19.19 ], [ 72.91, 19.18 ], [ 72.92, 19.18 ] ] ] } },
{ "type": "Feature", "properties": { "cell_id": "r29_c15", "mean_lst": 36.2489243001625 }, "geometry": { "type": "Polygon", "coordinates": [ [ [ 72.93, 19.18 ], [ 72.93, 19.19 ], [ 72.92, 19.19 ], [ 72.92, 19.18 ], [ 72.93, 19.18 ] ] ] } },
{ "type": "Feature", "properties": { "cell_id": "r29_c16", "mean_lst": 39.028576080787623 }, "geometry": { "type": "Polygon", "coordinates": [ [ [ 72.94, 19.18 ], [ 72.94, 19.19 ], [ 72.93, 19.19 ], [ 72.93, 19.18 ], [ 72.94, 19.18 ] ] ] } },
{ "type": "Feature", "properties": { "cell_id": "r29_c17", "mean_lst": 41.508268836462307 }, "geometry": { "type": "Polygon", "coordinates": [ [ [ 72.95, 19.18 ], [ 72.95, 19.19 ], [ 72.94, 19.19 ], [ 72.94, 19.18 ], [ 72.95, 19.18 ] ] ] } },
{ "type": "Feature", "properties": { "cell_id": "r29_c18", "mean_lst": 43.693223408815705 }, "geometry": { "type": "Polygon", "coordinates": [ [ [ 72.96, 19.18 ], [ 72.96, 19.19 ], [ 72.95, 19.19 ], [ 72.95, 19.18 ], [ 72.96, 19.18 ] ] ] } },
{ "type": "Feature", "properties": { "cell_id": "r29_c19", "mean_lst": 42.186974268616915 }, "geometry": { "type": "Polygon", "coordinates": [ [ [ 72.97, 19.18 ], [ 72.97, 19.19 ], [ 72.96, 19.19 ], [ 72.96, 19.18 ], [ 72.97, 19.18 ] ] ] } },
{ "type": "Feature", "properties": { "cell_id": "r29_c20", "mean_lst": 43.508016537953878 }, "geometry": { "type": "Polygon", "coordinates": [ [ [ 72.980000000000103, 19.18 ], [ 72.980000000000103, 19.19 ], [ 72.97, 19.19 ], [ 72.97, 19.18 ], [ 72.980000000000103, 19.18 ] ] ] } },
{ "type": "Feature", "properties": { "cell_id": "r29_c21", "mean_lst": 40.569934791107194 }, "geometry": { "type": "Polygon", "coordinates": [ [ [ 72.99, 19.18 ], [ 72.99, 19.19 ], [ 72.980000000000103, 19.19 ], [ 72.980000000000103, 19.18 ], [ 72.99, 19.18 ] ] ] } },
{ "type": "Feature", "properties": { "cell_id": "r30_c0", "mean_lst": 30.623968213046535 }, "geometry": { "type": "Polygon", "coordinates": [ [ [ 72.78, 19.19 ], [ 72.78, 19.2 ], [ 72.77, 19.2 ], [ 72.77, 19.19 ], [ 72.78, 19.19 ] ] ] } },
{ "type": "Feature", "properties": { "cell_id": "r30_c1", "mean_lst": 37.73758578491573 }, "geometry": { "type": "Polygon", "coordinates": [ [ [ 72.79, 19.19 ], [ 72.79, 19.2 ], [ 72.78, 19.2 ], [ 72.78, 19.19 ], [ 72.79, 19.19 ] ] ] } },
{ "type": "Feature", "properties": { "cell_id": "r30_c2", "mean_lst": 37.638782215611997 }, "geometry": { "type": "Polygon", "coordinates": [ [ [ 72.8, 19.19 ], [ 72.8, 19.2 ], [ 72.79, 19.2 ], [ 72.79, 19.19 ], [ 72.8, 19.19 ] ] ] } },
{ "type": "Feature", "properties": { "cell_id": "r30_c3", "mean_lst": 40.35223806794523 }, "geometry": { "type": "Polygon", "coordinates": [ [ [ 72.81, 19.19 ], [ 72.81, 19.2 ], [ 72.8, 19.2 ], [ 72.8, 19.19 ], [ 72.81, 19.19 ] ] ] } },
{ "type": "Feature", "properties": { "cell_id": "r30_c4", "mean_lst": 43.768446744401089 }, "geometry": { "type": "Polygon", "coordinates": [ [ [ 72.82, 19.19 ], [ 72.82, 19.2 ], [ 72.81, 19.2 ], [ 72.81, 19.19 ], [ 72.82, 19.19 ] ] ] } },
{ "type": "Feature", "properties": { "cell_id": "r30_c5", "mean_lst": 44.032663568227612 }, "geometry": { "type": "Polygon", "coordinates": [ [ [ 72.83, 19.19 ], [ 72.83, 19.2 ], [ 72.82, 19.2 ], [ 72.82, 19.19 ], [ 72.83, 19.19 ] ] ] } },
{ "type": "Feature", "properties": { "cell_id": "r30_c6", "mean_lst": 41.40004670774514 }, "geometry": { "type": "Polygon", "coordinates": [ [ [ 72.84, 19.19 ], [ 72.84, 19.2 ], [ 72.83, 19.2 ], [ 72.83, 19.19 ], [ 72.84, 19.19 ] ] ] } },
{ "type": "Feature", "properties": { "cell_id": "r30_c7", "mean_lst": 40.335116856638706 }, "geometry": { "type": "Polygon", "coordinates": [ [ [ 72.85, 19.19 ], [ 72.85, 19.2 ], [ 72.84, 19.2 ], [ 72.84, 19.19 ], [ 72.85, 19.19 ] ] ] } },
{ "type": "Feature", "properties": { "cell_id": "r30_c8", "mean_lst": 41.448275143972147 }, "geometry": { "type": "Polygon", "coordinates": [ [ [ 72.86, 19.19 ], [ 72.86, 19.2 ], [ 72.85, 19.2 ], [ 72.85, 19.19 ], [ 72.86, 19.19 ] ] ] } },
{ "type": "Feature", "properties": { "cell_id": "r30_c9", "mean_lst": 45.088408821436005 }, "geometry": { "type": "Polygon", "coordinates": [ [ [ 72.87, 19.19 ], [ 72.87, 19.2 ], [ 72.86, 19.2 ], [ 72.86, 19.19 ], [ 72.87, 19.19 ] ] ] } },
{ "type": "Feature", "properties": { "cell_id": "r30_c10", "mean_lst": 44.24329010433528 }, "geometry": { "type": "Polygon", "coordinates": [ [ [ 72.88, 19.19 ], [ 72.88, 19.2 ], [ 72.87, 19.2 ], [ 72.87, 19.19 ], [ 72.88, 19.19 ] ] ] } },
{ "type": "Feature", "properties": { "cell_id": "r30_c11", "mean_lst": 41.073237676367931 }, "geometry": { "type": "Polygon", "coordinates": [ [ [ 72.89, 19.19 ], [ 72.89, 19.2 ], [ 72.88, 19.2 ], [ 72.88, 19.19 ], [ 72.89, 19.19 ] ] ] } },
{ "type": "Feature", "properties": { "cell_id": "r30_c12", "mean_lst": 38.088553956395693 }, "geometry": { "type": "Polygon", "coordinates": [ [ [ 72.9, 19.19 ], [ 72.9, 19.2 ], [ 72.89, 19.2 ], [ 72.89, 19.19 ], [ 72.9, 19.19 ] ] ] } },
{ "type": "Feature", "properties": { "cell_id": "r30_c13", "mean_lst": 38.048667171376941 }, "geometry": { "type": "Polygon", "coordinates": [ [ [ 72.91, 19.19 ], [ 72.91, 19.2 ], [ 72.9, 19.2 ], [ 72.9, 19.19 ], [ 72.91, 19.19 ] ] ] } },
{ "type": "Feature", "properties": { "cell_id": "r30_c14", "mean_lst": 35.092335698709519 }, "geometry": { "type": "Polygon", "coordinates": [ [ [ 72.92, 19.19 ], [ 72.92, 19.2 ], [ 72.91, 19.2 ], [ 72.91, 19.19 ], [ 72.92, 19.19 ] ] ] } },
{ "type": "Feature", "properties": { "cell_id": "r30_c15", "mean_lst": 36.048814019742451 }, "geometry": { "type": "Polygon", "coordinates": [ [ [ 72.93, 19.19 ], [ 72.93, 19.2 ], [ 72.92, 19.2 ], [ 72.92, 19.19 ], [ 72.93, 19.19 ] ] ] } },
{ "type": "Feature", "properties": { "cell_id": "r30_c16", "mean_lst": 37.375798263150841 }, "geometry": { "type": "Polygon", "coordinates": [ [ [ 72.94, 19.19 ], [ 72.94, 19.2 ], [ 72.93, 19.2 ], [ 72.93, 19.19 ], [ 72.94, 19.19 ] ] ] } },
{ "type": "Feature", "properties": { "cell_id": "r30_c17", "mean_lst": 43.621696468784776 }, "geometry": { "type": "Polygon", "coordinates": [ [ [ 72.95, 19.19 ], [ 72.95, 19.2 ], [ 72.94, 19.2 ], [ 72.94, 19.19 ], [ 72.95, 19.19 ] ] ] } },
{ "type": "Feature", "properties": { "cell_id": "r30_c18", "mean_lst": 43.954307182796235 }, "geometry": { "type": "Polygon", "coordinates": [ [ [ 72.96, 19.19 ], [ 72.96, 19.2 ], [ 72.95, 19.2 ], [ 72.95, 19.19 ], [ 72.96, 19.19 ] ] ] } },
{ "type": "Feature", "properties": { "cell_id": "r30_c19", "mean_lst": 42.494327224915395 }, "geometry": { "type": "Polygon", "coordinates": [ [ [ 72.97, 19.19 ], [ 72.97, 19.2 ], [ 72.96, 19.2 ], [ 72.96, 19.19 ], [ 72.97, 19.19 ] ] ] } },
{ "type": "Feature", "properties": { "cell_id": "r30_c20", "mean_lst": 42.715157943944746 }, "geometry": { "type": "Polygon", "coordinates": [ [ [ 72.980000000000103, 19.19 ], [ 72.980000000000103, 19.2 ], [ 72.97, 19.2 ], [ 72.97, 19.19 ], [ 72.980000000000103, 19.19 ] ] ] } },
{ "type": "Feature", "properties": { "cell_id": "r30_c21", "mean_lst": 42.1512051068839 }, "geometry": { "type": "Polygon", "coordinates": [ [ [ 72.99, 19.19 ], [ 72.99, 19.2 ], [ 72.980000000000103, 19.2 ], [ 72.980000000000103, 19.19 ], [ 72.99, 19.19 ] ] ] } },
{ "type": "Feature", "properties": { "cell_id": "r31_c0", "mean_lst": 31.271877956972858 }, "geometry": { "type": "Polygon", "coordinates": [ [ [ 72.78, 19.2 ], [ 72.78, 19.21 ], [ 72.77, 19.21 ], [ 72.77, 19.2 ], [ 72.78, 19.2 ] ] ] } },
{ "type": "Feature", "properties": { "cell_id": "r31_c1", "mean_lst": 38.516986582768737 }, "geometry": { "type": "Polygon", "coordinates": [ [ [ 72.79, 19.2 ], [ 72.79, 19.21 ], [ 72.78, 19.21 ], [ 72.78, 19.2 ], [ 72.79, 19.2 ] ] ] } },
{ "type": "Feature", "properties": { "cell_id": "r31_c2", "mean_lst": 34.071044438221413 }, "geometry": { "type": "Polygon", "coordinates": [ [ [ 72.8, 19.2 ], [ 72.8, 19.21 ], [ 72.79, 19.21 ], [ 72.79, 19.2 ], [ 72.8, 19.2 ] ] ] } },
{ "type": "Feature", "properties": { "cell_id": "r31_c3", "mean_lst": 35.600157204012177 }, "geometry": { "type": "Polygon", "coordinates": [ [ [ 72.81, 19.2 ], [ 72.81, 19.21 ], [ 72.8, 19.21 ], [ 72.8, 19.2 ], [ 72.81, 19.2 ] ] ] } },
{ "type": "Feature", "properties": { "cell_id": "r31_c4", "mean_lst": 39.68674551644019 }, "geometry": { "type": "Polygon", "coordinates": [ [ [ 72.82, 19.2 ], [ 72.82, 19.21 ], [ 72.81, 19.21 ], [ 72.81, 19.2 ], [ 72.82, 19.2 ] ] ] } },
{ "type": "Feature", "properties": { "cell_id": "r31_c5", "mean_lst": 43.041592935275006 }, "geometry": { "type": "Polygon", "coordinates": [ [ [ 72.83, 19.2 ], [ 72.83, 19.21 ], [ 72.82, 19.21 ], [ 72.82, 19.2 ], [ 72.83, 19.2 ] ] ] } },
{ "type": "Feature", "properties": { "cell_id": "r31_c6", "mean_lst": 43.186763256821187 }, "geometry": { "type": "Polygon", "coordinates": [ [ [ 72.84, 19.2 ], [ 72.84, 19.21 ], [ 72.83, 19.21 ], [ 72.83, 19.2 ], [ 72.84, 19.2 ] ] ] } },
{ "type": "Feature", "properties": { "cell_id": "r31_c7", "mean_lst": 40.800639492315007 }, "geometry": { "type": "Polygon", "coordinates": [ [ [ 72.85, 19.2 ], [ 72.85, 19.21 ], [ 72.84, 19.21 ], [ 72.84, 19.2 ], [ 72.85, 19.2 ] ] ] } },
{ "type": "Feature", "properties": { "cell_id": "r31_c8", "mean_lst": 42.621973578632698 }, "geometry": { "type": "Polygon", "coordinates": [ [ [ 72.86, 19.2 ], [ 72.86, 19.21 ], [ 72.85, 19.21 ], [ 72.85, 19.2 ], [ 72.86, 19.2 ] ] ] } },
{ "type": "Feature", "properties": { "cell_id": "r31_c9", "mean_lst": 43.476845727618809 }, "geometry": { "type": "Polygon", "coordinates": [ [ [ 72.87, 19.2 ], [ 72.87, 19.21 ], [ 72.86, 19.21 ], [ 72.86, 19.2 ], [ 72.87, 19.2 ] ] ] } },
{ "type": "Feature", "properties": { "cell_id": "r31_c10", "mean_lst": 44.735873314132753 }, "geometry": { "type": "Polygon", "coordinates": [ [ [ 72.88, 19.2 ], [ 72.88, 19.21 ], [ 72.87, 19.21 ], [ 72.87, 19.2 ], [ 72.88, 19.2 ] ] ] } },
{ "type": "Feature", "properties": { "cell_id": "r31_c11", "mean_lst": 42.855630895699946 }, "geometry": { "type": "Polygon", "coordinates": [ [ [ 72.89, 19.2 ], [ 72.89, 19.21 ], [ 72.88, 19.21 ], [ 72.88, 19.2 ], [ 72.89, 19.2 ] ] ] } },
{ "type": "Feature", "properties": { "cell_id": "r31_c12", "mean_lst": 38.148521080195941 }, "geometry": { "type": "Polygon", "coordinates": [ [ [ 72.9, 19.2 ], [ 72.9, 19.21 ], [ 72.89, 19.21 ], [ 72.89, 19.2 ], [ 72.9, 19.2 ] ] ] } },
{ "type": "Feature", "properties": { "cell_id": "r31_c13", "mean_lst": 40.285998634980466 }, "geometry": { "type": "Polygon", "coordinates": [ [ [ 72.91, 19.2 ], [ 72.91, 19.21 ], [ 72.9, 19.21 ], [ 72.9, 19.2 ], [ 72.91, 19.2 ] ] ] } },
{ "type": "Feature", "properties": { "cell_id": "r31_c14", "mean_lst": 38.710482175705252 }, "geometry": { "type": "Polygon", "coordinates": [ [ [ 72.92, 19.2 ], [ 72.92, 19.21 ], [ 72.91, 19.21 ], [ 72.91, 19.2 ], [ 72.92, 19.2 ] ] ] } },
{ "type": "Feature", "properties": { "cell_id": "r31_c15", "mean_lst": 38.217390196148187 }, "geometry": { "type": "Polygon", "coordinates": [ [ [ 72.93, 19.2 ], [ 72.93, 19.21 ], [ 72.92, 19.21 ], [ 72.92, 19.2 ], [ 72.93, 19.2 ] ] ] } },
{ "type": "Feature", "properties": { "cell_id": "r31_c16", "mean_lst": 38.104738144090732 }, "geometry": { "type": "Polygon", "coordinates": [ [ [ 72.94, 19.2 ], [ 72.94, 19.21 ], [ 72.93, 19.21 ], [ 72.93, 19.2 ], [ 72.94, 19.2 ] ] ] } },
{ "type": "Feature", "properties": { "cell_id": "r31_c17", "mean_lst": 43.014756986631411 }, "geometry": { "type": "Polygon", "coordinates": [ [ [ 72.95, 19.2 ], [ 72.95, 19.21 ], [ 72.94, 19.21 ], [ 72.94, 19.2 ], [ 72.95, 19.2 ] ] ] } },
{ "type": "Feature", "properties": { "cell_id": "r31_c18", "mean_lst": 45.359798912056625 }, "geometry": { "type": "Polygon", "coordinates": [ [ [ 72.96, 19.2 ], [ 72.96, 19.21 ], [ 72.95, 19.21 ], [ 72.95, 19.2 ], [ 72.96, 19.2 ] ] ] } },
{ "type": "Feature", "properties": { "cell_id": "r31_c19", "mean_lst": 44.610830613197926 }, "geometry": { "type": "Polygon", "coordinates": [ [ [ 72.97, 19.2 ], [ 72.97, 19.21 ], [ 72.96, 19.21 ], [ 72.96, 19.2 ], [ 72.97, 19.2 ] ] ] } },
{ "type": "Feature", "properties": { "cell_id": "r31_c20", "mean_lst": 44.41715890189208 }, "geometry": { "type": "Polygon", "coordinates": [ [ [ 72.980000000000103, 19.2 ], [ 72.980000000000103, 19.21 ], [ 72.97, 19.21 ], [ 72.97, 19.2 ], [ 72.980000000000103, 19.2 ] ] ] } },
{ "type": "Feature", "properties": { "cell_id": "r31_c21", "mean_lst": 43.414987455090078 }, "geometry": { "type": "Polygon", "coordinates": [ [ [ 72.99, 19.2 ], [ 72.99, 19.21 ], [ 72.980000000000103, 19.21 ], [ 72.980000000000103, 19.2 ], [ 72.99, 19.2 ] ] ] } },
{ "type": "Feature", "properties": { "cell_id": "r32_c0", "mean_lst": 31.268391545858911 }, "geometry": { "type": "Polygon", "coordinates": [ [ [ 72.78, 19.21 ], [ 72.78, 19.22 ], [ 72.77, 19.22 ], [ 72.77, 19.21 ], [ 72.78, 19.21 ] ] ] } },
{ "type": "Feature", "properties": { "cell_id": "r32_c1", "mean_lst": 39.739798152998283 }, "geometry": { "type": "Polygon", "coordinates": [ [ [ 72.79, 19.21 ], [ 72.79, 19.22 ], [ 72.78, 19.22 ], [ 72.78, 19.21 ], [ 72.79, 19.21 ] ] ] } },
{ "type": "Feature", "properties": { "cell_id": "r32_c2", "mean_lst": 39.621115687729642 }, "geometry": { "type": "Polygon", "coordinates": [ [ [ 72.8, 19.21 ], [ 72.8, 19.22 ], [ 72.79, 19.22 ], [ 72.79, 19.21 ], [ 72.8, 19.21 ] ] ] } },
{ "type": "Feature", "properties": { "cell_id": "r32_c3", "mean_lst": 32.225006561853753 }, "geometry": { "type": "Polygon", "coordinates": [ [ [ 72.81, 19.21 ], [ 72.81, 19.22 ], [ 72.8, 19.22 ], [ 72.8, 19.21 ], [ 72.81, 19.21 ] ] ] } },
{ "type": "Feature", "properties": { "cell_id": "r32_c4", "mean_lst": 37.89916222435955 }, "geometry": { "type": "Polygon", "coordinates": [ [ [ 72.82, 19.21 ], [ 72.82, 19.22 ], [ 72.81, 19.22 ], [ 72.81, 19.21 ], [ 72.82, 19.21 ] ] ] } },
{ "type": "Feature", "properties": { "cell_id": "r32_c5", "mean_lst": 41.292291646175656 }, "geometry": { "type": "Polygon", "coordinates": [ [ [ 72.83, 19.21 ], [ 72.83, 19.22 ], [ 72.82, 19.22 ], [ 72.82, 19.21 ], [ 72.83, 19.21 ] ] ] } },
{ "type": "Feature", "properties": { "cell_id": "r32_c6", "mean_lst": 42.433042929949607 }, "geometry": { "type": "Polygon", "coordinates": [ [ [ 72.84, 19.21 ], [ 72.84, 19.22 ], [ 72.83, 19.22 ], [ 72.83, 19.21 ], [ 72.84, 19.21 ] ] ] } },
{ "type": "Feature", "properties": { "cell_id": "r32_c7", "mean_lst": 42.22069826893182 }, "geometry": { "type": "Polygon", "coordinates": [ [ [ 72.85, 19.21 ], [ 72.85, 19.22 ], [ 72.84, 19.22 ], [ 72.84, 19.21 ], [ 72.85, 19.21 ] ] ] } },
{ "type": "Feature", "properties": { "cell_id": "r32_c8", "mean_lst": 44.812347686878489 }, "geometry": { "type": "Polygon", "coordinates": [ [ [ 72.86, 19.21 ], [ 72.86, 19.22 ], [ 72.85, 19.22 ], [ 72.85, 19.21 ], [ 72.86, 19.21 ] ] ] } },
{ "type": "Feature", "properties": { "cell_id": "r32_c9", "mean_lst": 42.373889623239776 }, "geometry": { "type": "Polygon", "coordinates": [ [ [ 72.87, 19.21 ], [ 72.87, 19.22 ], [ 72.86, 19.22 ], [ 72.86, 19.21 ], [ 72.87, 19.21 ] ] ] } },
{ "type": "Feature", "properties": { "cell_id": "r32_c10", "mean_lst": 42.489662093301661 }, "geometry": { "type": "Polygon", "coordinates": [ [ [ 72.88, 19.21 ], [ 72.88, 19.22 ], [ 72.87, 19.22 ], [ 72.87, 19.21 ], [ 72.88, 19.21 ] ] ] } },
{ "type": "Feature", "properties": { "cell_id": "r32_c11", "mean_lst": 41.657459624462867 }, "geometry": { "type": "Polygon", "coordinates": [ [ [ 72.89, 19.21 ], [ 72.89, 19.22 ], [ 72.88, 19.22 ], [ 72.88, 19.21 ], [ 72.89, 19.21 ] ] ] } },
{ "type": "Feature", "properties": { "cell_id": "r32_c12", "mean_lst": 37.171427344222927 }, "geometry": { "type": "Polygon", "coordinates": [ [ [ 72.9, 19.21 ], [ 72.9, 19.22 ], [ 72.89, 19.22 ], [ 72.89, 19.21 ], [ 72.9, 19.21 ] ] ] } },
{ "type": "Feature", "properties": { "cell_id": "r32_c13", "mean_lst": 38.801094662442743 }, "geometry": { "type": "Polygon", "coordinates": [ [ [ 72.91, 19.21 ], [ 72.91, 19.22 ], [ 72.9, 19.22 ], [ 72.9, 19.21 ], [ 72.91, 19.21 ] ] ] } },
{ "type": "Feature", "properties": { "cell_id": "r32_c14", "mean_lst": 36.738164927734992 }, "geometry": { "type": "Polygon", "coordinates": [ [ [ 72.92, 19.21 ], [ 72.92, 19.22 ], [ 72.91, 19.22 ], [ 72.91, 19.21 ], [ 72.92, 19.21 ] ] ] } },
{ "type": "Feature", "properties": { "cell_id": "r32_c15", "mean_lst": 38.132971436603441 }, "geometry": { "type": "Polygon", "coordinates": [ [ [ 72.93, 19.21 ], [ 72.93, 19.22 ], [ 72.92, 19.22 ], [ 72.92, 19.21 ], [ 72.93, 19.21 ] ] ] } },
{ "type": "Feature", "properties": { "cell_id": "r32_c16", "mean_lst": 38.840295566771196 }, "geometry": { "type": "Polygon", "coordinates": [ [ [ 72.94, 19.21 ], [ 72.94, 19.22 ], [ 72.93, 19.22 ], [ 72.93, 19.21 ], [ 72.94, 19.21 ] ] ] } },
{ "type": "Feature", "properties": { "cell_id": "r32_c17", "mean_lst": 41.948217089297422 }, "geometry": { "type": "Polygon", "coordinates": [ [ [ 72.95, 19.21 ], [ 72.95, 19.22 ], [ 72.94, 19.22 ], [ 72.94, 19.21 ], [ 72.95, 19.21 ] ] ] } },
{ "type": "Feature", "properties": { "cell_id": "r32_c18", "mean_lst": 46.597242569328458 }, "geometry": { "type": "Polygon", "coordinates": [ [ [ 72.96, 19.21 ], [ 72.96, 19.22 ], [ 72.95, 19.22 ], [ 72.95, 19.21 ], [ 72.96, 19.21 ] ] ] } },
{ "type": "Feature", "properties": { "cell_id": "r32_c19", "mean_lst": 44.460406052064087 }, "geometry": { "type": "Polygon", "coordinates": [ [ [ 72.97, 19.21 ], [ 72.97, 19.22 ], [ 72.96, 19.22 ], [ 72.96, 19.21 ], [ 72.97, 19.21 ] ] ] } },
{ "type": "Feature", "properties": { "cell_id": "r32_c20", "mean_lst": 45.452755024407942 }, "geometry": { "type": "Polygon", "coordinates": [ [ [ 72.980000000000103, 19.21 ], [ 72.980000000000103, 19.22 ], [ 72.97, 19.22 ], [ 72.97, 19.21 ], [ 72.980000000000103, 19.21 ] ] ] } },
{ "type": "Feature", "properties": { "cell_id": "r32_c21", "mean_lst": 44.506575839546919 }, "geometry": { "type": "Polygon", "coordinates": [ [ [ 72.99, 19.21 ], [ 72.99, 19.22 ], [ 72.980000000000103, 19.22 ], [ 72.980000000000103, 19.21 ], [ 72.99, 19.21 ] ] ] } },
{ "type": "Feature", "properties": { "cell_id": "r33_c0", "mean_lst": 33.943952263703146 }, "geometry": { "type": "Polygon", "coordinates": [ [ [ 72.78, 19.22 ], [ 72.78, 19.23 ], [ 72.77, 19.23 ], [ 72.77, 19.22 ], [ 72.78, 19.22 ] ] ] } },
{ "type": "Feature", "properties": { "cell_id": "r33_c1", "mean_lst": 39.242478314589512 }, "geometry": { "type": "Polygon", "coordinates": [ [ [ 72.79, 19.22 ], [ 72.79, 19.23 ], [ 72.78, 19.23 ], [ 72.78, 19.22 ], [ 72.79, 19.22 ] ] ] } },
{ "type": "Feature", "properties": { "cell_id": "r33_c2", "mean_lst": 35.073250877045432 }, "geometry": { "type": "Polygon", "coordinates": [ [ [ 72.8, 19.22 ], [ 72.8, 19.23 ], [ 72.79, 19.23 ], [ 72.79, 19.22 ], [ 72.8, 19.22 ] ] ] } },
{ "type": "Feature", "properties": { "cell_id": "r33_c3", "mean_lst": 34.703934060678215 }, "geometry": { "type": "Polygon", "coordinates": [ [ [ 72.81, 19.22 ], [ 72.81, 19.23 ], [ 72.8, 19.23 ], [ 72.8, 19.22 ], [ 72.81, 19.22 ] ] ] } },
{ "type": "Feature", "properties": { "cell_id": "r33_c4", "mean_lst": 32.989231455138409 }, "geometry": { "type": "Polygon", "coordinates": [ [ [ 72.82, 19.22 ], [ 72.82, 19.23 ], [ 72.81, 19.23 ], [ 72.81, 19.22 ], [ 72.82, 19.22 ] ] ] } },
{ "type": "Feature", "properties": { "cell_id": "r33_c5", "mean_lst": 38.943091373146402 }, "geometry": { "type": "Polygon", "coordinates": [ [ [ 72.83, 19.22 ], [ 72.83, 19.23 ], [ 72.82, 19.23 ], [ 72.82, 19.22 ], [ 72.83, 19.22 ] ] ] } },
{ "type": "Feature", "properties": { "cell_id": "r33_c6", "mean_lst": 41.27314542580239 }, "geometry": { "type": "Polygon", "coordinates": [ [ [ 72.84, 19.22 ], [ 72.84, 19.23 ], [ 72.83, 19.23 ], [ 72.83, 19.22 ], [ 72.84, 19.22 ] ] ] } },
{ "type": "Feature", "properties": { "cell_id": "r33_c7", "mean_lst": 40.663342462831629 }, "geometry": { "type": "Polygon", "coordinates": [ [ [ 72.85, 19.22 ], [ 72.85, 19.23 ], [ 72.84, 19.23 ], [ 72.84, 19.22 ], [ 72.85, 19.22 ] ] ] } },
{ "type": "Feature", "properties": { "cell_id": "r33_c8", "mean_lst": 42.169561531008071 }, "geometry": { "type": "Polygon", "coordinates": [ [ [ 72.86, 19.22 ], [ 72.86, 19.23 ], [ 72.85, 19.23 ], [ 72.85, 19.22 ], [ 72.86, 19.22 ] ] ] } },
{ "type": "Feature", "properties": { "cell_id": "r33_c9", "mean_lst": 42.214525943652227 }, "geometry": { "type": "Polygon", "coordinates": [ [ [ 72.87, 19.22 ], [ 72.87, 19.23 ], [ 72.86, 19.23 ], [ 72.86, 19.22 ], [ 72.87, 19.22 ] ] ] } },
{ "type": "Feature", "properties": { "cell_id": "r33_c10", "mean_lst": 42.00665238129104 }, "geometry": { "type": "Polygon", "coordinates": [ [ [ 72.88, 19.22 ], [ 72.88, 19.23 ], [ 72.87, 19.23 ], [ 72.87, 19.22 ], [ 72.88, 19.22 ] ] ] } },
{ "type": "Feature", "properties": { "cell_id": "r33_c11", "mean_lst": 40.304886865247504 }, "geometry": { "type": "Polygon", "coordinates": [ [ [ 72.89, 19.22 ], [ 72.89, 19.23 ], [ 72.88, 19.23 ], [ 72.88, 19.22 ], [ 72.89, 19.22 ] ] ] } },
{ "type": "Feature", "properties": { "cell_id": "r33_c12", "mean_lst": 37.526102900902856 }, "geometry": { "type": "Polygon", "coordinates": [ [ [ 72.9, 19.22 ], [ 72.9, 19.23 ], [ 72.89, 19.23 ], [ 72.89, 19.22 ], [ 72.9, 19.22 ] ] ] } },
{ "type": "Feature", "properties": { "cell_id": "r33_c13", "mean_lst": 39.040207967805372 }, "geometry": { "type": "Polygon", "coordinates": [ [ [ 72.91, 19.22 ], [ 72.91, 19.23 ], [ 72.9, 19.23 ], [ 72.9, 19.22 ], [ 72.91, 19.22 ] ] ] } },
{ "type": "Feature", "properties": { "cell_id": "r33_c14", "mean_lst": 36.364710418867062 }, "geometry": { "type": "Polygon", "coordinates": [ [ [ 72.92, 19.22 ], [ 72.92, 19.23 ], [ 72.91, 19.23 ], [ 72.91, 19.22 ], [ 72.92, 19.22 ] ] ] } },
{ "type": "Feature", "properties": { "cell_id": "r33_c15", "mean_lst": 39.349388229868985 }, "geometry": { "type": "Polygon", "coordinates": [ [ [ 72.93, 19.22 ], [ 72.93, 19.23 ], [ 72.92, 19.23 ], [ 72.92, 19.22 ], [ 72.93, 19.22 ] ] ] } },
{ "type": "Feature", "properties": { "cell_id": "r33_c16", "mean_lst": 40.513670632179156 }, "geometry": { "type": "Polygon", "coordinates": [ [ [ 72.94, 19.22 ], [ 72.94, 19.23 ], [ 72.93, 19.23 ], [ 72.93, 19.22 ], [ 72.94, 19.22 ] ] ] } },
{ "type": "Feature", "properties": { "cell_id": "r33_c17", "mean_lst": 40.336341720175668 }, "geometry": { "type": "Polygon", "coordinates": [ [ [ 72.95, 19.22 ], [ 72.95, 19.23 ], [ 72.94, 19.23 ], [ 72.94, 19.22 ], [ 72.95, 19.22 ] ] ] } },
{ "type": "Feature", "properties": { "cell_id": "r33_c18", "mean_lst": 41.198085329397081 }, "geometry": { "type": "Polygon", "coordinates": [ [ [ 72.96, 19.22 ], [ 72.96, 19.23 ], [ 72.95, 19.23 ], [ 72.95, 19.22 ], [ 72.96, 19.22 ] ] ] } },
{ "type": "Feature", "properties": { "cell_id": "r33_c19", "mean_lst": 42.522879989000913 }, "geometry": { "type": "Polygon", "coordinates": [ [ [ 72.97, 19.22 ], [ 72.97, 19.23 ], [ 72.96, 19.23 ], [ 72.96, 19.22 ], [ 72.97, 19.22 ] ] ] } },
{ "type": "Feature", "properties": { "cell_id": "r33_c20", "mean_lst": 42.467255545924409 }, "geometry": { "type": "Polygon", "coordinates": [ [ [ 72.980000000000103, 19.22 ], [ 72.980000000000103, 19.23 ], [ 72.97, 19.23 ], [ 72.97, 19.22 ], [ 72.980000000000103, 19.22 ] ] ] } },
{ "type": "Feature", "properties": { "cell_id": "r33_c21", "mean_lst": 43.95644007465485 }, "geometry": { "type": "Polygon", "coordinates": [ [ [ 72.99, 19.22 ], [ 72.99, 19.23 ], [ 72.980000000000103, 19.23 ], [ 72.980000000000103, 19.22 ], [ 72.99, 19.22 ] ] ] } },
{ "type": "Feature", "properties": { "cell_id": "r34_c0", "mean_lst": 31.524984381055535 }, "geometry": { "type": "Polygon", "coordinates": [ [ [ 72.78, 19.23 ], [ 72.78, 19.24 ], [ 72.77, 19.24 ], [ 72.77, 19.23 ], [ 72.78, 19.23 ] ] ] } },
{ "type": "Feature", "properties": { "cell_id": "r34_c1", "mean_lst": 41.36727011488464 }, "geometry": { "type": "Polygon", "coordinates": [ [ [ 72.79, 19.23 ], [ 72.79, 19.24 ], [ 72.78, 19.24 ], [ 72.78, 19.23 ], [ 72.79, 19.23 ] ] ] } },
{ "type": "Feature", "properties": { "cell_id": "r34_c2", "mean_lst": 36.366612464435022 }, "geometry": { "type": "Polygon", "coordinates": [ [ [ 72.8, 19.23 ], [ 72.8, 19.24 ], [ 72.79, 19.24 ], [ 72.79, 19.23 ], [ 72.8, 19.23 ] ] ] } },
{ "type": "Feature", "properties": { "cell_id": "r34_c3", "mean_lst": 37.312609196780834 }, "geometry": { "type": "Polygon", "coordinates": [ [ [ 72.81, 19.23 ], [ 72.81, 19.24 ], [ 72.8, 19.24 ], [ 72.8, 19.23 ], [ 72.81, 19.23 ] ] ] } },
{ "type": "Feature", "properties": { "cell_id": "r34_c4", "mean_lst": 34.478413555990286 }, "geometry": { "type": "Polygon", "coordinates": [ [ [ 72.82, 19.23 ], [ 72.82, 19.24 ], [ 72.81, 19.24 ], [ 72.81, 19.23 ], [ 72.82, 19.23 ] ] ] } },
{ "type": "Feature", "properties": { "cell_id": "r34_c5", "mean_lst": 37.370195694243392 }, "geometry": { "type": "Polygon", "coordinates": [ [ [ 72.83, 19.23 ], [ 72.83, 19.24 ], [ 72.82, 19.24 ], [ 72.82, 19.23 ], [ 72.83, 19.23 ] ] ] } },
{ "type": "Feature", "properties": { "cell_id": "r34_c6", "mean_lst": 38.589186317326089 }, "geometry": { "type": "Polygon", "coordinates": [ [ [ 72.84, 19.23 ], [ 72.84, 19.24 ], [ 72.83, 19.24 ], [ 72.83, 19.23 ], [ 72.84, 19.23 ] ] ] } },
{ "type": "Feature", "properties": { "cell_id": "r34_c7", "mean_lst": 41.218244096599364 }, "geometry": { "type": "Polygon", "coordinates": [ [ [ 72.85, 19.23 ], [ 72.85, 19.24 ], [ 72.84, 19.24 ], [ 72.84, 19.23 ], [ 72.85, 19.23 ] ] ] } },
{ "type": "Feature", "properties": { "cell_id": "r34_c8", "mean_lst": 41.15142433876084 }, "geometry": { "type": "Polygon", "coordinates": [ [ [ 72.86, 19.23 ], [ 72.86, 19.24 ], [ 72.85, 19.24 ], [ 72.85, 19.23 ], [ 72.86, 19.23 ] ] ] } },
{ "type": "Feature", "properties": { "cell_id": "r34_c9", "mean_lst": 41.841075558647582 }, "geometry": { "type": "Polygon", "coordinates": [ [ [ 72.87, 19.23 ], [ 72.87, 19.24 ], [ 72.86, 19.24 ], [ 72.86, 19.23 ], [ 72.87, 19.23 ] ] ] } },
{ "type": "Feature", "properties": { "cell_id": "r34_c10", "mean_lst": 40.612730443375753 }, "geometry": { "type": "Polygon", "coordinates": [ [ [ 72.88, 19.23 ], [ 72.88, 19.24 ], [ 72.87, 19.24 ], [ 72.87, 19.23 ], [ 72.88, 19.23 ] ] ] } },
{ "type": "Feature", "properties": { "cell_id": "r34_c11", "mean_lst": 39.031356831754735 }, "geometry": { "type": "Polygon", "coordinates": [ [ [ 72.89, 19.23 ], [ 72.89, 19.24 ], [ 72.88, 19.24 ], [ 72.88, 19.23 ], [ 72.89, 19.23 ] ] ] } },
{ "type": "Feature", "properties": { "cell_id": "r34_c12", "mean_lst": 37.253580569092719 }, "geometry": { "type": "Polygon", "coordinates": [ [ [ 72.9, 19.23 ], [ 72.9, 19.24 ], [ 72.89, 19.24 ], [ 72.89, 19.23 ], [ 72.9, 19.23 ] ] ] } },
{ "type": "Feature", "properties": { "cell_id": "r34_c13", "mean_lst": 37.800106885254422 }, "geometry": { "type": "Polygon", "coordinates": [ [ [ 72.91, 19.23 ], [ 72.91, 19.24 ], [ 72.9, 19.24 ], [ 72.9, 19.23 ], [ 72.91, 19.23 ] ] ] } },
{ "type": "Feature", "properties": { "cell_id": "r34_c14", "mean_lst": 38.722719102545462 }, "geometry": { "type": "Polygon", "coordinates": [ [ [ 72.92, 19.23 ], [ 72.92, 19.24 ], [ 72.91, 19.24 ], [ 72.91, 19.23 ], [ 72.92, 19.23 ] ] ] } },
{ "type": "Feature", "properties": { "cell_id": "r34_c15", "mean_lst": 40.529145978341205 }, "geometry": { "type": "Polygon", "coordinates": [ [ [ 72.93, 19.23 ], [ 72.93, 19.24 ], [ 72.92, 19.24 ], [ 72.92, 19.23 ], [ 72.93, 19.23 ] ] ] } },
{ "type": "Feature", "properties": { "cell_id": "r34_c16", "mean_lst": 41.357472235824851 }, "geometry": { "type": "Polygon", "coordinates": [ [ [ 72.94, 19.23 ], [ 72.94, 19.24 ], [ 72.93, 19.24 ], [ 72.93, 19.23 ], [ 72.94, 19.23 ] ] ] } },
{ "type": "Feature", "properties": { "cell_id": "r34_c17", "mean_lst": 43.503044462149788 }, "geometry": { "type": "Polygon", "coordinates": [ [ [ 72.95, 19.23 ], [ 72.95, 19.24 ], [ 72.94, 19.24 ], [ 72.94, 19.23 ], [ 72.95, 19.23 ] ] ] } },
{ "type": "Feature", "properties": { "cell_id": "r34_c18", "mean_lst": 39.924679736013481 }, "geometry": { "type": "Polygon", "coordinates": [ [ [ 72.96, 19.23 ], [ 72.96, 19.24 ], [ 72.95, 19.24 ], [ 72.95, 19.23 ], [ 72.96, 19.23 ] ] ] } },
{ "type": "Feature", "properties": { "cell_id": "r34_c19", "mean_lst": 42.29126089668577 }, "geometry": { "type": "Polygon", "coordinates": [ [ [ 72.97, 19.23 ], [ 72.97, 19.24 ], [ 72.96, 19.24 ], [ 72.96, 19.23 ], [ 72.97, 19.23 ] ] ] } },
{ "type": "Feature", "properties": { "cell_id": "r34_c20", "mean_lst": 42.948461055520383 }, "geometry": { "type": "Polygon", "coordinates": [ [ [ 72.980000000000103, 19.23 ], [ 72.980000000000103, 19.24 ], [ 72.97, 19.24 ], [ 72.97, 19.23 ], [ 72.980000000000103, 19.23 ] ] ] } },
{ "type": "Feature", "properties": { "cell_id": "r34_c21", "mean_lst": 43.750248252662345 }, "geometry": { "type": "Polygon", "coordinates": [ [ [ 72.99, 19.23 ], [ 72.99, 19.24 ], [ 72.980000000000103, 19.24 ], [ 72.980000000000103, 19.23 ], [ 72.99, 19.23 ] ] ] } },
{ "type": "Feature", "properties": { "cell_id": "r35_c0", "mean_lst": 30.802871320260465 }, "geometry": { "type": "Polygon", "coordinates": [ [ [ 72.78, 19.24 ], [ 72.78, 19.25 ], [ 72.77, 19.25 ], [ 72.77, 19.24 ], [ 72.78, 19.24 ] ] ] } },
{ "type": "Feature", "properties": { "cell_id": "r35_c1", "mean_lst": 38.579328921187923 }, "geometry": { "type": "Polygon", "coordinates": [ [ [ 72.79, 19.24 ], [ 72.79, 19.25 ], [ 72.78, 19.25 ], [ 72.78, 19.24 ], [ 72.79, 19.24 ] ] ] } },
{ "type": "Feature", "properties": { "cell_id": "r35_c2", "mean_lst": 38.948288487167403 }, "geometry": { "type": "Polygon", "coordinates": [ [ [ 72.8, 19.24 ], [ 72.8, 19.25 ], [ 72.79, 19.25 ], [ 72.79, 19.24 ], [ 72.8, 19.24 ] ] ] } },
{ "type": "Feature", "properties": { "cell_id": "r35_c3", "mean_lst": 35.834961207870656 }, "geometry": { "type": "Polygon", "coordinates": [ [ [ 72.81, 19.24 ], [ 72.81, 19.25 ], [ 72.8, 19.25 ], [ 72.8, 19.24 ], [ 72.81, 19.24 ] ] ] } },
{ "type": "Feature", "properties": { "cell_id": "r35_c4", "mean_lst": 33.325948068584253 }, "geometry": { "type": "Polygon", "coordinates": [ [ [ 72.82, 19.24 ], [ 72.82, 19.25 ], [ 72.81, 19.25 ], [ 72.81, 19.24 ], [ 72.82, 19.24 ] ] ] } },
{ "type": "Feature", "properties": { "cell_id": "r35_c5", "mean_lst": 32.594154762782203 }, "geometry": { "type": "Polygon", "coordinates": [ [ [ 72.83, 19.24 ], [ 72.83, 19.25 ], [ 72.82, 19.25 ], [ 72.82, 19.24 ], [ 72.83, 19.24 ] ] ] } },
{ "type": "Feature", "properties": { "cell_id": "r35_c6", "mean_lst": 34.550976460146039 }, "geometry": { "type": "Polygon", "coordinates": [ [ [ 72.84, 19.24 ], [ 72.84, 19.25 ], [ 72.83, 19.25 ], [ 72.83, 19.24 ], [ 72.84, 19.24 ] ] ] } },
{ "type": "Feature", "properties": { "cell_id": "r35_c7", "mean_lst": 38.815169423892605 }, "geometry": { "type": "Polygon", "coordinates": [ [ [ 72.85, 19.24 ], [ 72.85, 19.25 ], [ 72.84, 19.25 ], [ 72.84, 19.24 ], [ 72.85, 19.24 ] ] ] } },
{ "type": "Feature", "properties": { "cell_id": "r35_c8", "mean_lst": 40.120195928676232 }, "geometry": { "type": "Polygon", "coordinates": [ [ [ 72.86, 19.24 ], [ 72.86, 19.25 ], [ 72.85, 19.25 ], [ 72.85, 19.24 ], [ 72.86, 19.24 ] ] ] } },
{ "type": "Feature", "properties": { "cell_id": "r35_c9", "mean_lst": 43.215587166755085 }, "geometry": { "type": "Polygon", "coordinates": [ [ [ 72.87, 19.24 ], [ 72.87, 19.25 ], [ 72.86, 19.25 ], [ 72.86, 19.24 ], [ 72.87, 19.24 ] ] ] } },
{ "type": "Feature", "properties": { "cell_id": "r35_c10", "mean_lst": 42.31227793563059 }, "geometry": { "type": "Polygon", "coordinates": [ [ [ 72.88, 19.24 ], [ 72.88, 19.25 ], [ 72.87, 19.25 ], [ 72.87, 19.24 ], [ 72.88, 19.24 ] ] ] } },
{ "type": "Feature", "properties": { "cell_id": "r35_c11", "mean_lst": 37.863134295438513 }, "geometry": { "type": "Polygon", "coordinates": [ [ [ 72.89, 19.24 ], [ 72.89, 19.25 ], [ 72.88, 19.25 ], [ 72.88, 19.24 ], [ 72.89, 19.24 ] ] ] } },
{ "type": "Feature", "properties": { "cell_id": "r35_c12", "mean_lst": 37.672391767615593 }, "geometry": { "type": "Polygon", "coordinates": [ [ [ 72.9, 19.24 ], [ 72.9, 19.25 ], [ 72.89, 19.25 ], [ 72.89, 19.24 ], [ 72.9, 19.24 ] ] ] } },
{ "type": "Feature", "properties": { "cell_id": "r35_c13", "mean_lst": 36.548756760150326 }, "geometry": { "type": "Polygon", "coordinates": [ [ [ 72.91, 19.24 ], [ 72.91, 19.25 ], [ 72.9, 19.25 ], [ 72.9, 19.24 ], [ 72.91, 19.24 ] ] ] } },
{ "type": "Feature", "properties": { "cell_id": "r35_c14", "mean_lst": 38.25573744567383 }, "geometry": { "type": "Polygon", "coordinates": [ [ [ 72.92, 19.24 ], [ 72.92, 19.25 ], [ 72.91, 19.25 ], [ 72.91, 19.24 ], [ 72.92, 19.24 ] ] ] } },
{ "type": "Feature", "properties": { "cell_id": "r35_c15", "mean_lst": 38.945393744007376 }, "geometry": { "type": "Polygon", "coordinates": [ [ [ 72.93, 19.24 ], [ 72.93, 19.25 ], [ 72.92, 19.25 ], [ 72.92, 19.24 ], [ 72.93, 19.24 ] ] ] } },
{ "type": "Feature", "properties": { "cell_id": "r35_c16", "mean_lst": 38.796969218740294 }, "geometry": { "type": "Polygon", "coordinates": [ [ [ 72.94, 19.24 ], [ 72.94, 19.25 ], [ 72.93, 19.25 ], [ 72.93, 19.24 ], [ 72.94, 19.24 ] ] ] } },
{ "type": "Feature", "properties": { "cell_id": "r35_c17", "mean_lst": 40.15549122126064 }, "geometry": { "type": "Polygon", "coordinates": [ [ [ 72.95, 19.24 ], [ 72.95, 19.25 ], [ 72.94, 19.25 ], [ 72.94, 19.24 ], [ 72.95, 19.24 ] ] ] } },
{ "type": "Feature", "properties": { "cell_id": "r35_c18", "mean_lst": 41.484969548527978 }, "geometry": { "type": "Polygon", "coordinates": [ [ [ 72.96, 19.24 ], [ 72.96, 19.25 ], [ 72.95, 19.25 ], [ 72.95, 19.24 ], [ 72.96, 19.24 ] ] ] } },
{ "type": "Feature", "properties": { "cell_id": "r35_c19", "mean_lst": 39.626316457562353 }, "geometry": { "type": "Polygon", "coordinates": [ [ [ 72.97, 19.24 ], [ 72.97, 19.25 ], [ 72.96, 19.25 ], [ 72.96, 19.24 ], [ 72.97, 19.24 ] ] ] } },
{ "type": "Feature", "properties": { "cell_id": "r35_c20", "mean_lst": 41.950640842869213 }, "geometry": { "type": "Polygon", "coordinates": [ [ [ 72.980000000000103, 19.24 ], [ 72.980000000000103, 19.25 ], [ 72.97, 19.25 ], [ 72.97, 19.24 ], [ 72.980000000000103, 19.24 ] ] ] } },
{ "type": "Feature", "properties": { "cell_id": "r35_c21", "mean_lst": 41.564421700154426 }, "geometry": { "type": "Polygon", "coordinates": [ [ [ 72.99, 19.24 ], [ 72.99, 19.25 ], [ 72.980000000000103, 19.25 ], [ 72.980000000000103, 19.24 ], [ 72.99, 19.24 ] ] ] } },
{ "type": "Feature", "properties": { "cell_id": "r36_c0", "mean_lst": 30.652640030591126 }, "geometry": { "type": "Polygon", "coordinates": [ [ [ 72.78, 19.25 ], [ 72.78, 19.26 ], [ 72.77, 19.26 ], [ 72.77, 19.25 ], [ 72.78, 19.25 ] ] ] } },
{ "type": "Feature", "properties": { "cell_id": "r36_c1", "mean_lst": 36.377941487915393 }, "geometry": { "type": "Polygon", "coordinates": [ [ [ 72.79, 19.25 ], [ 72.79, 19.26 ], [ 72.78, 19.26 ], [ 72.78, 19.25 ], [ 72.79, 19.25 ] ] ] } },
{ "type": "Feature", "properties": { "cell_id": "r36_c2", "mean_lst": 38.54707767445435 }, "geometry": { "type": "Polygon", "coordinates": [ [ [ 72.8, 19.25 ], [ 72.8, 19.26 ], [ 72.79, 19.26 ], [ 72.79, 19.25 ], [ 72.8, 19.25 ] ] ] } },
{ "type": "Feature", "properties": { "cell_id": "r36_c3", "mean_lst": 35.588958308316172 }, "geometry": { "type": "Polygon", "coordinates": [ [ [ 72.81, 19.25 ], [ 72.81, 19.26 ], [ 72.8, 19.26 ], [ 72.8, 19.25 ], [ 72.81, 19.25 ] ] ] } },
{ "type": "Feature", "properties": { "cell_id": "r36_c4", "mean_lst": 33.309902635542173 }, "geometry": { "type": "Polygon", "coordinates": [ [ [ 72.82, 19.25 ], [ 72.82, 19.26 ], [ 72.81, 19.26 ], [ 72.81, 19.25 ], [ 72.82, 19.25 ] ] ] } },
{ "type": "Feature", "properties": { "cell_id": "r36_c5", "mean_lst": 33.139247875993085 }, "geometry": { "type": "Polygon", "coordinates": [ [ [ 72.83, 19.25 ], [ 72.83, 19.26 ], [ 72.82, 19.26 ], [ 72.82, 19.25 ], [ 72.83, 19.25 ] ] ] } },
{ "type": "Feature", "properties": { "cell_id": "r36_c6", "mean_lst": 32.636593510400523 }, "geometry": { "type": "Polygon", "coordinates": [ [ [ 72.84, 19.25 ], [ 72.84, 19.26 ], [ 72.83, 19.26 ], [ 72.83, 19.25 ], [ 72.84, 19.25 ] ] ] } },
{ "type": "Feature", "properties": { "cell_id": "r36_c7", "mean_lst": 38.604199777705276 }, "geometry": { "type": "Polygon", "coordinates": [ [ [ 72.85, 19.25 ], [ 72.85, 19.26 ], [ 72.84, 19.26 ], [ 72.84, 19.25 ], [ 72.85, 19.25 ] ] ] } },
{ "type": "Feature", "properties": { "cell_id": "r36_c8", "mean_lst": 40.325777112951855 }, "geometry": { "type": "Polygon", "coordinates": [ [ [ 72.86, 19.25 ], [ 72.86, 19.26 ], [ 72.85, 19.26 ], [ 72.85, 19.25 ], [ 72.86, 19.25 ] ] ] } },
{ "type": "Feature", "properties": { "cell_id": "r36_c9", "mean_lst": 41.024653122513165 }, "geometry": { "type": "Polygon", "coordinates": [ [ [ 72.87, 19.25 ], [ 72.87, 19.26 ], [ 72.86, 19.26 ], [ 72.86, 19.25 ], [ 72.87, 19.25 ] ] ] } },
{ "type": "Feature", "properties": { "cell_id": "r36_c10", "mean_lst": 43.456851840073647 }, "geometry": { "type": "Polygon", "coordinates": [ [ [ 72.88, 19.25 ], [ 72.88, 19.26 ], [ 72.87, 19.26 ], [ 72.87, 19.25 ], [ 72.88, 19.25 ] ] ] } },
{ "type": "Feature", "properties": { "cell_id": "r36_c11", "mean_lst": 39.615401578344837 }, "geometry": { "type": "Polygon", "coordinates": [ [ [ 72.89, 19.25 ], [ 72.89, 19.26 ], [ 72.88, 19.26 ], [ 72.88, 19.25 ], [ 72.89, 19.25 ] ] ] } },
{ "type": "Feature", "properties": { "cell_id": "r36_c12", "mean_lst": 38.090764032415876 }, "geometry": { "type": "Polygon", "coordinates": [ [ [ 72.9, 19.25 ], [ 72.9, 19.26 ], [ 72.89, 19.26 ], [ 72.89, 19.25 ], [ 72.9, 19.25 ] ] ] } },
{ "type": "Feature", "properties": { "cell_id": "r36_c13", "mean_lst": 37.010887027806831 }, "geometry": { "type": "Polygon", "coordinates": [ [ [ 72.91, 19.25 ], [ 72.91, 19.26 ], [ 72.9, 19.26 ], [ 72.9, 19.25 ], [ 72.91, 19.25 ] ] ] } },
{ "type": "Feature", "properties": { "cell_id": "r36_c14", "mean_lst": 36.745538931132188 }, "geometry": { "type": "Polygon", "coordinates": [ [ [ 72.92, 19.25 ], [ 72.92, 19.26 ], [ 72.91, 19.26 ], [ 72.91, 19.25 ], [ 72.92, 19.25 ] ] ] } },
{ "type": "Feature", "properties": { "cell_id": "r36_c15", "mean_lst": 35.736586939143052 }, "geometry": { "type": "Polygon", "coordinates": [ [ [ 72.93, 19.25 ], [ 72.93, 19.26 ], [ 72.92, 19.26 ], [ 72.92, 19.25 ], [ 72.93, 19.25 ] ] ] } },
{ "type": "Feature", "properties": { "cell_id": "r36_c16", "mean_lst": 35.222351959051821 }, "geometry": { "type": "Polygon", "coordinates": [ [ [ 72.94, 19.25 ], [ 72.94, 19.26 ], [ 72.93, 19.26 ], [ 72.93, 19.25 ], [ 72.94, 19.25 ] ] ] } },
{ "type": "Feature", "properties": { "cell_id": "r36_c17", "mean_lst": 37.739500316233219 }, "geometry": { "type": "Polygon", "coordinates": [ [ [ 72.95, 19.25 ], [ 72.95, 19.26 ], [ 72.94, 19.26 ], [ 72.94, 19.25 ], [ 72.95, 19.25 ] ] ] } },
{ "type": "Feature", "properties": { "cell_id": "r36_c18", "mean_lst": 44.692093983872326 }, "geometry": { "type": "Polygon", "coordinates": [ [ [ 72.96, 19.25 ], [ 72.96, 19.26 ], [ 72.95, 19.26 ], [ 72.95, 19.25 ], [ 72.96, 19.25 ] ] ] } },
{ "type": "Feature", "properties": { "cell_id": "r36_c19", "mean_lst": 42.076627900445473 }, "geometry": { "type": "Polygon", "coordinates": [ [ [ 72.97, 19.25 ], [ 72.97, 19.26 ], [ 72.96, 19.26 ], [ 72.96, 19.25 ], [ 72.97, 19.25 ] ] ] } },
{ "type": "Feature", "properties": { "cell_id": "r36_c20", "mean_lst": 43.05965227035427 }, "geometry": { "type": "Polygon", "coordinates": [ [ [ 72.980000000000103, 19.25 ], [ 72.980000000000103, 19.26 ], [ 72.97, 19.26 ], [ 72.97, 19.25 ], [ 72.980000000000103, 19.25 ] ] ] } },
{ "type": "Feature", "properties": { "cell_id": "r36_c21", "mean_lst": 43.934535110907689 }, "geometry": { "type": "Polygon", "coordinates": [ [ [ 72.99, 19.25 ], [ 72.99, 19.26 ], [ 72.980000000000103, 19.26 ], [ 72.980000000000103, 19.25 ], [ 72.99, 19.25 ] ] ] } },
{ "type": "Feature", "properties": { "cell_id": "r37_c0", "mean_lst": 30.706362726667361 }, "geometry": { "type": "Polygon", "coordinates": [ [ [ 72.78, 19.26 ], [ 72.78, 19.27 ], [ 72.77, 19.27 ], [ 72.77, 19.26 ], [ 72.78, 19.26 ] ] ] } },
{ "type": "Feature", "properties": { "cell_id": "r37_c1", "mean_lst": 35.999757278717844 }, "geometry": { "type": "Polygon", "coordinates": [ [ [ 72.79, 19.26 ], [ 72.79, 19.27 ], [ 72.78, 19.27 ], [ 72.78, 19.26 ], [ 72.79, 19.26 ] ] ] } },
{ "type": "Feature", "properties": { "cell_id": "r37_c2", "mean_lst": 38.100881804083571 }, "geometry": { "type": "Polygon", "coordinates": [ [ [ 72.8, 19.26 ], [ 72.8, 19.27 ], [ 72.79, 19.27 ], [ 72.79, 19.26 ], [ 72.8, 19.26 ] ] ] } },
{ "type": "Feature", "properties": { "cell_id": "r37_c3", "mean_lst": 38.228062414419789 }, "geometry": { "type": "Polygon", "coordinates": [ [ [ 72.81, 19.26 ], [ 72.81, 19.27 ], [ 72.8, 19.27 ], [ 72.8, 19.26 ], [ 72.81, 19.26 ] ] ] } },
{ "type": "Feature", "properties": { "cell_id": "r37_c4", "mean_lst": 34.025864884138223 }, "geometry": { "type": "Polygon", "coordinates": [ [ [ 72.82, 19.26 ], [ 72.82, 19.27 ], [ 72.81, 19.27 ], [ 72.81, 19.26 ], [ 72.82, 19.26 ] ] ] } },
{ "type": "Feature", "properties": { "cell_id": "r37_c5", "mean_lst": 33.244327761674406 }, "geometry": { "type": "Polygon", "coordinates": [ [ [ 72.83, 19.26 ], [ 72.83, 19.27 ], [ 72.82, 19.27 ], [ 72.82, 19.26 ], [ 72.83, 19.26 ] ] ] } },
{ "type": "Feature", "properties": { "cell_id": "r37_c6", "mean_lst": 33.098642638706167 }, "geometry": { "type": "Polygon", "coordinates": [ [ [ 72.84, 19.26 ], [ 72.84, 19.27 ], [ 72.83, 19.27 ], [ 72.83, 19.26 ], [ 72.84, 19.26 ] ] ] } },
{ "type": "Feature", "properties": { "cell_id": "r37_c7", "mean_lst": 33.134164051798393 }, "geometry": { "type": "Polygon", "coordinates": [ [ [ 72.85, 19.26 ], [ 72.85, 19.27 ], [ 72.84, 19.27 ], [ 72.84, 19.26 ], [ 72.85, 19.26 ] ] ] } },
{ "type": "Feature", "properties": { "cell_id": "r37_c8", "mean_lst": 36.782237892538319 }, "geometry": { "type": "Polygon", "coordinates": [ [ [ 72.86, 19.26 ], [ 72.86, 19.27 ], [ 72.85, 19.27 ], [ 72.85, 19.26 ], [ 72.86, 19.26 ] ] ] } },
{ "type": "Feature", "properties": { "cell_id": "r37_c9", "mean_lst": 38.334755780304107 }, "geometry": { "type": "Polygon", "coordinates": [ [ [ 72.87, 19.26 ], [ 72.87, 19.27 ], [ 72.86, 19.27 ], [ 72.86, 19.26 ], [ 72.87, 19.26 ] ] ] } },
{ "type": "Feature", "properties": { "cell_id": "r37_c10", "mean_lst": 43.188894941193844 }, "geometry": { "type": "Polygon", "coordinates": [ [ [ 72.88, 19.26 ], [ 72.88, 19.27 ], [ 72.87, 19.27 ], [ 72.87, 19.26 ], [ 72.88, 19.26 ] ] ] } },
{ "type": "Feature", "properties": { "cell_id": "r37_c11", "mean_lst": 42.123286487327185 }, "geometry": { "type": "Polygon", "coordinates": [ [ [ 72.89, 19.26 ], [ 72.89, 19.27 ], [ 72.88, 19.27 ], [ 72.88, 19.26 ], [ 72.89, 19.26 ] ] ] } },
{ "type": "Feature", "properties": { "cell_id": "r37_c12", "mean_lst": 44.132253129842951 }, "geometry": { "type": "Polygon", "coordinates": [ [ [ 72.9, 19.26 ], [ 72.9, 19.27 ], [ 72.89, 19.27 ], [ 72.89, 19.26 ], [ 72.9, 19.26 ] ] ] } },
{ "type": "Feature", "properties": { "cell_id": "r37_c13", "mean_lst": 38.01278634171188 }, "geometry": { "type": "Polygon", "coordinates": [ [ [ 72.91, 19.26 ], [ 72.91, 19.27 ], [ 72.9, 19.27 ], [ 72.9, 19.26 ], [ 72.91, 19.26 ] ] ] } },
{ "type": "Feature", "properties": { "cell_id": "r37_c14", "mean_lst": 38.608129629703498 }, "geometry": { "type": "Polygon", "coordinates": [ [ [ 72.92, 19.26 ], [ 72.92, 19.27 ], [ 72.91, 19.27 ], [ 72.91, 19.26 ], [ 72.92, 19.26 ] ] ] } },
{ "type": "Feature", "properties": { "cell_id": "r37_c15", "mean_lst": 36.281058533988691 }, "geometry": { "type": "Polygon", "coordinates": [ [ [ 72.93, 19.26 ], [ 72.93, 19.27 ], [ 72.92, 19.27 ], [ 72.92, 19.26 ], [ 72.93, 19.26 ] ] ] } },
{ "type": "Feature", "properties": { "cell_id": "r37_c16", "mean_lst": 34.969152095089981 }, "geometry": { "type": "Polygon", "coordinates": [ [ [ 72.94, 19.26 ], [ 72.94, 19.27 ], [ 72.93, 19.27 ], [ 72.93, 19.26 ], [ 72.94, 19.26 ] ] ] } },
{ "type": "Feature", "properties": { "cell_id": "r37_c17", "mean_lst": 38.799486644206702 }, "geometry": { "type": "Polygon", "coordinates": [ [ [ 72.95, 19.26 ], [ 72.95, 19.27 ], [ 72.94, 19.27 ], [ 72.94, 19.26 ], [ 72.95, 19.26 ] ] ] } },
{ "type": "Feature", "properties": { "cell_id": "r37_c18", "mean_lst": 43.689728355394742 }, "geometry": { "type": "Polygon", "coordinates": [ [ [ 72.96, 19.26 ], [ 72.96, 19.27 ], [ 72.95, 19.27 ], [ 72.95, 19.26 ], [ 72.96, 19.26 ] ] ] } },
{ "type": "Feature", "properties": { "cell_id": "r37_c19", "mean_lst": 44.211233187475251 }, "geometry": { "type": "Polygon", "coordinates": [ [ [ 72.97, 19.26 ], [ 72.97, 19.27 ], [ 72.96, 19.27 ], [ 72.96, 19.26 ], [ 72.97, 19.26 ] ] ] } },
{ "type": "Feature", "properties": { "cell_id": "r37_c20", "mean_lst": 42.479216839548158 }, "geometry": { "type": "Polygon", "coordinates": [ [ [ 72.980000000000103, 19.26 ], [ 72.980000000000103, 19.27 ], [ 72.97, 19.27 ], [ 72.97, 19.26 ], [ 72.980000000000103, 19.26 ] ] ] } },
{ "type": "Feature", "properties": { "cell_id": "r37_c21", "mean_lst": 42.659752355887441 }, "geometry": { "type": "Polygon", "coordinates": [ [ [ 72.99, 19.26 ], [ 72.99, 19.27 ], [ 72.980000000000103, 19.27 ], [ 72.980000000000103, 19.26 ], [ 72.99, 19.26 ] ] ] } }
]
}
