{
"type": "FeatureCollection",
"name": "ndbi_grid",
"crs": { "type": "name", "properties": { "name": "urn:ogc:def:crs:OGC:1.3:CRS84" } },
"features": [
{ "type": "Feature", "properties": { "cell_id": "r0_c0", "mean_ndbi": -0.05293574666942677 }, "geometry": { "type": "Polygon", "coordinates": [ [ [ 72.78, 18.89 ], [ 72.78, 18.9 ], [ 72.77, 18.9 ], [ 72.77, 18.89 ], [ 72.78, 18.89 ] ] ] } },
{ "type": "Feature", "properties": { "cell_id": "r0_c1", "mean_ndbi": -0.054288005606047053 }, "geometry": { "type": "Polygon", "coordinates": [ [ [ 72.79, 18.89 ], [ 72.79, 18.9 ], [ 72.78, 18.9 ], [ 72.78, 18.89 ], [ 72.79, 18.89 ] ] ] } },
{ "type": "Feature", "properties": { "cell_id": "r0_c2", "mean_ndbi": -0.067398021945417871 }, "geometry": { "type": "Polygon", "coordinates": [ [ [ 72.8, 18.89 ], [ 72.8, 18.9 ], [ 72.79, 18.9 ], [ 72.79, 18.89 ], [ 72.8, 18.89 ] ] ] } },
{ "type": "Feature", "properties": { "cell_id": "r0_c3", "mean_ndbi": -0.049276457455952979 }, "geometry": { "type": "Polygon", "coordinates": [ [ [ 72.81, 18.89 ], [ 72.81, 18.9 ], [ 72.8, 18.9 ], [ 72.8, 18.89 ], [ 72.81, 18.89 ] ] ] } },
{ "type": "Feature", "properties": { "cell_id": "r0_c4", "mean_ndbi": -0.075646572379618457 }, "geometry": { "type": "Polygon", "coordinates": [ [ [ 72.82, 18.89 ], [ 72.82, 18.9 ], [ 72.81, 18.9 ], [ 72.81, 18.89 ], [ 72.82, 18.89 ] ] ] } },
{ "type": "Feature", "properties": { "cell_id": "r0_c5", "mean_ndbi": -0.057732450710257441 }, "geometry": { "type": "Polygon", "coordinates": [ [ [ 72.83, 18.89 ], [ 72.83, 18.9 ], [ 72.82, 18.9 ], [ 72.82, 18.89 ], [ 72.83, 18.89 ] ] ] } },
{ "type": "Feature", "properties": { "cell_id": "r0_c6", "mean_ndbi": -0.050528124648818749 }, "geometry": { "type": "Polygon", "coordinates": [ [ [ 72.84, 18.89 ], [ 72.84, 18.9 ], [ 72.83, 18.9 ], [ 72.83, 18.89 ], [ 72.84, 18.89 ] ] ] } },
{ "type": "Feature", "properties": { "cell_id": "r0_c7", "mean_ndbi": -0.049899902269300939 }, "geometry": { "type": "Polygon", "coordinates": [ [ [ 72.85, 18.89 ], [ 72.85, 18.9 ], [ 72.84, 18.9 ], [ 72.84, 18.89 ], [ 72.85, 18.89 ] ] ] } },
{ "type": "Feature", "properties": { "cell_id": "r0_c8", "mean_ndbi": -0.035012950309727398 }, "geometry": { "type": "Polygon", "coordinates": [ [ [ 72.86, 18.89 ], [ 72.86, 18.9 ], [ 72.85, 18.9 ], [ 72.85, 18.89 ], [ 72.86, 18.89 ] ] ] } },
{ "type": "Feature", "properties": { "cell_id": "r0_c9", "mean_ndbi": -0.040908937808834846 }, "geometry": { "type": "Polygon", "coordinates": [ [ [ 72.87, 18.89 ], [ 72.87, 18.9 ], [ 72.86, 18.9 ], [ 72.86, 18.89 ], [ 72.87, 18.89 ] ] ] } },
{ "type": "Feature", "properties": { "cell_id": "r0_c10", "mean_ndbi": -0.058952166333406796 }, "geometry": { "type": "Polygon", "coordinates": [ [ [ 72.88, 18.89 ], [ 72.88, 18.9 ], [ 72.87, 18.9 ], [ 72.87, 18.89 ], [ 72.88, 18.89 ] ] ] } },
{ "type": "Feature", "properties": { "cell_id": "r0_c11", "mean_ndbi": -0.057020195781850712 }, "geometry": { "type": "Polygon", "coordinates": [ [ [ 72.89, 18.89 ], [ 72.89, 18.9 ], [ 72.88, 18.9 ], [ 72.88, 18.89 ], [ 72.89, 18.89 ] ] ] } },
{ "type": "Feature", "properties": { "cell_id": "r0_c12", "mean_ndbi": -0.06960000570940697 }, "geometry": { "type": "Polygon", "coordinates": [ [ [ 72.9, 18.89 ], [ 72.9, 18.9 ], [ 72.89, 18.9 ], [ 72.89, 18.89 ], [ 72.9, 18.89 ] ] ] } },
{ "type": "Feature", "properties": { "cell_id": "r0_c13", "mean_ndbi": -0.076356825396205183 }, "geometry": { "type": "Polygon", "coordinates": [ [ [ 72.91, 18.89 ], [ 72.91, 18.9 ], [ 72.9, 18.9 ], [ 72.9, 18.89 ], [ 72.91, 18.89 ] ] ] } },
{ "type": "Feature", "properties": { "cell_id": "r0_c14", "mean_ndbi": -0.059809999566675931 }, "geometry": { "type": "Polygon", "coordinates": [ [ [ 72.92, 18.89 ], [ 72.92, 18.9 ], [ 72.91, 18.9 ], [ 72.91, 18.89 ], [ 72.92, 18.89 ] ] ] } },
{ "type": "Feature", "properties": { "cell_id": "r0_c15", "mean_ndbi": -0.013405048911205281 }, "geometry": { "type": "Polygon", "coordinates": [ [ [ 72.93, 18.89 ], [ 72.93, 18.9 ], [ 72.92, 18.9 ], [ 72.92, 18.89 ], [ 72.93, 18.89 ] ] ] } },
{ "type": "Feature", "properties": { "cell_id": "r0_c16", "mean_ndbi": -0.17030038413542833 }, "geometry": { "type": "Polygon", "coordinates": [ [ [ 72.94, 18.89 ], [ 72.94, 18.9 ], [ 72.93, 18.9 ], [ 72.93, 18.89 ], [ 72.94, 18.89 ] ] ] } },
{ "type": "Feature", "properties": { "cell_id": "r0_c17", "mean_ndbi": -0.13933340329174321 }, "geometry": { "type": "Polygon", "coordinates": [ [ [ 72.95, 18.89 ], [ 72.95, 18.9 ], [ 72.94, 18.9 ], [ 72.94, 18.89 ], [ 72.95, 18.89 ] ] ] } },
{ "type": "Feature", "properties": { "cell_id": "r0_c18", "mean_ndbi": 0.015816077878763709 }, "geometry": { "type": "Polygon", "coordinates": [ [ [ 72.96, 18.89 ], [ 72.96, 18.9 ], [ 72.95, 18.9 ], [ 72.95, 18.89 ], [ 72.96, 18.89 ] ] ] } },
{ "type": "Feature", "properties": { "cell_id": "r0_c19", "mean_ndbi": 0.12441302370359474 }, "geometry": { "type": "Polygon", "coordinates": [ [ [ 72.97, 18.89 ], [ 72.97, 18.9 ], [ 72.96, 18.9 ], [ 72.96, 18.89 ], [ 72.97, 18.89 ] ] ] } },
{ "type": "Feature", "properties": { "cell_id": "r0_c20", "mean_ndbi": 0.068938179837597813 }, "geometry": { "type": "Polygon", "coordinates": [ [ [ 72.980000000000103, 18.89 ], [ 72.980000000000103, 18.9 ], [ 72.97, 18.9 ], [ 72.97, 18.89 ], [ 72.980000000000103, 18.89 ] ] ] } },
{ "type": "Feature", "properties": { "cell_id": "r0_c21", "mean_ndbi": 0.030072793953536535 }, "geometry": { "type": "Polygon", "coordinates": [ [ [ 72.99, 18.89 ], [ 72.99, 18.9 ], [ 72.980000000000103, 18.9 ], [ 72.980000000000103, 18.89 ], [ 72.99, 18.89 ] ] ] } },
{ "type": "Feature", "properties": { "cell_id": "r1_c0", "mean_ndbi": -0.054560088272770917 }, "geometry": { "type": "Polygon", "coordinates": [ [ [ 72.78, 18.9 ], [ 72.78, 18.91 ], [ 72.77, 18.91 ], [ 72.77, 18.9 ], [ 72.78, 18.9 ] ] ] } },
{ "type": "Feature", "properties": { "cell_id": "r1_c1", "mean_ndbi": -0.058007177292629851 }, "geometry": { "type": "Polygon", "coordinates": [ [ [ 72.79, 18.9 ], [ 72.79, 18.91 ], [ 72.78, 18.91 ], [ 72.78, 18.9 ], [ 72.79, 18.9 ] ] ] } },
{ "type": "Feature", "properties": { "cell_id": "r1_c2", "mean_ndbi": -0.062505036418475782 }, "geometry": { "type": "Polygon", "coordinates": [ [ [ 72.8, 18.9 ], [ 72.8, 18.91 ], [ 72.79, 18.91 ], [ 72.79, 18.9 ], [ 72.8, 18.9 ] ] ] } },
{ "type": "Feature", "properties": { "cell_id": "r1_c3", "mean_ndbi": -0.050113910975891129 }, "geometry": { "type": "Polygon", "coordinates": [ [ [ 72.81, 18.9 ], [ 72.81, 18.91 ], [ 72.8, 18.91 ], [ 72.8, 18.9 ], [ 72.81, 18.9 ] ] ] } },
{ "type": "Feature", "properties": { "cell_id": "r1_c4", "mean_ndbi": -0.048752193088832343 }, "geometry": { "type": "Polygon", "coordinates": [ [ [ 72.82, 18.9 ], [ 72.82, 18.91 ], [ 72.81, 18.91 ], [ 72.81, 18.9 ], [ 72.82, 18.9 ] ] ] } },
{ "type": "Feature", "properties": { "cell_id": "r1_c5", "mean_ndbi": -0.049400901433145253 }, "geometry": { "type": "Polygon", "coordinates": [ [ [ 72.83, 18.9 ], [ 72.83, 18.91 ], [ 72.82, 18.91 ], [ 72.82, 18.9 ], [ 72.83, 18.9 ] ] ] } },
{ "type": "Feature", "properties": { "cell_id": "r1_c6", "mean_ndbi": -0.044439242581593728 }, "geometry": { "type": "Polygon", "coordinates": [ [ [ 72.84, 18.9 ], [ 72.84, 18.91 ], [ 72.83, 18.91 ], [ 72.83, 18.9 ], [ 72.84, 18.9 ] ] ] } },
{ "type": "Feature", "properties": { "cell_id": "r1_c7", "mean_ndbi": -0.046312336470836171 }, "geometry": { "type": "Polygon", "coordinates": [ [ [ 72.85, 18.9 ], [ 72.85, 18.91 ], [ 72.84, 18.91 ], [ 72.84, 18.9 ], [ 72.85, 18.9 ] ] ] } },
{ "type": "Feature", "properties": { "cell_id": "r1_c8", "mean_ndbi": -0.038686339794225338 }, "geometry": { "type": "Polygon", "coordinates": [ [ [ 72.86, 18.9 ], [ 72.86, 18.91 ], [ 72.85, 18.91 ], [ 72.85, 18.9 ], [ 72.86, 18.9 ] ] ] } },
{ "type": "Feature", "properties": { "cell_id": "r1_c9", "mean_ndbi": -0.042561164809710644 }, "geometry": { "type": "Polygon", "coordinates": [ [ [ 72.87, 18.9 ], [ 72.87, 18.91 ], [ 72.86, 18.91 ], [ 72.86, 18.9 ], [ 72.87, 18.9 ] ] ] } },
{ "type": "Feature", "properties": { "cell_id": "r1_c10", "mean_ndbi": -0.050250764668695665 }, "geometry": { "type": "Polygon", "coordinates": [ [ [ 72.88, 18.9 ], [ 72.88, 18.91 ], [ 72.87, 18.91 ], [ 72.87, 18.9 ], [ 72.88, 18.9 ] ] ] } },
{ "type": "Feature", "properties": { "cell_id": "r1_c11", "mean_ndbi": -0.061584255980232122 }, "geometry": { "type": "Polygon", "coordinates": [ [ [ 72.89, 18.9 ], [ 72.89, 18.91 ], [ 72.88, 18.91 ], [ 72.88, 18.9 ], [ 72.89, 18.9 ] ] ] } },
{ "type": "Feature", "properties": { "cell_id": "r1_c12", "mean_ndbi": -0.089792843382389839 }, "geometry": { "type": "Polygon", "coordinates": [ [ [ 72.9, 18.9 ], [ 72.9, 18.91 ], [ 72.89, 18.91 ], [ 72.89, 18.9 ], [ 72.9, 18.9 ] ] ] } },
{ "type": "Feature", "properties": { "cell_id": "r1_c13", "mean_ndbi": -0.096936764400043549 }, "geometry": { "type": "Polygon", "coordinates": [ [ [ 72.91, 18.9 ], [ 72.91, 18.91 ], [ 72.9, 18.91 ], [ 72.9, 18.9 ], [ 72.91, 18.9 ] ] ] } },
{ "type": "Feature", "properties": { "cell_id": "r1_c14", "mean_ndbi": -0.099648940349388468 }, "geometry": { "type": "Polygon", "coordinates": [ [ [ 72.92, 18.9 ], [ 72.92, 18.91 ], [ 72.91, 18.91 ], [ 72.91, 18.9 ], [ 72.92, 18.9 ] ] ] } },
{ "type": "Feature", "properties": { "cell_id": "r1_c15", "mean_ndbi": 0.0071742625123795206 }, "geometry": { "type": "Polygon", "coordinates": [ [ [ 72.93, 18.9 ], [ 72.93, 18.91 ], [ 72.92, 18.91 ], [ 72.92, 18.9 ], [ 72.93, 18.9 ] ] ] } },
{ "type": "Feature", "properties": { "cell_id": "r1_c16", "mean_ndbi": -0.16731000049966308 }, "geometry": { "type": "Polygon", "coordinates": [ [ [ 72.94, 18.9 ], [ 72.94, 18.91 ], [ 72.93, 18.91 ], [ 72.93, 18.9 ], [ 72.94, 18.9 ] ] ] } },
{ "type": "Feature", "properties": { "cell_id": "r1_c17", "mean_ndbi": -0.078009314181635217 }, "geometry": { "type": "Polygon", "coordinates": [ [ [ 72.95, 18.9 ], [ 72.95, 18.91 ], [ 72.94, 18.91 ], [ 72.94, 18.9 ], [ 72.95, 18.9 ] ] ] } },
{ "type": "Feature", "properties": { "cell_id": "r1_c18", "mean_ndbi": -0.11840815482244962 }, "geometry": { "type": "Polygon", "coordinates": [ [ [ 72.96, 18.9 ], [ 72.96, 18.91 ], [ 72.95, 18.91 ], [ 72.95, 18.9 ], [ 72.96, 18.9 ] ] ] } },
{ "type": "Feature", "properties": { "cell_id": "r1_c19", "mean_ndbi": -0.064883245590127411 }, "geometry": { "type": "Polygon", "coordinates": [ [ [ 72.97, 18.9 ], [ 72.97, 18.91 ], [ 72.96, 18.91 ], [ 72.96, 18.9 ], [ 72.97, 18.9 ] ] ] } },
{ "type": "Feature", "properties": { "cell_id": "r1_c20", "mean_ndbi": 0.065831178562534065 }, "geometry": { "type": "Polygon", "coordinates": [ [ [ 72.980000000000103, 18.9 ], [ 72.980000000000103, 18.91 ], [ 72.97, 18.91 ], [ 72.97, 18.9 ], [ 72.980000000000103, 18.9 ] ] ] } },
{ "type": "Feature", "properties": { "cell_id": "r1_c21", "mean_ndbi": 0.018910882060199908 }, "geometry": { "type": "Polygon", "coordinates": [ [ [ 72.99, 18.9 ], [ 72.99, 18.91 ], [ 72.980000000000103, 18.91 ], [ 72.980000000000103, 18.9 ], [ 72.99, 18.9 ] ] ] } },
{ "type": "Feature", "properties": { "cell_id": "r2_c0", "mean_ndbi": -0.051247398655248085 }, "geometry": { "type": "Polygon", "coordinates": [ [ [ 72.78, 18.91 ], [ 72.78, 18.92 ], [ 72.77, 18.92 ], [ 72.77, 18.91 ], [ 72.78, 18.91 ] ] ] } },
{ "type": "Feature", "properties": { "cell_id": "r2_c1", "mean_ndbi": -0.058485256334072984 }, "geometry": { "type": "Polygon", "coordinates": [ [ [ 72.79, 18.91 ], [ 72.79, 18.92 ], [ 72.78, 18.92 ], [ 72.78, 18.91 ], [ 72.79, 18.91 ] ] ] } },
{ "type": "Feature", "properties": { "cell_id": "r2_c2", "mean_ndbi": -0.064109955730333568 }, "geometry": { "type": "Polygon", "coordinates": [ [ [ 72.8, 18.91 ], [ 72.8, 18.92 ], [ 72.79, 18.92 ], [ 72.79, 18.91 ], [ 72.8, 18.91 ] ] ] } },
{ "type": "Feature", "properties": { "cell_id": "r2_c3", "mean_ndbi": -0.050796880352425355 }, "geometry": { "type": "Polygon", "coordinates": [ [ [ 72.81, 18.91 ], [ 72.81, 18.92 ], [ 72.8, 18.92 ], [ 72.8, 18.91 ], [ 72.81, 18.91 ] ] ] } },
{ "type": "Feature", "properties": { "cell_id": "r2_c4", "mean_ndbi": -0.051947592554649445 }, "geometry": { "type": "Polygon", "coordinates": [ [ [ 72.82, 18.91 ], [ 72.82, 18.92 ], [ 72.81, 18.92 ], [ 72.81, 18.91 ], [ 72.82, 18.91 ] ] ] } },
{ "type": "Feature", "properties": { "cell_id": "r2_c5", "mean_ndbi": -0.0028813805238145926 }, "geometry": { "type": "Polygon", "coordinates": [ [ [ 72.83, 18.91 ], [ 72.83, 18.92 ], [ 72.82, 18.92 ], [ 72.82, 18.91 ], [ 72.83, 18.91 ] ] ] } },
{ "type": "Feature", "properties": { "cell_id": "r2_c6", "mean_ndbi": -0.047491775314399236 }, "geometry": { "type": "Polygon", "coordinates": [ [ [ 72.84, 18.91 ], [ 72.84, 18.92 ], [ 72.83, 18.92 ], [ 72.83, 18.91 ], [ 72.84, 18.91 ] ] ] } },
{ "type": "Feature", "properties": { "cell_id": "r2_c7", "mean_ndbi": -0.045636745323606925 }, "geometry": { "type": "Polygon", "coordinates": [ [ [ 72.85, 18.91 ], [ 72.85, 18.92 ], [ 72.84, 18.92 ], [ 72.84, 18.91 ], [ 72.85, 18.91 ] ] ] } },
{ "type": "Feature", "properties": { "cell_id": "r2_c8", "mean_ndbi": -0.048034732900401868 }, "geometry": { "type": "Polygon", "coordinates": [ [ [ 72.86, 18.91 ], [ 72.86, 18.92 ], [ 72.85, 18.92 ], [ 72.85, 18.91 ], [ 72.86, 18.91 ] ] ] } },
{ "type": "Feature", "properties": { "cell_id": "r2_c9", "mean_ndbi": -0.044975026392920753 }, "geometry": { "type": "Polygon", "coordinates": [ [ [ 72.87, 18.91 ], [ 72.87, 18.92 ], [ 72.86, 18.92 ], [ 72.86, 18.91 ], [ 72.87, 18.91 ] ] ] } },
{ "type": "Feature", "properties": { "cell_id": "r2_c10", "mean_ndbi": -0.052044187054201059 }, "geometry": { "type": "Polygon", "coordinates": [ [ [ 72.88, 18.91 ], [ 72.88, 18.92 ], [ 72.87, 18.92 ], [ 72.87, 18.91 ], [ 72.88, 18.91 ] ] ] } },
{ "type": "Feature", "properties": { "cell_id": "r2_c11", "mean_ndbi": -0.066464936329785534 }, "geometry": { "type": "Polygon", "coordinates": [ [ [ 72.89, 18.91 ], [ 72.89, 18.92 ], [ 72.88, 18.92 ], [ 72.88, 18.91 ], [ 72.89, 18.91 ] ] ] } },
{ "type": "Feature", "properties": { "cell_id": "r2_c12", "mean_ndbi": -0.13283934263651978 }, "geometry": { "type": "Polygon", "coordinates": [ [ [ 72.9, 18.91 ], [ 72.9, 18.92 ], [ 72.89, 18.92 ], [ 72.89, 18.91 ], [ 72.9, 18.91 ] ] ] } },
{ "type": "Feature", "properties": { "cell_id": "r2_c13", "mean_ndbi": -0.099071085104806153 }, "geometry": { "type": "Polygon", "coordinates": [ [ [ 72.91, 18.91 ], [ 72.91, 18.92 ], [ 72.9, 18.92 ], [ 72.9, 18.91 ], [ 72.91, 18.91 ] ] ] } },
{ "type": "Feature", "properties": { "cell_id": "r2_c14", "mean_ndbi": -0.10267376422166442 }, "geometry": { "type": "Polygon", "coordinates": [ [ [ 72.92, 18.91 ], [ 72.92, 18.92 ], [ 72.91, 18.92 ], [ 72.91, 18.91 ], [ 72.92, 18.91 ] ] ] } },
{ "type": "Feature", "properties": { "cell_id": "r2_c15", "mean_ndbi": -0.10848914903299431 }, "geometry": { "type": "Polygon", "coordinates": [ [ [ 72.93, 18.91 ], [ 72.93, 18.92 ], [ 72.92, 18.92 ], [ 72.92, 18.91 ], [ 72.93, 18.91 ] ] ] } },
{ "type": "Feature", "properties": { "cell_id": "r2_c16", "mean_ndbi": -0.11625449061666678 }, "geometry": { "type": "Polygon", "coordinates": [ [ [ 72.94, 18.91 ], [ 72.94, 18.92 ], [ 72.93, 18.92 ], [ 72.93, 18.91 ], [ 72.94, 18.91 ] ] ] } },
{ "type": "Feature", "properties": { "cell_id": "r2_c17", "mean_ndbi": -0.13942865210907587 }, "geometry": { "type": "Polygon", "coordinates": [ [ [ 72.95, 18.91 ], [ 72.95, 18.92 ], [ 72.94, 18.92 ], [ 72.94, 18.91 ], [ 72.95, 18.91 ] ] ] } },
{ "type": "Feature", "properties": { "cell_id": "r2_c18", "mean_ndbi": -0.17526500994830402 }, "geometry": { "type": "Polygon", "coordinates": [ [ [ 72.96, 18.91 ], [ 72.96, 18.92 ], [ 72.95, 18.92 ], [ 72.95, 18.91 ], [ 72.96, 18.91 ] ] ] } },
{ "type": "Feature", "properties": { "cell_id": "r2_c19", "mean_ndbi": -0.14444972567288092 }, "geometry": { "type": "Polygon", "coordinates": [ [ [ 72.97, 18.91 ], [ 72.97, 18.92 ], [ 72.96, 18.92 ], [ 72.96, 18.91 ], [ 72.97, 18.91 ] ] ] } },
{ "type": "Feature", "properties": { "cell_id": "r2_c20", "mean_ndbi": 0.060314155631541196 }, "geometry": { "type": "Polygon", "coordinates": [ [ [ 72.980000000000103, 18.91 ], [ 72.980000000000103, 18.92 ], [ 72.97, 18.92 ], [ 72.97, 18.91 ], [ 72.980000000000103, 18.91 ] ] ] } },
{ "type": "Feature", "properties": { "cell_id": "r2_c21", "mean_ndbi": 0.0079891402681713276 }, "geometry": { "type": "Polygon", "coordinates": [ [ [ 72.99, 18.91 ], [ 72.99, 18.92 ], [ 72.980000000000103, 18.92 ], [ 72.980000000000103, 18.91 ], [ 72.99, 18.91 ] ] ] } },
{ "type": "Feature", "properties": { "cell_id": "r3_c0", "mean_ndbi": -0.050192170408633316 }, "geometry": { "type": "Polygon", "coordinates": [ [ [ 72.78, 18.92 ], [ 72.78, 18.93 ], [ 72.77, 18.93 ], [ 72.77, 18.92 ], [ 72.78, 18.92 ] ] ] } },
{ "type": "Feature", "properties": { "cell_id": "r3_c1", "mean_ndbi": -0.056116724336797583 }, "geometry": { "type": "Polygon", "coordinates": [ [ [ 72.79, 18.92 ], [ 72.79, 18.93 ], [ 72.78, 18.93 ], [ 72.78, 18.92 ], [ 72.79, 18.92 ] ] ] } },
{ "type": "Feature", "properties": { "cell_id": "r3_c2", "mean_ndbi": -0.054922287372758588 }, "geometry": { "type": "Polygon", "coordinates": [ [ [ 72.8, 18.92 ], [ 72.8, 18.93 ], [ 72.79, 18.93 ], [ 72.79, 18.92 ], [ 72.8, 18.92 ] ] ] } },
{ "type": "Feature", "properties": { "cell_id": "r3_c3", "mean_ndbi": -0.050820277135870215 }, "geometry": { "type": "Polygon", "coordinates": [ [ [ 72.81, 18.92 ], [ 72.81, 18.93 ], [ 72.8, 18.93 ], [ 72.8, 18.92 ], [ 72.81, 18.92 ] ] ] } },
{ "type": "Feature", "properties": { "cell_id": "r3_c4", "mean_ndbi": -0.045404747767584616 }, "geometry": { "type": "Polygon", "coordinates": [ [ [ 72.82, 18.92 ], [ 72.82, 18.93 ], [ 72.81, 18.93 ], [ 72.81, 18.92 ], [ 72.82, 18.92 ] ] ] } },
{ "type": "Feature", "properties": { "cell_id": "r3_c5", "mean_ndbi": -0.021440047641876403 }, "geometry": { "type": "Polygon", "coordinates": [ [ [ 72.83, 18.92 ], [ 72.83, 18.93 ], [ 72.82, 18.93 ], [ 72.82, 18.92 ], [ 72.83, 18.92 ] ] ] } },
{ "type": "Feature", "properties": { "cell_id": "r3_c6", "mean_ndbi": -0.0020991713778180676 }, "geometry": { "type": "Polygon", "coordinates": [ [ [ 72.84, 18.92 ], [ 72.84, 18.93 ], [ 72.83, 18.93 ], [ 72.83, 18.92 ], [ 72.84, 18.92 ] ] ] } },
{ "type": "Feature", "properties": { "cell_id": "r3_c7", "mean_ndbi": -0.060494897599410673 }, "geometry": { "type": "Polygon", "coordinates": [ [ [ 72.85, 18.92 ], [ 72.85, 18.93 ], [ 72.84, 18.93 ], [ 72.84, 18.92 ], [ 72.85, 18.92 ] ] ] } },
{ "type": "Feature", "properties": { "cell_id": "r3_c8", "mean_ndbi": -0.065040716002303364 }, "geometry": { "type": "Polygon", "coordinates": [ [ [ 72.86, 18.92 ], [ 72.86, 18.93 ], [ 72.85, 18.93 ], [ 72.85, 18.92 ], [ 72.86, 18.92 ] ] ] } },
{ "type": "Feature", "properties": { "cell_id": "r3_c9", "mean_ndbi": -0.062501310500568244 }, "geometry": { "type": "Polygon", "coordinates": [ [ [ 72.87, 18.92 ], [ 72.87, 18.93 ], [ 72.86, 18.93 ], [ 72.86, 18.92 ], [ 72.87, 18.92 ] ] ] } },
{ "type": "Feature", "properties": { "cell_id": "r3_c10", "mean_ndbi": -0.053640752119856763 }, "geometry": { "type": "Polygon", "coordinates": [ [ [ 72.88, 18.92 ], [ 72.88, 18.93 ], [ 72.87, 18.93 ], [ 72.87, 18.92 ], [ 72.88, 18.92 ] ] ] } },
{ "type": "Feature", "properties": { "cell_id": "r3_c11", "mean_ndbi": -0.068753373611888075 }, "geometry": { "type": "Polygon", "coordinates": [ [ [ 72.89, 18.92 ], [ 72.89, 18.93 ], [ 72.88, 18.93 ], [ 72.88, 18.92 ], [ 72.89, 18.92 ] ] ] } },
{ "type": "Feature", "properties": { "cell_id": "r3_c12", "mean_ndbi": -0.1064754544434635 }, "geometry": { "type": "Polygon", "coordinates": [ [ [ 72.9, 18.92 ], [ 72.9, 18.93 ], [ 72.89, 18.93 ], [ 72.89, 18.92 ], [ 72.9, 18.92 ] ] ] } },
{ "type": "Feature", "properties": { "cell_id": "r3_c13", "mean_ndbi": -0.10277854472798821 }, "geometry": { "type": "Polygon", "coordinates": [ [ [ 72.91, 18.92 ], [ 72.91, 18.93 ], [ 72.9, 18.93 ], [ 72.9, 18.92 ], [ 72.91, 18.92 ] ] ] } },
{ "type": "Feature", "properties": { "cell_id": "r3_c14", "mean_ndbi": -0.076180115950514146 }, "geometry": { "type": "Polygon", "coordinates": [ [ [ 72.92, 18.92 ], [ 72.92, 18.93 ], [ 72.91, 18.93 ], [ 72.91, 18.92 ], [ 72.92, 18.92 ] ] ] } },
{ "type": "Feature", "properties": { "cell_id": "r3_c15", "mean_ndbi": -0.082994451025207527 }, "geometry": { "type": "Polygon", "coordinates": [ [ [ 72.93, 18.92 ], [ 72.93, 18.93 ], [ 72.92, 18.93 ], [ 72.92, 18.92 ], [ 72.93, 18.92 ] ] ] } },
{ "type": "Feature", "properties": { "cell_id": "r3_c16", "mean_ndbi": -0.085354046470776615 }, "geometry": { "type": "Polygon", "coordinates": [ [ [ 72.94, 18.92 ], [ 72.94, 18.93 ], [ 72.93, 18.93 ], [ 72.93, 18.92 ], [ 72.94, 18.92 ] ] ] } },
{ "type": "Feature", "properties": { "cell_id": "r3_c17", "mean_ndbi": -0.1275770138404749 }, "geometry": { "type": "Polygon", "coordinates": [ [ [ 72.95, 18.92 ], [ 72.95, 18.93 ], [ 72.94, 18.93 ], [ 72.94, 18.92 ], [ 72.95, 18.92 ] ] ] } },
{ "type": "Feature", "properties": { "cell_id": "r3_c18", "mean_ndbi": -0.070267379738853733 }, "geometry": { "type": "Polygon", "coordinates": [ [ [ 72.96, 18.92 ], [ 72.96, 18.93 ], [ 72.95, 18.93 ], [ 72.95, 18.92 ], [ 72.96, 18.92 ] ] ] } },
{ "type": "Feature", "properties": { "cell_id": "r3_c19", "mean_ndbi": 0.0036361098785386791 }, "geometry": { "type": "Polygon", "coordinates": [ [ [ 72.97, 18.92 ], [ 72.97, 18.93 ], [ 72.96, 18.93 ], [ 72.96, 18.92 ], [ 72.97, 18.92 ] ] ] } },
{ "type": "Feature", "properties": { "cell_id": "r3_c20", "mean_ndbi": -0.013718500608383892 }, "geometry": { "type": "Polygon", "coordinates": [ [ [ 72.980000000000103, 18.92 ], [ 72.980000000000103, 18.93 ], [ 72.97, 18.93 ], [ 72.97, 18.92 ], [ 72.980000000000103, 18.92 ] ] ] } },
{ "type": "Feature", "properties": { "cell_id": "r3_c21", "mean_ndbi": -0.16887413416532213 }, "geometry": { "type": "Polygon", "coordinates": [ [ [ 72.99, 18.92 ], [ 72.99, 18.93 ], [ 72.980000000000103, 18.93 ], [ 72.980000000000103, 18.92 ], [ 72.99, 18.92 ] ] ] } },
{ "type": "Feature", "properties": { "cell_id": "r4_c0", "mean_ndbi": -0.047123234000729916 }, "geometry": { "type": "Polygon", "coordinates": [ [ [ 72.78, 18.93 ], [ 72.78, 18.94 ], [ 72.77, 18.94 ], [ 72.77, 18.93 ], [ 72.78, 18.93 ] ] ] } },
{ "type": "Feature", "properties": { "cell_id": "r4_c1", "mean_ndbi": -0.051732206395213386 }, "geometry": { "type": "Polygon", "coordinates": [ [ [ 72.79, 18.93 ], [ 72.79, 18.94 ], [ 72.78, 18.94 ], [ 72.78, 18.93 ], [ 72.79, 18.93 ] ] ] } },
{ "type": "Feature", "properties": { "cell_id": "r4_c2", "mean_ndbi": -0.049565066705030733 }, "geometry": { "type": "Polygon", "coordinates": [ [ [ 72.8, 18.93 ], [ 72.8, 18.94 ], [ 72.79, 18.94 ], [ 72.79, 18.93 ], [ 72.8, 18.93 ] ] ] } },
{ "type": "Feature", "properties": { "cell_id": "r4_c3", "mean_ndbi": -0.04077011777585493 }, "geometry": { "type": "Polygon", "coordinates": [ [ [ 72.81, 18.93 ], [ 72.81, 18.94 ], [ 72.8, 18.94 ], [ 72.8, 18.93 ], [ 72.81, 18.93 ] ] ] } },
{ "type": "Feature", "properties": { "cell_id": "r4_c4", "mean_ndbi": -0.040651442276178285 }, "geometry": { "type": "Polygon", "coordinates": [ [ [ 72.82, 18.93 ], [ 72.82, 18.94 ], [ 72.81, 18.94 ], [ 72.81, 18.93 ], [ 72.82, 18.93 ] ] ] } },
{ "type": "Feature", "properties": { "cell_id": "r4_c5", "mean_ndbi": -0.010550942972443172 }, "geometry": { "type": "Polygon", "coordinates": [ [ [ 72.83, 18.93 ], [ 72.83, 18.94 ], [ 72.82, 18.94 ], [ 72.82, 18.93 ], [ 72.83, 18.93 ] ] ] } },
{ "type": "Feature", "properties": { "cell_id": "r4_c6", "mean_ndbi": 0.029696624764080266 }, "geometry": { "type": "Polygon", "coordinates": [ [ [ 72.84, 18.93 ], [ 72.84, 18.94 ], [ 72.83, 18.94 ], [ 72.83, 18.93 ], [ 72.84, 18.93 ] ] ] } },
{ "type": "Feature", "properties": { "cell_id": "r4_c7", "mean_ndbi": -0.069675764532007342 }, "geometry": { "type": "Polygon", "coordinates": [ [ [ 72.85, 18.93 ], [ 72.85, 18.94 ], [ 72.84, 18.94 ], [ 72.84, 18.93 ], [ 72.85, 18.93 ] ] ] } },
{ "type": "Feature", "properties": { "cell_id": "r4_c8", "mean_ndbi": -0.08596416879725953 }, "geometry": { "type": "Polygon", "coordinates": [ [ [ 72.86, 18.93 ], [ 72.86, 18.94 ], [ 72.85, 18.94 ], [ 72.85, 18.93 ], [ 72.86, 18.93 ] ] ] } },
{ "type": "Feature", "properties": { "cell_id": "r4_c9", "mean_ndbi": -0.095926066322601949 }, "geometry": { "type": "Polygon", "coordinates": [ [ [ 72.87, 18.93 ], [ 72.87, 18.94 ], [ 72.86, 18.94 ], [ 72.86, 18.93 ], [ 72.87, 18.93 ] ] ] } },
{ "type": "Feature", "properties": { "cell_id": "r4_c10", "mean_ndbi": -0.079635423468700006 }, "geometry": { "type": "Polygon", "coordinates": [ [ [ 72.88, 18.93 ], [ 72.88, 18.94 ], [ 72.87, 18.94 ], [ 72.87, 18.93 ], [ 72.88, 18.93 ] ] ] } },
{ "type": "Feature", "properties": { "cell_id": "r4_c11", "mean_ndbi": -0.065000669082330764 }, "geometry": { "type": "Polygon", "coordinates": [ [ [ 72.89, 18.93 ], [ 72.89, 18.94 ], [ 72.88, 18.94 ], [ 72.88, 18.93 ], [ 72.89, 18.93 ] ] ] } },
{ "type": "Feature", "properties": { "cell_id": "r4_c12", "mean_ndbi": -0.09163452354987757 }, "geometry": { "type": "Polygon", "coordinates": [ [ [ 72.9, 18.93 ], [ 72.9, 18.94 ], [ 72.89, 18.94 ], [ 72.89, 18.93 ], [ 72.9, 18.93 ] ] ] } },
{ "type": "Feature", "properties": { "cell_id": "r4_c13", "mean_ndbi": -0.08101144540743313 }, "geometry": { "type": "Polygon", "coordinates": [ [ [ 72.91, 18.93 ], [ 72.91, 18.94 ], [ 72.9, 18.94 ], [ 72.9, 18.93 ], [ 72.91, 18.93 ] ] ] } },
{ "type": "Feature", "properties": { "cell_id": "r4_c14", "mean_ndbi": -0.077720323566833519 }, "geometry": { "type": "Polygon", "coordinates": [ [ [ 72.92, 18.93 ], [ 72.92, 18.94 ], [ 72.91, 18.94 ], [ 72.91, 18.93 ], [ 72.92, 18.93 ] ] ] } },
{ "type": "Feature", "properties": { "cell_id": "r4_c15", "mean_ndbi": -0.09526169181172707 }, "geometry": { "type": "Polygon", "coordinates": [ [ [ 72.93, 18.93 ], [ 72.93, 18.94 ], [ 72.92, 18.94 ], [ 72.92, 18.93 ], [ 72.93, 18.93 ] ] ] } },
{ "type": "Feature", "properties": { "cell_id": "r4_c16", "mean_ndbi": -0.013100640394556337 }, "geometry": { "type": "Polygon", "coordinates": [ [ [ 72.94, 18.93 ], [ 72.94, 18.94 ], [ 72.93, 18.94 ], [ 72.93, 18.93 ], [ 72.94, 18.93 ] ] ] } },
{ "type": "Feature", "properties": { "cell_id": "r4_c17", "mean_ndbi": -0.016917872385012522 }, "geometry": { "type": "Polygon", "coordinates": [ [ [ 72.95, 18.93 ], [ 72.95, 18.94 ], [ 72.94, 18.94 ], [ 72.94, 18.93 ], [ 72.95, 18.93 ] ] ] } },
{ "type": "Feature", "properties": { "cell_id": "r4_c18", "mean_ndbi": -0.010538467894296473 }, "geometry": { "type": "Polygon", "coordinates": [ [ [ 72.96, 18.93 ], [ 72.96, 18.94 ], [ 72.95, 18.94 ], [ 72.95, 18.93 ], [ 72.96, 18.93 ] ] ] } },
{ "type": "Feature", "properties": { "cell_id": "r4_c19", "mean_ndbi": -0.065864607446724205 }, "geometry": { "type": "Polygon", "coordinates": [ [ [ 72.97, 18.93 ], [ 72.97, 18.94 ], [ 72.96, 18.94 ], [ 72.96, 18.93 ], [ 72.97, 18.93 ] ] ] } },
{ "type": "Feature", "properties": { "cell_id": "r4_c20", "mean_ndbi": -0.15042281251680129 }, "geometry": { "type": "Polygon", "coordinates": [ [ [ 72.980000000000103, 18.93 ], [ 72.980000000000103, 18.94 ], [ 72.97, 18.94 ], [ 72.97, 18.93 ], [ 72.980000000000103, 18.93 ] ] ] } },
{ "type": "Feature", "properties": { "cell_id": "r4_c21", "mean_ndbi": -0.15257465723078614 }, "geometry": { "type": "Polygon", "coordinates": [ [ [ 72.99, 18.93 ], [ 72.99, 18.94 ], [ 72.980000000000103, 18.94 ], [ 72.980000000000103, 18.93 ], [ 72.99, 18.93 ] ] ] } },
{ "type": "Feature", "properties": { "cell_id": "r5_c0", "mean_ndbi": -0.046917425351796785 }, "geometry": { "type": "Polygon", "coordinates": [ [ [ 72.78, 18.94 ], [ 72.78, 18.95 ], [ 72.77, 18.95 ], [ 72.77, 18.94 ], [ 72.78, 18.94 ] ] ] } },
{ "type": "Feature", "properties": { "cell_id": "r5_c1", "mean_ndbi": -0.053871505925271478 }, "geometry": { "type": "Polygon", "coordinates": [ [ [ 72.79, 18.94 ], [ 72.79, 18.95 ], [ 72.78, 18.95 ], [ 72.78, 18.94 ], [ 72.79, 18.94 ] ] ] } },
{ "type": "Feature", "properties": { "cell_id": "r5_c2", "mean_ndbi": -0.059316122066954857 }, "geometry": { "type": "Polygon", "coordinates": [ [ [ 72.8, 18.94 ], [ 72.8, 18.95 ], [ 72.79, 18.95 ], [ 72.79, 18.94 ], [ 72.8, 18.94 ] ] ] } },
{ "type": "Feature", "properties": { "cell_id": "r5_c3", "mean_ndbi": -0.037197376072485404 }, "geometry": { "type": "Polygon", "coordinates": [ [ [ 72.81, 18.94 ], [ 72.81, 18.95 ], [ 72.8, 18.95 ], [ 72.8, 18.94 ], [ 72.81, 18.94 ] ] ] } },
{ "type": "Feature", "properties": { "cell_id": "r5_c4", "mean_ndbi": -0.03388485282260606 }, "geometry": { "type": "Polygon", "coordinates": [ [ [ 72.82, 18.94 ], [ 72.82, 18.95 ], [ 72.81, 18.95 ], [ 72.81, 18.94 ], [ 72.82, 18.94 ] ] ] } },
{ "type": "Feature", "properties": { "cell_id": "r5_c5", "mean_ndbi": 0.038016994752621408 }, "geometry": { "type": "Polygon", "coordinates": [ [ [ 72.83, 18.94 ], [ 72.83, 18.95 ], [ 72.82, 18.95 ], [ 72.82, 18.94 ], [ 72.83, 18.94 ] ] ] } },
{ "type": "Feature", "properties": { "cell_id": "r5_c6", "mean_ndbi": 0.055383690347220141 }, "geometry": { "type": "Polygon", "coordinates": [ [ [ 72.84, 18.94 ], [ 72.84, 18.95 ], [ 72.83, 18.95 ], [ 72.83, 18.94 ], [ 72.84, 18.94 ] ] ] } },
{ "type": "Feature", "properties": { "cell_id": "r5_c7", "mean_ndbi": -0.047159430359704428 }, "geometry": { "type": "Polygon", "coordinates": [ [ [ 72.85, 18.94 ], [ 72.85, 18.95 ], [ 72.84, 18.95 ], [ 72.84, 18.94 ], [ 72.85, 18.94 ] ] ] } },
{ "type": "Feature", "properties": { "cell_id": "r5_c8", "mean_ndbi": -0.10952770036593347 }, "geometry": { "type": "Polygon", "coordinates": [ [ [ 72.86, 18.94 ], [ 72.86, 18.95 ], [ 72.85, 18.95 ], [ 72.85, 18.94 ], [ 72.86, 18.94 ] ] ] } },
{ "type": "Feature", "properties": { "cell_id": "r5_c9", "mean_ndbi": -0.14793822716534383 }, "geometry": { "type": "Polygon", "coordinates": [ [ [ 72.87, 18.94 ], [ 72.87, 18.95 ], [ 72.86, 18.95 ], [ 72.86, 18.94 ], [ 72.87, 18.94 ] ] ] } },
{ "type": "Feature", "properties": { "cell_id": "r5_c10", "mean_ndbi": -0.10634232495433633 }, "geometry": { "type": "Polygon", "coordinates": [ [ [ 72.88, 18.94 ], [ 72.88, 18.95 ], [ 72.87, 18.95 ], [ 72.87, 18.94 ], [ 72.88, 18.94 ] ] ] } },
{ "type": "Feature", "properties": { "cell_id": "r5_c11", "mean_ndbi": -0.13060508537059018 }, "geometry": { "type": "Polygon", "coordinates": [ [ [ 72.89, 18.94 ], [ 72.89, 18.95 ], [ 72.88, 18.95 ], [ 72.88, 18.94 ], [ 72.89, 18.94 ] ] ] } },
{ "type": "Feature", "properties": { "cell_id": "r5_c12", "mean_ndbi": -0.16900915797714905 }, "geometry": { "type": "Polygon", "coordinates": [ [ [ 72.9, 18.94 ], [ 72.9, 18.95 ], [ 72.89, 18.95 ], [ 72.89, 18.94 ], [ 72.9, 18.94 ] ] ] } },
{ "type": "Feature", "properties": { "cell_id": "r5_c13", "mean_ndbi": -0.11418673255639897 }, "geometry": { "type": "Polygon", "coordinates": [ [ [ 72.91, 18.94 ], [ 72.91, 18.95 ], [ 72.9, 18.95 ], [ 72.9, 18.94 ], [ 72.91, 18.94 ] ] ] } },
{ "type": "Feature", "properties": { "cell_id": "r5_c14", "mean_ndbi": -0.078131082540157049 }, "geometry": { "type": "Polygon", "coordinates": [ [ [ 72.92, 18.94 ], [ 72.92, 18.95 ], [ 72.91, 18.95 ], [ 72.91, 18.94 ], [ 72.92, 18.94 ] ] ] } },
{ "type": "Feature", "properties": { "cell_id": "r5_c15", "mean_ndbi": -0.095770111687558307 }, "geometry": { "type": "Polygon", "coordinates": [ [ [ 72.93, 18.94 ], [ 72.93, 18.95 ], [ 72.92, 18.95 ], [ 72.92, 18.94 ], [ 72.93, 18.94 ] ] ] } },
{ "type": "Feature", "properties": { "cell_id": "r5_c16", "mean_ndbi": -0.083316312814055674 }, "geometry": { "type": "Polygon", "coordinates": [ [ [ 72.94, 18.94 ], [ 72.94, 18.95 ], [ 72.93, 18.95 ], [ 72.93, 18.94 ], [ 72.94, 18.94 ] ] ] } },
{ "type": "Feature", "properties": { "cell_id": "r5_c17", "mean_ndbi": -0.014067968122898554 }, "geometry": { "type": "Polygon", "coordinates": [ [ [ 72.95, 18.94 ], [ 72.95, 18.95 ], [ 72.94, 18.95 ], [ 72.94, 18.94 ], [ 72.95, 18.94 ] ] ] } },
{ "type": "Feature", "properties": { "cell_id": "r5_c18", "mean_ndbi": 0.0082446507855217996 }, "geometry": { "type": "Polygon", "coordinates": [ [ [ 72.96, 18.94 ], [ 72.96, 18.95 ], [ 72.95, 18.95 ], [ 72.95, 18.94 ], [ 72.96, 18.94 ] ] ] } },
{ "type": "Feature", "properties": { "cell_id": "r5_c19", "mean_ndbi": -0.053079112112388568 }, "geometry": { "type": "Polygon", "coordinates": [ [ [ 72.97, 18.94 ], [ 72.97, 18.95 ], [ 72.96, 18.95 ], [ 72.96, 18.94 ], [ 72.97, 18.94 ] ] ] } },
{ "type": "Feature", "properties": { "cell_id": "r5_c20", "mean_ndbi": -0.15646536336090244 }, "geometry": { "type": "Polygon", "coordinates": [ [ [ 72.980000000000103, 18.94 ], [ 72.980000000000103, 18.95 ], [ 72.97, 18.95 ], [ 72.97, 18.94 ], [ 72.980000000000103, 18.94 ] ] ] } },
{ "type": "Feature", "properties": { "cell_id": "r5_c21", "mean_ndbi": -0.16988105996445965 }, "geometry": { "type": "Polygon", "coordinates": [ [ [ 72.99, 18.94 ], [ 72.99, 18.95 ], [ 72.980000000000103, 18.95 ], [ 72.980000000000103, 18.94 ], [ 72.99, 18.94 ] ] ] } },
{ "type": "Feature", "properties": { "cell_id": "r6_c0", "mean_ndbi": -0.052438070965289074 }, "geometry": { "type": "Polygon", "coordinates": [ [ [ 72.78, 18.95 ], [ 72.78, 18.96 ], [ 72.77, 18.96 ], [ 72.77, 18.95 ], [ 72.78, 18.95 ] ] ] } },
{ "type": "Feature", "properties": { "cell_id": "r6_c1", "mean_ndbi": -0.053151805307179424 }, "geometry": { "type": "Polygon", "coordinates": [ [ [ 72.79, 18.95 ], [ 72.79, 18.96 ], [ 72.78, 18.96 ], [ 72.78, 18.95 ], [ 72.79, 18.95 ] ] ] } },
{ "type": "Feature", "properties": { "cell_id": "r6_c2", "mean_ndbi": -0.063871805647199811 }, "geometry": { "type": "Polygon", "coordinates": [ [ [ 72.8, 18.95 ], [ 72.8, 18.96 ], [ 72.79, 18.96 ], [ 72.79, 18.95 ], [ 72.8, 18.95 ] ] ] } },
{ "type": "Feature", "properties": { "cell_id": "r6_c3", "mean_ndbi": -0.057331940157963585 }, "geometry": { "type": "Polygon", "coordinates": [ [ [ 72.81, 18.95 ], [ 72.81, 18.96 ], [ 72.8, 18.96 ], [ 72.8, 18.95 ], [ 72.81, 18.95 ] ] ] } },
{ "type": "Feature", "properties": { "cell_id": "r6_c4", "mean_ndbi": 0.037484404507885281 }, "geometry": { "type": "Polygon", "coordinates": [ [ [ 72.82, 18.95 ], [ 72.82, 18.96 ], [ 72.81, 18.96 ], [ 72.81, 18.95 ], [ 72.82, 18.95 ] ] ] } },
{ "type": "Feature", "properties": { "cell_id": "r6_c5", "mean_ndbi": 0.099475291087157997 }, "geometry": { "type": "Polygon", "coordinates": [ [ [ 72.83, 18.95 ], [ 72.83, 18.96 ], [ 72.82, 18.96 ], [ 72.82, 18.95 ], [ 72.83, 18.95 ] ] ] } },
{ "type": "Feature", "properties": { "cell_id": "r6_c6", "mean_ndbi": 0.085985735840738459 }, "geometry": { "type": "Polygon", "coordinates": [ [ [ 72.84, 18.95 ], [ 72.84, 18.96 ], [ 72.83, 18.96 ], [ 72.83, 18.95 ], [ 72.84, 18.95 ] ] ] } },
{ "type": "Feature", "properties": { "cell_id": "r6_c7", "mean_ndbi": 0.021127625248822477 }, "geometry": { "type": "Polygon", "coordinates": [ [ [ 72.85, 18.95 ], [ 72.85, 18.96 ], [ 72.84, 18.96 ], [ 72.84, 18.95 ], [ 72.85, 18.95 ] ] ] } },
{ "type": "Feature", "properties": { "cell_id": "r6_c8", "mean_ndbi": -0.1025996455983096 }, "geometry": { "type": "Polygon", "coordinates": [ [ [ 72.86, 18.95 ], [ 72.86, 18.96 ], [ 72.85, 18.96 ], [ 72.85, 18.95 ], [ 72.86, 18.95 ] ] ] } },
{ "type": "Feature", "properties": { "cell_id": "r6_c9", "mean_ndbi": -0.17913053828916523 }, "geometry": { "type": "Polygon", "coordinates": [ [ [ 72.87, 18.95 ], [ 72.87, 18.96 ], [ 72.86, 18.96 ], [ 72.86, 18.95 ], [ 72.87, 18.95 ] ] ] } },
{ "type": "Feature", "properties": { "cell_id": "r6_c10", "mean_ndbi": -0.10907837067302881 }, "geometry": { "type": "Polygon", "coordinates": [ [ [ 72.88, 18.95 ], [ 72.88, 18.96 ], [ 72.87, 18.96 ], [ 72.87, 18.95 ], [ 72.88, 18.95 ] ] ] } },
{ "type": "Feature", "properties": { "cell_id": "r6_c11", "mean_ndbi": -0.11594816320059488 }, "geometry": { "type": "Polygon", "coordinates": [ [ [ 72.89, 18.95 ], [ 72.89, 18.96 ], [ 72.88, 18.96 ], [ 72.88, 18.95 ], [ 72.89, 18.95 ] ] ] } },
{ "type": "Feature", "properties": { "cell_id": "r6_c12", "mean_ndbi": -0.14140421639231274 }, "geometry": { "type": "Polygon", "coordinates": [ [ [ 72.9, 18.95 ], [ 72.9, 18.96 ], [ 72.89, 18.96 ], [ 72.89, 18.95 ], [ 72.9, 18.95 ] ] ] } },
{ "type": "Feature", "properties": { "cell_id": "r6_c13", "mean_ndbi": -0.091512902581132274 }, "geometry": { "type": "Polygon", "coordinates": [ [ [ 72.91, 18.95 ], [ 72.91, 18.96 ], [ 72.9, 18.96 ], [ 72.9, 18.95 ], [ 72.91, 18.95 ] ] ] } },
{ "type": "Feature", "properties": { "cell_id": "r6_c14", "mean_ndbi": -0.075829931067351378 }, "geometry": { "type": "Polygon", "coordinates": [ [ [ 72.92, 18.95 ], [ 72.92, 18.96 ], [ 72.91, 18.96 ], [ 72.91, 18.95 ], [ 72.92, 18.95 ] ] ] } },
{ "type": "Feature", "properties": { "cell_id": "r6_c15", "mean_ndbi": -0.088384128938026801 }, "geometry": { "type": "Polygon", "coordinates": [ [ [ 72.93, 18.95 ], [ 72.93, 18.96 ], [ 72.92, 18.96 ], [ 72.92, 18.95 ], [ 72.93, 18.95 ] ] ] } },
{ "type": "Feature", "properties": { "cell_id": "r6_c16", "mean_ndbi": -0.072741332297197148 }, "geometry": { "type": "Polygon", "coordinates": [ [ [ 72.94, 18.95 ], [ 72.94, 18.96 ], [ 72.93, 18.96 ], [ 72.93, 18.95 ], [ 72.94, 18.95 ] ] ] } },
{ "type": "Feature", "properties": { "cell_id": "r6_c17", "mean_ndbi": -0.095743869763300418 }, "geometry": { "type": "Polygon", "coordinates": [ [ [ 72.95, 18.95 ], [ 72.95, 18.96 ], [ 72.94, 18.96 ], [ 72.94, 18.95 ], [ 72.95, 18.95 ] ] ] } },
{ "type": "Feature", "properties": { "cell_id": "r6_c18", "mean_ndbi": 0.0066961923651965571 }, "geometry": { "type": "Polygon", "coordinates": [ [ [ 72.96, 18.95 ], [ 72.96, 18.96 ], [ 72.95, 18.96 ], [ 72.95, 18.95 ], [ 72.96, 18.95 ] ] ] } },
{ "type": "Feature", "properties": { "cell_id": "r6_c19", "mean_ndbi": -0.11234492018502201 }, "geometry": { "type": "Polygon", "coordinates": [ [ [ 72.97, 18.95 ], [ 72.97, 18.96 ], [ 72.96, 18.96 ], [ 72.96, 18.95 ], [ 72.97, 18.95 ] ] ] } },
{ "type": "Feature", "properties": { "cell_id": "r6_c20", "mean_ndbi": -0.21432493442041756 }, "geometry": { "type": "Polygon", "coordinates": [ [ [ 72.980000000000103, 18.95 ], [ 72.980000000000103, 18.96 ], [ 72.97, 18.96 ], [ 72.97, 18.95 ], [ 72.980000000000103, 18.95 ] ] ] } },
{ "type": "Feature", "properties": { "cell_id": "r6_c21", "mean_ndbi": -0.1860351253469153 }, "geometry": { "type": "Polygon", "coordinates": [ [ [ 72.99, 18.95 ], [ 72.99, 18.96 ], [ 72.980000000000103, 18.96 ], [ 72.980000000000103, 18.95 ], [ 72.99, 18.95 ] ] ] } },
{ "type": "Feature", "properties": { "cell_id": "r7_c0", "mean_ndbi": -0.051695220160950989 }, "geometry": { "type": "Polygon", "coordinates": [ [ [ 72.78, 18.96 ], [ 72.78, 18.97 ], [ 72.77, 18.97 ], [ 72.77, 18.96 ], [ 72.78, 18.96 ] ] ] } },
{ "type": "Feature", "properties": { "cell_id": "r7_c1", "mean_ndbi": -0.047044773106115739 }, "geometry": { "type": "Polygon", "coordinates": [ [ [ 72.79, 18.96 ], [ 72.79, 18.97 ], [ 72.78, 18.97 ], [ 72.78, 18.96 ], [ 72.79, 18.96 ] ] ] } },
{ "type": "Feature", "properties": { "cell_id": "r7_c2", "mean_ndbi": -0.062164185885934503 }, "geometry": { "type": "Polygon", "coordinates": [ [ [ 72.8, 18.96 ], [ 72.8, 18.97 ], [ 72.79, 18.97 ], [ 72.79, 18.96 ], [ 72.8, 18.96 ] ] ] } },
{ "type": "Feature", "properties": { "cell_id": "r7_c3", "mean_ndbi": -0.011857183590136985 }, "geometry": { "type": "Polygon", "coordinates": [ [ [ 72.81, 18.96 ], [ 72.81, 18.97 ], [ 72.8, 18.97 ], [ 72.8, 18.96 ], [ 72.81, 18.96 ] ] ] } },
{ "type": "Feature", "properties": { "cell_id": "r7_c4", "mean_ndbi": 0.037520279361761458 }, "geometry": { "type": "Polygon", "coordinates": [ [ [ 72.82, 18.96 ], [ 72.82, 18.97 ], [ 72.81, 18.97 ], [ 72.81, 18.96 ], [ 72.82, 18.96 ] ] ] } },
{ "type": "Feature", "properties": { "cell_id": "r7_c5", "mean_ndbi": 0.075583275188738017 }, "geometry": { "type": "Polygon", "coordinates": [ [ [ 72.83, 18.96 ], [ 72.83, 18.97 ], [ 72.82, 18.97 ], [ 72.82, 18.96 ], [ 72.83, 18.96 ] ] ] } },
{ "type": "Feature", "properties": { "cell_id": "r7_c6", "mean_ndbi": 0.023375685882905593 }, "geometry": { "type": "Polygon", "coordinates": [ [ [ 72.84, 18.96 ], [ 72.84, 18.97 ], [ 72.83, 18.97 ], [ 72.83, 18.96 ], [ 72.84, 18.96 ] ] ] } },
{ "type": "Feature", "properties": { "cell_id": "r7_c7", "mean_ndbi": 0.017299226119024527 }, "geometry": { "type": "Polygon", "coordinates": [ [ [ 72.85, 18.96 ], [ 72.85, 18.97 ], [ 72.84, 18.97 ], [ 72.84, 18.96 ], [ 72.85, 18.96 ] ] ] } },
{ "type": "Feature", "properties": { "cell_id": "r7_c8", "mean_ndbi": -0.11208906617898105 }, "geometry": { "type": "Polygon", "coordinates": [ [ [ 72.86, 18.96 ], [ 72.86, 18.97 ], [ 72.85, 18.97 ], [ 72.85, 18.96 ], [ 72.86, 18.96 ] ] ] } },
{ "type": "Feature", "properties": { "cell_id": "r7_c9", "mean_ndbi": -0.15362543680656857 }, "geometry": { "type": "Polygon", "coordinates": [ [ [ 72.87, 18.96 ], [ 72.87, 18.97 ], [ 72.86, 18.97 ], [ 72.86, 18.96 ], [ 72.87, 18.96 ] ] ] } },
{ "type": "Feature", "properties": { "cell_id": "r7_c10", "mean_ndbi": -0.13683884601906832 }, "geometry": { "type": "Polygon", "coordinates": [ [ [ 72.88, 18.96 ], [ 72.88, 18.97 ], [ 72.87, 18.97 ], [ 72.87, 18.96 ], [ 72.88, 18.96 ] ] ] } },
{ "type": "Feature", "properties": { "cell_id": "r7_c11", "mean_ndbi": -0.15120493527178172 }, "geometry": { "type": "Polygon", "coordinates": [ [ [ 72.89, 18.96 ], [ 72.89, 18.97 ], [ 72.88, 18.97 ], [ 72.88, 18.96 ], [ 72.89, 18.96 ] ] ] } },
{ "type": "Feature", "properties": { "cell_id": "r7_c12", "mean_ndbi": -0.13979716334500725 }, "geometry": { "type": "Polygon", "coordinates": [ [ [ 72.9, 18.96 ], [ 72.9, 18.97 ], [ 72.89, 18.97 ], [ 72.89, 18.96 ], [ 72.9, 18.96 ] ] ] } },
{ "type": "Feature", "properties": { "cell_id": "r7_c13", "mean_ndbi": -0.074804669093231496 }, "geometry": { "type": "Polygon", "coordinates": [ [ [ 72.91, 18.96 ], [ 72.91, 18.97 ], [ 72.9, 18.97 ], [ 72.9, 18.96 ], [ 72.91, 18.96 ] ] ] } },
{ "type": "Feature", "properties": { "cell_id": "r7_c14", "mean_ndbi": -0.084741399412131269 }, "geometry": { "type": "Polygon", "coordinates": [ [ [ 72.92, 18.96 ], [ 72.92, 18.97 ], [ 72.91, 18.97 ], [ 72.91, 18.96 ], [ 72.92, 18.96 ] ] ] } },
{ "type": "Feature", "properties": { "cell_id": "r7_c15", "mean_ndbi": -0.088706923584198114 }, "geometry": { "type": "Polygon", "coordinates": [ [ [ 72.93, 18.96 ], [ 72.93, 18.97 ], [ 72.92, 18.97 ], [ 72.92, 18.96 ], [ 72.93, 18.96 ] ] ] } },
{ "type": "Feature", "properties": { "cell_id": "r7_c16", "mean_ndbi": -0.019819357113085356 }, "geometry": { "type": "Polygon", "coordinates": [ [ [ 72.94, 18.96 ], [ 72.94, 18.97 ], [ 72.93, 18.97 ], [ 72.93, 18.96 ], [ 72.94, 18.96 ] ] ] } },
{ "type": "Feature", "properties": { "cell_id": "r7_c17", "mean_ndbi": -0.086420697013163725 }, "geometry": { "type": "Polygon", "coordinates": [ [ [ 72.95, 18.96 ], [ 72.95, 18.97 ], [ 72.94, 18.97 ], [ 72.94, 18.96 ], [ 72.95, 18.96 ] ] ] } },
{ "type": "Feature", "properties": { "cell_id": "r7_c18", "mean_ndbi": -0.095225104637939123 }, "geometry": { "type": "Polygon", "coordinates": [ [ [ 72.96, 18.96 ], [ 72.96, 18.97 ], [ 72.95, 18.97 ], [ 72.95, 18.96 ], [ 72.96, 18.96 ] ] ] } },
{ "type": "Feature", "properties": { "cell_id": "r7_c19", "mean_ndbi": -0.066636869310714802 }, "geometry": { "type": "Polygon", "coordinates": [ [ [ 72.97, 18.96 ], [ 72.97, 18.97 ], [ 72.96, 18.97 ], [ 72.96, 18.96 ], [ 72.97, 18.96 ] ] ] } },
{ "type": "Feature", "properties": { "cell_id": "r7_c20", "mean_ndbi": -0.20116199827968095 }, "geometry": { "type": "Polygon", "coordinates": [ [ [ 72.980000000000103, 18.96 ], [ 72.980000000000103, 18.97 ], [ 72.97, 18.97 ], [ 72.97, 18.96 ], [ 72.980000000000103, 18.96 ] ] ] } },
{ "type": "Feature", "properties": { "cell_id": "r7_c21", "mean_ndbi": -0.2019196665951806 }, "geometry": { "type": "Polygon", "coordinates": [ [ [ 72.99, 18.96 ], [ 72.99, 18.97 ], [ 72.980000000000103, 18.97 ], [ 72.980000000000103, 18.96 ], [ 72.99, 18.96 ] ] ] } },
{ "type": "Feature", "properties": { "cell_id": "r8_c0", "mean_ndbi": -0.053248361365795291 }, "geometry": { "type": "Polygon", "coordinates": [ [ [ 72.78, 18.97 ], [ 72.78, 18.98 ], [ 72.77, 18.98 ], [ 72.77, 18.97 ], [ 72.78, 18.97 ] ] ] } },
{ "type": "Feature", "properties": { "cell_id": "r8_c1", "mean_ndbi": -0.049294474618895558 }, "geometry": { "type": "Polygon", "coordinates": [ [ [ 72.79, 18.97 ], [ 72.79, 18.98 ], [ 72.78, 18.98 ], [ 72.78, 18.97 ], [ 72.79, 18.97 ] ] ] } },
{ "type": "Feature", "properties": { "cell_id": "r8_c2", "mean_ndbi": -0.054370333317869397 }, "geometry": { "type": "Polygon", "coordinates": [ [ [ 72.8, 18.97 ], [ 72.8, 18.98 ], [ 72.79, 18.98 ], [ 72.79, 18.97 ], [ 72.8, 18.97 ] ] ] } },
{ "type": "Feature", "properties": { "cell_id": "r8_c3", "mean_ndbi": -0.023033851769210516 }, "geometry": { "type": "Polygon", "coordinates": [ [ [ 72.81, 18.97 ], [ 72.81, 18.98 ], [ 72.8, 18.98 ], [ 72.8, 18.97 ], [ 72.81, 18.97 ] ] ] } },
{ "type": "Feature", "properties": { "cell_id": "r8_c4", "mean_ndbi": -0.030401795718506319 }, "geometry": { "type": "Polygon", "coordinates": [ [ [ 72.82, 18.97 ], [ 72.82, 18.98 ], [ 72.81, 18.98 ], [ 72.81, 18.97 ], [ 72.82, 18.97 ] ] ] } },
{ "type": "Feature", "properties": { "cell_id": "r8_c5", "mean_ndbi": 0.033880388561204497 }, "geometry": { "type": "Polygon", "coordinates": [ [ [ 72.83, 18.97 ], [ 72.83, 18.98 ], [ 72.82, 18.98 ], [ 72.82, 18.97 ], [ 72.83, 18.97 ] ] ] } },
{ "type": "Feature", "properties": { "cell_id": "r8_c6", "mean_ndbi": -0.0024777145351952768 }, "geometry": { "type": "Polygon", "coordinates": [ [ [ 72.84, 18.97 ], [ 72.84, 18.98 ], [ 72.83, 18.98 ], [ 72.83, 18.97 ], [ 72.84, 18.97 ] ] ] } },
{ "type": "Feature", "properties": { "cell_id": "r8_c7", "mean_ndbi": 0.023884788854617818 }, "geometry": { "type": "Polygon", "coordinates": [ [ [ 72.85, 18.97 ], [ 72.85, 18.98 ], [ 72.84, 18.98 ], [ 72.84, 18.97 ], [ 72.85, 18.97 ] ] ] } },
{ "type": "Feature", "properties": { "cell_id": "r8_c8", "mean_ndbi": -0.068461948234337378 }, "geometry": { "type": "Polygon", "coordinates": [ [ [ 72.86, 18.97 ], [ 72.86, 18.98 ], [ 72.85, 18.98 ], [ 72.85, 18.97 ], [ 72.86, 18.97 ] ] ] } },
{ "type": "Feature", "properties": { "cell_id": "r8_c9", "mean_ndbi": -0.13413728721768814 }, "geometry": { "type": "Polygon", "coordinates": [ [ [ 72.87, 18.97 ], [ 72.87, 18.98 ], [ 72.86, 18.98 ], [ 72.86, 18.97 ], [ 72.87, 18.97 ] ] ] } },
{ "type": "Feature", "properties": { "cell_id": "r8_c10", "mean_ndbi": -0.12780045669700621 }, "geometry": { "type": "Polygon", "coordinates": [ [ [ 72.88, 18.97 ], [ 72.88, 18.98 ], [ 72.87, 18.98 ], [ 72.87, 18.97 ], [ 72.88, 18.97 ] ] ] } },
{ "type": "Feature", "properties": { "cell_id": "r8_c11", "mean_ndbi": -0.13728512719129965 }, "geometry": { "type": "Polygon", "coordinates": [ [ [ 72.89, 18.97 ], [ 72.89, 18.98 ], [ 72.88, 18.98 ], [ 72.88, 18.97 ], [ 72.89, 18.97 ] ] ] } },
{ "type": "Feature", "properties": { "cell_id": "r8_c12", "mean_ndbi": -0.15369637512245352 }, "geometry": { "type": "Polygon", "coordinates": [ [ [ 72.9, 18.97 ], [ 72.9, 18.98 ], [ 72.89, 18.98 ], [ 72.89, 18.97 ], [ 72.9, 18.97 ] ] ] } },
{ "type": "Feature", "properties": { "cell_id": "r8_c13", "mean_ndbi": -0.091169369269328296 }, "geometry": { "type": "Polygon", "coordinates": [ [ [ 72.91, 18.97 ], [ 72.91, 18.98 ], [ 72.9, 18.98 ], [ 72.9, 18.97 ], [ 72.91, 18.97 ] ] ] } },
{ "type": "Feature", "properties": { "cell_id": "r8_c14", "mean_ndbi": -0.10880786148549658 }, "geometry": { "type": "Polygon", "coordinates": [ [ [ 72.92, 18.97 ], [ 72.92, 18.98 ], [ 72.91, 18.98 ], [ 72.91, 18.97 ], [ 72.92, 18.97 ] ] ] } },
{ "type": "Feature", "properties": { "cell_id": "r8_c15", "mean_ndbi": -0.10597586674949182 }, "geometry": { "type": "Polygon", "coordinates": [ [ [ 72.93, 18.97 ], [ 72.93, 18.98 ], [ 72.92, 18.98 ], [ 72.92, 18.97 ], [ 72.93, 18.97 ] ] ] } },
{ "type": "Feature", "properties": { "cell_id": "r8_c16", "mean_ndbi": -0.088665760189200596 }, "geometry": { "type": "Polygon", "coordinates": [ [ [ 72.94, 18.97 ], [ 72.94, 18.98 ], [ 72.93, 18.98 ], [ 72.93, 18.97 ], [ 72.94, 18.97 ] ] ] } },
{ "type": "Feature", "properties": { "cell_id": "r8_c17", "mean_ndbi": -0.088740674268940486 }, "geometry": { "type": "Polygon", "coordinates": [ [ [ 72.95, 18.97 ], [ 72.95, 18.98 ], [ 72.94, 18.98 ], [ 72.94, 18.97 ], [ 72.95, 18.97 ] ] ] } },
{ "type": "Feature", "properties": { "cell_id": "r8_c18", "mean_ndbi": -0.064463317171411391 }, "geometry": { "type": "Polygon", "coordinates": [ [ [ 72.96, 18.97 ], [ 72.96, 18.98 ], [ 72.95, 18.98 ], [ 72.95, 18.97 ], [ 72.96, 18.97 ] ] ] } },
{ "type": "Feature", "properties": { "cell_id": "r8_c19", "mean_ndbi": -0.10597949628438394 }, "geometry": { "type": "Polygon", "coordinates": [ [ [ 72.97, 18.97 ], [ 72.97, 18.98 ], [ 72.96, 18.98 ], [ 72.96, 18.97 ], [ 72.97, 18.97 ] ] ] } },
{ "type": "Feature", "properties": { "cell_id": "r8_c20", "mean_ndbi": -0.14501771908289851 }, "geometry": { "type": "Polygon", "coordinates": [ [ [ 72.980000000000103, 18.97 ], [ 72.980000000000103, 18.98 ], [ 72.97, 18.98 ], [ 72.97, 18.97 ], [ 72.980000000000103, 18.97 ] ] ] } },
{ "type": "Feature", "properties": { "cell_id": "r8_c21", "mean_ndbi": -0.12249034487611657 }, "geometry": { "type": "Polygon", "coordinates": [ [ [ 72.99, 18.97 ], [ 72.99, 18.98 ], [ 72.980000000000103, 18.98 ], [ 72.980000000000103, 18.97 ], [ 72.99, 18.97 ] ] ] } },
{ "type": "Feature", "properties": { "cell_id": "r9_c0", "mean_ndbi": -0.054428983920776428 }, "geometry": { "type": "Polygon", "coordinates": [ [ [ 72.78, 18.98 ], [ 72.78, 18.99 ], [ 72.77, 18.99 ], [ 72.77, 18.98 ], [ 72.78, 18.98 ] ] ] } },
{ "type": "Feature", "properties": { "cell_id": "r9_c1", "mean_ndbi": -0.051719255265964804 }, "geometry": { "type": "Polygon", "coordinates": [ [ [ 72.79, 18.98 ], [ 72.79, 18.99 ], [ 72.78, 18.99 ], [ 72.78, 18.98 ], [ 72.79, 18.98 ] ] ] } },
{ "type": "Feature", "properties": { "cell_id": "r9_c2", "mean_ndbi": -0.051928114953911274 }, "geometry": { "type": "Polygon", "coordinates": [ [ [ 72.8, 18.98 ], [ 72.8, 18.99 ], [ 72.79, 18.99 ], [ 72.79, 18.98 ], [ 72.8, 18.98 ] ] ] } },
{ "type": "Feature", "properties": { "cell_id": "r9_c3", "mean_ndbi": -0.065487308272283551 }, "geometry": { "type": "Polygon", "coordinates": [ [ [ 72.81, 18.98 ], [ 72.81, 18.99 ], [ 72.8, 18.99 ], [ 72.8, 18.98 ], [ 72.81, 18.98 ] ] ] } },
{ "type": "Feature", "properties": { "cell_id": "r9_c4", "mean_ndbi": 0.016551705980382799 }, "geometry": { "type": "Polygon", "coordinates": [ [ [ 72.82, 18.98 ], [ 72.82, 18.99 ], [ 72.81, 18.99 ], [ 72.81, 18.98 ], [ 72.82, 18.98 ] ] ] } },
{ "type": "Feature", "properties": { "cell_id": "r9_c5", "mean_ndbi": 0.0087281685536029323 }, "geometry": { "type": "Polygon", "coordinates": [ [ [ 72.83, 18.98 ], [ 72.83, 18.99 ], [ 72.82, 18.99 ], [ 72.82, 18.98 ], [ 72.83, 18.98 ] ] ] } },
{ "type": "Feature", "properties": { "cell_id": "r9_c6", "mean_ndbi": -0.0045760493390987495 }, "geometry": { "type": "Polygon", "coordinates": [ [ [ 72.84, 18.98 ], [ 72.84, 18.99 ], [ 72.83, 18.99 ], [ 72.83, 18.98 ], [ 72.84, 18.98 ] ] ] } },
{ "type": "Feature", "properties": { "cell_id": "r9_c7", "mean_ndbi": 0.019961154431991715 }, "geometry": { "type": "Polygon", "coordinates": [ [ [ 72.85, 18.98 ], [ 72.85, 18.99 ], [ 72.84, 18.99 ], [ 72.84, 18.98 ], [ 72.85, 18.98 ] ] ] } },
{ "type": "Feature", "properties": { "cell_id": "r9_c8", "mean_ndbi": 0.023540023320969026 }, "geometry": { "type": "Polygon", "coordinates": [ [ [ 72.86, 18.98 ], [ 72.86, 18.99 ], [ 72.85, 18.99 ], [ 72.85, 18.98 ], [ 72.86, 18.98 ] ] ] } },
{ "type": "Feature", "properties": { "cell_id": "r9_c9", "mean_ndbi": -0.12054844648657123 }, "geometry": { "type": "Polygon", "coordinates": [ [ [ 72.87, 18.98 ], [ 72.87, 18.99 ], [ 72.86, 18.99 ], [ 72.86, 18.98 ], [ 72.87, 18.98 ] ] ] } },
{ "type": "Feature", "properties": { "cell_id": "r9_c10", "mean_ndbi": -0.16395692152440461 }, "geometry": { "type": "Polygon", "coordinates": [ [ [ 72.88, 18.98 ], [ 72.88, 18.99 ], [ 72.87, 18.99 ], [ 72.87, 18.98 ], [ 72.88, 18.98 ] ] ] } },
{ "type": "Feature", "properties": { "cell_id": "r9_c11", "mean_ndbi": -0.12053138058567919 }, "geometry": { "type": "Polygon", "coordinates": [ [ [ 72.89, 18.98 ], [ 72.89, 18.99 ], [ 72.88, 18.99 ], [ 72.88, 18.98 ], [ 72.89, 18.98 ] ] ] } },
{ "type": "Feature", "properties": { "cell_id": "r9_c12", "mean_ndbi": -0.14592474877534195 }, "geometry": { "type": "Polygon", "coordinates": [ [ [ 72.9, 18.98 ], [ 72.9, 18.99 ], [ 72.89, 18.99 ], [ 72.89, 18.98 ], [ 72.9, 18.98 ] ] ] } },
{ "type": "Feature", "properties": { "cell_id": "r9_c13", "mean_ndbi": -0.092579642453682887 }, "geometry": { "type": "Polygon", "coordinates": [ [ [ 72.91, 18.98 ], [ 72.91, 18.99 ], [ 72.9, 18.99 ], [ 72.9, 18.98 ], [ 72.91, 18.98 ] ] ] } },
{ "type": "Feature", "properties": { "cell_id": "r9_c14", "mean_ndbi": -0.080914062653784549 }, "geometry": { "type": "Polygon", "coordinates": [ [ [ 72.92, 18.98 ], [ 72.92, 18.99 ], [ 72.91, 18.99 ], [ 72.91, 18.98 ], [ 72.92, 18.98 ] ] ] } },
{ "type": "Feature", "properties": { "cell_id": "r9_c15", "mean_ndbi": -0.08342331899925963 }, "geometry": { "type": "Polygon", "coordinates": [ [ [ 72.93, 18.98 ], [ 72.93, 18.99 ], [ 72.92, 18.99 ], [ 72.92, 18.98 ], [ 72.93, 18.98 ] ] ] } },
{ "type": "Feature", "properties": { "cell_id": "r9_c16", "mean_ndbi": -0.13202390081564869 }, "geometry": { "type": "Polygon", "coordinates": [ [ [ 72.94, 18.98 ], [ 72.94, 18.99 ], [ 72.93, 18.99 ], [ 72.93, 18.98 ], [ 72.94, 18.98 ] ] ] } },
{ "type": "Feature", "properties": { "cell_id": "r9_c17", "mean_ndbi": -0.1339187602854755 }, "geometry": { "type": "Polygon", "coordinates": [ [ [ 72.95, 18.98 ], [ 72.95, 18.99 ], [ 72.94, 18.99 ], [ 72.94, 18.98 ], [ 72.95, 18.98 ] ] ] } },
{ "type": "Feature", "properties": { "cell_id": "r9_c18", "mean_ndbi": -0.13712678893934313 }, "geometry": { "type": "Polygon", "coordinates": [ [ [ 72.96, 18.98 ], [ 72.96, 18.99 ], [ 72.95, 18.99 ], [ 72.95, 18.98 ], [ 72.96, 18.98 ] ] ] } },
{ "type": "Feature", "properties": { "cell_id": "r9_c19", "mean_ndbi": -0.10933208777147711 }, "geometry": { "type": "Polygon", "coordinates": [ [ [ 72.97, 18.98 ], [ 72.97, 18.99 ], [ 72.96, 18.99 ], [ 72.96, 18.98 ], [ 72.97, 18.98 ] ] ] } },
{ "type": "Feature", "properties": { "cell_id": "r9_c20", "mean_ndbi": -0.1069241029795804 }, "geometry": { "type": "Polygon", "coordinates": [ [ [ 72.980000000000103, 18.98 ], [ 72.980000000000103, 18.99 ], [ 72.97, 18.99 ], [ 72.97, 18.98 ], [ 72.980000000000103, 18.98 ] ] ] } },
{ "type": "Feature", "properties": { "cell_id": "r9_c21", "mean_ndbi": -0.063256002792511604 }, "geometry": { "type": "Polygon", "coordinates": [ [ [ 72.99, 18.98 ], [ 72.99, 18.99 ], [ 72.980000000000103, 18.99 ], [ 72.980000000000103, 18.98 ], [ 72.99, 18.98 ] ] ] } },
{ "type": "Feature", "properties": { "cell_id": "r10_c0", "mean_ndbi": -0.052982820500671615 }, "geometry": { "type": "Polygon", "coordinates": [ [ [ 72.78, 18.99 ], [ 72.78, 19.0 ], [ 72.77, 19.0 ], [ 72.77, 18.99 ], [ 72.78, 18.99 ] ] ] } },
{ "type": "Feature", "properties": { "cell_id": "r10_c1", "mean_ndbi": -0.055683845743941342 }, "geometry": { "type": "Polygon", "coordinates": [ [ [ 72.79, 18.99 ], [ 72.79, 19.0 ], [ 72.78, 19.0 ], [ 72.78, 18.99 ], [ 72.79, 18.99 ] ] ] } },
{ "type": "Feature", "properties": { "cell_id": "r10_c2", "mean_ndbi": -0.047944209244927538 }, "geometry": { "type": "Polygon", "coordinates": [ [ [ 72.8, 18.99 ], [ 72.8, 19.0 ], [ 72.79, 19.0 ], [ 72.79, 18.99 ], [ 72.8, 18.99 ] ] ] } },
{ "type": "Feature", "properties": { "cell_id": "r10_c3", "mean_ndbi": -0.056211797964956615 }, "geometry": { "type": "Polygon", "coordinates": [ [ [ 72.81, 18.99 ], [ 72.81, 19.0 ], [ 72.8, 19.0 ], [ 72.8, 18.99 ], [ 72.81, 18.99 ] ] ] } },
{ "type": "Feature", "properties": { "cell_id": "r10_c4", "mean_ndbi": 0.011807515163364066 }, "geometry": { "type": "Polygon", "coordinates": [ [ [ 72.82, 18.99 ], [ 72.82, 19.0 ], [ 72.81, 19.0 ], [ 72.81, 18.99 ], [ 72.82, 18.99 ] ] ] } },
{ "type": "Feature", "properties": { "cell_id": "r10_c5", "mean_ndbi": 0.014609310050118764 }, "geometry": { "type": "Polygon", "coordinates": [ [ [ 72.83, 18.99 ], [ 72.83, 19.0 ], [ 72.82, 19.0 ], [ 72.82, 18.99 ], [ 72.83, 18.99 ] ] ] } },
{ "type": "Feature", "properties": { "cell_id": "r10_c6", "mean_ndbi": 0.0050103613232285512 }, "geometry": { "type": "Polygon", "coordinates": [ [ [ 72.84, 18.99 ], [ 72.84, 19.0 ], [ 72.83, 19.0 ], [ 72.83, 18.99 ], [ 72.84, 18.99 ] ] ] } },
{ "type": "Feature", "properties": { "cell_id": "r10_c7", "mean_ndbi": -0.001959651612917146 }, "geometry": { "type": "Polygon", "coordinates": [ [ [ 72.85, 18.99 ], [ 72.85, 19.0 ], [ 72.84, 19.0 ], [ 72.84, 18.99 ], [ 72.85, 18.99 ] ] ] } },
{ "type": "Feature", "properties": { "cell_id": "r10_c8", "mean_ndbi": 0.0027741706635473935 }, "geometry": { "type": "Polygon", "coordinates": [ [ [ 72.86, 18.99 ], [ 72.86, 19.0 ], [ 72.85, 19.0 ], [ 72.85, 18.99 ], [ 72.86, 18.99 ] ] ] } },
{ "type": "Feature", "properties": { "cell_id": "r10_c9", "mean_ndbi": -0.15430976964285506 }, "geometry": { "type": "Polygon", "coordinates": [ [ [ 72.87, 18.99 ], [ 72.87, 19.0 ], [ 72.86, 19.0 ], [ 72.86, 18.99 ], [ 72.87, 18.99 ] ] ] } },
{ "type": "Feature", "properties": { "cell_id": "r10_c10", "mean_ndbi": -0.18087906558084432 }, "geometry": { "type": "Polygon", "coordinates": [ [ [ 72.88, 18.99 ], [ 72.88, 19.0 ], [ 72.87, 19.0 ], [ 72.87, 18.99 ], [ 72.88, 18.99 ] ] ] } },
{ "type": "Feature", "properties": { "cell_id": "r10_c11", "mean_ndbi": -0.12500219539301419 }, "geometry": { "type": "Polygon", "coordinates": [ [ [ 72.89, 18.99 ], [ 72.89, 19.0 ], [ 72.88, 19.0 ], [ 72.88, 18.99 ], [ 72.89, 18.99 ] ] ] } },
{ "type": "Feature", "properties": { "cell_id": "r10_c12", "mean_ndbi": -0.07918041693823881 }, "geometry": { "type": "Polygon", "coordinates": [ [ [ 72.9, 18.99 ], [ 72.9, 19.0 ], [ 72.89, 19.0 ], [ 72.89, 18.99 ], [ 72.9, 18.99 ] ] ] } },
{ "type": "Feature", "properties": { "cell_id": "r10_c13", "mean_ndbi": -0.088019247397920233 }, "geometry": { "type": "Polygon", "coordinates": [ [ [ 72.91, 18.99 ], [ 72.91, 19.0 ], [ 72.9, 19.0 ], [ 72.9, 18.99 ], [ 72.91, 18.99 ] ] ] } },
{ "type": "Feature", "properties": { "cell_id": "r10_c14", "mean_ndbi": -0.11957093840184885 }, "geometry": { "type": "Polygon", "coordinates": [ [ [ 72.92, 18.99 ], [ 72.92, 19.0 ], [ 72.91, 19.0 ], [ 72.91, 18.99 ], [ 72.92, 18.99 ] ] ] } },
{ "type": "Feature", "properties": { "cell_id": "r10_c15", "mean_ndbi": -0.090087840184427032 }, "geometry": { "type": "Polygon", "coordinates": [ [ [ 72.93, 18.99 ], [ 72.93, 19.0 ], [ 72.92, 19.0 ], [ 72.92, 18.99 ], [ 72.93, 18.99 ] ] ] } },
{ "type": "Feature", "properties": { "cell_id": "r10_c16", "mean_ndbi": -0.099617639108570175 }, "geometry": { "type": "Polygon", "coordinates": [ [ [ 72.94, 18.99 ], [ 72.94, 19.0 ], [ 72.93, 19.0 ], [ 72.93, 18.99 ], [ 72.94, 18.99 ] ] ] } },
{ "type": "Feature", "properties": { "cell_id": "r10_c17", "mean_ndbi": -0.11473406538509473 }, "geometry": { "type": "Polygon", "coordinates": [ [ [ 72.95, 18.99 ], [ 72.95, 19.0 ], [ 72.94, 19.0 ], [ 72.94, 18.99 ], [ 72.95, 18.99 ] ] ] } },
{ "type": "Feature", "properties": { "cell_id": "r10_c18", "mean_ndbi": -0.082760180192684274 }, "geometry": { "type": "Polygon", "coordinates": [ [ [ 72.96, 18.99 ], [ 72.96, 19.0 ], [ 72.95, 19.0 ], [ 72.95, 18.99 ], [ 72.96, 18.99 ] ] ] } },
{ "type": "Feature", "properties": { "cell_id": "r10_c19", "mean_ndbi": -0.072001675531599307 }, "geometry": { "type": "Polygon", "coordinates": [ [ [ 72.97, 18.99 ], [ 72.97, 19.0 ], [ 72.96, 19.0 ], [ 72.96, 18.99 ], [ 72.97, 18.99 ] ] ] } },
{ "type": "Feature", "properties": { "cell_id": "r10_c20", "mean_ndbi": -0.092390901463994785 }, "geometry": { "type": "Polygon", "coordinates": [ [ [ 72.980000000000103, 18.99 ], [ 72.980000000000103, 19.0 ], [ 72.97, 19.0 ], [ 72.97, 18.99 ], [ 72.980000000000103, 18.99 ] ] ] } },
{ "type": "Feature", "properties": { "cell_id": "r10_c21", "mean_ndbi": -0.081343179272083635 }, "geometry": { "type": "Polygon", "coordinates": [ [ [ 72.99, 18.99 ], [ 72.99, 19.0 ], [ 72.980000000000103, 19.0 ], [ 72.980000000000103, 18.99 ], [ 72.99, 18.99 ] ] ] } },
{ "type": "Feature", "properties": { "cell_id": "r11_c0", "mean_ndbi": -0.052998412171591396 }, "geometry": { "type": "Polygon", "coordinates": [ [ [ 72.78, 19.0 ], [ 72.78, 19.01 ], [ 72.77, 19.01 ], [ 72.77, 19.0 ], [ 72.78, 19.0 ] ] ] } },
{ "type": "Feature", "properties": { "cell_id": "r11_c1", "mean_ndbi": -0.060431725674537619 }, "geometry": { "type": "Polygon", "coordinates": [ [ [ 72.79, 19.0 ], [ 72.79, 19.01 ], [ 72.78, 19.01 ], [ 72.78, 19.0 ], [ 72.79, 19.0 ] ] ] } },
{ "type": "Feature", "properties": { "cell_id": "r11_c2", "mean_ndbi": -0.055367036244168104 }, "geometry": { "type": "Polygon", "coordinates": [ [ [ 72.8, 19.0 ], [ 72.8, 19.01 ], [ 72.79, 19.01 ], [ 72.79, 19.0 ], [ 72.8, 19.0 ] ] ] } },
{ "type": "Feature", "properties": { "cell_id": "r11_c3", "mean_ndbi": -0.057601639171484295 }, "geometry": { "type": "Polygon", "coordinates": [ [ [ 72.81, 19.0 ], [ 72.81, 19.01 ], [ 72.8, 19.01 ], [ 72.8, 19.0 ], [ 72.81, 19.0 ] ] ] } },
{ "type": "Feature", "properties": { "cell_id": "r11_c4", "mean_ndbi": -0.027942959273480499 }, "geometry": { "type": "Polygon", "coordinates": [ [ [ 72.82, 19.0 ], [ 72.82, 19.01 ], [ 72.81, 19.01 ], [ 72.81, 19.0 ], [ 72.82, 19.0 ] ] ] } },
{ "type": "Feature", "properties": { "cell_id": "r11_c5", "mean_ndbi": 0.0069264754569779282 }, "geometry": { "type": "Polygon", "coordinates": [ [ [ 72.83, 19.0 ], [ 72.83, 19.01 ], [ 72.82, 19.01 ], [ 72.82, 19.0 ], [ 72.83, 19.0 ] ] ] } },
{ "type": "Feature", "properties": { "cell_id": "r11_c6", "mean_ndbi": 0.022102889429901774 }, "geometry": { "type": "Polygon", "coordinates": [ [ [ 72.84, 19.0 ], [ 72.84, 19.01 ], [ 72.83, 19.01 ], [ 72.83, 19.0 ], [ 72.84, 19.0 ] ] ] } },
{ "type": "Feature", "properties": { "cell_id": "r11_c7", "mean_ndbi": -0.0049951076491735 }, "geometry": { "type": "Polygon", "coordinates": [ [ [ 72.85, 19.0 ], [ 72.85, 19.01 ], [ 72.84, 19.01 ], [ 72.84, 19.0 ], [ 72.85, 19.0 ] ] ] } },
{ "type": "Feature", "properties": { "cell_id": "r11_c8", "mean_ndbi": -0.015777458884791658 }, "geometry": { "type": "Polygon", "coordinates": [ [ [ 72.86, 19.0 ], [ 72.86, 19.01 ], [ 72.85, 19.01 ], [ 72.85, 19.0 ], [ 72.86, 19.0 ] ] ] } },
{ "type": "Feature", "properties": { "cell_id": "r11_c9", "mean_ndbi": -0.12958839063566774 }, "geometry": { "type": "Polygon", "coordinates": [ [ [ 72.87, 19.0 ], [ 72.87, 19.01 ], [ 72.86, 19.01 ], [ 72.86, 19.0 ], [ 72.87, 19.0 ] ] ] } },
{ "type": "Feature", "properties": { "cell_id": "r11_c10", "mean_ndbi": -0.22685423449848902 }, "geometry": { "type": "Polygon", "coordinates": [ [ [ 72.88, 19.0 ], [ 72.88, 19.01 ], [ 72.87, 19.01 ], [ 72.87, 19.0 ], [ 72.88, 19.0 ] ] ] } },
{ "type": "Feature", "properties": { "cell_id": "r11_c11", "mean_ndbi": -0.22337343279951935 }, "geometry": { "type": "Polygon", "coordinates": [ [ [ 72.89, 19.0 ], [ 72.89, 19.01 ], [ 72.88, 19.01 ], [ 72.88, 19.0 ], [ 72.89, 19.0 ] ] ] } },
{ "type": "Feature", "properties": { "cell_id": "r11_c12", "mean_ndbi": -0.015036646310176465 }, "geometry": { "type": "Polygon", "coordinates": [ [ [ 72.9, 19.0 ], [ 72.9, 19.01 ], [ 72.89, 19.01 ], [ 72.89, 19.0 ], [ 72.9, 19.0 ] ] ] } },
{ "type": "Feature", "properties": { "cell_id": "r11_c13", "mean_ndbi": 0.017803199298091418 }, "geometry": { "type": "Polygon", "coordinates": [ [ [ 72.91, 19.0 ], [ 72.91, 19.01 ], [ 72.9, 19.01 ], [ 72.9, 19.0 ], [ 72.91, 19.0 ] ] ] } },
{ "type": "Feature", "properties": { "cell_id": "r11_c14", "mean_ndbi": -0.088451871298351942 }, "geometry": { "type": "Polygon", "coordinates": [ [ [ 72.92, 19.0 ], [ 72.92, 19.01 ], [ 72.91, 19.01 ], [ 72.91, 19.0 ], [ 72.92, 19.0 ] ] ] } },
{ "type": "Feature", "properties": { "cell_id": "r11_c15", "mean_ndbi": -0.17269607340145932 }, "geometry": { "type": "Polygon", "coordinates": [ [ [ 72.93, 19.0 ], [ 72.93, 19.01 ], [ 72.92, 19.01 ], [ 72.92, 19.0 ], [ 72.93, 19.0 ] ] ] } },
{ "type": "Feature", "properties": { "cell_id": "r11_c16", "mean_ndbi": -0.099914464585027757 }, "geometry": { "type": "Polygon", "coordinates": [ [ [ 72.94, 19.0 ], [ 72.94, 19.01 ], [ 72.93, 19.01 ], [ 72.93, 19.0 ], [ 72.94, 19.0 ] ] ] } },
{ "type": "Feature", "properties": { "cell_id": "r11_c17", "mean_ndbi": -0.085116669769264325 }, "geometry": { "type": "Polygon", "coordinates": [ [ [ 72.95, 19.0 ], [ 72.95, 19.01 ], [ 72.94, 19.01 ], [ 72.94, 19.0 ], [ 72.95, 19.0 ] ] ] } },
{ "type": "Feature", "properties": { "cell_id": "r11_c18", "mean_ndbi": -0.09317911913164717 }, "geometry": { "type": "Polygon", "coordinates": [ [ [ 72.96, 19.0 ], [ 72.96, 19.01 ], [ 72.95, 19.01 ], [ 72.95, 19.0 ], [ 72.96, 19.0 ] ] ] } },
{ "type": "Feature", "properties": { "cell_id": "r11_c19", "mean_ndbi": -0.092164391160488371 }, "geometry": { "type": "Polygon", "coordinates": [ [ [ 72.97, 19.0 ], [ 72.97, 19.01 ], [ 72.96, 19.01 ], [ 72.96, 19.0 ], [ 72.97, 19.0 ] ] ] } },
{ "type": "Feature", "properties": { "cell_id": "r11_c20", "mean_ndbi": -0.095094515366279192 }, "geometry": { "type": "Polygon", "coordinates": [ [ [ 72.980000000000103, 19.0 ], [ 72.980000000000103, 19.01 ], [ 72.97, 19.01 ], [ 72.97, 19.0 ], [ 72.980000000000103, 19.0 ] ] ] } },
{ "type": "Feature", "properties": { "cell_id": "r11_c21", "mean_ndbi": -0.11827260285947018 }, "geometry": { "type": "Polygon", "coordinates": [ [ [ 72.99, 19.0 ], [ 72.99, 19.01 ], [ 72.980000000000103, 19.01 ], [ 72.980000000000103, 19.0 ], [ 72.99, 19.0 ] ] ] } },
{ "type": "Feature", "properties": { "cell_id": "r12_c0", "mean_ndbi": -0.054047669458248654 }, "geometry": { "type": "Polygon", "coordinates": [ [ [ 72.78, 19.01 ], [ 72.78, 19.02 ], [ 72.77, 19.02 ], [ 72.77, 19.01 ], [ 72.78, 19.01 ] ] ] } },
{ "type": "Feature", "properties": { "cell_id": "r12_c1", "mean_ndbi": -0.05461634413299557 }, "geometry": { "type": "Polygon", "coordinates": [ [ [ 72.79, 19.01 ], [ 72.79, 19.02 ], [ 72.78, 19.02 ], [ 72.78, 19.01 ], [ 72.79, 19.01 ] ] ] } },
{ "type": "Feature", "properties": { "cell_id": "r12_c2", "mean_ndbi": -0.059013466359111456 }, "geometry": { "type": "Polygon", "coordinates": [ [ [ 72.8, 19.01 ], [ 72.8, 19.02 ], [ 72.79, 19.02 ], [ 72.79, 19.01 ], [ 72.8, 19.01 ] ] ] } },
{ "type": "Feature", "properties": { "cell_id": "r12_c3", "mean_ndbi": -0.059556833537404909 }, "geometry": { "type": "Polygon", "coordinates": [ [ [ 72.81, 19.01 ], [ 72.81, 19.02 ], [ 72.8, 19.02 ], [ 72.8, 19.01 ], [ 72.81, 19.01 ] ] ] } },
{ "type": "Feature", "properties": { "cell_id": "r12_c4", "mean_ndbi": -0.04134420523818811 }, "geometry": { "type": "Polygon", "coordinates": [ [ [ 72.82, 19.01 ], [ 72.82, 19.02 ], [ 72.81, 19.02 ], [ 72.81, 19.01 ], [ 72.82, 19.01 ] ] ] } },
{ "type": "Feature", "properties": { "cell_id": "r12_c5", "mean_ndbi": -0.023044616590845664 }, "geometry": { "type": "Polygon", "coordinates": [ [ [ 72.83, 19.01 ], [ 72.83, 19.02 ], [ 72.82, 19.02 ], [ 72.82, 19.01 ], [ 72.83, 19.01 ] ] ] } },
{ "type": "Feature", "properties": { "cell_id": "r12_c6", "mean_ndbi": -0.003009321521141587 }, "geometry": { "type": "Polygon", "coordinates": [ [ [ 72.84, 19.01 ], [ 72.84, 19.02 ], [ 72.83, 19.02 ], [ 72.83, 19.01 ], [ 72.84, 19.01 ] ] ] } },
{ "type": "Feature", "properties": { "cell_id": "r12_c7", "mean_ndbi": 0.0028141610093631803 }, "geometry": { "type": "Polygon", "coordinates": [ [ [ 72.85, 19.01 ], [ 72.85, 19.02 ], [ 72.84, 19.02 ], [ 72.84, 19.01 ], [ 72.85, 19.01 ] ] ] } },
{ "type": "Feature", "properties": { "cell_id": "r12_c8", "mean_ndbi": -0.028848041690513873 }, "geometry": { "type": "Polygon", "coordinates": [ [ [ 72.86, 19.01 ], [ 72.86, 19.02 ], [ 72.85, 19.02 ], [ 72.85, 19.01 ], [ 72.86, 19.01 ] ] ] } },
{ "type": "Feature", "properties": { "cell_id": "r12_c9", "mean_ndbi": -0.018068299377643267 }, "geometry": { "type": "Polygon", "coordinates": [ [ [ 72.87, 19.01 ], [ 72.87, 19.02 ], [ 72.86, 19.02 ], [ 72.86, 19.01 ], [ 72.87, 19.01 ] ] ] } },
{ "type": "Feature", "properties": { "cell_id": "r12_c10", "mean_ndbi": -0.12753104258241368 }, "geometry": { "type": "Polygon", "coordinates": [ [ [ 72.88, 19.01 ], [ 72.88, 19.02 ], [ 72.87, 19.02 ], [ 72.87, 19.01 ], [ 72.88, 19.01 ] ] ] } },
{ "type": "Feature", "properties": { "cell_id": "r12_c11", "mean_ndbi": -0.18076257390836201 }, "geometry": { "type": "Polygon", "coordinates": [ [ [ 72.89, 19.01 ], [ 72.89, 19.02 ], [ 72.88, 19.02 ], [ 72.88, 19.01 ], [ 72.89, 19.01 ] ] ] } },
{ "type": "Feature", "properties": { "cell_id": "r12_c12", "mean_ndbi": 0.017920849318773382 }, "geometry": { "type": "Polygon", "coordinates": [ [ [ 72.9, 19.01 ], [ 72.9, 19.02 ], [ 72.89, 19.02 ], [ 72.89, 19.01 ], [ 72.9, 19.01 ] ] ] } },
{ "type": "Feature", "properties": { "cell_id": "r12_c13", "mean_ndbi": -0.00052180452151546347 }, "geometry": { "type": "Polygon", "coordinates": [ [ [ 72.91, 19.01 ], [ 72.91, 19.02 ], [ 72.9, 19.02 ], [ 72.9, 19.01 ], [ 72.91, 19.01 ] ] ] } },
{ "type": "Feature", "properties": { "cell_id": "r12_c14", "mean_ndbi": -0.03997525303424581 }, "geometry": { "type": "Polygon", "coordinates": [ [ [ 72.92, 19.01 ], [ 72.92, 19.02 ], [ 72.91, 19.02 ], [ 72.91, 19.01 ], [ 72.92, 19.01 ] ] ] } },
{ "type": "Feature", "properties": { "cell_id": "r12_c15", "mean_ndbi": -0.12020228487835942 }, "geometry": { "type": "Polygon", "coordinates": [ [ [ 72.93, 19.01 ], [ 72.93, 19.02 ], [ 72.92, 19.02 ], [ 72.92, 19.01 ], [ 72.93, 19.01 ] ] ] } },
{ "type": "Feature", "properties": { "cell_id": "r12_c16", "mean_ndbi": -0.24008009090859028 }, "geometry": { "type": "Polygon", "coordinates": [ [ [ 72.94, 19.01 ], [ 72.94, 19.02 ], [ 72.93, 19.02 ], [ 72.93, 19.01 ], [ 72.94, 19.01 ] ] ] } },
{ "type": "Feature", "properties": { "cell_id": "r12_c17", "mean_ndbi": -0.15575680477970461 }, "geometry": { "type": "Polygon", "coordinates": [ [ [ 72.95, 19.01 ], [ 72.95, 19.02 ], [ 72.94, 19.02 ], [ 72.94, 19.01 ], [ 72.95, 19.01 ] ] ] } },
{ "type": "Feature", "properties": { "cell_id": "r12_c18", "mean_ndbi": -0.11229597450905475 }, "geometry": { "type": "Polygon", "coordinates": [ [ [ 72.96, 19.01 ], [ 72.96, 19.02 ], [ 72.95, 19.02 ], [ 72.95, 19.01 ], [ 72.96, 19.01 ] ] ] } },
{ "type": "Feature", "properties": { "cell_id": "r12_c19", "mean_ndbi": -0.12663647447940835 }, "geometry": { "type": "Polygon", "coordinates": [ [ [ 72.97, 19.01 ], [ 72.97, 19.02 ], [ 72.96, 19.02 ], [ 72.96, 19.01 ], [ 72.97, 19.01 ] ] ] } },
{ "type": "Feature", "properties": { "cell_id": "r12_c20", "mean_ndbi": -0.12190152059678114 }, "geometry": { "type": "Polygon", "coordinates": [ [ [ 72.980000000000103, 19.01 ], [ 72.980000000000103, 19.02 ], [ 72.97, 19.02 ], [ 72.97, 19.01 ], [ 72.980000000000103, 19.01 ] ] ] } },
{ "type": "Feature", "properties": { "cell_id": "r12_c21", "mean_ndbi": -0.15048789990704972 }, "geometry": { "type": "Polygon", "coordinates": [ [ [ 72.99, 19.01 ], [ 72.99, 19.02 ], [ 72.980000000000103, 19.02 ], [ 72.980000000000103, 19.01 ], [ 72.99, 19.01 ] ] ] } },
{ "type": "Feature", "properties": { "cell_id": "r13_c0", "mean_ndbi": -0.057073699304938337 }, "geometry": { "type": "Polygon", "coordinates": [ [ [ 72.78, 19.02 ], [ 72.78, 19.03 ], [ 72.77, 19.03 ], [ 72.77, 19.02 ], [ 72.78, 19.02 ] ] ] } },
{ "type": "Feature", "properties": { "cell_id": "r13_c1", "mean_ndbi": -0.053969002509293179 }, "geometry": { "type": "Polygon", "coordinates": [ [ [ 72.79, 19.02 ], [ 72.79, 19.03 ], [ 72.78, 19.03 ], [ 72.78, 19.02 ], [ 72.79, 19.02 ] ] ] } },
{ "type": "Feature", "properties": { "cell_id": "r13_c2", "mean_ndbi": -0.060577344410214583 }, "geometry": { "type": "Polygon", "coordinates": [ [ [ 72.8, 19.02 ], [ 72.8, 19.03 ], [ 72.79, 19.03 ], [ 72.79, 19.02 ], [ 72.8, 19.02 ] ] ] } },
{ "type": "Feature", "properties": { "cell_id": "r13_c3", "mean_ndbi": -0.0587872856269425 }, "geometry": { "type": "Polygon", "coordinates": [ [ [ 72.81, 19.02 ], [ 72.81, 19.03 ], [ 72.8, 19.03 ], [ 72.8, 19.02 ], [ 72.81, 19.02 ] ] ] } },
{ "type": "Feature", "properties": { "cell_id": "r13_c4", "mean_ndbi": -0.049609328585089499 }, "geometry": { "type": "Polygon", "coordinates": [ [ [ 72.82, 19.02 ], [ 72.82, 19.03 ], [ 72.81, 19.03 ], [ 72.81, 19.02 ], [ 72.82, 19.02 ] ] ] } },
{ "type": "Feature", "properties": { "cell_id": "r13_c5", "mean_ndbi": -0.09266982280856359 }, "geometry": { "type": "Polygon", "coordinates": [ [ [ 72.83, 19.02 ], [ 72.83, 19.03 ], [ 72.82, 19.03 ], [ 72.82, 19.02 ], [ 72.83, 19.02 ] ] ] } },
{ "type": "Feature", "properties": { "cell_id": "r13_c6", "mean_ndbi": -0.037394094165457609 }, "geometry": { "type": "Polygon", "coordinates": [ [ [ 72.84, 19.02 ], [ 72.84, 19.03 ], [ 72.83, 19.03 ], [ 72.83, 19.02 ], [ 72.84, 19.02 ] ] ] } },
{ "type": "Feature", "properties": { "cell_id": "r13_c7", "mean_ndbi": 0.011236443503439721 }, "geometry": { "type": "Polygon", "coordinates": [ [ [ 72.85, 19.02 ], [ 72.85, 19.03 ], [ 72.84, 19.03 ], [ 72.84, 19.02 ], [ 72.85, 19.02 ] ] ] } },
{ "type": "Feature", "properties": { "cell_id": "r13_c8", "mean_ndbi": -0.050249650710180636 }, "geometry": { "type": "Polygon", "coordinates": [ [ [ 72.86, 19.02 ], [ 72.86, 19.03 ], [ 72.85, 19.03 ], [ 72.85, 19.02 ], [ 72.86, 19.02 ] ] ] } },
{ "type": "Feature", "properties": { "cell_id": "r13_c9", "mean_ndbi": -0.028394005591717657 }, "geometry": { "type": "Polygon", "coordinates": [ [ [ 72.87, 19.02 ], [ 72.87, 19.03 ], [ 72.86, 19.03 ], [ 72.86, 19.02 ], [ 72.87, 19.02 ] ] ] } },
{ "type": "Feature", "properties": { "cell_id": "r13_c10", "mean_ndbi": -0.045273480132565699 }, "geometry": { "type": "Polygon", "coordinates": [ [ [ 72.88, 19.02 ], [ 72.88, 19.03 ], [ 72.87, 19.03 ], [ 72.87, 19.02 ], [ 72.88, 19.02 ] ] ] } },
{ "type": "Feature", "properties": { "cell_id": "r13_c11", "mean_ndbi": -0.05228933094854258 }, "geometry": { "type": "Polygon", "coordinates": [ [ [ 72.89, 19.02 ], [ 72.89, 19.03 ], [ 72.88, 19.03 ], [ 72.88, 19.02 ], [ 72.89, 19.02 ] ] ] } },
{ "type": "Feature", "properties": { "cell_id": "r13_c12", "mean_ndbi": 0.014387742502787022 }, "geometry": { "type": "Polygon", "coordinates": [ [ [ 72.9, 19.02 ], [ 72.9, 19.03 ], [ 72.89, 19.03 ], [ 72.89, 19.02 ], [ 72.9, 19.02 ] ] ] } },
{ "type": "Feature", "properties": { "cell_id": "r13_c13", "mean_ndbi": 0.0080823672160162032 }, "geometry": { "type": "Polygon", "coordinates": [ [ [ 72.91, 19.02 ], [ 72.91, 19.03 ], [ 72.9, 19.03 ], [ 72.9, 19.02 ], [ 72.91, 19.02 ] ] ] } },
{ "type": "Feature", "properties": { "cell_id": "r13_c14", "mean_ndbi": -0.017859265394335515 }, "geometry": { "type": "Polygon", "coordinates": [ [ [ 72.92, 19.02 ], [ 72.92, 19.03 ], [ 72.91, 19.03 ], [ 72.91, 19.02 ], [ 72.92, 19.02 ] ] ] } },
{ "type": "Feature", "properties": { "cell_id": "r13_c15", "mean_ndbi": -0.073842115516011678 }, "geometry": { "type": "Polygon", "coordinates": [ [ [ 72.93, 19.02 ], [ 72.93, 19.03 ], [ 72.92, 19.03 ], [ 72.92, 19.02 ], [ 72.93, 19.02 ] ] ] } },
{ "type": "Feature", "properties": { "cell_id": "r13_c16", "mean_ndbi": -0.086604713176809428 }, "geometry": { "type": "Polygon", "coordinates": [ [ [ 72.94, 19.02 ], [ 72.94, 19.03 ], [ 72.93, 19.03 ], [ 72.93, 19.02 ], [ 72.94, 19.02 ] ] ] } },
{ "type": "Feature", "properties": { "cell_id": "r13_c17", "mean_ndbi": -0.16422564782280719 }, "geometry": { "type": "Polygon", "coordinates": [ [ [ 72.95, 19.02 ], [ 72.95, 19.03 ], [ 72.94, 19.03 ], [ 72.94, 19.02 ], [ 72.95, 19.02 ] ] ] } },
{ "type": "Feature", "properties": { "cell_id": "r13_c18", "mean_ndbi": -0.16970661676028712 }, "geometry": { "type": "Polygon", "coordinates": [ [ [ 72.96, 19.02 ], [ 72.96, 19.03 ], [ 72.95, 19.03 ], [ 72.95, 19.02 ], [ 72.96, 19.02 ] ] ] } },
{ "type": "Feature", "properties": { "cell_id": "r13_c19", "mean_ndbi": -0.16527010788853203 }, "geometry": { "type": "Polygon", "coordinates": [ [ [ 72.97, 19.02 ], [ 72.97, 19.03 ], [ 72.96, 19.03 ], [ 72.96, 19.02 ], [ 72.97, 19.02 ] ] ] } },
{ "type": "Feature", "properties": { "cell_id": "r13_c20", "mean_ndbi": -0.14410617648358326 }, "geometry": { "type": "Polygon", "coordinates": [ [ [ 72.980000000000103, 19.02 ], [ 72.980000000000103, 19.03 ], [ 72.97, 19.03 ], [ 72.97, 19.02 ], [ 72.980000000000103, 19.02 ] ] ] } },
{ "type": "Feature", "properties": { "cell_id": "r13_c21", "mean_ndbi": -0.195327198001784 }, "geometry": { "type": "Polygon", "coordinates": [ [ [ 72.99, 19.02 ], [ 72.99, 19.03 ], [ 72.980000000000103, 19.03 ], [ 72.980000000000103, 19.02 ], [ 72.99, 19.02 ] ] ] } },
{ "type": "Feature", "properties": { "cell_id": "r14_c0", "mean_ndbi": -0.055375653919077089 }, "geometry": { "type": "Polygon", "coordinates": [ [ [ 72.78, 19.03 ], [ 72.78, 19.04 ], [ 72.77, 19.04 ], [ 72.77, 19.03 ], [ 72.78, 19.03 ] ] ] } },
{ "type": "Feature", "properties": { "cell_id": "r14_c1", "mean_ndbi": -0.058033774694205273 }, "geometry": { "type": "Polygon", "coordinates": [ [ [ 72.79, 19.03 ], [ 72.79, 19.04 ], [ 72.78, 19.04 ], [ 72.78, 19.03 ], [ 72.79, 19.03 ] ] ] } },
{ "type": "Feature", "properties": { "cell_id": "r14_c2", "mean_ndbi": -0.057441922073468564 }, "geometry": { "type": "Polygon", "coordinates": [ [ [ 72.8, 19.03 ], [ 72.8, 19.04 ], [ 72.79, 19.04 ], [ 72.79, 19.03 ], [ 72.8, 19.03 ] ] ] } },
{ "type": "Feature", "properties": { "cell_id": "r14_c3", "mean_ndbi": -0.063576799599152106 }, "geometry": { "type": "Polygon", "coordinates": [ [ [ 72.81, 19.03 ], [ 72.81, 19.04 ], [ 72.8, 19.04 ], [ 72.8, 19.03 ], [ 72.81, 19.03 ] ] ] } },
{ "type": "Feature", "properties": { "cell_id": "r14_c4", "mean_ndbi": -0.069949683970668849 }, "geometry": { "type": "Polygon", "coordinates": [ [ [ 72.82, 19.03 ], [ 72.82, 19.04 ], [ 72.81, 19.04 ], [ 72.81, 19.03 ], [ 72.82, 19.03 ] ] ] } },
{ "type": "Feature", "properties": { "cell_id": "r14_c5", "mean_ndbi": -0.066644218864885335 }, "geometry": { "type": "Polygon", "coordinates": [ [ [ 72.83, 19.03 ], [ 72.83, 19.04 ], [ 72.82, 19.04 ], [ 72.82, 19.03 ], [ 72.83, 19.03 ] ] ] } },
{ "type": "Feature", "properties": { "cell_id": "r14_c6", "mean_ndbi": -0.057173190715301567 }, "geometry": { "type": "Polygon", "coordinates": [ [ [ 72.84, 19.03 ], [ 72.84, 19.04 ], [ 72.83, 19.04 ], [ 72.83, 19.03 ], [ 72.84, 19.03 ] ] ] } },
{ "type": "Feature", "properties": { "cell_id": "r14_c7", "mean_ndbi": 0.00066452736498204647 }, "geometry": { "type": "Polygon", "coordinates": [ [ [ 72.85, 19.03 ], [ 72.85, 19.04 ], [ 72.84, 19.04 ], [ 72.84, 19.03 ], [ 72.85, 19.03 ] ] ] } },
{ "type": "Feature", "properties": { "cell_id": "r14_c8", "mean_ndbi": 0.0085252769072358993 }, "geometry": { "type": "Polygon", "coordinates": [ [ [ 72.86, 19.03 ], [ 72.86, 19.04 ], [ 72.85, 19.04 ], [ 72.85, 19.03 ], [ 72.86, 19.03 ] ] ] } },
{ "type": "Feature", "properties": { "cell_id": "r14_c9", "mean_ndbi": -0.017285512457635249 }, "geometry": { "type": "Polygon", "coordinates": [ [ [ 72.87, 19.03 ], [ 72.87, 19.04 ], [ 72.86, 19.04 ], [ 72.86, 19.03 ], [ 72.87, 19.03 ] ] ] } },
{ "type": "Feature", "properties": { "cell_id": "r14_c10", "mean_ndbi": 0.01812323061457238 }, "geometry": { "type": "Polygon", "coordinates": [ [ [ 72.88, 19.03 ], [ 72.88, 19.04 ], [ 72.87, 19.04 ], [ 72.87, 19.03 ], [ 72.88, 19.03 ] ] ] } },
{ "type": "Feature", "properties": { "cell_id": "r14_c11", "mean_ndbi": -0.019882062956492277 }, "geometry": { "type": "Polygon", "coordinates": [ [ [ 72.89, 19.03 ], [ 72.89, 19.04 ], [ 72.88, 19.04 ], [ 72.88, 19.03 ], [ 72.89, 19.03 ] ] ] } },
{ "type": "Feature", "properties": { "cell_id": "r14_c12", "mean_ndbi": -0.05473508635199633 }, "geometry": { "type": "Polygon", "coordinates": [ [ [ 72.9, 19.03 ], [ 72.9, 19.04 ], [ 72.89, 19.04 ], [ 72.89, 19.03 ], [ 72.9, 19.03 ] ] ] } },
{ "type": "Feature", "properties": { "cell_id": "r14_c13", "mean_ndbi": -0.047956555679095493 }, "geometry": { "type": "Polygon", "coordinates": [ [ [ 72.91, 19.03 ], [ 72.91, 19.04 ], [ 72.9, 19.04 ], [ 72.9, 19.03 ], [ 72.91, 19.03 ] ] ] } },
{ "type": "Feature", "properties": { "cell_id": "r14_c14", "mean_ndbi": -0.057047234350027461 }, "geometry": { "type": "Polygon", "coordinates": [ [ [ 72.92, 19.03 ], [ 72.92, 19.04 ], [ 72.91, 19.04 ], [ 72.91, 19.03 ], [ 72.92, 19.03 ] ] ] } },
{ "type": "Feature", "properties": { "cell_id": "r14_c15", "mean_ndbi": -0.072443488091228816 }, "geometry": { "type": "Polygon", "coordinates": [ [ [ 72.93, 19.03 ], [ 72.93, 19.04 ], [ 72.92, 19.04 ], [ 72.92, 19.03 ], [ 72.93, 19.03 ] ] ] } },
{ "type": "Feature", "properties": { "cell_id": "r14_c16", "mean_ndbi": -0.035201223103911654 }, "geometry": { "type": "Polygon", "coordinates": [ [ [ 72.94, 19.03 ], [ 72.94, 19.04 ], [ 72.93, 19.04 ], [ 72.93, 19.03 ], [ 72.94, 19.03 ] ] ] } },
{ "type": "Feature", "properties": { "cell_id": "r14_c17", "mean_ndbi": -0.030836468692933803 }, "geometry": { "type": "Polygon", "coordinates": [ [ [ 72.95, 19.03 ], [ 72.95, 19.04 ], [ 72.94, 19.04 ], [ 72.94, 19.03 ], [ 72.95, 19.03 ] ] ] } },
{ "type": "Feature", "properties": { "cell_id": "r14_c18", "mean_ndbi": -0.12289697312614108 }, "geometry": { "type": "Polygon", "coordinates": [ [ [ 72.96, 19.03 ], [ 72.96, 19.04 ], [ 72.95, 19.04 ], [ 72.95, 19.03 ], [ 72.96, 19.03 ] ] ] } },
{ "type": "Feature", "properties": { "cell_id": "r14_c19", "mean_ndbi": -0.14609068812468806 }, "geometry": { "type": "Polygon", "coordinates": [ [ [ 72.97, 19.03 ], [ 72.97, 19.04 ], [ 72.96, 19.04 ], [ 72.96, 19.03 ], [ 72.97, 19.03 ] ] ] } },
{ "type": "Feature", "properties": { "cell_id": "r14_c20", "mean_ndbi": -0.15713487349927399 }, "geometry": { "type": "Polygon", "coordinates": [ [ [ 72.980000000000103, 19.03 ], [ 72.980000000000103, 19.04 ], [ 72.97, 19.04 ], [ 72.97, 19.03 ], [ 72.980000000000103, 19.03 ] ] ] } },
{ "type": "Feature", "properties": { "cell_id": "r14_c21", "mean_ndbi": -0.17805119961579802 }, "geometry": { "type": "Polygon", "coordinates": [ [ [ 72.99, 19.03 ], [ 72.99, 19.04 ], [ 72.980000000000103, 19.04 ], [ 72.980000000000103, 19.03 ], [ 72.99, 19.03 ] ] ] } },
{ "type": "Feature", "properties": { "cell_id": "r15_c0", "mean_ndbi": -0.055742572825931529 }, "geometry": { "type": "Polygon", "coordinates": [ [ [ 72.78, 19.04 ], [ 72.78, 19.05 ], [ 72.77, 19.05 ], [ 72.77, 19.04 ], [ 72.78, 19.04 ] ] ] } },
{ "type": "Feature", "properties": { "cell_id": "r15_c1", "mean_ndbi": -0.061255287525682711 }, "geometry": { "type": "Polygon", "coordinates": [ [ [ 72.79, 19.04 ], [ 72.79, 19.05 ], [ 72.78, 19.05 ], [ 72.78, 19.04 ], [ 72.79, 19.04 ] ] ] } },
{ "type": "Feature", "properties": { "cell_id": "r15_c2", "mean_ndbi": -0.07028184560458807 }, "geometry": { "type": "Polygon", "coordinates": [ [ [ 72.8, 19.04 ], [ 72.8, 19.05 ], [ 72.79, 19.05 ], [ 72.79, 19.04 ], [ 72.8, 19.04 ] ] ] } },
{ "type": "Feature", "properties": { "cell_id": "r15_c3", "mean_ndbi": -0.063459102558703004 }, "geometry": { "type": "Polygon", "coordinates": [ [ [ 72.81, 19.04 ], [ 72.81, 19.05 ], [ 72.8, 19.05 ], [ 72.8, 19.04 ], [ 72.81, 19.04 ] ] ] } },
{ "type": "Feature", "properties": { "cell_id": "r15_c4", "mean_ndbi": -0.068044048657134273 }, "geometry": { "type": "Polygon", "coordinates": [ [ [ 72.82, 19.04 ], [ 72.82, 19.05 ], [ 72.81, 19.05 ], [ 72.81, 19.04 ], [ 72.82, 19.04 ] ] ] } },
{ "type": "Feature", "properties": { "cell_id": "r15_c5", "mean_ndbi": -0.035642287644126774 }, "geometry": { "type": "Polygon", "coordinates": [ [ [ 72.83, 19.04 ], [ 72.83, 19.05 ], [ 72.82, 19.05 ], [ 72.82, 19.04 ], [ 72.83, 19.04 ] ] ] } },
{ "type": "Feature", "properties": { "cell_id": "r15_c6", "mean_ndbi": -0.10355056738969141 }, "geometry": { "type": "Polygon", "coordinates": [ [ [ 72.84, 19.04 ], [ 72.84, 19.05 ], [ 72.83, 19.05 ], [ 72.83, 19.04 ], [ 72.84, 19.04 ] ] ] } },
{ "type": "Feature", "properties": { "cell_id": "r15_c7", "mean_ndbi": -0.055101643807957422 }, "geometry": { "type": "Polygon", "coordinates": [ [ [ 72.85, 19.04 ], [ 72.85, 19.05 ], [ 72.84, 19.05 ], [ 72.84, 19.04 ], [ 72.85, 19.04 ] ] ] } },
{ "type": "Feature", "properties": { "cell_id": "r15_c8", "mean_ndbi": 0.059050717476848966 }, "geometry": { "type": "Polygon", "coordinates": [ [ [ 72.86, 19.04 ], [ 72.86, 19.05 ], [ 72.85, 19.05 ], [ 72.85, 19.04 ], [ 72.86, 19.04 ] ] ] } },
{ "type": "Feature", "properties": { "cell_id": "r15_c9", "mean_ndbi": -0.017307223186561804 }, "geometry": { "type": "Polygon", "coordinates": [ [ [ 72.87, 19.04 ], [ 72.87, 19.05 ], [ 72.86, 19.05 ], [ 72.86, 19.04 ], [ 72.87, 19.04 ] ] ] } },
{ "type": "Feature", "properties": { "cell_id": "r15_c10", "mean_ndbi": -0.0005715400431011091 }, "geometry": { "type": "Polygon", "coordinates": [ [ [ 72.88, 19.04 ], [ 72.88, 19.05 ], [ 72.87, 19.05 ], [ 72.87, 19.04 ], [ 72.88, 19.04 ] ] ] } },
{ "type": "Feature", "properties": { "cell_id": "r15_c11", "mean_ndbi": -0.030416991884825946 }, "geometry": { "type": "Polygon", "coordinates": [ [ [ 72.89, 19.04 ], [ 72.89, 19.05 ], [ 72.88, 19.05 ], [ 72.88, 19.04 ], [ 72.89, 19.04 ] ] ] } },
{ "type": "Feature", "properties": { "cell_id": "r15_c12", "mean_ndbi": -0.0375121356353166 }, "geometry": { "type": "Polygon", "coordinates": [ [ [ 72.9, 19.04 ], [ 72.9, 19.05 ], [ 72.89, 19.05 ], [ 72.89, 19.04 ], [ 72.9, 19.04 ] ] ] } },
{ "type": "Feature", "properties": { "cell_id": "r15_c13", "mean_ndbi": -0.073131659467816842 }, "geometry": { "type": "Polygon", "coordinates": [ [ [ 72.91, 19.04 ], [ 72.91, 19.05 ], [ 72.9, 19.05 ], [ 72.9, 19.04 ], [ 72.91, 19.04 ] ] ] } },
{ "type": "Feature", "properties": { "cell_id": "r15_c14", "mean_ndbi": -0.054981407945007298 }, "geometry": { "type": "Polygon", "coordinates": [ [ [ 72.92, 19.04 ], [ 72.92, 19.05 ], [ 72.91, 19.05 ], [ 72.91, 19.04 ], [ 72.92, 19.04 ] ] ] } },
{ "type": "Feature", "properties": { "cell_id": "r15_c15", "mean_ndbi": -0.064801643562477626 }, "geometry": { "type": "Polygon", "coordinates": [ [ [ 72.93, 19.04 ], [ 72.93, 19.05 ], [ 72.92, 19.05 ], [ 72.92, 19.04 ], [ 72.93, 19.04 ] ] ] } },
{ "type": "Feature", "properties": { "cell_id": "r15_c16", "mean_ndbi": -0.10016255904021817 }, "geometry": { "type": "Polygon", "coordinates": [ [ [ 72.94, 19.04 ], [ 72.94, 19.05 ], [ 72.93, 19.05 ], [ 72.93, 19.04 ], [ 72.94, 19.04 ] ] ] } },
{ "type": "Feature", "properties": { "cell_id": "r15_c17", "mean_ndbi": -0.060604137081304417 }, "geometry": { "type": "Polygon", "coordinates": [ [ [ 72.95, 19.04 ], [ 72.95, 19.05 ], [ 72.94, 19.05 ], [ 72.94, 19.04 ], [ 72.95, 19.04 ] ] ] } },
{ "type": "Feature", "properties": { "cell_id": "r15_c18", "mean_ndbi": -0.14869489534677002 }, "geometry": { "type": "Polygon", "coordinates": [ [ [ 72.96, 19.04 ], [ 72.96, 19.05 ], [ 72.95, 19.05 ], [ 72.95, 19.04 ], [ 72.96, 19.04 ] ] ] } },
{ "type": "Feature", "properties": { "cell_id": "r15_c19", "mean_ndbi": -0.16543114517910751 }, "geometry": { "type": "Polygon", "coordinates": [ [ [ 72.97, 19.04 ], [ 72.97, 19.05 ], [ 72.96, 19.05 ], [ 72.96, 19.04 ], [ 72.97, 19.04 ] ] ] } },
{ "type": "Feature", "properties": { "cell_id": "r15_c20", "mean_ndbi": -0.11932092737842996 }, "geometry": { "type": "Polygon", "coordinates": [ [ [ 72.980000000000103, 19.04 ], [ 72.980000000000103, 19.05 ], [ 72.97, 19.05 ], [ 72.97, 19.04 ], [ 72.980000000000103, 19.04 ] ] ] } },
{ "type": "Feature", "properties": { "cell_id": "r15_c21", "mean_ndbi": -0.14099764827331657 }, "geometry": { "type": "Polygon", "coordinates": [ [ [ 72.99, 19.04 ], [ 72.99, 19.05 ], [ 72.980000000000103, 19.05 ], [ 72.980000000000103, 19.04 ], [ 72.99, 19.04 ] ] ] } },
{ "type": "Feature", "properties": { "cell_id": "r16_c0", "mean_ndbi": -0.061879843328481003 }, "geometry": { "type": "Polygon", "coordinates": [ [ [ 72.78, 19.05 ], [ 72.78, 19.06 ], [ 72.77, 19.06 ], [ 72.77, 19.05 ], [ 72.78, 19.05 ] ] ] } },
{ "type": "Feature", "properties": { "cell_id": "r16_c1", "mean_ndbi": -0.059982122642016807 }, "geometry": { "type": "Polygon", "coordinates": [ [ [ 72.79, 19.05 ], [ 72.79, 19.06 ], [ 72.78, 19.06 ], [ 72.78, 19.05 ], [ 72.79, 19.05 ] ] ] } },
{ "type": "Feature", "properties": { "cell_id": "r16_c2", "mean_ndbi": -0.072841700183319563 }, "geometry": { "type": "Polygon", "coordinates": [ [ [ 72.8, 19.05 ], [ 72.8, 19.06 ], [ 72.79, 19.06 ], [ 72.79, 19.05 ], [ 72.8, 19.05 ] ] ] } },
{ "type": "Feature", "properties": { "cell_id": "r16_c3", "mean_ndbi": -0.071070443242030851 }, "geometry": { "type": "Polygon", "coordinates": [ [ [ 72.81, 19.05 ], [ 72.81, 19.06 ], [ 72.8, 19.06 ], [ 72.8, 19.05 ], [ 72.81, 19.05 ] ] ] } },
{ "type": "Feature", "properties": { "cell_id": "r16_c4", "mean_ndbi": -0.092926857439490251 }, "geometry": { "type": "Polygon", "coordinates": [ [ [ 72.82, 19.05 ], [ 72.82, 19.06 ], [ 72.81, 19.06 ], [ 72.81, 19.05 ], [ 72.82, 19.05 ] ] ] } },
{ "type": "Feature", "properties": { "cell_id": "r16_c5", "mean_ndbi": -0.038455200926961315 }, "geometry": { "type": "Polygon", "coordinates": [ [ [ 72.83, 19.05 ], [ 72.83, 19.06 ], [ 72.82, 19.06 ], [ 72.82, 19.05 ], [ 72.83, 19.05 ] ] ] } },
{ "type": "Feature", "properties": { "cell_id": "r16_c6", "mean_ndbi": -0.0035551666906483053 }, "geometry": { "type": "Polygon", "coordinates": [ [ [ 72.84, 19.05 ], [ 72.84, 19.06 ], [ 72.83, 19.06 ], [ 72.83, 19.05 ], [ 72.84, 19.05 ] ] ] } },
{ "type": "Feature", "properties": { "cell_id": "r16_c7", "mean_ndbi": -0.024381325345626176 }, "geometry": { "type": "Polygon", "coordinates": [ [ [ 72.85, 19.05 ], [ 72.85, 19.06 ], [ 72.84, 19.06 ], [ 72.84, 19.05 ], [ 72.85, 19.05 ] ] ] } },
{ "type": "Feature", "properties": { "cell_id": "r16_c8", "mean_ndbi": -0.11691332512692522 }, "geometry": { "type": "Polygon", "coordinates": [ [ [ 72.86, 19.05 ], [ 72.86, 19.06 ], [ 72.85, 19.06 ], [ 72.85, 19.05 ], [ 72.86, 19.05 ] ] ] } },
{ "type": "Feature", "properties": { "cell_id": "r16_c9", "mean_ndbi": -0.046612939399511499 }, "geometry": { "type": "Polygon", "coordinates": [ [ [ 72.87, 19.05 ], [ 72.87, 19.06 ], [ 72.86, 19.06 ], [ 72.86, 19.05 ], [ 72.87, 19.05 ] ] ] } },
{ "type": "Feature", "properties": { "cell_id": "r16_c10", "mean_ndbi": -0.022540990262166393 }, "geometry": { "type": "Polygon", "coordinates": [ [ [ 72.88, 19.05 ], [ 72.88, 19.06 ], [ 72.87, 19.06 ], [ 72.87, 19.05 ], [ 72.88, 19.05 ] ] ] } },
{ "type": "Feature", "properties": { "cell_id": "r16_c11", "mean_ndbi": -0.025209845957605986 }, "geometry": { "type": "Polygon", "coordinates": [ [ [ 72.89, 19.05 ], [ 72.89, 19.06 ], [ 72.88, 19.06 ], [ 72.88, 19.05 ], [ 72.89, 19.05 ] ] ] } },
{ "type": "Feature", "properties": { "cell_id": "r16_c12", "mean_ndbi": -0.044587977925595976 }, "geometry": { "type": "Polygon", "coordinates": [ [ [ 72.9, 19.05 ], [ 72.9, 19.06 ], [ 72.89, 19.06 ], [ 72.89, 19.05 ], [ 72.9, 19.05 ] ] ] } },
{ "type": "Feature", "properties": { "cell_id": "r16_c13", "mean_ndbi": -0.031224420271948987 }, "geometry": { "type": "Polygon", "coordinates": [ [ [ 72.91, 19.05 ], [ 72.91, 19.06 ], [ 72.9, 19.06 ], [ 72.9, 19.05 ], [ 72.91, 19.05 ] ] ] } },
{ "type": "Feature", "properties": { "cell_id": "r16_c14", "mean_ndbi": 0.015395902554779139 }, "geometry": { "type": "Polygon", "coordinates": [ [ [ 72.92, 19.05 ], [ 72.92, 19.06 ], [ 72.91, 19.06 ], [ 72.91, 19.05 ], [ 72.92, 19.05 ] ] ] } },
{ "type": "Feature", "properties": { "cell_id": "r16_c15", "mean_ndbi": 0.017609909421120579 }, "geometry": { "type": "Polygon", "coordinates": [ [ [ 72.93, 19.05 ], [ 72.93, 19.06 ], [ 72.92, 19.06 ], [ 72.92, 19.05 ], [ 72.93, 19.05 ] ] ] } },
{ "type": "Feature", "properties": { "cell_id": "r16_c16", "mean_ndbi": 0.017138457017208081 }, "geometry": { "type": "Polygon", "coordinates": [ [ [ 72.94, 19.05 ], [ 72.94, 19.06 ], [ 72.93, 19.06 ], [ 72.93, 19.05 ], [ 72.94, 19.05 ] ] ] } },
{ "type": "Feature", "properties": { "cell_id": "r16_c17", "mean_ndbi": -0.16775680273213625 }, "geometry": { "type": "Polygon", "coordinates": [ [ [ 72.95, 19.05 ], [ 72.95, 19.06 ], [ 72.94, 19.06 ], [ 72.94, 19.05 ], [ 72.95, 19.05 ] ] ] } },
{ "type": "Feature", "properties": { "cell_id": "r16_c18", "mean_ndbi": -0.12075020993549668 }, "geometry": { "type": "Polygon", "coordinates": [ [ [ 72.96, 19.05 ], [ 72.96, 19.06 ], [ 72.95, 19.06 ], [ 72.95, 19.05 ], [ 72.96, 19.05 ] ] ] } },
{ "type": "Feature", "properties": { "cell_id": "r16_c19", "mean_ndbi": -0.15642607676680509 }, "geometry": { "type": "Polygon", "coordinates": [ [ [ 72.97, 19.05 ], [ 72.97, 19.06 ], [ 72.96, 19.06 ], [ 72.96, 19.05 ], [ 72.97, 19.05 ] ] ] } },
{ "type": "Feature", "properties": { "cell_id": "r16_c20", "mean_ndbi": -0.11916489997411886 }, "geometry": { "type": "Polygon", "coordinates": [ [ [ 72.980000000000103, 19.05 ], [ 72.980000000000103, 19.06 ], [ 72.97, 19.06 ], [ 72.97, 19.05 ], [ 72.980000000000103, 19.05 ] ] ] } },
{ "type": "Feature", "properties": { "cell_id": "r16_c21", "mean_ndbi": -0.13681548450329128 }, "geometry": { "type": "Polygon", "coordinates": [ [ [ 72.99, 19.05 ], [ 72.99, 19.06 ], [ 72.980000000000103, 19.06 ], [ 72.980000000000103, 19.05 ], [ 72.99, 19.05 ] ] ] } },
{ "type": "Feature", "properties": { "cell_id": "r17_c0", "mean_ndbi": -0.069085782915629654 }, "geometry": { "type": "Polygon", "coordinates": [ [ [ 72.78, 19.06 ], [ 72.78, 19.07 ], [ 72.77, 19.07 ], [ 72.77, 19.06 ], [ 72.78, 19.06 ] ] ] } },
{ "type": "Feature", "properties": { "cell_id": "r17_c1", "mean_ndbi": -0.061327910462034133 }, "geometry": { "type": "Polygon", "coordinates": [ [ [ 72.79, 19.06 ], [ 72.79, 19.07 ], [ 72.78, 19.07 ], [ 72.78, 19.06 ], [ 72.79, 19.06 ] ] ] } },
{ "type": "Feature", "properties": { "cell_id": "r17_c2", "mean_ndbi": -0.07014999850501015 }, "geometry": { "type": "Polygon", "coordinates": [ [ [ 72.8, 19.06 ], [ 72.8, 19.07 ], [ 72.79, 19.07 ], [ 72.79, 19.06 ], [ 72.8, 19.06 ] ] ] } },
{ "type": "Feature", "properties": { "cell_id": "r17_c3", "mean_ndbi": -0.077357850474596507 }, "geometry": { "type": "Polygon", "coordinates": [ [ [ 72.81, 19.06 ], [ 72.81, 19.07 ], [ 72.8, 19.07 ], [ 72.8, 19.06 ], [ 72.81, 19.06 ] ] ] } },
{ "type": "Feature", "properties": { "cell_id": "r17_c4", "mean_ndbi": -0.095839313715047558 }, "geometry": { "type": "Polygon", "coordinates": [ [ [ 72.82, 19.06 ], [ 72.82, 19.07 ], [ 72.81, 19.07 ], [ 72.81, 19.06 ], [ 72.82, 19.06 ] ] ] } },
{ "type": "Feature", "properties": { "cell_id": "r17_c5", "mean_ndbi": -0.080904261889161153 }, "geometry": { "type": "Polygon", "coordinates": [ [ [ 72.83, 19.06 ], [ 72.83, 19.07 ], [ 72.82, 19.07 ], [ 72.82, 19.06 ], [ 72.83, 19.06 ] ] ] } },
{ "type": "Feature", "properties": { "cell_id": "r17_c6", "mean_ndbi": -0.012237840493087931 }, "geometry": { "type": "Polygon", "coordinates": [ [ [ 72.84, 19.06 ], [ 72.84, 19.07 ], [ 72.83, 19.07 ], [ 72.83, 19.06 ], [ 72.84, 19.06 ] ] ] } },
{ "type": "Feature", "properties": { "cell_id": "r17_c7", "mean_ndbi": 0.013886755799872034 }, "geometry": { "type": "Polygon", "coordinates": [ [ [ 72.85, 19.06 ], [ 72.85, 19.07 ], [ 72.84, 19.07 ], [ 72.84, 19.06 ], [ 72.85, 19.06 ] ] ] } },
{ "type": "Feature", "properties": { "cell_id": "r17_c8", "mean_ndbi": -0.0096881214873141587 }, "geometry": { "type": "Polygon", "coordinates": [ [ [ 72.86, 19.06 ], [ 72.86, 19.07 ], [ 72.85, 19.07 ], [ 72.85, 19.06 ], [ 72.86, 19.06 ] ] ] } },
{ "type": "Feature", "properties": { "cell_id": "r17_c9", "mean_ndbi": 0.016906962832622861 }, "geometry": { "type": "Polygon", "coordinates": [ [ [ 72.87, 19.06 ], [ 72.87, 19.07 ], [ 72.86, 19.07 ], [ 72.86, 19.06 ], [ 72.87, 19.06 ] ] ] } },
{ "type": "Feature", "properties": { "cell_id": "r17_c10", "mean_ndbi": 0.011030468088172046 }, "geometry": { "type": "Polygon", "coordinates": [ [ [ 72.88, 19.06 ], [ 72.88, 19.07 ], [ 72.87, 19.07 ], [ 72.87, 19.06 ], [ 72.88, 19.06 ] ] ] } },
{ "type": "Feature", "properties": { "cell_id": "r17_c11", "mean_ndbi": -0.015171194588883791 }, "geometry": { "type": "Polygon", "coordinates": [ [ [ 72.89, 19.06 ], [ 72.89, 19.07 ], [ 72.88, 19.07 ], [ 72.88, 19.06 ], [ 72.89, 19.06 ] ] ] } },
{ "type": "Feature", "properties": { "cell_id": "r17_c12", "mean_ndbi": -0.017449653444700973 }, "geometry": { "type": "Polygon", "coordinates": [ [ [ 72.9, 19.06 ], [ 72.9, 19.07 ], [ 72.89, 19.07 ], [ 72.89, 19.06 ], [ 72.9, 19.06 ] ] ] } },
{ "type": "Feature", "properties": { "cell_id": "r17_c13", "mean_ndbi": -0.049901568741323989 }, "geometry": { "type": "Polygon", "coordinates": [ [ [ 72.91, 19.06 ], [ 72.91, 19.07 ], [ 72.9, 19.07 ], [ 72.9, 19.06 ], [ 72.91, 19.06 ] ] ] } },
{ "type": "Feature", "properties": { "cell_id": "r17_c14", "mean_ndbi": -0.015805543020995318 }, "geometry": { "type": "Polygon", "coordinates": [ [ [ 72.92, 19.06 ], [ 72.92, 19.07 ], [ 72.91, 19.07 ], [ 72.91, 19.06 ], [ 72.92, 19.06 ] ] ] } },
{ "type": "Feature", "properties": { "cell_id": "r17_c15", "mean_ndbi": 0.077102470007521948 }, "geometry": { "type": "Polygon", "coordinates": [ [ [ 72.93, 19.06 ], [ 72.93, 19.07 ], [ 72.92, 19.07 ], [ 72.92, 19.06 ], [ 72.93, 19.06 ] ] ] } },
{ "type": "Feature", "properties": { "cell_id": "r17_c16", "mean_ndbi": -0.016655290758401494 }, "geometry": { "type": "Polygon", "coordinates": [ [ [ 72.94, 19.06 ], [ 72.94, 19.07 ], [ 72.93, 19.07 ], [ 72.93, 19.06 ], [ 72.94, 19.06 ] ] ] } },
{ "type": "Feature", "properties": { "cell_id": "r17_c17", "mean_ndbi": -0.12337301777323975 }, "geometry": { "type": "Polygon", "coordinates": [ [ [ 72.95, 19.06 ], [ 72.95, 19.07 ], [ 72.94, 19.07 ], [ 72.94, 19.06 ], [ 72.95, 19.06 ] ] ] } },
{ "type": "Feature", "properties": { "cell_id": "r17_c18", "mean_ndbi": -0.21614176671930688 }, "geometry": { "type": "Polygon", "coordinates": [ [ [ 72.96, 19.06 ], [ 72.96, 19.07 ], [ 72.95, 19.07 ], [ 72.95, 19.06 ], [ 72.96, 19.06 ] ] ] } },
{ "type": "Feature", "properties": { "cell_id": "r17_c19", "mean_ndbi": -0.14773165381121403 }, "geometry": { "type": "Polygon", "coordinates": [ [ [ 72.97, 19.06 ], [ 72.97, 19.07 ], [ 72.96, 19.07 ], [ 72.96, 19.06 ], [ 72.97, 19.06 ] ] ] } },
{ "type": "Feature", "properties": { "cell_id": "r17_c20", "mean_ndbi": -0.11996291764912427 }, "geometry": { "type": "Polygon", "coordinates": [ [ [ 72.980000000000103, 19.06 ], [ 72.980000000000103, 19.07 ], [ 72.97, 19.07 ], [ 72.97, 19.06 ], [ 72.980000000000103, 19.06 ] ] ] } },
{ "type": "Feature", "properties": { "cell_id": "r17_c21", "mean_ndbi": -0.16359790863579823 }, "geometry": { "type": "Polygon", "coordinates": [ [ [ 72.99, 19.06 ], [ 72.99, 19.07 ], [ 72.980000000000103, 19.07 ], [ 72.980000000000103, 19.06 ], [ 72.99, 19.06 ] ] ] } },
{ "type": "Feature", "properties": { "cell_id": "r18_c0", "mean_ndbi": -0.061978265572663456 }, "geometry": { "type": "Polygon", "coordinates": [ [ [ 72.78, 19.07 ], [ 72.78, 19.08 ], [ 72.77, 19.08 ], [ 72.77, 19.07 ], [ 72.78, 19.07 ] ] ] } },
{ "type": "Feature", "properties": { "cell_id": "r18_c1", "mean_ndbi": -0.058862155381159784 }, "geometry": { "type": "Polygon", "coordinates": [ [ [ 72.79, 19.07 ], [ 72.79, 19.08 ], [ 72.78, 19.08 ], [ 72.78, 19.07 ], [ 72.79, 19.07 ] ] ] } },
{ "type": "Feature", "properties": { "cell_id": "r18_c2", "mean_ndbi": -0.06295127974826617 }, "geometry": { "type": "Polygon", "coordinates": [ [ [ 72.8, 19.07 ], [ 72.8, 19.08 ], [ 72.79, 19.08 ], [ 72.79, 19.07 ], [ 72.8, 19.07 ] ] ] } },
{ "type": "Feature", "properties": { "cell_id": "r18_c3", "mean_ndbi": -0.086769249517698738 }, "geometry": { "type": "Polygon", "coordinates": [ [ [ 72.81, 19.07 ], [ 72.81, 19.08 ], [ 72.8, 19.08 ], [ 72.8, 19.07 ], [ 72.81, 19.07 ] ] ] } },
{ "type": "Feature", "properties": { "cell_id": "r18_c4", "mean_ndbi": -0.090145567065905041 }, "geometry": { "type": "Polygon", "coordinates": [ [ [ 72.82, 19.07 ], [ 72.82, 19.08 ], [ 72.81, 19.08 ], [ 72.81, 19.07 ], [ 72.82, 19.07 ] ] ] } },
{ "type": "Feature", "properties": { "cell_id": "r18_c5", "mean_ndbi": 0.0034962371689931529 }, "geometry": { "type": "Polygon", "coordinates": [ [ [ 72.83, 19.07 ], [ 72.83, 19.08 ], [ 72.82, 19.08 ], [ 72.82, 19.07 ], [ 72.83, 19.07 ] ] ] } },
{ "type": "Feature", "properties": { "cell_id": "r18_c6", "mean_ndbi": -0.036567937570210512 }, "geometry": { "type": "Polygon", "coordinates": [ [ [ 72.84, 19.07 ], [ 72.84, 19.08 ], [ 72.83, 19.08 ], [ 72.83, 19.07 ], [ 72.84, 19.07 ] ] ] } },
{ "type": "Feature", "properties": { "cell_id": "r18_c7", "mean_ndbi": 0.016850080484149186 }, "geometry": { "type": "Polygon", "coordinates": [ [ [ 72.85, 19.07 ], [ 72.85, 19.08 ], [ 72.84, 19.08 ], [ 72.84, 19.07 ], [ 72.85, 19.07 ] ] ] } },
{ "type": "Feature", "properties": { "cell_id": "r18_c8", "mean_ndbi": -0.028725409259051454 }, "geometry": { "type": "Polygon", "coordinates": [ [ [ 72.86, 19.07 ], [ 72.86, 19.08 ], [ 72.85, 19.08 ], [ 72.85, 19.07 ], [ 72.86, 19.07 ] ] ] } },
{ "type": "Feature", "properties": { "cell_id": "r18_c9", "mean_ndbi": -0.0089373192220438442 }, "geometry": { "type": "Polygon", "coordinates": [ [ [ 72.87, 19.07 ], [ 72.87, 19.08 ], [ 72.86, 19.08 ], [ 72.86, 19.07 ], [ 72.87, 19.07 ] ] ] } },
{ "type": "Feature", "properties": { "cell_id": "r18_c10", "mean_ndbi": 0.02378049484451572 }, "geometry": { "type": "Polygon", "coordinates": [ [ [ 72.88, 19.07 ], [ 72.88, 19.08 ], [ 72.87, 19.08 ], [ 72.87, 19.07 ], [ 72.88, 19.07 ] ] ] } },
{ "type": "Feature", "properties": { "cell_id": "r18_c11", "mean_ndbi": 0.026451602810441198 }, "geometry": { "type": "Polygon", "coordinates": [ [ [ 72.89, 19.07 ], [ 72.89, 19.08 ], [ 72.88, 19.08 ], [ 72.88, 19.07 ], [ 72.89, 19.07 ] ] ] } },
{ "type": "Feature", "properties": { "cell_id": "r18_c12", "mean_ndbi": -0.01914704963375502 }, "geometry": { "type": "Polygon", "coordinates": [ [ [ 72.9, 19.07 ], [ 72.9, 19.08 ], [ 72.89, 19.08 ], [ 72.89, 19.07 ], [ 72.9, 19.07 ] ] ] } },
{ "type": "Feature", "properties": { "cell_id": "r18_c13", "mean_ndbi": -0.043115648997256902 }, "geometry": { "type": "Polygon", "coordinates": [ [ [ 72.91, 19.07 ], [ 72.91, 19.08 ], [ 72.9, 19.08 ], [ 72.9, 19.07 ], [ 72.91, 19.07 ] ] ] } },
{ "type": "Feature", "properties": { "cell_id": "r18_c14", "mean_ndbi": -0.0048965809321863743 }, "geometry": { "type": "Polygon", "coordinates": [ [ [ 72.92, 19.07 ], [ 72.92, 19.08 ], [ 72.91, 19.08 ], [ 72.91, 19.07 ], [ 72.92, 19.07 ] ] ] } },
{ "type": "Feature", "properties": { "cell_id": "r18_c15", "mean_ndbi": -0.043256798815675304 }, "geometry": { "type": "Polygon", "coordinates": [ [ [ 72.93, 19.07 ], [ 72.93, 19.08 ], [ 72.92, 19.08 ], [ 72.92, 19.07 ], [ 72.93, 19.07 ] ] ] } },
{ "type": "Feature", "properties": { "cell_id": "r18_c16", "mean_ndbi": -0.11108031029977607 }, "geometry": { "type": "Polygon", "coordinates": [ [ [ 72.94, 19.07 ], [ 72.94, 19.08 ], [ 72.93, 19.08 ], [ 72.93, 19.07 ], [ 72.94, 19.07 ] ] ] } },
{ "type": "Feature", "properties": { "cell_id": "r18_c17", "mean_ndbi": -0.14614314611653559 }, "geometry": { "type": "Polygon", "coordinates": [ [ [ 72.95, 19.07 ], [ 72.95, 19.08 ], [ 72.94, 19.08 ], [ 72.94, 19.07 ], [ 72.95, 19.07 ] ] ] } },
{ "type": "Feature", "properties": { "cell_id": "r18_c18", "mean_ndbi": -0.26129537920743756 }, "geometry": { "type": "Polygon", "coordinates": [ [ [ 72.96, 19.07 ], [ 72.96, 19.08 ], [ 72.95, 19.08 ], [ 72.95, 19.07 ], [ 72.96, 19.07 ] ] ] } },
{ "type": "Feature", "properties": { "cell_id": "r18_c19", "mean_ndbi": -0.16629558843699069 }, "geometry": { "type": "Polygon", "coordinates": [ [ [ 72.97, 19.07 ], [ 72.97, 19.08 ], [ 72.96, 19.08 ], [ 72.96, 19.07 ], [ 72.97, 19.07 ] ] ] } },
{ "type": "Feature", "properties": { "cell_id": "r18_c20", "mean_ndbi": -0.17341180722595131 }, "geometry": { "type": "Polygon", "coordinates": [ [ [ 72.980000000000103, 19.07 ], [ 72.980000000000103, 19.08 ], [ 72.97, 19.08 ], [ 72.97, 19.07 ], [ 72.980000000000103, 19.07 ] ] ] } },
{ "type": "Feature", "properties": { "cell_id": "r18_c21", "mean_ndbi": -0.15000166165670009 }, "geometry": { "type": "Polygon", "coordinates": [ [ [ 72.99, 19.07 ], [ 72.99, 19.08 ], [ 72.980000000000103, 19.08 ], [ 72.980000000000103, 19.07 ], [ 72.99, 19.07 ] ] ] } },
{ "type": "Feature", "properties": { "cell_id": "r19_c0", "mean_ndbi": -0.060071459584188816 }, "geometry": { "type": "Polygon", "coordinates": [ [ [ 72.78, 19.08 ], [ 72.78, 19.09 ], [ 72.77, 19.09 ], [ 72.77, 19.08 ], [ 72.78, 19.08 ] ] ] } },
{ "type": "Feature", "properties": { "cell_id": "r19_c1", "mean_ndbi": -0.061793580889464114 }, "geometry": { "type": "Polygon", "coordinates": [ [ [ 72.79, 19.08 ], [ 72.79, 19.09 ], [ 72.78, 19.09 ], [ 72.78, 19.08 ], [ 72.79, 19.08 ] ] ] } },
{ "type": "Feature", "properties": { "cell_id": "r19_c2", "mean_ndbi": -0.065283623251380082 }, "geometry": { "type": "Polygon", "coordinates": [ [ [ 72.8, 19.08 ], [ 72.8, 19.09 ], [ 72.79, 19.09 ], [ 72.79, 19.08 ], [ 72.8, 19.08 ] ] ] } },
{ "type": "Feature", "properties": { "cell_id": "r19_c3", "mean_ndbi": -0.071597067956820887 }, "geometry": { "type": "Polygon", "coordinates": [ [ [ 72.81, 19.08 ], [ 72.81, 19.09 ], [ 72.8, 19.09 ], [ 72.8, 19.08 ], [ 72.81, 19.08 ] ] ] } },
{ "type": "Feature", "properties": { "cell_id": "r19_c4", "mean_ndbi": -0.08490578255389554 }, "geometry": { "type": "Polygon", "coordinates": [ [ [ 72.82, 19.08 ], [ 72.82, 19.09 ], [ 72.81, 19.09 ], [ 72.81, 19.08 ], [ 72.82, 19.08 ] ] ] } },
{ "type": "Feature", "properties": { "cell_id": "r19_c5", "mean_ndbi": -0.028615218169681374 }, "geometry": { "type": "Polygon", "coordinates": [ [ [ 72.83, 19.08 ], [ 72.83, 19.09 ], [ 72.82, 19.09 ], [ 72.82, 19.08 ], [ 72.83, 19.08 ] ] ] } },
{ "type": "Feature", "properties": { "cell_id": "r19_c6", "mean_ndbi": -0.029326374014438935 }, "geometry": { "type": "Polygon", "coordinates": [ [ [ 72.84, 19.08 ], [ 72.84, 19.09 ], [ 72.83, 19.09 ], [ 72.83, 19.08 ], [ 72.84, 19.08 ] ] ] } },
{ "type": "Feature", "properties": { "cell_id": "r19_c7", "mean_ndbi": 0.029096794545937468 }, "geometry": { "type": "Polygon", "coordinates": [ [ [ 72.85, 19.08 ], [ 72.85, 19.09 ], [ 72.84, 19.09 ], [ 72.84, 19.08 ], [ 72.85, 19.08 ] ] ] } },
{ "type": "Feature", "properties": { "cell_id": "r19_c8", "mean_ndbi": 0.044469415690183478 }, "geometry": { "type": "Polygon", "coordinates": [ [ [ 72.86, 19.08 ], [ 72.86, 19.09 ], [ 72.85, 19.09 ], [ 72.85, 19.08 ], [ 72.86, 19.08 ] ] ] } },
{ "type": "Feature", "properties": { "cell_id": "r19_c9", "mean_ndbi": 0.041617057835868262 }, "geometry": { "type": "Polygon", "coordinates": [ [ [ 72.87, 19.08 ], [ 72.87, 19.09 ], [ 72.86, 19.09 ], [ 72.86, 19.08 ], [ 72.87, 19.08 ] ] ] } },
{ "type": "Feature", "properties": { "cell_id": "r19_c10", "mean_ndbi": 0.064274624790122692 }, "geometry": { "type": "Polygon", "coordinates": [ [ [ 72.88, 19.08 ], [ 72.88, 19.09 ], [ 72.87, 19.09 ], [ 72.87, 19.08 ], [ 72.88, 19.08 ] ] ] } },
{ "type": "Feature", "properties": { "cell_id": "r19_c11", "mean_ndbi": 0.033565570422331152 }, "geometry": { "type": "Polygon", "coordinates": [ [ [ 72.89, 19.08 ], [ 72.89, 19.09 ], [ 72.88, 19.09 ], [ 72.88, 19.08 ], [ 72.89, 19.08 ] ] ] } },
{ "type": "Feature", "properties": { "cell_id": "r19_c12", "mean_ndbi": 0.00063301574694509379 }, "geometry": { "type": "Polygon", "coordinates": [ [ [ 72.9, 19.08 ], [ 72.9, 19.09 ], [ 72.89, 19.09 ], [ 72.89, 19.08 ], [ 72.9, 19.08 ] ] ] } },
{ "type": "Feature", "properties": { "cell_id": "r19_c13", "mean_ndbi": -0.028043585536672678 }, "geometry": { "type": "Polygon", "coordinates": [ [ [ 72.91, 19.08 ], [ 72.91, 19.09 ], [ 72.9, 19.09 ], [ 72.9, 19.08 ], [ 72.91, 19.08 ] ] ] } },
{ "type": "Feature", "properties": { "cell_id": "r19_c14", "mean_ndbi": -0.035120699104869799 }, "geometry": { "type": "Polygon", "coordinates": [ [ [ 72.92, 19.08 ], [ 72.92, 19.09 ], [ 72.91, 19.09 ], [ 72.91, 19.08 ], [ 72.92, 19.08 ] ] ] } },
{ "type": "Feature", "properties": { "cell_id": "r19_c15", "mean_ndbi": -0.1734584078005916 }, "geometry": { "type": "Polygon", "coordinates": [ [ [ 72.93, 19.08 ], [ 72.93, 19.09 ], [ 72.92, 19.09 ], [ 72.92, 19.08 ], [ 72.93, 19.08 ] ] ] } },
{ "type": "Feature", "properties": { "cell_id": "r19_c16", "mean_ndbi": -0.11344627531196744 }, "geometry": { "type": "Polygon", "coordinates": [ [ [ 72.94, 19.08 ], [ 72.94, 19.09 ], [ 72.93, 19.09 ], [ 72.93, 19.08 ], [ 72.94, 19.08 ] ] ] } },
{ "type": "Feature", "properties": { "cell_id": "r19_c17", "mean_ndbi": -0.14992600774937667 }, "geometry": { "type": "Polygon", "coordinates": [ [ [ 72.95, 19.08 ], [ 72.95, 19.09 ], [ 72.94, 19.09 ], [ 72.94, 19.08 ], [ 72.95, 19.08 ] ] ] } },
{ "type": "Feature", "properties": { "cell_id": "r19_c18", "mean_ndbi": -0.2847359980527856 }, "geometry": { "type": "Polygon", "coordinates": [ [ [ 72.96, 19.08 ], [ 72.96, 19.09 ], [ 72.95, 19.09 ], [ 72.95, 19.08 ], [ 72.96, 19.08 ] ] ] } },
{ "type": "Feature", "properties": { "cell_id": "r19_c19", "mean_ndbi": -0.19819358030207934 }, "geometry": { "type": "Polygon", "coordinates": [ [ [ 72.97, 19.08 ], [ 72.97, 19.09 ], [ 72.96, 19.09 ], [ 72.96, 19.08 ], [ 72.97, 19.08 ] ] ] } },
{ "type": "Feature", "properties": { "cell_id": "r19_c20", "mean_ndbi": -0.24952154007741034 }, "geometry": { "type": "Polygon", "coordinates": [ [ [ 72.980000000000103, 19.08 ], [ 72.980000000000103, 19.09 ], [ 72.97, 19.09 ], [ 72.97, 19.08 ], [ 72.980000000000103, 19.08 ] ] ] } },
{ "type": "Feature", "properties": { "cell_id": "r19_c21", "mean_ndbi": -0.26210233472214273 }, "geometry": { "type": "Polygon", "coordinates": [ [ [ 72.99, 19.08 ], [ 72.99, 19.09 ], [ 72.980000000000103, 19.09 ], [ 72.980000000000103, 19.08 ], [ 72.99, 19.08 ] ] ] } },
{ "type": "Feature", "properties": { "cell_id": "r20_c0", "mean_ndbi": -0.062040148614617839 }, "geometry": { "type": "Polygon", "coordinates": [ [ [ 72.78, 19.09 ], [ 72.78, 19.1 ], [ 72.77, 19.1 ], [ 72.77, 19.09 ], [ 72.78, 19.09 ] ] ] } },
{ "type": "Feature", "properties": { "cell_id": "r20_c1", "mean_ndbi": -0.0658792954588895 }, "geometry": { "type": "Polygon", "coordinates": [ [ [ 72.79, 19.09 ], [ 72.79, 19.1 ], [ 72.78, 19.1 ], [ 72.78, 19.09 ], [ 72.79, 19.09 ] ] ] } },
{ "type": "Feature", "properties": { "cell_id": "r20_c2", "mean_ndbi": -0.076275777923792767 }, "geometry": { "type": "Polygon", "coordinates": [ [ [ 72.8, 19.09 ], [ 72.8, 19.1 ], [ 72.79, 19.1 ], [ 72.79, 19.09 ], [ 72.8, 19.09 ] ] ] } },
{ "type": "Feature", "properties": { "cell_id": "r20_c3", "mean_ndbi": -0.077818030904140204 }, "geometry": { "type": "Polygon", "coordinates": [ [ [ 72.81, 19.09 ], [ 72.81, 19.1 ], [ 72.8, 19.1 ], [ 72.8, 19.09 ], [ 72.81, 19.09 ] ] ] } },
{ "type": "Feature", "properties": { "cell_id": "r20_c4", "mean_ndbi": -0.079097169259779526 }, "geometry": { "type": "Polygon", "coordinates": [ [ [ 72.82, 19.09 ], [ 72.82, 19.1 ], [ 72.81, 19.1 ], [ 72.81, 19.09 ], [ 72.82, 19.09 ] ] ] } },
{ "type": "Feature", "properties": { "cell_id": "r20_c5", "mean_ndbi": -0.058013374139968564 }, "geometry": { "type": "Polygon", "coordinates": [ [ [ 72.83, 19.09 ], [ 72.83, 19.1 ], [ 72.82, 19.1 ], [ 72.82, 19.09 ], [ 72.83, 19.09 ] ] ] } },
{ "type": "Feature", "properties": { "cell_id": "r20_c6", "mean_ndbi": 0.033356972801319183 }, "geometry": { "type": "Polygon", "coordinates": [ [ [ 72.84, 19.09 ], [ 72.84, 19.1 ], [ 72.83, 19.1 ], [ 72.83, 19.09 ], [ 72.84, 19.09 ] ] ] } },
{ "type": "Feature", "properties": { "cell_id": "r20_c7", "mean_ndbi": -0.016639516841680763 }, "geometry": { "type": "Polygon", "coordinates": [ [ [ 72.85, 19.09 ], [ 72.85, 19.1 ], [ 72.84, 19.1 ], [ 72.84, 19.09 ], [ 72.85, 19.09 ] ] ] } },
{ "type": "Feature", "properties": { "cell_id": "r20_c8", "mean_ndbi": 0.032167367463440698 }, "geometry": { "type": "Polygon", "coordinates": [ [ [ 72.86, 19.09 ], [ 72.86, 19.1 ], [ 72.85, 19.1 ], [ 72.85, 19.09 ], [ 72.86, 19.09 ] ] ] } },
{ "type": "Feature", "properties": { "cell_id": "r20_c9", "mean_ndbi": 0.063292661406124565 }, "geometry": { "type": "Polygon", "coordinates": [ [ [ 72.87, 19.09 ], [ 72.87, 19.1 ], [ 72.86, 19.1 ], [ 72.86, 19.09 ], [ 72.87, 19.09 ] ] ] } },
{ "type": "Feature", "properties": { "cell_id": "r20_c10", "mean_ndbi": 0.059189391375487128 }, "geometry": { "type": "Polygon", "coordinates": [ [ [ 72.88, 19.09 ], [ 72.88, 19.1 ], [ 72.87, 19.1 ], [ 72.87, 19.09 ], [ 72.88, 19.09 ] ] ] } },
{ "type": "Feature", "properties": { "cell_id": "r20_c11", "mean_ndbi": 0.064457965734916703 }, "geometry": { "type": "Polygon", "coordinates": [ [ [ 72.89, 19.09 ], [ 72.89, 19.1 ], [ 72.88, 19.1 ], [ 72.88, 19.09 ], [ 72.89, 19.09 ] ] ] } },
{ "type": "Feature", "properties": { "cell_id": "r20_c12", "mean_ndbi": 0.075597486792377405 }, "geometry": { "type": "Polygon", "coordinates": [ [ [ 72.9, 19.09 ], [ 72.9, 19.1 ], [ 72.89, 19.1 ], [ 72.89, 19.09 ], [ 72.9, 19.09 ] ] ] } },
{ "type": "Feature", "properties": { "cell_id": "r20_c13", "mean_ndbi": 0.017150316326267328 }, "geometry": { "type": "Polygon", "coordinates": [ [ [ 72.91, 19.09 ], [ 72.91, 19.1 ], [ 72.9, 19.1 ], [ 72.9, 19.09 ], [ 72.91, 19.09 ] ] ] } },
{ "type": "Feature", "properties": { "cell_id": "r20_c14", "mean_ndbi": -0.00066733961958734039 }, "geometry": { "type": "Polygon", "coordinates": [ [ [ 72.92, 19.09 ], [ 72.92, 19.1 ], [ 72.91, 19.1 ], [ 72.91, 19.09 ], [ 72.92, 19.09 ] ] ] } },
{ "type": "Feature", "properties": { "cell_id": "r20_c15", "mean_ndbi": -0.0074397485797879775 }, "geometry": { "type": "Polygon", "coordinates": [ [ [ 72.93, 19.09 ], [ 72.93, 19.1 ], [ 72.92, 19.1 ], [ 72.92, 19.09 ], [ 72.93, 19.09 ] ] ] } },
{ "type": "Feature", "properties": { "cell_id": "r20_c16", "mean_ndbi": -0.12655760317849774 }, "geometry": { "type": "Polygon", "coordinates": [ [ [ 72.94, 19.09 ], [ 72.94, 19.1 ], [ 72.93, 19.1 ], [ 72.93, 19.09 ], [ 72.94, 19.09 ] ] ] } },
{ "type": "Feature", "properties": { "cell_id": "r20_c17", "mean_ndbi": -0.2789744090543661 }, "geometry": { "type": "Polygon", "coordinates": [ [ [ 72.95, 19.09 ], [ 72.95, 19.1 ], [ 72.94, 19.1 ], [ 72.94, 19.09 ], [ 72.95, 19.09 ] ] ] } },
{ "type": "Feature", "properties": { "cell_id": "r20_c18", "mean_ndbi": -0.29958725596710128 }, "geometry": { "type": "Polygon", "coordinates": [ [ [ 72.96, 19.09 ], [ 72.96, 19.1 ], [ 72.95, 19.1 ], [ 72.95, 19.09 ], [ 72.96, 19.09 ] ] ] } },
{ "type": "Feature", "properties": { "cell_id": "r20_c19", "mean_ndbi": -0.17744762162015734 }, "geometry": { "type": "Polygon", "coordinates": [ [ [ 72.97, 19.09 ], [ 72.97, 19.1 ], [ 72.96, 19.1 ], [ 72.96, 19.09 ], [ 72.97, 19.09 ] ] ] } },
{ "type": "Feature", "properties": { "cell_id": "r20_c20", "mean_ndbi": -0.25670957028236285 }, "geometry": { "type": "Polygon", "coordinates": [ [ [ 72.980000000000103, 19.09 ], [ 72.980000000000103, 19.1 ], [ 72.97, 19.1 ], [ 72.97, 19.09 ], [ 72.980000000000103, 19.09 ] ] ] } },
{ "type": "Feature", "properties": { "cell_id": "r20_c21", "mean_ndbi": -0.2601420193391899 }, "geometry": { "type": "Polygon", "coordinates": [ [ [ 72.99, 19.09 ], [ 72.99, 19.1 ], [ 72.980000000000103, 19.1 ], [ 72.980000000000103, 19.09 ], [ 72.99, 19.09 ] ] ] } },
{ "type": "Feature", "properties": { "cell_id": "r21_c0", "mean_ndbi": -0.065116195494455784 }, "geometry": { "type": "Polygon", "coordinates": [ [ [ 72.78, 19.1 ], [ 72.78, 19.11 ], [ 72.77, 19.11 ], [ 72.77, 19.1 ], [ 72.78, 19.1 ] ] ] } },
{ "type": "Feature", "properties": { "cell_id": "r21_c1", "mean_ndbi": -0.06996576296116129 }, "geometry": { "type": "Polygon", "coordinates": [ [ [ 72.79, 19.1 ], [ 72.79, 19.11 ], [ 72.78, 19.11 ], [ 72.78, 19.1 ], [ 72.79, 19.1 ] ] ] } },
{ "type": "Feature", "properties": { "cell_id": "r21_c2", "mean_ndbi": -0.068949433071390467 }, "geometry": { "type": "Polygon", "coordinates": [ [ [ 72.8, 19.1 ], [ 72.8, 19.11 ], [ 72.79, 19.11 ], [ 72.79, 19.1 ], [ 72.8, 19.1 ] ] ] } },
{ "type": "Feature", "properties": { "cell_id": "r21_c3", "mean_ndbi": -0.072863617951115872 }, "geometry": { "type": "Polygon", "coordinates": [ [ [ 72.81, 19.1 ], [ 72.81, 19.11 ], [ 72.8, 19.11 ], [ 72.8, 19.1 ], [ 72.81, 19.1 ] ] ] } },
{ "type": "Feature", "properties": { "cell_id": "r21_c4", "mean_ndbi": -0.08067362174413463 }, "geometry": { "type": "Polygon", "coordinates": [ [ [ 72.82, 19.1 ], [ 72.82, 19.11 ], [ 72.81, 19.11 ], [ 72.81, 19.1 ], [ 72.82, 19.1 ] ] ] } },
{ "type": "Feature", "properties": { "cell_id": "r21_c5", "mean_ndbi": -0.082129340817081342 }, "geometry": { "type": "Polygon", "coordinates": [ [ [ 72.83, 19.1 ], [ 72.83, 19.11 ], [ 72.82, 19.11 ], [ 72.82, 19.1 ], [ 72.83, 19.1 ] ] ] } },
{ "type": "Feature", "properties": { "cell_id": "r21_c6", "mean_ndbi": -0.038415825703689316 }, "geometry": { "type": "Polygon", "coordinates": [ [ [ 72.84, 19.1 ], [ 72.84, 19.11 ], [ 72.83, 19.11 ], [ 72.83, 19.1 ], [ 72.84, 19.1 ] ] ] } },
{ "type": "Feature", "properties": { "cell_id": "r21_c7", "mean_ndbi": -0.036746920397165705 }, "geometry": { "type": "Polygon", "coordinates": [ [ [ 72.85, 19.1 ], [ 72.85, 19.11 ], [ 72.84, 19.11 ], [ 72.84, 19.1 ], [ 72.85, 19.1 ] ] ] } },
{ "type": "Feature", "properties": { "cell_id": "r21_c8", "mean_ndbi": -0.032163157368046182 }, "geometry": { "type": "Polygon", "coordinates": [ [ [ 72.86, 19.1 ], [ 72.86, 19.11 ], [ 72.85, 19.11 ], [ 72.85, 19.1 ], [ 72.86, 19.1 ] ] ] } },
{ "type": "Feature", "properties": { "cell_id": "r21_c9", "mean_ndbi": -0.024461211867914889 }, "geometry": { "type": "Polygon", "coordinates": [ [ [ 72.87, 19.1 ], [ 72.87, 19.11 ], [ 72.86, 19.11 ], [ 72.86, 19.1 ], [ 72.87, 19.1 ] ] ] } },
{ "type": "Feature", "properties": { "cell_id": "r21_c10", "mean_ndbi": 0.0053608481922892805 }, "geometry": { "type": "Polygon", "coordinates": [ [ [ 72.88, 19.1 ], [ 72.88, 19.11 ], [ 72.87, 19.11 ], [ 72.87, 19.1 ], [ 72.88, 19.1 ] ] ] } },
{ "type": "Feature", "properties": { "cell_id": "r21_c11", "mean_ndbi": 0.011975644056001853 }, "geometry": { "type": "Polygon", "coordinates": [ [ [ 72.89, 19.1 ], [ 72.89, 19.11 ], [ 72.88, 19.11 ], [ 72.88, 19.1 ], [ 72.89, 19.1 ] ] ] } },
{ "type": "Feature", "properties": { "cell_id": "r21_c12", "mean_ndbi": 0.064864931456449962 }, "geometry": { "type": "Polygon", "coordinates": [ [ [ 72.9, 19.1 ], [ 72.9, 19.11 ], [ 72.89, 19.11 ], [ 72.89, 19.1 ], [ 72.9, 19.1 ] ] ] } },
{ "type": "Feature", "properties": { "cell_id": "r21_c13", "mean_ndbi": 0.015482136521987355 }, "geometry": { "type": "Polygon", "coordinates": [ [ [ 72.91, 19.1 ], [ 72.91, 19.11 ], [ 72.9, 19.11 ], [ 72.9, 19.1 ], [ 72.91, 19.1 ] ] ] } },
{ "type": "Feature", "properties": { "cell_id": "r21_c14", "mean_ndbi": 0.02164801799463479 }, "geometry": { "type": "Polygon", "coordinates": [ [ [ 72.92, 19.1 ], [ 72.92, 19.11 ], [ 72.91, 19.11 ], [ 72.91, 19.1 ], [ 72.92, 19.1 ] ] ] } },
{ "type": "Feature", "properties": { "cell_id": "r21_c15", "mean_ndbi": -0.034163925901928453 }, "geometry": { "type": "Polygon", "coordinates": [ [ [ 72.93, 19.1 ], [ 72.93, 19.11 ], [ 72.92, 19.11 ], [ 72.92, 19.1 ], [ 72.93, 19.1 ] ] ] } },
{ "type": "Feature", "properties": { "cell_id": "r21_c16", "mean_ndbi": -0.058932031027508561 }, "geometry": { "type": "Polygon", "coordinates": [ [ [ 72.94, 19.1 ], [ 72.94, 19.11 ], [ 72.93, 19.11 ], [ 72.93, 19.1 ], [ 72.94, 19.1 ] ] ] } },
{ "type": "Feature", "properties": { "cell_id": "r21_c17", "mean_ndbi": -0.18317063814753393 }, "geometry": { "type": "Polygon", "coordinates": [ [ [ 72.95, 19.1 ], [ 72.95, 19.11 ], [ 72.94, 19.11 ], [ 72.94, 19.1 ], [ 72.95, 19.1 ] ] ] } },
{ "type": "Feature", "properties": { "cell_id": "r21_c18", "mean_ndbi": -0.32238639643122385 }, "geometry": { "type": "Polygon", "coordinates": [ [ [ 72.96, 19.1 ], [ 72.96, 19.11 ], [ 72.95, 19.11 ], [ 72.95, 19.1 ], [ 72.96, 19.1 ] ] ] } },
{ "type": "Feature", "properties": { "cell_id": "r21_c19", "mean_ndbi": -0.20360352570145709 }, "geometry": { "type": "Polygon", "coordinates": [ [ [ 72.97, 19.1 ], [ 72.97, 19.11 ], [ 72.96, 19.11 ], [ 72.96, 19.1 ], [ 72.97, 19.1 ] ] ] } },
{ "type": "Feature", "properties": { "cell_id": "r21_c20", "mean_ndbi": -0.23230509021065363 }, "geometry": { "type": "Polygon", "coordinates": [ [ [ 72.980000000000103, 19.1 ], [ 72.980000000000103, 19.11 ], [ 72.97, 19.11 ], [ 72.97, 19.1 ], [ 72.980000000000103, 19.1 ] ] ] } },
{ "type": "Feature", "properties": { "cell_id": "r21_c21", "mean_ndbi": -0.2887750380871752 }, "geometry": { "type": "Polygon", "coordinates": [ [ [ 72.99, 19.1 ], [ 72.99, 19.11 ], [ 72.980000000000103, 19.11 ], [ 72.980000000000103, 19.1 ], [ 72.99, 19.1 ] ] ] } },
{ "type": "Feature", "properties": { "cell_id": "r22_c0", "mean_ndbi": -0.069343887317183092 }, "geometry": { "type": "Polygon", "coordinates": [ [ [ 72.78, 19.11 ], [ 72.78, 19.12 ], [ 72.77, 19.12 ], [ 72.77, 19.11 ], [ 72.78, 19.11 ] ] ] } },
{ "type": "Feature", "properties": { "cell_id": "r22_c1", "mean_ndbi": -0.079726624963478765 }, "geometry": { "type": "Polygon", "coordinates": [ [ [ 72.79, 19.11 ], [ 72.79, 19.12 ], [ 72.78, 19.12 ], [ 72.78, 19.11 ], [ 72.79, 19.11 ] ] ] } },
{ "type": "Feature", "properties": { "cell_id": "r22_c2", "mean_ndbi": -0.05971255655067418 }, "geometry": { "type": "Polygon", "coordinates": [ [ [ 72.8, 19.11 ], [ 72.8, 19.12 ], [ 72.79, 19.12 ], [ 72.79, 19.11 ], [ 72.8, 19.11 ] ] ] } },
{ "type": "Feature", "properties": { "cell_id": "r22_c3", "mean_ndbi": -0.061415499140361353 }, "geometry": { "type": "Polygon", "coordinates": [ [ [ 72.81, 19.11 ], [ 72.81, 19.12 ], [ 72.8, 19.12 ], [ 72.8, 19.11 ], [ 72.81, 19.11 ] ] ] } },
{ "type": "Feature", "properties": { "cell_id": "r22_c4", "mean_ndbi": -0.076894161174500472 }, "geometry": { "type": "Polygon", "coordinates": [ [ [ 72.82, 19.11 ], [ 72.82, 19.12 ], [ 72.81, 19.12 ], [ 72.81, 19.11 ], [ 72.82, 19.11 ] ] ] } },
{ "type": "Feature", "properties": { "cell_id": "r22_c5", "mean_ndbi": -0.051770114786462873 }, "geometry": { "type": "Polygon", "coordinates": [ [ [ 72.83, 19.11 ], [ 72.83, 19.12 ], [ 72.82, 19.12 ], [ 72.82, 19.11 ], [ 72.83, 19.11 ] ] ] } },
{ "type": "Feature", "properties": { "cell_id": "r22_c6", "mean_ndbi": 0.00093145130946735194 }, "geometry": { "type": "Polygon", "coordinates": [ [ [ 72.84, 19.11 ], [ 72.84, 19.12 ], [ 72.83, 19.12 ], [ 72.83, 19.11 ], [ 72.84, 19.11 ] ] ] } },
{ "type": "Feature", "properties": { "cell_id": "r22_c7", "mean_ndbi": -0.022494049111085129 }, "geometry": { "type": "Polygon", "coordinates": [ [ [ 72.85, 19.11 ], [ 72.85, 19.12 ], [ 72.84, 19.12 ], [ 72.84, 19.11 ], [ 72.85, 19.11 ] ] ] } },
{ "type": "Feature", "properties": { "cell_id": "r22_c8", "mean_ndbi": -0.019676682443547103 }, "geometry": { "type": "Polygon", "coordinates": [ [ [ 72.86, 19.11 ], [ 72.86, 19.12 ], [ 72.85, 19.12 ], [ 72.85, 19.11 ], [ 72.86, 19.11 ] ] ] } },
{ "type": "Feature", "properties": { "cell_id": "r22_c9", "mean_ndbi": -0.013012505189001771 }, "geometry": { "type": "Polygon", "coordinates": [ [ [ 72.87, 19.11 ], [ 72.87, 19.12 ], [ 72.86, 19.12 ], [ 72.86, 19.11 ], [ 72.87, 19.11 ] ] ] } },
{ "type": "Feature", "properties": { "cell_id": "r22_c10", "mean_ndbi": 0.0039935672148988348 }, "geometry": { "type": "Polygon", "coordinates": [ [ [ 72.88, 19.11 ], [ 72.88, 19.12 ], [ 72.87, 19.12 ], [ 72.87, 19.11 ], [ 72.88, 19.11 ] ] ] } },
{ "type": "Feature", "properties": { "cell_id": "r22_c11", "mean_ndbi": -0.03015469671299878 }, "geometry": { "type": "Polygon", "coordinates": [ [ [ 72.89, 19.11 ], [ 72.89, 19.12 ], [ 72.88, 19.12 ], [ 72.88, 19.11 ], [ 72.89, 19.11 ] ] ] } },
{ "type": "Feature", "properties": { "cell_id": "r22_c12", "mean_ndbi": -0.024957809431103234 }, "geometry": { "type": "Polygon", "coordinates": [ [ [ 72.9, 19.11 ], [ 72.9, 19.12 ], [ 72.89, 19.12 ], [ 72.89, 19.11 ], [ 72.9, 19.11 ] ] ] } },
{ "type": "Feature", "properties": { "cell_id": "r22_c13", "mean_ndbi": -0.053615715915968087 }, "geometry": { "type": "Polygon", "coordinates": [ [ [ 72.91, 19.11 ], [ 72.91, 19.12 ], [ 72.9, 19.12 ], [ 72.9, 19.11 ], [ 72.91, 19.11 ] ] ] } },
{ "type": "Feature", "properties": { "cell_id": "r22_c14", "mean_ndbi": 0.0098574380752124834 }, "geometry": { "type": "Polygon", "coordinates": [ [ [ 72.92, 19.11 ], [ 72.92, 19.12 ], [ 72.91, 19.12 ], [ 72.91, 19.11 ], [ 72.92, 19.11 ] ] ] } },
{ "type": "Feature", "properties": { "cell_id": "r22_c15", "mean_ndbi": 0.015869261161577698 }, "geometry": { "type": "Polygon", "coordinates": [ [ [ 72.93, 19.11 ], [ 72.93, 19.12 ], [ 72.92, 19.12 ], [ 72.92, 19.11 ], [ 72.93, 19.11 ] ] ] } },
{ "type": "Feature", "properties": { "cell_id": "r22_c16", "mean_ndbi": -0.013486696782242886 }, "geometry": { "type": "Polygon", "coordinates": [ [ [ 72.94, 19.11 ], [ 72.94, 19.12 ], [ 72.93, 19.12 ], [ 72.93, 19.11 ], [ 72.94, 19.11 ] ] ] } },
{ "type": "Feature", "properties": { "cell_id": "r22_c17", "mean_ndbi": -0.22548185133609011 }, "geometry": { "type": "Polygon", "coordinates": [ [ [ 72.95, 19.11 ], [ 72.95, 19.12 ], [ 72.94, 19.12 ], [ 72.94, 19.11 ], [ 72.95, 19.11 ] ] ] } },
{ "type": "Feature", "properties": { "cell_id": "r22_c18", "mean_ndbi": -0.29757671717226108 }, "geometry": { "type": "Polygon", "coordinates": [ [ [ 72.96, 19.11 ], [ 72.96, 19.12 ], [ 72.95, 19.12 ], [ 72.95, 19.11 ], [ 72.96, 19.11 ] ] ] } },
{ "type": "Feature", "properties": { "cell_id": "r22_c19", "mean_ndbi": -0.27590288885880088 }, "geometry": { "type": "Polygon", "coordinates": [ [ [ 72.97, 19.11 ], [ 72.97, 19.12 ], [ 72.96, 19.12 ], [ 72.96, 19.11 ], [ 72.97, 19.11 ] ] ] } },
{ "type": "Feature", "properties": { "cell_id": "r22_c20", "mean_ndbi": -0.23386372992827464 }, "geometry": { "type": "Polygon", "coordinates": [ [ [ 72.980000000000103, 19.11 ], [ 72.980000000000103, 19.12 ], [ 72.97, 19.12 ], [ 72.97, 19.11 ], [ 72.980000000000103, 19.11 ] ] ] } },
{ "type": "Feature", "properties": { "cell_id": "r22_c21", "mean_ndbi": -0.28144287383687738 }, "geometry": { "type": "Polygon", "coordinates": [ [ [ 72.99, 19.11 ], [ 72.99, 19.12 ], [ 72.980000000000103, 19.12 ], [ 72.980000000000103, 19.11 ], [ 72.99, 19.11 ] ] ] } },
{ "type": "Feature", "properties": { "cell_id": "r23_c0", "mean_ndbi": -0.082875929567761616 }, "geometry": { "type": "Polygon", "coordinates": [ [ [ 72.78, 19.12 ], [ 72.78, 19.13 ], [ 72.77, 19.13 ], [ 72.77, 19.12 ], [ 72.78, 19.12 ] ] ] } },
{ "type": "Feature", "properties": { "cell_id": "r23_c1", "mean_ndbi": -0.071234550871426147 }, "geometry": { "type": "Polygon", "coordinates": [ [ [ 72.79, 19.12 ], [ 72.79, 19.13 ], [ 72.78, 19.13 ], [ 72.78, 19.12 ], [ 72.79, 19.12 ] ] ] } },
{ "type": "Feature", "properties": { "cell_id": "r23_c2", "mean_ndbi": -0.056437813935462086 }, "geometry": { "type": "Polygon", "coordinates": [ [ [ 72.8, 19.12 ], [ 72.8, 19.13 ], [ 72.79, 19.13 ], [ 72.79, 19.12 ], [ 72.8, 19.12 ] ] ] } },
{ "type": "Feature", "properties": { "cell_id": "r23_c3", "mean_ndbi": -0.05720298344257687 }, "geometry": { "type": "Polygon", "coordinates": [ [ [ 72.81, 19.12 ], [ 72.81, 19.13 ], [ 72.8, 19.13 ], [ 72.8, 19.12 ], [ 72.81, 19.12 ] ] ] } },
{ "type": "Feature", "properties": { "cell_id": "r23_c4", "mean_ndbi": -0.06272904247678264 }, "geometry": { "type": "Polygon", "coordinates": [ [ [ 72.82, 19.12 ], [ 72.82, 19.13 ], [ 72.81, 19.13 ], [ 72.81, 19.12 ], [ 72.82, 19.12 ] ] ] } },
{ "type": "Feature", "properties": { "cell_id": "r23_c5", "mean_ndbi": -0.061740712778783811 }, "geometry": { "type": "Polygon", "coordinates": [ [ [ 72.83, 19.12 ], [ 72.83, 19.13 ], [ 72.82, 19.13 ], [ 72.82, 19.12 ], [ 72.83, 19.12 ] ] ] } },
{ "type": "Feature", "properties": { "cell_id": "r23_c6", "mean_ndbi": -0.0065727807882801793 }, "geometry": { "type": "Polygon", "coordinates": [ [ [ 72.84, 19.12 ], [ 72.84, 19.13 ], [ 72.83, 19.13 ], [ 72.83, 19.12 ], [ 72.84, 19.12 ] ] ] } },
{ "type": "Feature", "properties": { "cell_id": "r23_c7", "mean_ndbi": 0.0070802637926181966 }, "geometry": { "type": "Polygon", "coordinates": [ [ [ 72.85, 19.12 ], [ 72.85, 19.13 ], [ 72.84, 19.13 ], [ 72.84, 19.12 ], [ 72.85, 19.12 ] ] ] } },
{ "type": "Feature", "properties": { "cell_id": "r23_c8", "mean_ndbi": 0.0058949074842938338 }, "geometry": { "type": "Polygon", "coordinates": [ [ [ 72.86, 19.12 ], [ 72.86, 19.13 ], [ 72.85, 19.13 ], [ 72.85, 19.12 ], [ 72.86, 19.12 ] ] ] } },
{ "type": "Feature", "properties": { "cell_id": "r23_c9", "mean_ndbi": -0.012003050189413717 }, "geometry": { "type": "Polygon", "coordinates": [ [ [ 72.87, 19.12 ], [ 72.87, 19.13 ], [ 72.86, 19.13 ], [ 72.86, 19.12 ], [ 72.87, 19.12 ] ] ] } },
{ "type": "Feature", "properties": { "cell_id": "r23_c10", "mean_ndbi": -0.016369139695192679 }, "geometry": { "type": "Polygon", "coordinates": [ [ [ 72.88, 19.12 ], [ 72.88, 19.13 ], [ 72.87, 19.13 ], [ 72.87, 19.12 ], [ 72.88, 19.12 ] ] ] } },
{ "type": "Feature", "properties": { "cell_id": "r23_c11", "mean_ndbi": -0.025610221237936555 }, "geometry": { "type": "Polygon", "coordinates": [ [ [ 72.89, 19.12 ], [ 72.89, 19.13 ], [ 72.88, 19.13 ], [ 72.88, 19.12 ], [ 72.89, 19.12 ] ] ] } },
{ "type": "Feature", "properties": { "cell_id": "r23_c12", "mean_ndbi": -0.078162589932561477 }, "geometry": { "type": "Polygon", "coordinates": [ [ [ 72.9, 19.12 ], [ 72.9, 19.13 ], [ 72.89, 19.13 ], [ 72.89, 19.12 ], [ 72.9, 19.12 ] ] ] } },
{ "type": "Feature", "properties": { "cell_id": "r23_c13", "mean_ndbi": -0.25528550179772774 }, "geometry": { "type": "Polygon", "coordinates": [ [ [ 72.91, 19.12 ], [ 72.91, 19.13 ], [ 72.9, 19.13 ], [ 72.9, 19.12 ], [ 72.91, 19.12 ] ] ] } },
{ "type": "Feature", "properties": { "cell_id": "r23_c14", "mean_ndbi": -0.12841172850157614 }, "geometry": { "type": "Polygon", "coordinates": [ [ [ 72.92, 19.12 ], [ 72.92, 19.13 ], [ 72.91, 19.13 ], [ 72.91, 19.12 ], [ 72.92, 19.12 ] ] ] } },
{ "type": "Feature", "properties": { "cell_id": "r23_c15", "mean_ndbi": -0.00057005629881734868 }, "geometry": { "type": "Polygon", "coordinates": [ [ [ 72.93, 19.12 ], [ 72.93, 19.13 ], [ 72.92, 19.13 ], [ 72.92, 19.12 ], [ 72.93, 19.12 ] ] ] } },
{ "type": "Feature", "properties": { "cell_id": "r23_c16", "mean_ndbi": -0.088255197969761293 }, "geometry": { "type": "Polygon", "coordinates": [ [ [ 72.94, 19.12 ], [ 72.94, 19.13 ], [ 72.93, 19.13 ], [ 72.93, 19.12 ], [ 72.94, 19.12 ] ] ] } },
{ "type": "Feature", "properties": { "cell_id": "r23_c17", "mean_ndbi": -0.062915323855099278 }, "geometry": { "type": "Polygon", "coordinates": [ [ [ 72.95, 19.12 ], [ 72.95, 19.13 ], [ 72.94, 19.13 ], [ 72.94, 19.12 ], [ 72.95, 19.12 ] ] ] } },
{ "type": "Feature", "properties": { "cell_id": "r23_c18", "mean_ndbi": -0.087867001445554468 }, "geometry": { "type": "Polygon", "coordinates": [ [ [ 72.96, 19.12 ], [ 72.96, 19.13 ], [ 72.95, 19.13 ], [ 72.95, 19.12 ], [ 72.96, 19.12 ] ] ] } },
{ "type": "Feature", "properties": { "cell_id": "r23_c19", "mean_ndbi": -0.27468109001033103 }, "geometry": { "type": "Polygon", "coordinates": [ [ [ 72.97, 19.12 ], [ 72.97, 19.13 ], [ 72.96, 19.13 ], [ 72.96, 19.12 ], [ 72.97, 19.12 ] ] ] } },
{ "type": "Feature", "properties": { "cell_id": "r23_c20", "mean_ndbi": -0.28215252717874995 }, "geometry": { "type": "Polygon", "coordinates": [ [ [ 72.980000000000103, 19.12 ], [ 72.980000000000103, 19.13 ], [ 72.97, 19.13 ], [ 72.97, 19.12 ], [ 72.980000000000103, 19.12 ] ] ] } },
{ "type": "Feature", "properties": { "cell_id": "r23_c21", "mean_ndbi": -0.27479782205778785 }, "geometry": { "type": "Polygon", "coordinates": [ [ [ 72.99, 19.12 ], [ 72.99, 19.13 ], [ 72.980000000000103, 19.13 ], [ 72.980000000000103, 19.12 ], [ 72.99, 19.12 ] ] ] } },
{ "type": "Feature", "properties": { "cell_id": "r24_c0", "mean_ndbi": -0.092015018665607684 }, "geometry": { "type": "Polygon", "coordinates": [ [ [ 72.78, 19.13 ], [ 72.78, 19.14 ], [ 72.77, 19.14 ], [ 72.77, 19.13 ], [ 72.78, 19.13 ] ] ] } },
{ "type": "Feature", "properties": { "cell_id": "r24_c1", "mean_ndbi": -0.067181342552060597 }, "geometry": { "type": "Polygon", "coordinates": [ [ [ 72.79, 19.13 ], [ 72.79, 19.14 ], [ 72.78, 19.14 ], [ 72.78, 19.13 ], [ 72.79, 19.13 ] ] ] } },
{ "type": "Feature", "properties": { "cell_id": "r24_c2", "mean_ndbi": -0.010806079859605964 }, "geometry": { "type": "Polygon", "coordinates": [ [ [ 72.8, 19.13 ], [ 72.8, 19.14 ], [ 72.79, 19.14 ], [ 72.79, 19.13 ], [ 72.8, 19.13 ] ] ] } },
{ "type": "Feature", "properties": { "cell_id": "r24_c3", "mean_ndbi": -0.052985733894631869 }, "geometry": { "type": "Polygon", "coordinates": [ [ [ 72.81, 19.13 ], [ 72.81, 19.14 ], [ 72.8, 19.14 ], [ 72.8, 19.13 ], [ 72.81, 19.13 ] ] ] } },
{ "type": "Feature", "properties": { "cell_id": "r24_c4", "mean_ndbi": -0.065694684016590787 }, "geometry": { "type": "Polygon", "coordinates": [ [ [ 72.82, 19.13 ], [ 72.82, 19.14 ], [ 72.81, 19.14 ], [ 72.81, 19.13 ], [ 72.82, 19.13 ] ] ] } },
{ "type": "Feature", "properties": { "cell_id": "r24_c5", "mean_ndbi": -0.017738637012024123 }, "geometry": { "type": "Polygon", "coordinates": [ [ [ 72.83, 19.13 ], [ 72.83, 19.14 ], [ 72.82, 19.14 ], [ 72.82, 19.13 ], [ 72.83, 19.13 ] ] ] } },
{ "type": "Feature", "properties": { "cell_id": "r24_c6", "mean_ndbi": -0.0057679527506475595 }, "geometry": { "type": "Polygon", "coordinates": [ [ [ 72.84, 19.13 ], [ 72.84, 19.14 ], [ 72.83, 19.14 ], [ 72.83, 19.13 ], [ 72.84, 19.13 ] ] ] } },
{ "type": "Feature", "properties": { "cell_id": "r24_c7", "mean_ndbi": -0.0069693479088195724 }, "geometry": { "type": "Polygon", "coordinates": [ [ [ 72.85, 19.13 ], [ 72.85, 19.14 ], [ 72.84, 19.14 ], [ 72.84, 19.13 ], [ 72.85, 19.13 ] ] ] } },
{ "type": "Feature", "properties": { "cell_id": "r24_c8", "mean_ndbi": 0.013282093691660847 }, "geometry": { "type": "Polygon", "coordinates": [ [ [ 72.86, 19.13 ], [ 72.86, 19.14 ], [ 72.85, 19.14 ], [ 72.85, 19.13 ], [ 72.86, 19.13 ] ] ] } },
{ "type": "Feature", "properties": { "cell_id": "r24_c9", "mean_ndbi": 0.013565411238673426 }, "geometry": { "type": "Polygon", "coordinates": [ [ [ 72.87, 19.13 ], [ 72.87, 19.14 ], [ 72.86, 19.14 ], [ 72.86, 19.13 ], [ 72.87, 19.13 ] ] ] } },
{ "type": "Feature", "properties": { "cell_id": "r24_c10", "mean_ndbi": -0.024978703742769271 }, "geometry": { "type": "Polygon", "coordinates": [ [ [ 72.88, 19.13 ], [ 72.88, 19.14 ], [ 72.87, 19.14 ], [ 72.87, 19.13 ], [ 72.88, 19.13 ] ] ] } },
{ "type": "Feature", "properties": { "cell_id": "r24_c11", "mean_ndbi": -0.042330041393872905 }, "geometry": { "type": "Polygon", "coordinates": [ [ [ 72.89, 19.13 ], [ 72.89, 19.14 ], [ 72.88, 19.14 ], [ 72.88, 19.13 ], [ 72.89, 19.13 ] ] ] } },
{ "type": "Feature", "properties": { "cell_id": "r24_c12", "mean_ndbi": -0.038799173307158513 }, "geometry": { "type": "Polygon", "coordinates": [ [ [ 72.9, 19.13 ], [ 72.9, 19.14 ], [ 72.89, 19.14 ], [ 72.89, 19.13 ], [ 72.9, 19.13 ] ] ] } },
{ "type": "Feature", "properties": { "cell_id": "r24_c13", "mean_ndbi": -0.15909568199118307 }, "geometry": { "type": "Polygon", "coordinates": [ [ [ 72.91, 19.13 ], [ 72.91, 19.14 ], [ 72.9, 19.14 ], [ 72.9, 19.13 ], [ 72.91, 19.13 ] ] ] } },
{ "type": "Feature", "properties": { "cell_id": "r24_c14", "mean_ndbi": -0.10393667647489095 }, "geometry": { "type": "Polygon", "coordinates": [ [ [ 72.92, 19.13 ], [ 72.92, 19.14 ], [ 72.91, 19.14 ], [ 72.91, 19.13 ], [ 72.92, 19.13 ] ] ] } },
{ "type": "Feature", "properties": { "cell_id": "r24_c15", "mean_ndbi": -0.032004868681776898 }, "geometry": { "type": "Polygon", "coordinates": [ [ [ 72.93, 19.13 ], [ 72.93, 19.14 ], [ 72.92, 19.14 ], [ 72.92, 19.13 ], [ 72.93, 19.13 ] ] ] } },
{ "type": "Feature", "properties": { "cell_id": "r24_c16", "mean_ndbi": 0.011115405426466033 }, "geometry": { "type": "Polygon", "coordinates": [ [ [ 72.94, 19.13 ], [ 72.94, 19.14 ], [ 72.93, 19.14 ], [ 72.93, 19.13 ], [ 72.94, 19.13 ] ] ] } },
{ "type": "Feature", "properties": { "cell_id": "r24_c17", "mean_ndbi": -0.12819140723040984 }, "geometry": { "type": "Polygon", "coordinates": [ [ [ 72.95, 19.13 ], [ 72.95, 19.14 ], [ 72.94, 19.14 ], [ 72.94, 19.13 ], [ 72.95, 19.13 ] ] ] } },
{ "type": "Feature", "properties": { "cell_id": "r24_c18", "mean_ndbi": -0.27893672798575242 }, "geometry": { "type": "Polygon", "coordinates": [ [ [ 72.96, 19.13 ], [ 72.96, 19.14 ], [ 72.95, 19.14 ], [ 72.95, 19.13 ], [ 72.96, 19.13 ] ] ] } },
{ "type": "Feature", "properties": { "cell_id": "r24_c19", "mean_ndbi": -0.33403980031650909 }, "geometry": { "type": "Polygon", "coordinates": [ [ [ 72.97, 19.13 ], [ 72.97, 19.14 ], [ 72.96, 19.14 ], [ 72.96, 19.13 ], [ 72.97, 19.13 ] ] ] } },
{ "type": "Feature", "properties": { "cell_id": "r24_c20", "mean_ndbi": -0.29798762100056914 }, "geometry": { "type": "Polygon", "coordinates": [ [ [ 72.980000000000103, 19.13 ], [ 72.980000000000103, 19.14 ], [ 72.97, 19.14 ], [ 72.97, 19.13 ], [ 72.980000000000103, 19.13 ] ] ] } },
{ "type": "Feature", "properties": { "cell_id": "r24_c21", "mean_ndbi": -0.24953072369404222 }, "geometry": { "type": "Polygon", "coordinates": [ [ [ 72.99, 19.13 ], [ 72.99, 19.14 ], [ 72.980000000000103, 19.14 ], [ 72.980000000000103, 19.13 ], [ 72.99, 19.13 ] ] ] } },
{ "type": "Feature", "properties": { "cell_id": "r25_c0", "mean_ndbi": -0.11274706945899562 }, "geometry": { "type": "Polygon", "coordinates": [ [ [ 72.78, 19.14 ], [ 72.78, 19.15 ], [ 72.77, 19.15 ], [ 72.77, 19.14 ], [ 72.78, 19.14 ] ] ] } },
{ "type": "Feature", "properties": { "cell_id": "r25_c1", "mean_ndbi": -0.074293418045792411 }, "geometry": { "type": "Polygon", "coordinates": [ [ [ 72.79, 19.14 ], [ 72.79, 19.15 ], [ 72.78, 19.15 ], [ 72.78, 19.14 ], [ 72.79, 19.14 ] ] ] } },
{ "type": "Feature", "properties": { "cell_id": "r25_c2", "mean_ndbi": -0.030461990390273724 }, "geometry": { "type": "Polygon", "coordinates": [ [ [ 72.8, 19.14 ], [ 72.8, 19.15 ], [ 72.79, 19.15 ], [ 72.79, 19.14 ], [ 72.8, 19.14 ] ] ] } },
{ "type": "Feature", "properties": { "cell_id": "r25_c3", "mean_ndbi": -0.08985244940392477 }, "geometry": { "type": "Polygon", "coordinates": [ [ [ 72.81, 19.14 ], [ 72.81, 19.15 ], [ 72.8, 19.15 ], [ 72.8, 19.14 ], [ 72.81, 19.14 ] ] ] } },
{ "type": "Feature", "properties": { "cell_id": "r25_c4", "mean_ndbi": -0.15204559271809498 }, "geometry": { "type": "Polygon", "coordinates": [ [ [ 72.82, 19.14 ], [ 72.82, 19.15 ], [ 72.81, 19.15 ], [ 72.81, 19.14 ], [ 72.82, 19.14 ] ] ] } },
{ "type": "Feature", "properties": { "cell_id": "r25_c5", "mean_ndbi": -0.086438459438273246 }, "geometry": { "type": "Polygon", "coordinates": [ [ [ 72.83, 19.14 ], [ 72.83, 19.15 ], [ 72.82, 19.15 ], [ 72.82, 19.14 ], [ 72.83, 19.14 ] ] ] } },
{ "type": "Feature", "properties": { "cell_id": "r25_c6", "mean_ndbi": 0.039636515187683609 }, "geometry": { "type": "Polygon", "coordinates": [ [ [ 72.84, 19.14 ], [ 72.84, 19.15 ], [ 72.83, 19.15 ], [ 72.83, 19.14 ], [ 72.84, 19.14 ] ] ] } },
{ "type": "Feature", "properties": { "cell_id": "r25_c7", "mean_ndbi": 0.026997952203713829 }, "geometry": { "type": "Polygon", "coordinates": [ [ [ 72.85, 19.14 ], [ 72.85, 19.15 ], [ 72.84, 19.15 ], [ 72.84, 19.14 ], [ 72.85, 19.14 ] ] ] } },
{ "type": "Feature", "properties": { "cell_id": "r25_c8", "mean_ndbi": 0.0071362577423275658 }, "geometry": { "type": "Polygon", "coordinates": [ [ [ 72.86, 19.14 ], [ 72.86, 19.15 ], [ 72.85, 19.15 ], [ 72.85, 19.14 ], [ 72.86, 19.14 ] ] ] } },
{ "type": "Feature", "properties": { "cell_id": "r25_c9", "mean_ndbi": -0.05230538071184531 }, "geometry": { "type": "Polygon", "coordinates": [ [ [ 72.87, 19.14 ], [ 72.87, 19.15 ], [ 72.86, 19.15 ], [ 72.86, 19.14 ], [ 72.87, 19.14 ] ] ] } },
{ "type": "Feature", "properties": { "cell_id": "r25_c10", "mean_ndbi": -0.044750824635800664 }, "geometry": { "type": "Polygon", "coordinates": [ [ [ 72.88, 19.14 ], [ 72.88, 19.15 ], [ 72.87, 19.15 ], [ 72.87, 19.14 ], [ 72.88, 19.14 ] ] ] } },
{ "type": "Feature", "properties": { "cell_id": "r25_c11", "mean_ndbi": -0.019115740785493454 }, "geometry": { "type": "Polygon", "coordinates": [ [ [ 72.89, 19.14 ], [ 72.89, 19.15 ], [ 72.88, 19.15 ], [ 72.88, 19.14 ], [ 72.89, 19.14 ] ] ] } },
{ "type": "Feature", "properties": { "cell_id": "r25_c12", "mean_ndbi": 0.040778393486417451 }, "geometry": { "type": "Polygon", "coordinates": [ [ [ 72.9, 19.14 ], [ 72.9, 19.15 ], [ 72.89, 19.15 ], [ 72.89, 19.14 ], [ 72.9, 19.14 ] ] ] } },
{ "type": "Feature", "properties": { "cell_id": "r25_c13", "mean_ndbi": -0.13466740706400757 }, "geometry": { "type": "Polygon", "coordinates": [ [ [ 72.91, 19.14 ], [ 72.91, 19.15 ], [ 72.9, 19.15 ], [ 72.9, 19.14 ], [ 72.91, 19.14 ] ] ] } },
{ "type": "Feature", "properties": { "cell_id": "r25_c14", "mean_ndbi": -0.078007944398713294 }, "geometry": { "type": "Polygon", "coordinates": [ [ [ 72.92, 19.14 ], [ 72.92, 19.15 ], [ 72.91, 19.15 ], [ 72.91, 19.14 ], [ 72.92, 19.14 ] ] ] } },
{ "type": "Feature", "properties": { "cell_id": "r25_c15", "mean_ndbi": 0.059351349352693809 }, "geometry": { "type": "Polygon", "coordinates": [ [ [ 72.93, 19.14 ], [ 72.93, 19.15 ], [ 72.92, 19.15 ], [ 72.92, 19.14 ], [ 72.93, 19.14 ] ] ] } },
{ "type": "Feature", "properties": { "cell_id": "r25_c16", "mean_ndbi": -0.0075456674831119947 }, "geometry": { "type": "Polygon", "coordinates": [ [ [ 72.94, 19.14 ], [ 72.94, 19.15 ], [ 72.93, 19.15 ], [ 72.93, 19.14 ], [ 72.94, 19.14 ] ] ] } },
{ "type": "Feature", "properties": { "cell_id": "r25_c17", "mean_ndbi": -0.082594124466699267 }, "geometry": { "type": "Polygon", "coordinates": [ [ [ 72.95, 19.14 ], [ 72.95, 19.15 ], [ 72.94, 19.15 ], [ 72.94, 19.14 ], [ 72.95, 19.14 ] ] ] } },
{ "type": "Feature", "properties": { "cell_id": "r25_c18", "mean_ndbi": -0.25584377937301694 }, "geometry": { "type": "Polygon", "coordinates": [ [ [ 72.96, 19.14 ], [ 72.96, 19.15 ], [ 72.95, 19.15 ], [ 72.95, 19.14 ], [ 72.96, 19.14 ] ] ] } },
{ "type": "Feature", "properties": { "cell_id": "r25_c19", "mean_ndbi": -0.16309414729610158 }, "geometry": { "type": "Polygon", "coordinates": [ [ [ 72.97, 19.14 ], [ 72.97, 19.15 ], [ 72.96, 19.15 ], [ 72.96, 19.14 ], [ 72.97, 19.14 ] ] ] } },
{ "type": "Feature", "properties": { "cell_id": "r25_c20", "mean_ndbi": -0.29945381421117673 }, "geometry": { "type": "Polygon", "coordinates": [ [ [ 72.980000000000103, 19.14 ], [ 72.980000000000103, 19.15 ], [ 72.97, 19.15 ], [ 72.97, 19.14 ], [ 72.980000000000103, 19.14 ] ] ] } },
{ "type": "Feature", "properties": { "cell_id": "r25_c21", "mean_ndbi": -0.1404076203072909 }, "geometry": { "type": "Polygon", "coordinates": [ [ [ 72.99, 19.14 ], [ 72.99, 19.15 ], [ 72.980000000000103, 19.15 ], [ 72.980000000000103, 19.14 ], [ 72.99, 19.14 ] ] ] } },
{ "type": "Feature", "properties": { "cell_id": "r26_c0", "mean_ndbi": -0.13527996877904927 }, "geometry": { "type": "Polygon", "coordinates": [ [ [ 72.78, 19.15 ], [ 72.78, 19.16 ], [ 72.77, 19.16 ], [ 72.77, 19.15 ], [ 72.78, 19.15 ] ] ] } },
{ "type": "Feature", "properties": { "cell_id": "r26_c1", "mean_ndbi": -0.056864087921799832 }, "geometry": { "type": "Polygon", "coordinates": [ [ [ 72.79, 19.15 ], [ 72.79, 19.16 ], [ 72.78, 19.16 ], [ 72.78, 19.15 ], [ 72.79, 19.15 ] ] ] } },
{ "type": "Feature", "properties": { "cell_id": "r26_c2", "mean_ndbi": -0.22847589388353173 }, "geometry": { "type": "Polygon", "coordinates": [ [ [ 72.8, 19.15 ], [ 72.8, 19.16 ], [ 72.79, 19.16 ], [ 72.79, 19.15 ], [ 72.8, 19.15 ] ] ] } },
{ "type": "Feature", "properties": { "cell_id": "r26_c3", "mean_ndbi": -0.20100619433560019 }, "geometry": { "type": "Polygon", "coordinates": [ [ [ 72.81, 19.15 ], [ 72.81, 19.16 ], [ 72.8, 19.16 ], [ 72.8, 19.15 ], [ 72.81, 19.15 ] ] ] } },
{ "type": "Feature", "properties": { "cell_id": "r26_c4", "mean_ndbi": -0.25833697340789741 }, "geometry": { "type": "Polygon", "coordinates": [ [ [ 72.82, 19.15 ], [ 72.82, 19.16 ], [ 72.81, 19.16 ], [ 72.81, 19.15 ], [ 72.82, 19.15 ] ] ] } },
{ "type": "Feature", "properties": { "cell_id": "r26_c5", "mean_ndbi": 0.06908577025978993 }, "geometry": { "type": "Polygon", "coordinates": [ [ [ 72.83, 19.15 ], [ 72.83, 19.16 ], [ 72.82, 19.16 ], [ 72.82, 19.15 ], [ 72.83, 19.15 ] ] ] } },
{ "type": "Feature", "properties": { "cell_id": "r26_c6", "mean_ndbi": 0.017512159692848396 }, "geometry": { "type": "Polygon", "coordinates": [ [ [ 72.84, 19.15 ], [ 72.84, 19.16 ], [ 72.83, 19.16 ], [ 72.83, 19.15 ], [ 72.84, 19.15 ] ] ] } },
{ "type": "Feature", "properties": { "cell_id": "r26_c7", "mean_ndbi": -0.02495073382584137 }, "geometry": { "type": "Polygon", "coordinates": [ [ [ 72.85, 19.15 ], [ 72.85, 19.16 ], [ 72.84, 19.16 ], [ 72.84, 19.15 ], [ 72.85, 19.15 ] ] ] } },
{ "type": "Feature", "properties": { "cell_id": "r26_c8", "mean_ndbi": -0.028886319375861488 }, "geometry": { "type": "Polygon", "coordinates": [ [ [ 72.86, 19.15 ], [ 72.86, 19.16 ], [ 72.85, 19.16 ], [ 72.85, 19.15 ], [ 72.86, 19.15 ] ] ] } },
{ "type": "Feature", "properties": { "cell_id": "r26_c9", "mean_ndbi": -0.09460061461292045 }, "geometry": { "type": "Polygon", "coordinates": [ [ [ 72.87, 19.15 ], [ 72.87, 19.16 ], [ 72.86, 19.16 ], [ 72.86, 19.15 ], [ 72.87, 19.15 ] ] ] } },
{ "type": "Feature", "properties": { "cell_id": "r26_c10", "mean_ndbi": -0.095867683149962829 }, "geometry": { "type": "Polygon", "coordinates": [ [ [ 72.88, 19.15 ], [ 72.88, 19.16 ], [ 72.87, 19.16 ], [ 72.87, 19.15 ], [ 72.88, 19.15 ] ] ] } },
{ "type": "Feature", "properties": { "cell_id": "r26_c11", "mean_ndbi": -0.029239186387504775 }, "geometry": { "type": "Polygon", "coordinates": [ [ [ 72.89, 19.15 ], [ 72.89, 19.16 ], [ 72.88, 19.16 ], [ 72.88, 19.15 ], [ 72.89, 19.15 ] ] ] } },
{ "type": "Feature", "properties": { "cell_id": "r26_c12", "mean_ndbi": 0.015249163844186377 }, "geometry": { "type": "Polygon", "coordinates": [ [ [ 72.9, 19.15 ], [ 72.9, 19.16 ], [ 72.89, 19.16 ], [ 72.89, 19.15 ], [ 72.9, 19.15 ] ] ] } },
{ "type": "Feature", "properties": { "cell_id": "r26_c13", "mean_ndbi": -0.073517050134553064 }, "geometry": { "type": "Polygon", "coordinates": [ [ [ 72.91, 19.15 ], [ 72.91, 19.16 ], [ 72.9, 19.16 ], [ 72.9, 19.15 ], [ 72.91, 19.15 ] ] ] } },
{ "type": "Feature", "properties": { "cell_id": "r26_c14", "mean_ndbi": -0.15359586367978642 }, "geometry": { "type": "Polygon", "coordinates": [ [ [ 72.92, 19.15 ], [ 72.92, 19.16 ], [ 72.91, 19.16 ], [ 72.91, 19.15 ], [ 72.92, 19.15 ] ] ] } },
{ "type": "Feature", "properties": { "cell_id": "r26_c15", "mean_ndbi": -0.00048074920979583683 }, "geometry": { "type": "Polygon", "coordinates": [ [ [ 72.93, 19.15 ], [ 72.93, 19.16 ], [ 72.92, 19.16 ], [ 72.92, 19.15 ], [ 72.93, 19.15 ] ] ] } },
{ "type": "Feature", "properties": { "cell_id": "r26_c16", "mean_ndbi": 0.023092425624457805 }, "geometry": { "type": "Polygon", "coordinates": [ [ [ 72.94, 19.15 ], [ 72.94, 19.16 ], [ 72.93, 19.16 ], [ 72.93, 19.15 ], [ 72.94, 19.15 ] ] ] } },
{ "type": "Feature", "properties": { "cell_id": "r26_c17", "mean_ndbi": -0.019641519417349085 }, "geometry": { "type": "Polygon", "coordinates": [ [ [ 72.95, 19.15 ], [ 72.95, 19.16 ], [ 72.94, 19.16 ], [ 72.94, 19.15 ], [ 72.95, 19.15 ] ] ] } },
{ "type": "Feature", "properties": { "cell_id": "r26_c18", "mean_ndbi": -0.089539484821263879 }, "geometry": { "type": "Polygon", "coordinates": [ [ [ 72.96, 19.15 ], [ 72.96, 19.16 ], [ 72.95, 19.16 ], [ 72.95, 19.15 ], [ 72.96, 19.15 ] ] ] } },
{ "type": "Feature", "properties": { "cell_id": "r26_c19", "mean_ndbi": -0.2043593654648215 }, "geometry": { "type": "Polygon", "coordinates": [ [ [ 72.97, 19.15 ], [ 72.97, 19.16 ], [ 72.96, 19.16 ], [ 72.96, 19.15 ], [ 72.97, 19.15 ] ] ] } },
{ "type": "Feature", "properties": { "cell_id": "r26_c20", "mean_ndbi": -0.19652735413662287 }, "geometry": { "type": "Polygon", "coordinates": [ [ [ 72.980000000000103, 19.15 ], [ 72.980000000000103, 19.16 ], [ 72.97, 19.16 ], [ 72.97, 19.15 ], [ 72.980000000000103, 19.15 ] ] ] } },
{ "type": "Feature", "properties": { "cell_id": "r26_c21", "mean_ndbi": -0.23737817236759581 }, "geometry": { "type": "Polygon", "coordinates": [ [ [ 72.99, 19.15 ], [ 72.99, 19.16 ], [ 72.980000000000103, 19.16 ], [ 72.980000000000103, 19.15 ], [ 72.99, 19.15 ] ] ] } },
{ "type": "Feature", "properties": { "cell_id": "r27_c0", "mean_ndbi": -0.12341383073306059 }, "geometry": { "type": "Polygon", "coordinates": [ [ [ 72.78, 19.16 ], [ 72.78, 19.17 ], [ 72.77, 19.17 ], [ 72.77, 19.16 ], [ 72.78, 19.16 ] ] ] } },
{ "type": "Feature", "properties": { "cell_id": "r27_c1", "mean_ndbi": -0.072121423044505445 }, "geometry": { "type": "Polygon", "coordinates": [ [ [ 72.79, 19.16 ], [ 72.79, 19.17 ], [ 72.78, 19.17 ], [ 72.78, 19.16 ], [ 72.79, 19.16 ] ] ] } },
{ "type": "Feature", "properties": { "cell_id": "r27_c2", "mean_ndbi": -0.17189227256065046 }, "geometry": { "type": "Polygon", "coordinates": [ [ [ 72.8, 19.16 ], [ 72.8, 19.17 ], [ 72.79, 19.17 ], [ 72.79, 19.16 ], [ 72.8, 19.16 ] ] ] } },
{ "type": "Feature", "properties": { "cell_id": "r27_c3", "mean_ndbi": -0.022752414871911139 }, "geometry": { "type": "Polygon", "coordinates": [ [ [ 72.81, 19.16 ], [ 72.81, 19.17 ], [ 72.8, 19.17 ], [ 72.8, 19.16 ], [ 72.81, 19.16 ] ] ] } },
{ "type": "Feature", "properties": { "cell_id": "r27_c4", "mean_ndbi": -0.2718423249539702 }, "geometry": { "type": "Polygon", "coordinates": [ [ [ 72.82, 19.16 ], [ 72.82, 19.17 ], [ 72.81, 19.17 ], [ 72.81, 19.16 ], [ 72.82, 19.16 ] ] ] } },
{ "type": "Feature", "properties": { "cell_id": "r27_c5", "mean_ndbi": -0.091527419455388781 }, "geometry": { "type": "Polygon", "coordinates": [ [ [ 72.83, 19.16 ], [ 72.83, 19.17 ], [ 72.82, 19.17 ], [ 72.82, 19.16 ], [ 72.83, 19.16 ] ] ] } },
{ "type": "Feature", "properties": { "cell_id": "r27_c6", "mean_ndbi": -0.0037336241888213479 }, "geometry": { "type": "Polygon", "coordinates": [ [ [ 72.84, 19.16 ], [ 72.84, 19.17 ], [ 72.83, 19.17 ], [ 72.83, 19.16 ], [ 72.84, 19.16 ] ] ] } },
{ "type": "Feature", "properties": { "cell_id": "r27_c7", "mean_ndbi": -0.023503734649136673 }, "geometry": { "type": "Polygon", "coordinates": [ [ [ 72.85, 19.16 ], [ 72.85, 19.17 ], [ 72.84, 19.17 ], [ 72.84, 19.16 ], [ 72.85, 19.16 ] ] ] } },
{ "type": "Feature", "properties": { "cell_id": "r27_c8", "mean_ndbi": -0.054484424468453863 }, "geometry": { "type": "Polygon", "coordinates": [ [ [ 72.86, 19.16 ], [ 72.86, 19.17 ], [ 72.85, 19.17 ], [ 72.85, 19.16 ], [ 72.86, 19.16 ] ] ] } },
{ "type": "Feature", "properties": { "cell_id": "r27_c9", "mean_ndbi": -0.15698345684665507 }, "geometry": { "type": "Polygon", "coordinates": [ [ [ 72.87, 19.16 ], [ 72.87, 19.17 ], [ 72.86, 19.17 ], [ 72.86, 19.16 ], [ 72.87, 19.16 ] ] ] } },
{ "type": "Feature", "properties": { "cell_id": "r27_c10", "mean_ndbi": -0.070092786232071505 }, "geometry": { "type": "Polygon", "coordinates": [ [ [ 72.88, 19.16 ], [ 72.88, 19.17 ], [ 72.87, 19.17 ], [ 72.87, 19.16 ], [ 72.88, 19.16 ] ] ] } },
{ "type": "Feature", "properties": { "cell_id": "r27_c11", "mean_ndbi": -0.016220346701193919 }, "geometry": { "type": "Polygon", "coordinates": [ [ [ 72.89, 19.16 ], [ 72.89, 19.17 ], [ 72.88, 19.17 ], [ 72.88, 19.16 ], [ 72.89, 19.16 ] ] ] } },
{ "type": "Feature", "properties": { "cell_id": "r27_c12", "mean_ndbi": -0.026955387591076133 }, "geometry": { "type": "Polygon", "coordinates": [ [ [ 72.9, 19.16 ], [ 72.9, 19.17 ], [ 72.89, 19.17 ], [ 72.89, 19.16 ], [ 72.9, 19.16 ] ] ] } },
{ "type": "Feature", "properties": { "cell_id": "r27_c13", "mean_ndbi": -0.079853481249976641 }, "geometry": { "type": "Polygon", "coordinates": [ [ [ 72.91, 19.16 ], [ 72.91, 19.17 ], [ 72.9, 19.17 ], [ 72.9, 19.16 ], [ 72.91, 19.16 ] ] ] } },
{ "type": "Feature", "properties": { "cell_id": "r27_c14", "mean_ndbi": -0.12612946676801887 }, "geometry": { "type": "Polygon", "coordinates": [ [ [ 72.92, 19.16 ], [ 72.92, 19.17 ], [ 72.91, 19.17 ], [ 72.91, 19.16 ], [ 72.92, 19.16 ] ] ] } },
{ "type": "Feature", "properties": { "cell_id": "r27_c15", "mean_ndbi": -0.014918461549673551 }, "geometry": { "type": "Polygon", "coordinates": [ [ [ 72.93, 19.16 ], [ 72.93, 19.17 ], [ 72.92, 19.17 ], [ 72.92, 19.16 ], [ 72.93, 19.16 ] ] ] } },
{ "type": "Feature", "properties": { "cell_id": "r27_c16", "mean_ndbi": 0.025456910644437079 }, "geometry": { "type": "Polygon", "coordinates": [ [ [ 72.94, 19.16 ], [ 72.94, 19.17 ], [ 72.93, 19.17 ], [ 72.93, 19.16 ], [ 72.94, 19.16 ] ] ] } },
{ "type": "Feature", "properties": { "cell_id": "r27_c17", "mean_ndbi": -0.029775847674584285 }, "geometry": { "type": "Polygon", "coordinates": [ [ [ 72.95, 19.16 ], [ 72.95, 19.17 ], [ 72.94, 19.17 ], [ 72.94, 19.16 ], [ 72.95, 19.16 ] ] ] } },
{ "type": "Feature", "properties": { "cell_id": "r27_c18", "mean_ndbi": -0.031971202385286397 }, "geometry": { "type": "Polygon", "coordinates": [ [ [ 72.96, 19.16 ], [ 72.96, 19.17 ], [ 72.95, 19.17 ], [ 72.95, 19.16 ], [ 72.96, 19.16 ] ] ] } },
{ "type": "Feature", "properties": { "cell_id": "r27_c19", "mean_ndbi": -0.088507883816544231 }, "geometry": { "type": "Polygon", "coordinates": [ [ [ 72.97, 19.16 ], [ 72.97, 19.17 ], [ 72.96, 19.17 ], [ 72.96, 19.16 ], [ 72.97, 19.16 ] ] ] } },
{ "type": "Feature", "properties": { "cell_id": "r27_c20", "mean_ndbi": -0.13935390314293294 }, "geometry": { "type": "Polygon", "coordinates": [ [ [ 72.980000000000103, 19.16 ], [ 72.980000000000103, 19.17 ], [ 72.97, 19.17 ], [ 72.97, 19.16 ], [ 72.980000000000103, 19.16 ] ] ] } },
{ "type": "Feature", "properties": { "cell_id": "r27_c21", "mean_ndbi": -0.27976153097218731 }, "geometry": { "type": "Polygon", "coordinates": [ [ [ 72.99, 19.16 ], [ 72.99, 19.17 ], [ 72.980000000000103, 19.17 ], [ 72.980000000000103, 19.16 ], [ 72.99, 19.16 ] ] ] } },
{ "type": "Feature", "properties": { "cell_id": "r28_c0", "mean_ndbi": -0.11165079256106131 }, "geometry": { "type": "Polygon", "coordinates": [ [ [ 72.78, 19.17 ], [ 72.78, 19.18 ], [ 72.77, 19.18 ], [ 72.77, 19.17 ], [ 72.78, 19.17 ] ] ] } },
{ "type": "Feature", "properties": { "cell_id": "r28_c1", "mean_ndbi": -0.096505223118364875 }, "geometry": { "type": "Polygon", "coordinates": [ [ [ 72.79, 19.17 ], [ 72.79, 19.18 ], [ 72.78, 19.18 ], [ 72.78, 19.17 ], [ 72.79, 19.17 ] ] ] } },
{ "type": "Feature", "properties": { "cell_id": "r28_c2", "mean_ndbi": -0.039833570599164592 }, "geometry": { "type": "Polygon", "coordinates": [ [ [ 72.8, 19.17 ], [ 72.8, 19.18 ], [ 72.79, 19.18 ], [ 72.79, 19.17 ], [ 72.8, 19.17 ] ] ] } },
{ "type": "Feature", "properties": { "cell_id": "r28_c3", "mean_ndbi": 0.063374745577020858 }, "geometry": { "type": "Polygon", "coordinates": [ [ [ 72.81, 19.17 ], [ 72.81, 19.18 ], [ 72.8, 19.18 ], [ 72.8, 19.17 ], [ 72.81, 19.17 ] ] ] } },
{ "type": "Feature", "properties": { "cell_id": "r28_c4", "mean_ndbi": -0.14768340150022308 }, "geometry": { "type": "Polygon", "coordinates": [ [ [ 72.82, 19.17 ], [ 72.82, 19.18 ], [ 72.81, 19.18 ], [ 72.81, 19.17 ], [ 72.82, 19.17 ] ] ] } },
{ "type": "Feature", "properties": { "cell_id": "r28_c5", "mean_ndbi": -0.2801113252187824 }, "geometry": { "type": "Polygon", "coordinates": [ [ [ 72.83, 19.17 ], [ 72.83, 19.18 ], [ 72.82, 19.18 ], [ 72.82, 19.17 ], [ 72.83, 19.17 ] ] ] } },
{ "type": "Feature", "properties": { "cell_id": "r28_c6", "mean_ndbi": -0.057919311885436794 }, "geometry": { "type": "Polygon", "coordinates": [ [ [ 72.84, 19.17 ], [ 72.84, 19.18 ], [ 72.83, 19.18 ], [ 72.83, 19.17 ], [ 72.84, 19.17 ] ] ] } },
{ "type": "Feature", "properties": { "cell_id": "r28_c7", "mean_ndbi": -0.025634450525663814 }, "geometry": { "type": "Polygon", "coordinates": [ [ [ 72.85, 19.17 ], [ 72.85, 19.18 ], [ 72.84, 19.18 ], [ 72.84, 19.17 ], [ 72.85, 19.17 ] ] ] } },
{ "type": "Feature", "properties": { "cell_id": "r28_c8", "mean_ndbi": -0.020870765097618458 }, "geometry": { "type": "Polygon", "coordinates": [ [ [ 72.86, 19.17 ], [ 72.86, 19.18 ], [ 72.85, 19.18 ], [ 72.85, 19.17 ], [ 72.86, 19.17 ] ] ] } },
{ "type": "Feature", "properties": { "cell_id": "r28_c9", "mean_ndbi": -0.015987377070131339 }, "geometry": { "type": "Polygon", "coordinates": [ [ [ 72.87, 19.17 ], [ 72.87, 19.18 ], [ 72.86, 19.18 ], [ 72.86, 19.17 ], [ 72.87, 19.17 ] ] ] } },
{ "type": "Feature", "properties": { "cell_id": "r28_c10", "mean_ndbi": 0.0014496999985203587 }, "geometry": { "type": "Polygon", "coordinates": [ [ [ 72.88, 19.17 ], [ 72.88, 19.18 ], [ 72.87, 19.18 ], [ 72.87, 19.17 ], [ 72.88, 19.17 ] ] ] } },
{ "type": "Feature", "properties": { "cell_id": "r28_c11", "mean_ndbi": 0.070649254177520035 }, "geometry": { "type": "Polygon", "coordinates": [ [ [ 72.89, 19.17 ], [ 72.89, 19.18 ], [ 72.88, 19.18 ], [ 72.88, 19.17 ], [ 72.89, 19.17 ] ] ] } },
{ "type": "Feature", "properties": { "cell_id": "r28_c12", "mean_ndbi": -0.090662572307510417 }, "geometry": { "type": "Polygon", "coordinates": [ [ [ 72.9, 19.17 ], [ 72.9, 19.18 ], [ 72.89, 19.18 ], [ 72.89, 19.17 ], [ 72.9, 19.17 ] ] ] } },
{ "type": "Feature", "properties": { "cell_id": "r28_c13", "mean_ndbi": -0.061947776665490673 }, "geometry": { "type": "Polygon", "coordinates": [ [ [ 72.91, 19.17 ], [ 72.91, 19.18 ], [ 72.9, 19.18 ], [ 72.9, 19.17 ], [ 72.91, 19.17 ] ] ] } },
{ "type": "Feature", "properties": { "cell_id": "r28_c14", "mean_ndbi": -0.044359779740469549 }, "geometry": { "type": "Polygon", "coordinates": [ [ [ 72.92, 19.17 ], [ 72.92, 19.18 ], [ 72.91, 19.18 ], [ 72.91, 19.17 ], [ 72.92, 19.17 ] ] ] } },
{ "type": "Feature", "properties": { "cell_id": "r28_c15", "mean_ndbi": -0.064335259782846543 }, "geometry": { "type": "Polygon", "coordinates": [ [ [ 72.93, 19.17 ], [ 72.93, 19.18 ], [ 72.92, 19.18 ], [ 72.92, 19.17 ], [ 72.93, 19.17 ] ] ] } },
{ "type": "Feature", "properties": { "cell_id": "r28_c16", "mean_ndbi": -0.0096191777155410427 }, "geometry": { "type": "Polygon", "coordinates": [ [ [ 72.94, 19.17 ], [ 72.94, 19.18 ], [ 72.93, 19.18 ], [ 72.93, 19.17 ], [ 72.94, 19.17 ] ] ] } },
{ "type": "Feature", "properties": { "cell_id": "r28_c17", "mean_ndbi": -0.081744680718661686 }, "geometry": { "type": "Polygon", "coordinates": [ [ [ 72.95, 19.17 ], [ 72.95, 19.18 ], [ 72.94, 19.18 ], [ 72.94, 19.17 ], [ 72.95, 19.17 ] ] ] } },
{ "type": "Feature", "properties": { "cell_id": "r28_c18", "mean_ndbi": -0.034815788713568892 }, "geometry": { "type": "Polygon", "coordinates": [ [ [ 72.96, 19.17 ], [ 72.96, 19.18 ], [ 72.95, 19.18 ], [ 72.95, 19.17 ], [ 72.96, 19.17 ] ] ] } },
{ "type": "Feature", "properties": { "cell_id": "r28_c19", "mean_ndbi": -0.046870220708119824 }, "geometry": { "type": "Polygon", "coordinates": [ [ [ 72.97, 19.17 ], [ 72.97, 19.18 ], [ 72.96, 19.18 ], [ 72.96, 19.17 ], [ 72.97, 19.17 ] ] ] } },
{ "type": "Feature", "properties": { "cell_id": "r28_c20", "mean_ndbi": -0.065767557093386039 }, "geometry": { "type": "Polygon", "coordinates": [ [ [ 72.980000000000103, 19.17 ], [ 72.980000000000103, 19.18 ], [ 72.97, 19.18 ], [ 72.97, 19.17 ], [ 72.980000000000103, 19.17 ] ] ] } },
{ "type": "Feature", "properties": { "cell_id": "r28_c21", "mean_ndbi": -0.11659578791096177 }, "geometry": { "type": "Polygon", "coordinates": [ [ [ 72.99, 19.17 ], [ 72.99, 19.18 ], [ 72.980000000000103, 19.18 ], [ 72.980000000000103, 19.17 ], [ 72.99, 19.17 ] ] ] } },
{ "type": "Feature", "properties": { "cell_id": "r29_c0", "mean_ndbi": -0.10955960569818168 }, "geometry": { "type": "Polygon", "coordinates": [ [ [ 72.78, 19.18 ], [ 72.78, 19.19 ], [ 72.77, 19.19 ], [ 72.77, 19.18 ], [ 72.78, 19.18 ] ] ] } },
{ "type": "Feature", "properties": { "cell_id": "r29_c1", "mean_ndbi": -0.097549691295088156 }, "geometry": { "type": "Polygon", "coordinates": [ [ [ 72.79, 19.18 ], [ 72.79, 19.19 ], [ 72.78, 19.19 ], [ 72.78, 19.18 ], [ 72.79, 19.18 ] ] ] } },
{ "type": "Feature", "properties": { "cell_id": "r29_c2", "mean_ndbi": -0.040833235177428165 }, "geometry": { "type": "Polygon", "coordinates": [ [ [ 72.8, 19.18 ], [ 72.8, 19.19 ], [ 72.79, 19.19 ], [ 72.79, 19.18 ], [ 72.8, 19.18 ] ] ] } },
{ "type": "Feature", "properties": { "cell_id": "r29_c3", "mean_ndbi": 0.030364448538502262 }, "geometry": { "type": "Polygon", "coordinates": [ [ [ 72.81, 19.18 ], [ 72.81, 19.19 ], [ 72.8, 19.19 ], [ 72.8, 19.18 ], [ 72.81, 19.18 ] ] ] } },
{ "type": "Feature", "properties": { "cell_id": "r29_c4", "mean_ndbi": 0.058960768397823514 }, "geometry": { "type": "Polygon", "coordinates": [ [ [ 72.82, 19.18 ], [ 72.82, 19.19 ], [ 72.81, 19.19 ], [ 72.81, 19.18 ], [ 72.82, 19.18 ] ] ] } },
{ "type": "Feature", "properties": { "cell_id": "r29_c5", "mean_ndbi": -0.092837088031460707 }, "geometry": { "type": "Polygon", "coordinates": [ [ [ 72.83, 19.18 ], [ 72.83, 19.19 ], [ 72.82, 19.19 ], [ 72.82, 19.18 ], [ 72.83, 19.18 ] ] ] } },
{ "type": "Feature", "properties": { "cell_id": "r29_c6", "mean_ndbi": 0.0058758830840058953 }, "geometry": { "type": "Polygon", "coordinates": [ [ [ 72.84, 19.18 ], [ 72.84, 19.19 ], [ 72.83, 19.19 ], [ 72.83, 19.18 ], [ 72.84, 19.18 ] ] ] } },
{ "type": "Feature", "properties": { "cell_id": "r29_c7", "mean_ndbi": -0.013566068229005466 }, "geometry": { "type": "Polygon", "coordinates": [ [ [ 72.85, 19.18 ], [ 72.85, 19.19 ], [ 72.84, 19.19 ], [ 72.84, 19.18 ], [ 72.85, 19.18 ] ] ] } },
{ "type": "Feature", "properties": { "cell_id": "r29_c8", "mean_ndbi": -0.0096958103008553034 }, "geometry": { "type": "Polygon", "coordinates": [ [ [ 72.86, 19.18 ], [ 72.86, 19.19 ], [ 72.85, 19.19 ], [ 72.85, 19.18 ], [ 72.86, 19.18 ] ] ] } },
{ "type": "Feature", "properties": { "cell_id": "r29_c9", "mean_ndbi": 0.031287813874352997 }, "geometry": { "type": "Polygon", "coordinates": [ [ [ 72.87, 19.18 ], [ 72.87, 19.19 ], [ 72.86, 19.19 ], [ 72.86, 19.18 ], [ 72.87, 19.18 ] ] ] } },
{ "type": "Feature", "properties": { "cell_id": "r29_c10", "mean_ndbi": 0.0095368054183647844 }, "geometry": { "type": "Polygon", "coordinates": [ [ [ 72.88, 19.18 ], [ 72.88, 19.19 ], [ 72.87, 19.19 ], [ 72.87, 19.18 ], [ 72.88, 19.18 ] ] ] } },
{ "type": "Feature", "properties": { "cell_id": "r29_c11", "mean_ndbi": -0.0035459457737378073 }, "geometry": { "type": "Polygon", "coordinates": [ [ [ 72.89, 19.18 ], [ 72.89, 19.19 ], [ 72.88, 19.19 ], [ 72.88, 19.18 ], [ 72.89, 19.18 ] ] ] } },
{ "type": "Feature", "properties": { "cell_id": "r29_c12", "mean_ndbi": -0.11348994792286679 }, "geometry": { "type": "Polygon", "coordinates": [ [ [ 72.9, 19.18 ], [ 72.9, 19.19 ], [ 72.89, 19.19 ], [ 72.89, 19.18 ], [ 72.9, 19.18 ] ] ] } },
{ "type": "Feature", "properties": { "cell_id": "r29_c13", "mean_ndbi": -0.10211692271901943 }, "geometry": { "type": "Polygon", "coordinates": [ [ [ 72.91, 19.18 ], [ 72.91, 19.19 ], [ 72.9, 19.19 ], [ 72.9, 19.18 ], [ 72.91, 19.18 ] ] ] } },
{ "type": "Feature", "properties": { "cell_id": "r29_c14", "mean_ndbi": -0.052851587496577986 }, "geometry": { "type": "Polygon", "coordinates": [ [ [ 72.92, 19.18 ], [ 72.92, 19.19 ], [ 72.91, 19.19 ], [ 72.91, 19.18 ], [ 72.92, 19.18 ] ] ] } },
{ "type": "Feature", "properties": { "cell_id": "r29_c15", "mean_ndbi": -0.07414977569234546 }, "geometry": { "type": "Polygon", "coordinates": [ [ [ 72.93, 19.18 ], [ 72.93, 19.19 ], [ 72.92, 19.19 ], [ 72.92, 19.18 ], [ 72.93, 19.18 ] ] ] } },
{ "type": "Feature", "properties": { "cell_id": "r29_c16", "mean_ndbi": -0.059369120462319687 }, "geometry": { "type": "Polygon", "coordinates": [ [ [ 72.94, 19.18 ], [ 72.94, 19.19 ], [ 72.93, 19.19 ], [ 72.93, 19.18 ], [ 72.94, 19.18 ] ] ] } },
{ "type": "Feature", "properties": { "cell_id": "r29_c17", "mean_ndbi": -0.040315885043405622 }, "geometry": { "type": "Polygon", "coordinates": [ [ [ 72.95, 19.18 ], [ 72.95, 19.19 ], [ 72.94, 19.19 ], [ 72.94, 19.18 ], [ 72.95, 19.18 ] ] ] } },
{ "type": "Feature", "properties": { "cell_id": "r29_c18", "mean_ndbi": -0.013919738384963194 }, "geometry": { "type": "Polygon", "coordinates": [ [ [ 72.96, 19.18 ], [ 72.96, 19.19 ], [ 72.95, 19.19 ], [ 72.95, 19.18 ], [ 72.96, 19.18 ] ] ] } },
{ "type": "Feature", "properties": { "cell_id": "r29_c19", "mean_ndbi": -0.068044648979553271 }, "geometry": { "type": "Polygon", "coordinates": [ [ [ 72.97, 19.18 ], [ 72.97, 19.19 ], [ 72.96, 19.19 ], [ 72.96, 19.18 ], [ 72.97, 19.18 ] ] ] } },
{ "type": "Feature", "properties": { "cell_id": "r29_c20", "mean_ndbi": 0.01524493288756913 }, "geometry": { "type": "Polygon", "coordinates": [ [ [ 72.980000000000103, 19.18 ], [ 72.980000000000103, 19.19 ], [ 72.97, 19.19 ], [ 72.97, 19.18 ], [ 72.980000000000103, 19.18 ] ] ] } },
{ "type": "Feature", "properties": { "cell_id": "r29_c21", "mean_ndbi": -0.10814704233872992 }, "geometry": { "type": "Polygon", "coordinates": [ [ [ 72.99, 19.18 ], [ 72.99, 19.19 ], [ 72.980000000000103, 19.19 ], [ 72.980000000000103, 19.18 ], [ 72.99, 19.18 ] ] ] } },
{ "type": "Feature", "properties": { "cell_id": "r30_c0", "mean_ndbi": -0.10296484316914534 }, "geometry": { "type": "Polygon", "coordinates": [ [ [ 72.78, 19.19 ], [ 72.78, 19.2 ], [ 72.77, 19.2 ], [ 72.77, 19.19 ], [ 72.78, 19.19 ] ] ] } },
{ "type": "Feature", "properties": { "cell_id": "r30_c1", "mean_ndbi": 0.032925662390351822 }, "geometry": { "type": "Polygon", "coordinates": [ [ [ 72.79, 19.19 ], [ 72.79, 19.2 ], [ 72.78, 19.2 ], [ 72.78, 19.19 ], [ 72.79, 19.19 ] ] ] } },
{ "type": "Feature", "properties": { "cell_id": "r30_c2", "mean_ndbi": -0.0067504537430739461 }, "geometry": { "type": "Polygon", "coordinates": [ [ [ 72.8, 19.19 ], [ 72.8, 19.2 ], [ 72.79, 19.2 ], [ 72.79, 19.19 ], [ 72.8, 19.19 ] ] ] } },
{ "type": "Feature", "properties": { "cell_id": "r30_c3", "mean_ndbi": -0.08413536096715804 }, "geometry": { "type": "Polygon", "coordinates": [ [ [ 72.81, 19.19 ], [ 72.81, 19.2 ], [ 72.8, 19.2 ], [ 72.8, 19.19 ], [ 72.81, 19.19 ] ] ] } },
{ "type": "Feature", "properties": { "cell_id": "r30_c4", "mean_ndbi": 0.0033026876682971883 }, "geometry": { "type": "Polygon", "coordinates": [ [ [ 72.82, 19.19 ], [ 72.82, 19.2 ], [ 72.81, 19.2 ], [ 72.81, 19.19 ], [ 72.82, 19.19 ] ] ] } },
{ "type": "Feature", "properties": { "cell_id": "r30_c5", "mean_ndbi": 0.0022932426331392398 }, "geometry": { "type": "Polygon", "coordinates": [ [ [ 72.83, 19.19 ], [ 72.83, 19.2 ], [ 72.82, 19.2 ], [ 72.82, 19.19 ], [ 72.83, 19.19 ] ] ] } },
{ "type": "Feature", "properties": { "cell_id": "r30_c6", "mean_ndbi": -0.018196725978101336 }, "geometry": { "type": "Polygon", "coordinates": [ [ [ 72.84, 19.19 ], [ 72.84, 19.2 ], [ 72.83, 19.2 ], [ 72.83, 19.19 ], [ 72.84, 19.19 ] ] ] } },
{ "type": "Feature", "properties": { "cell_id": "r30_c7", "mean_ndbi": -0.041509920438647138 }, "geometry": { "type": "Polygon", "coordinates": [ [ [ 72.85, 19.19 ], [ 72.85, 19.2 ], [ 72.84, 19.2 ], [ 72.84, 19.19 ], [ 72.85, 19.19 ] ] ] } },
{ "type": "Feature", "properties": { "cell_id": "r30_c8", "mean_ndbi": -0.031056378258478338 }, "geometry": { "type": "Polygon", "coordinates": [ [ [ 72.86, 19.19 ], [ 72.86, 19.2 ], [ 72.85, 19.2 ], [ 72.85, 19.19 ], [ 72.86, 19.19 ] ] ] } },
{ "type": "Feature", "properties": { "cell_id": "r30_c9", "mean_ndbi": 0.043842777030583639 }, "geometry": { "type": "Polygon", "coordinates": [ [ [ 72.87, 19.19 ], [ 72.87, 19.2 ], [ 72.86, 19.2 ], [ 72.86, 19.19 ], [ 72.87, 19.19 ] ] ] } },
{ "type": "Feature", "properties": { "cell_id": "r30_c10", "mean_ndbi": 0.01591869632406305 }, "geometry": { "type": "Polygon", "coordinates": [ [ [ 72.88, 19.19 ], [ 72.88, 19.2 ], [ 72.87, 19.2 ], [ 72.87, 19.19 ], [ 72.88, 19.19 ] ] ] } },
{ "type": "Feature", "properties": { "cell_id": "r30_c11", "mean_ndbi": -0.0038231492198674464 }, "geometry": { "type": "Polygon", "coordinates": [ [ [ 72.89, 19.19 ], [ 72.89, 19.2 ], [ 72.88, 19.2 ], [ 72.88, 19.19 ], [ 72.89, 19.19 ] ] ] } },
{ "type": "Feature", "properties": { "cell_id": "r30_c12", "mean_ndbi": -0.05348193167308634 }, "geometry": { "type": "Polygon", "coordinates": [ [ [ 72.9, 19.19 ], [ 72.9, 19.2 ], [ 72.89, 19.2 ], [ 72.89, 19.19 ], [ 72.9, 19.19 ] ] ] } },
{ "type": "Feature", "properties": { "cell_id": "r30_c13", "mean_ndbi": 0.0028126375914753737 }, "geometry": { "type": "Polygon", "coordinates": [ [ [ 72.91, 19.19 ], [ 72.91, 19.2 ], [ 72.9, 19.2 ], [ 72.9, 19.19 ], [ 72.91, 19.19 ] ] ] } },
{ "type": "Feature", "properties": { "cell_id": "r30_c14", "mean_ndbi": -0.030425326661230587 }, "geometry": { "type": "Polygon", "coordinates": [ [ [ 72.92, 19.19 ], [ 72.92, 19.2 ], [ 72.91, 19.2 ], [ 72.91, 19.19 ], [ 72.92, 19.19 ] ] ] } },
{ "type": "Feature", "properties": { "cell_id": "r30_c15", "mean_ndbi": -0.052854120322397169 }, "geometry": { "type": "Polygon", "coordinates": [ [ [ 72.93, 19.19 ], [ 72.93, 19.2 ], [ 72.92, 19.2 ], [ 72.92, 19.19 ], [ 72.93, 19.19 ] ] ] } },
{ "type": "Feature", "properties": { "cell_id": "r30_c16", "mean_ndbi": -0.11187546622413877 }, "geometry": { "type": "Polygon", "coordinates": [ [ [ 72.94, 19.19 ], [ 72.94, 19.2 ], [ 72.93, 19.2 ], [ 72.93, 19.19 ], [ 72.94, 19.19 ] ] ] } },
{ "type": "Feature", "properties": { "cell_id": "r30_c17", "mean_ndbi": 0.0013043091392263696 }, "geometry": { "type": "Polygon", "coordinates": [ [ [ 72.95, 19.19 ], [ 72.95, 19.2 ], [ 72.94, 19.2 ], [ 72.94, 19.19 ], [ 72.95, 19.19 ] ] ] } },
{ "type": "Feature", "properties": { "cell_id": "r30_c18", "mean_ndbi": -0.0077674285652422782 }, "geometry": { "type": "Polygon", "coordinates": [ [ [ 72.96, 19.19 ], [ 72.96, 19.2 ], [ 72.95, 19.2 ], [ 72.95, 19.19 ], [ 72.96, 19.19 ] ] ] } },
{ "type": "Feature", "properties": { "cell_id": "r30_c19", "mean_ndbi": -0.041214016797959045 }, "geometry": { "type": "Polygon", "coordinates": [ [ [ 72.97, 19.19 ], [ 72.97, 19.2 ], [ 72.96, 19.2 ], [ 72.96, 19.19 ], [ 72.97, 19.19 ] ] ] } },
{ "type": "Feature", "properties": { "cell_id": "r30_c20", "mean_ndbi": -0.011954942973735562 }, "geometry": { "type": "Polygon", "coordinates": [ [ [ 72.980000000000103, 19.19 ], [ 72.980000000000103, 19.2 ], [ 72.97, 19.2 ], [ 72.97, 19.19 ], [ 72.980000000000103, 19.19 ] ] ] } },
{ "type": "Feature", "properties": { "cell_id": "r30_c21", "mean_ndbi": -0.055421313382396066 }, "geometry": { "type": "Polygon", "coordinates": [ [ [ 72.99, 19.19 ], [ 72.99, 19.2 ], [ 72.980000000000103, 19.2 ], [ 72.980000000000103, 19.19 ], [ 72.99, 19.19 ] ] ] } },
{ "type": "Feature", "properties": { "cell_id": "r31_c0", "mean_ndbi": -0.14039549874031876 }, "geometry": { "type": "Polygon", "coordinates": [ [ [ 72.78, 19.2 ], [ 72.78, 19.21 ], [ 72.77, 19.21 ], [ 72.77, 19.2 ], [ 72.78, 19.2 ] ] ] } },
{ "type": "Feature", "properties": { "cell_id": "r31_c1", "mean_ndbi": -0.024259700140321635 }, "geometry": { "type": "Polygon", "coordinates": [ [ [ 72.79, 19.2 ], [ 72.79, 19.21 ], [ 72.78, 19.21 ], [ 72.78, 19.2 ], [ 72.79, 19.2 ] ] ] } },
{ "type": "Feature", "properties": { "cell_id": "r31_c2", "mean_ndbi": -0.10555338972718135 }, "geometry": { "type": "Polygon", "coordinates": [ [ [ 72.8, 19.2 ], [ 72.8, 19.21 ], [ 72.79, 19.21 ], [ 72.79, 19.2 ], [ 72.8, 19.2 ] ] ] } },
{ "type": "Feature", "properties": { "cell_id": "r31_c3", "mean_ndbi": -0.17252971758146077 }, "geometry": { "type": "Polygon", "coordinates": [ [ [ 72.81, 19.2 ], [ 72.81, 19.21 ], [ 72.8, 19.21 ], [ 72.8, 19.2 ], [ 72.81, 19.2 ] ] ] } },
{ "type": "Feature", "properties": { "cell_id": "r31_c4", "mean_ndbi": -0.080123461072653709 }, "geometry": { "type": "Polygon", "coordinates": [ [ [ 72.82, 19.2 ], [ 72.82, 19.21 ], [ 72.81, 19.21 ], [ 72.81, 19.2 ], [ 72.82, 19.2 ] ] ] } },
{ "type": "Feature", "properties": { "cell_id": "r31_c5", "mean_ndbi": 0.013869222933403032 }, "geometry": { "type": "Polygon", "coordinates": [ [ [ 72.83, 19.2 ], [ 72.83, 19.21 ], [ 72.82, 19.21 ], [ 72.82, 19.2 ], [ 72.83, 19.2 ] ] ] } },
{ "type": "Feature", "properties": { "cell_id": "r31_c6", "mean_ndbi": 0.017361034206779629 }, "geometry": { "type": "Polygon", "coordinates": [ [ [ 72.84, 19.2 ], [ 72.84, 19.21 ], [ 72.83, 19.21 ], [ 72.83, 19.2 ], [ 72.84, 19.2 ] ] ] } },
{ "type": "Feature", "properties": { "cell_id": "r31_c7", "mean_ndbi": -0.018140344062123386 }, "geometry": { "type": "Polygon", "coordinates": [ [ [ 72.85, 19.2 ], [ 72.85, 19.21 ], [ 72.84, 19.21 ], [ 72.84, 19.2 ], [ 72.85, 19.2 ] ] ] } },
{ "type": "Feature", "properties": { "cell_id": "r31_c8", "mean_ndbi": 0.00015098469701039342 }, "geometry": { "type": "Polygon", "coordinates": [ [ [ 72.86, 19.2 ], [ 72.86, 19.21 ], [ 72.85, 19.21 ], [ 72.85, 19.2 ], [ 72.86, 19.2 ] ] ] } },
{ "type": "Feature", "properties": { "cell_id": "r31_c9", "mean_ndbi": -0.017605536899407196 }, "geometry": { "type": "Polygon", "coordinates": [ [ [ 72.87, 19.2 ], [ 72.87, 19.21 ], [ 72.86, 19.21 ], [ 72.86, 19.2 ], [ 72.87, 19.2 ] ] ] } },
{ "type": "Feature", "properties": { "cell_id": "r31_c10", "mean_ndbi": 0.012365207425226949 }, "geometry": { "type": "Polygon", "coordinates": [ [ [ 72.88, 19.2 ], [ 72.88, 19.21 ], [ 72.87, 19.21 ], [ 72.87, 19.2 ], [ 72.88, 19.2 ] ] ] } },
{ "type": "Feature", "properties": { "cell_id": "r31_c11", "mean_ndbi": 0.032857648831100615 }, "geometry": { "type": "Polygon", "coordinates": [ [ [ 72.89, 19.2 ], [ 72.89, 19.21 ], [ 72.88, 19.21 ], [ 72.88, 19.2 ], [ 72.89, 19.2 ] ] ] } },
{ "type": "Feature", "properties": { "cell_id": "r31_c12", "mean_ndbi": -0.043768880031921635 }, "geometry": { "type": "Polygon", "coordinates": [ [ [ 72.9, 19.2 ], [ 72.9, 19.21 ], [ 72.89, 19.21 ], [ 72.89, 19.2 ], [ 72.9, 19.2 ] ] ] } },
{ "type": "Feature", "properties": { "cell_id": "r31_c13", "mean_ndbi": 0.049364904337526369 }, "geometry": { "type": "Polygon", "coordinates": [ [ [ 72.91, 19.2 ], [ 72.91, 19.21 ], [ 72.9, 19.21 ], [ 72.9, 19.2 ], [ 72.91, 19.2 ] ] ] } },
{ "type": "Feature", "properties": { "cell_id": "r31_c14", "mean_ndbi": -0.016625539308227261 }, "geometry": { "type": "Polygon", "coordinates": [ [ [ 72.92, 19.2 ], [ 72.92, 19.21 ], [ 72.91, 19.21 ], [ 72.91, 19.2 ], [ 72.92, 19.2 ] ] ] } },
{ "type": "Feature", "properties": { "cell_id": "r31_c15", "mean_ndbi": -0.035840593369378407 }, "geometry": { "type": "Polygon", "coordinates": [ [ [ 72.93, 19.2 ], [ 72.93, 19.21 ], [ 72.92, 19.21 ], [ 72.92, 19.2 ], [ 72.93, 19.2 ] ] ] } },
{ "type": "Feature", "properties": { "cell_id": "r31_c16", "mean_ndbi": -0.063998297677319765 }, "geometry": { "type": "Polygon", "coordinates": [ [ [ 72.94, 19.2 ], [ 72.94, 19.21 ], [ 72.93, 19.21 ], [ 72.93, 19.2 ], [ 72.94, 19.2 ] ] ] } },
{ "type": "Feature", "properties": { "cell_id": "r31_c17", "mean_ndbi": 0.0010567107105933929 }, "geometry": { "type": "Polygon", "coordinates": [ [ [ 72.95, 19.2 ], [ 72.95, 19.21 ], [ 72.94, 19.21 ], [ 72.94, 19.2 ], [ 72.95, 19.2 ] ] ] } },
{ "type": "Feature", "properties": { "cell_id": "r31_c18", "mean_ndbi": 0.028200914476756288 }, "geometry": { "type": "Polygon", "coordinates": [ [ [ 72.96, 19.2 ], [ 72.96, 19.21 ], [ 72.95, 19.21 ], [ 72.95, 19.2 ], [ 72.96, 19.2 ] ] ] } },
{ "type": "Feature", "properties": { "cell_id": "r31_c19", "mean_ndbi": -0.034924034247963406 }, "geometry": { "type": "Polygon", "coordinates": [ [ [ 72.97, 19.2 ], [ 72.97, 19.21 ], [ 72.96, 19.21 ], [ 72.96, 19.2 ], [ 72.97, 19.2 ] ] ] } },
{ "type": "Feature", "properties": { "cell_id": "r31_c20", "mean_ndbi": -0.014898478030961011 }, "geometry": { "type": "Polygon", "coordinates": [ [ [ 72.980000000000103, 19.2 ], [ 72.980000000000103, 19.21 ], [ 72.97, 19.21 ], [ 72.97, 19.2 ], [ 72.980000000000103, 19.2 ] ] ] } },
{ "type": "Feature", "properties": { "cell_id": "r31_c21", "mean_ndbi": -0.016169594653765926 }, "geometry": { "type": "Polygon", "coordinates": [ [ [ 72.99, 19.2 ], [ 72.99, 19.21 ], [ 72.980000000000103, 19.21 ], [ 72.980000000000103, 19.2 ], [ 72.99, 19.2 ] ] ] } },
{ "type": "Feature", "properties": { "cell_id": "r32_c0", "mean_ndbi": -0.11416326907249247 }, "geometry": { "type": "Polygon", "coordinates": [ [ [ 72.78, 19.21 ], [ 72.78, 19.22 ], [ 72.77, 19.22 ], [ 72.77, 19.21 ], [ 72.78, 19.21 ] ] ] } },
{ "type": "Feature", "properties": { "cell_id": "r32_c1", "mean_ndbi": 0.00013947841204672577 }, "geometry": { "type": "Polygon", "coordinates": [ [ [ 72.79, 19.21 ], [ 72.79, 19.22 ], [ 72.78, 19.22 ], [ 72.78, 19.21 ], [ 72.79, 19.21 ] ] ] } },
{ "type": "Feature", "properties": { "cell_id": "r32_c2", "mean_ndbi": -0.0083869158279508953 }, "geometry": { "type": "Polygon", "coordinates": [ [ [ 72.8, 19.21 ], [ 72.8, 19.22 ], [ 72.79, 19.22 ], [ 72.79, 19.21 ], [ 72.8, 19.21 ] ] ] } },
{ "type": "Feature", "properties": { "cell_id": "r32_c3", "mean_ndbi": -0.16592853959377035 }, "geometry": { "type": "Polygon", "coordinates": [ [ [ 72.81, 19.21 ], [ 72.81, 19.22 ], [ 72.8, 19.22 ], [ 72.8, 19.21 ], [ 72.81, 19.21 ] ] ] } },
{ "type": "Feature", "properties": { "cell_id": "r32_c4", "mean_ndbi": -0.12102660449340373 }, "geometry": { "type": "Polygon", "coordinates": [ [ [ 72.82, 19.21 ], [ 72.82, 19.22 ], [ 72.81, 19.22 ], [ 72.81, 19.21 ], [ 72.82, 19.21 ] ] ] } },
{ "type": "Feature", "properties": { "cell_id": "r32_c5", "mean_ndbi": -0.0043798880116703168 }, "geometry": { "type": "Polygon", "coordinates": [ [ [ 72.83, 19.21 ], [ 72.83, 19.22 ], [ 72.82, 19.22 ], [ 72.82, 19.21 ], [ 72.83, 19.21 ] ] ] } },
{ "type": "Feature", "properties": { "cell_id": "r32_c6", "mean_ndbi": 0.0065761712830796782 }, "geometry": { "type": "Polygon", "coordinates": [ [ [ 72.84, 19.21 ], [ 72.84, 19.22 ], [ 72.83, 19.22 ], [ 72.83, 19.21 ], [ 72.84, 19.21 ] ] ] } },
{ "type": "Feature", "properties": { "cell_id": "r32_c7", "mean_ndbi": -0.025707446391622334 }, "geometry": { "type": "Polygon", "coordinates": [ [ [ 72.85, 19.21 ], [ 72.85, 19.22 ], [ 72.84, 19.22 ], [ 72.84, 19.21 ], [ 72.85, 19.21 ] ] ] } },
{ "type": "Feature", "properties": { "cell_id": "r32_c8", "mean_ndbi": 0.0086289253804683642 }, "geometry": { "type": "Polygon", "coordinates": [ [ [ 72.86, 19.21 ], [ 72.86, 19.22 ], [ 72.85, 19.22 ], [ 72.85, 19.21 ], [ 72.86, 19.21 ] ] ] } },
{ "type": "Feature", "properties": { "cell_id": "r32_c9", "mean_ndbi": -0.0079226871392741906 }, "geometry": { "type": "Polygon", "coordinates": [ [ [ 72.87, 19.21 ], [ 72.87, 19.22 ], [ 72.86, 19.22 ], [ 72.86, 19.21 ], [ 72.87, 19.21 ] ] ] } },
{ "type": "Feature", "properties": { "cell_id": "r32_c10", "mean_ndbi": 0.012905532236471413 }, "geometry": { "type": "Polygon", "coordinates": [ [ [ 72.88, 19.21 ], [ 72.88, 19.22 ], [ 72.87, 19.22 ], [ 72.87, 19.21 ], [ 72.88, 19.21 ] ] ] } },
{ "type": "Feature", "properties": { "cell_id": "r32_c11", "mean_ndbi": 0.046216173159172848 }, "geometry": { "type": "Polygon", "coordinates": [ [ [ 72.89, 19.21 ], [ 72.89, 19.22 ], [ 72.88, 19.22 ], [ 72.88, 19.21 ], [ 72.89, 19.21 ] ] ] } },
{ "type": "Feature", "properties": { "cell_id": "r32_c12", "mean_ndbi": -0.076930269765160139 }, "geometry": { "type": "Polygon", "coordinates": [ [ [ 72.9, 19.21 ], [ 72.9, 19.22 ], [ 72.89, 19.22 ], [ 72.89, 19.21 ], [ 72.9, 19.21 ] ] ] } },
{ "type": "Feature", "properties": { "cell_id": "r32_c13", "mean_ndbi": -0.017871948392905984 }, "geometry": { "type": "Polygon", "coordinates": [ [ [ 72.91, 19.21 ], [ 72.91, 19.22 ], [ 72.9, 19.22 ], [ 72.9, 19.21 ], [ 72.91, 19.21 ] ] ] } },
{ "type": "Feature", "properties": { "cell_id": "r32_c14", "mean_ndbi": -0.12427171426351616 }, "geometry": { "type": "Polygon", "coordinates": [ [ [ 72.92, 19.21 ], [ 72.92, 19.22 ], [ 72.91, 19.22 ], [ 72.91, 19.21 ], [ 72.92, 19.21 ] ] ] } },
{ "type": "Feature", "properties": { "cell_id": "r32_c15", "mean_ndbi": -0.078173833312189175 }, "geometry": { "type": "Polygon", "coordinates": [ [ [ 72.93, 19.21 ], [ 72.93, 19.22 ], [ 72.92, 19.22 ], [ 72.92, 19.21 ], [ 72.93, 19.21 ] ] ] } },
{ "type": "Feature", "properties": { "cell_id": "r32_c16", "mean_ndbi": 0.0014468388061435347 }, "geometry": { "type": "Polygon", "coordinates": [ [ [ 72.94, 19.21 ], [ 72.94, 19.22 ], [ 72.93, 19.22 ], [ 72.93, 19.21 ], [ 72.94, 19.21 ] ] ] } },
{ "type": "Feature", "properties": { "cell_id": "r32_c17", "mean_ndbi": -0.021132926504615214 }, "geometry": { "type": "Polygon", "coordinates": [ [ [ 72.95, 19.21 ], [ 72.95, 19.22 ], [ 72.94, 19.22 ], [ 72.94, 19.21 ], [ 72.95, 19.21 ] ] ] } },
{ "type": "Feature", "properties": { "cell_id": "r32_c18", "mean_ndbi": 0.030676676410826526 }, "geometry": { "type": "Polygon", "coordinates": [ [ [ 72.96, 19.21 ], [ 72.96, 19.22 ], [ 72.95, 19.22 ], [ 72.95, 19.21 ], [ 72.96, 19.21 ] ] ] } },
{ "type": "Feature", "properties": { "cell_id": "r32_c19", "mean_ndbi": -0.030296391611977044 }, "geometry": { "type": "Polygon", "coordinates": [ [ [ 72.97, 19.21 ], [ 72.97, 19.22 ], [ 72.96, 19.22 ], [ 72.96, 19.21 ], [ 72.97, 19.21 ] ] ] } },
{ "type": "Feature", "properties": { "cell_id": "r32_c20", "mean_ndbi": -0.012588562827263812 }, "geometry": { "type": "Polygon", "coordinates": [ [ [ 72.980000000000103, 19.21 ], [ 72.980000000000103, 19.22 ], [ 72.97, 19.22 ], [ 72.97, 19.21 ], [ 72.980000000000103, 19.21 ] ] ] } },
{ "type": "Feature", "properties": { "cell_id": "r32_c21", "mean_ndbi": -0.02919313375933829 }, "geometry": { "type": "Polygon", "coordinates": [ [ [ 72.99, 19.21 ], [ 72.99, 19.22 ], [ 72.980000000000103, 19.22 ], [ 72.980000000000103, 19.21 ], [ 72.99, 19.21 ] ] ] } },
{ "type": "Feature", "properties": { "cell_id": "r33_c0", "mean_ndbi": -0.06292229364875318 }, "geometry": { "type": "Polygon", "coordinates": [ [ [ 72.78, 19.22 ], [ 72.78, 19.23 ], [ 72.77, 19.23 ], [ 72.77, 19.22 ], [ 72.78, 19.22 ] ] ] } },
{ "type": "Feature", "properties": { "cell_id": "r33_c1", "mean_ndbi": -0.029113953085391716 }, "geometry": { "type": "Polygon", "coordinates": [ [ [ 72.79, 19.22 ], [ 72.79, 19.23 ], [ 72.78, 19.23 ], [ 72.78, 19.22 ], [ 72.79, 19.22 ] ] ] } },
{ "type": "Feature", "properties": { "cell_id": "r33_c2", "mean_ndbi": -0.22525873492810627 }, "geometry": { "type": "Polygon", "coordinates": [ [ [ 72.8, 19.22 ], [ 72.8, 19.23 ], [ 72.79, 19.23 ], [ 72.79, 19.22 ], [ 72.8, 19.22 ] ] ] } },
{ "type": "Feature", "properties": { "cell_id": "r33_c3", "mean_ndbi": -0.16724575341975556 }, "geometry": { "type": "Polygon", "coordinates": [ [ [ 72.81, 19.22 ], [ 72.81, 19.23 ], [ 72.8, 19.23 ], [ 72.8, 19.22 ], [ 72.81, 19.22 ] ] ] } },
{ "type": "Feature", "properties": { "cell_id": "r33_c4", "mean_ndbi": -0.18822094190458605 }, "geometry": { "type": "Polygon", "coordinates": [ [ [ 72.82, 19.22 ], [ 72.82, 19.23 ], [ 72.81, 19.23 ], [ 72.81, 19.22 ], [ 72.82, 19.22 ] ] ] } },
{ "type": "Feature", "properties": { "cell_id": "r33_c5", "mean_ndbi": -0.079053323831972666 }, "geometry": { "type": "Polygon", "coordinates": [ [ [ 72.83, 19.22 ], [ 72.83, 19.23 ], [ 72.82, 19.23 ], [ 72.82, 19.22 ], [ 72.83, 19.22 ] ] ] } },
{ "type": "Feature", "properties": { "cell_id": "r33_c6", "mean_ndbi": 0.012670799196011308 }, "geometry": { "type": "Polygon", "coordinates": [ [ [ 72.84, 19.22 ], [ 72.84, 19.23 ], [ 72.83, 19.23 ], [ 72.83, 19.22 ], [ 72.84, 19.22 ] ] ] } },
{ "type": "Feature", "properties": { "cell_id": "r33_c7", "mean_ndbi": -0.034725822385556944 }, "geometry": { "type": "Polygon", "coordinates": [ [ [ 72.85, 19.22 ], [ 72.85, 19.23 ], [ 72.84, 19.23 ], [ 72.84, 19.22 ], [ 72.85, 19.22 ] ] ] } },
{ "type": "Feature", "properties": { "cell_id": "r33_c8", "mean_ndbi": -0.017475706776838146 }, "geometry": { "type": "Polygon", "coordinates": [ [ [ 72.86, 19.22 ], [ 72.86, 19.23 ], [ 72.85, 19.23 ], [ 72.85, 19.22 ], [ 72.86, 19.22 ] ] ] } },
{ "type": "Feature", "properties": { "cell_id": "r33_c9", "mean_ndbi": -0.019800008160248836 }, "geometry": { "type": "Polygon", "coordinates": [ [ [ 72.87, 19.22 ], [ 72.87, 19.23 ], [ 72.86, 19.23 ], [ 72.86, 19.22 ], [ 72.87, 19.22 ] ] ] } },
{ "type": "Feature", "properties": { "cell_id": "r33_c10", "mean_ndbi": -0.0061717603157525457 }, "geometry": { "type": "Polygon", "coordinates": [ [ [ 72.88, 19.22 ], [ 72.88, 19.23 ], [ 72.87, 19.23 ], [ 72.87, 19.22 ], [ 72.88, 19.22 ] ] ] } },
{ "type": "Feature", "properties": { "cell_id": "r33_c11", "mean_ndbi": 0.017796765707505484 }, "geometry": { "type": "Polygon", "coordinates": [ [ [ 72.89, 19.22 ], [ 72.89, 19.23 ], [ 72.88, 19.23 ], [ 72.88, 19.22 ], [ 72.89, 19.22 ] ] ] } },
{ "type": "Feature", "properties": { "cell_id": "r33_c12", "mean_ndbi": -0.04988375685110908 }, "geometry": { "type": "Polygon", "coordinates": [ [ [ 72.9, 19.22 ], [ 72.9, 19.23 ], [ 72.89, 19.23 ], [ 72.89, 19.22 ], [ 72.9, 19.22 ] ] ] } },
{ "type": "Feature", "properties": { "cell_id": "r33_c13", "mean_ndbi": -0.0048854106712350595 }, "geometry": { "type": "Polygon", "coordinates": [ [ [ 72.91, 19.22 ], [ 72.91, 19.23 ], [ 72.9, 19.23 ], [ 72.9, 19.22 ], [ 72.91, 19.22 ] ] ] } },
{ "type": "Feature", "properties": { "cell_id": "r33_c14", "mean_ndbi": -0.092812994321930589 }, "geometry": { "type": "Polygon", "coordinates": [ [ [ 72.92, 19.22 ], [ 72.92, 19.23 ], [ 72.91, 19.23 ], [ 72.91, 19.22 ], [ 72.92, 19.22 ] ] ] } },
{ "type": "Feature", "properties": { "cell_id": "r33_c15", "mean_ndbi": -0.0074394892070601213 }, "geometry": { "type": "Polygon", "coordinates": [ [ [ 72.93, 19.22 ], [ 72.93, 19.23 ], [ 72.92, 19.23 ], [ 72.92, 19.22 ], [ 72.93, 19.22 ] ] ] } },
{ "type": "Feature", "properties": { "cell_id": "r33_c16", "mean_ndbi": 0.049092028443318239 }, "geometry": { "type": "Polygon", "coordinates": [ [ [ 72.94, 19.22 ], [ 72.94, 19.23 ], [ 72.93, 19.23 ], [ 72.93, 19.22 ], [ 72.94, 19.22 ] ] ] } },
{ "type": "Feature", "properties": { "cell_id": "r33_c17", "mean_ndbi": -0.0060529588295728763 }, "geometry": { "type": "Polygon", "coordinates": [ [ [ 72.95, 19.22 ], [ 72.95, 19.23 ], [ 72.94, 19.23 ], [ 72.94, 19.22 ], [ 72.95, 19.22 ] ] ] } },
{ "type": "Feature", "properties": { "cell_id": "r33_c18", "mean_ndbi": -0.033205511452894652 }, "geometry": { "type": "Polygon", "coordinates": [ [ [ 72.96, 19.22 ], [ 72.96, 19.23 ], [ 72.95, 19.23 ], [ 72.95, 19.22 ], [ 72.96, 19.22 ] ] ] } },
{ "type": "Feature", "properties": { "cell_id": "r33_c19", "mean_ndbi": -0.015310249575011863 }, "geometry": { "type": "Polygon", "coordinates": [ [ [ 72.97, 19.22 ], [ 72.97, 19.23 ], [ 72.96, 19.23 ], [ 72.96, 19.22 ], [ 72.97, 19.22 ] ] ] } },
{ "type": "Feature", "properties": { "cell_id": "r33_c20", "mean_ndbi": -0.042234150387464309 }, "geometry": { "type": "Polygon", "coordinates": [ [ [ 72.980000000000103, 19.22 ], [ 72.980000000000103, 19.23 ], [ 72.97, 19.23 ], [ 72.97, 19.22 ], [ 72.980000000000103, 19.22 ] ] ] } },
{ "type": "Feature", "properties": { "cell_id": "r33_c21", "mean_ndbi": -0.01477747646601822 }, "geometry": { "type": "Polygon", "coordinates": [ [ [ 72.99, 19.22 ], [ 72.99, 19.23 ], [ 72.980000000000103, 19.23 ], [ 72.980000000000103, 19.22 ], [ 72.99, 19.22 ] ] ] } },
{ "type": "Feature", "properties": { "cell_id": "r34_c0", "mean_ndbi": -0.14149100152323821 }, "geometry": { "type": "Polygon", "coordinates": [ [ [ 72.78, 19.23 ], [ 72.78, 19.24 ], [ 72.77, 19.24 ], [ 72.77, 19.23 ], [ 72.78, 19.23 ] ] ] } },
{ "type": "Feature", "properties": { "cell_id": "r34_c1", "mean_ndbi": 0.036487818977270561 }, "geometry": { "type": "Polygon", "coordinates": [ [ [ 72.79, 19.23 ], [ 72.79, 19.24 ], [ 72.78, 19.24 ], [ 72.78, 19.23 ], [ 72.79, 19.23 ] ] ] } },
{ "type": "Feature", "properties": { "cell_id": "r34_c2", "mean_ndbi": -0.16635125572264989 }, "geometry": { "type": "Polygon", "coordinates": [ [ [ 72.8, 19.23 ], [ 72.8, 19.24 ], [ 72.79, 19.24 ], [ 72.79, 19.23 ], [ 72.8, 19.23 ] ] ] } },
{ "type": "Feature", "properties": { "cell_id": "r34_c3", "mean_ndbi": -0.11728781411083897 }, "geometry": { "type": "Polygon", "coordinates": [ [ [ 72.81, 19.23 ], [ 72.81, 19.24 ], [ 72.8, 19.24 ], [ 72.8, 19.23 ], [ 72.81, 19.23 ] ] ] } },
{ "type": "Feature", "properties": { "cell_id": "r34_c4", "mean_ndbi": -0.2123562508377288 }, "geometry": { "type": "Polygon", "coordinates": [ [ [ 72.82, 19.23 ], [ 72.82, 19.24 ], [ 72.81, 19.24 ], [ 72.81, 19.23 ], [ 72.82, 19.23 ] ] ] } },
{ "type": "Feature", "properties": { "cell_id": "r34_c5", "mean_ndbi": -0.097576772714490945 }, "geometry": { "type": "Polygon", "coordinates": [ [ [ 72.83, 19.23 ], [ 72.83, 19.24 ], [ 72.82, 19.24 ], [ 72.82, 19.23 ], [ 72.83, 19.23 ] ] ] } },
{ "type": "Feature", "properties": { "cell_id": "r34_c6", "mean_ndbi": -0.077604050863139581 }, "geometry": { "type": "Polygon", "coordinates": [ [ [ 72.84, 19.23 ], [ 72.84, 19.24 ], [ 72.83, 19.24 ], [ 72.83, 19.23 ], [ 72.84, 19.23 ] ] ] } },
{ "type": "Feature", "properties": { "cell_id": "r34_c7", "mean_ndbi": -0.026681351293548317 }, "geometry": { "type": "Polygon", "coordinates": [ [ [ 72.85, 19.23 ], [ 72.85, 19.24 ], [ 72.84, 19.24 ], [ 72.84, 19.23 ], [ 72.85, 19.23 ] ] ] } },
{ "type": "Feature", "properties": { "cell_id": "r34_c8", "mean_ndbi": -0.027815761155677243 }, "geometry": { "type": "Polygon", "coordinates": [ [ [ 72.86, 19.23 ], [ 72.86, 19.24 ], [ 72.85, 19.24 ], [ 72.85, 19.23 ], [ 72.86, 19.23 ] ] ] } },
{ "type": "Feature", "properties": { "cell_id": "r34_c9", "mean_ndbi": -0.016967071003908624 }, "geometry": { "type": "Polygon", "coordinates": [ [ [ 72.87, 19.23 ], [ 72.87, 19.24 ], [ 72.86, 19.24 ], [ 72.86, 19.23 ], [ 72.87, 19.23 ] ] ] } },
{ "type": "Feature", "properties": { "cell_id": "r34_c10", "mean_ndbi": 0.0051314816911831882 }, "geometry": { "type": "Polygon", "coordinates": [ [ [ 72.88, 19.23 ], [ 72.88, 19.24 ], [ 72.87, 19.24 ], [ 72.87, 19.23 ], [ 72.88, 19.23 ] ] ] } },
{ "type": "Feature", "properties": { "cell_id": "r34_c11", "mean_ndbi": -0.018291591646561627 }, "geometry": { "type": "Polygon", "coordinates": [ [ [ 72.89, 19.23 ], [ 72.89, 19.24 ], [ 72.88, 19.24 ], [ 72.88, 19.23 ], [ 72.89, 19.23 ] ] ] } },
{ "type": "Feature", "properties": { "cell_id": "r34_c12", "mean_ndbi": -0.072479849821417336 }, "geometry": { "type": "Polygon", "coordinates": [ [ [ 72.9, 19.23 ], [ 72.9, 19.24 ], [ 72.89, 19.24 ], [ 72.89, 19.23 ], [ 72.9, 19.23 ] ] ] } },
{ "type": "Feature", "properties": { "cell_id": "r34_c13", "mean_ndbi": -0.049773049621381238 }, "geometry": { "type": "Polygon", "coordinates": [ [ [ 72.91, 19.23 ], [ 72.91, 19.24 ], [ 72.9, 19.24 ], [ 72.9, 19.23 ], [ 72.91, 19.23 ] ] ] } },
{ "type": "Feature", "properties": { "cell_id": "r34_c14", "mean_ndbi": -0.0093978691363570503 }, "geometry": { "type": "Polygon", "coordinates": [ [ [ 72.92, 19.23 ], [ 72.92, 19.24 ], [ 72.91, 19.24 ], [ 72.91, 19.23 ], [ 72.92, 19.23 ] ] ] } },
{ "type": "Feature", "properties": { "cell_id": "r34_c15", "mean_ndbi": 0.023438143490845564 }, "geometry": { "type": "Polygon", "coordinates": [ [ [ 72.93, 19.23 ], [ 72.93, 19.24 ], [ 72.92, 19.24 ], [ 72.92, 19.23 ], [ 72.93, 19.23 ] ] ] } },
{ "type": "Feature", "properties": { "cell_id": "r34_c16", "mean_ndbi": 0.06243878906371364 }, "geometry": { "type": "Polygon", "coordinates": [ [ [ 72.94, 19.23 ], [ 72.94, 19.24 ], [ 72.93, 19.24 ], [ 72.93, 19.23 ], [ 72.94, 19.23 ] ] ] } },
{ "type": "Feature", "properties": { "cell_id": "r34_c17", "mean_ndbi": -0.020351608162799815 }, "geometry": { "type": "Polygon", "coordinates": [ [ [ 72.95, 19.23 ], [ 72.95, 19.24 ], [ 72.94, 19.24 ], [ 72.94, 19.23 ], [ 72.95, 19.23 ] ] ] } },
{ "type": "Feature", "properties": { "cell_id": "r34_c18", "mean_ndbi": -0.0099580070677072717 }, "geometry": { "type": "Polygon", "coordinates": [ [ [ 72.96, 19.23 ], [ 72.96, 19.24 ], [ 72.95, 19.24 ], [ 72.95, 19.23 ], [ 72.96, 19.23 ] ] ] } },
{ "type": "Feature", "properties": { "cell_id": "r34_c19", "mean_ndbi": -0.029566121435139522 }, "geometry": { "type": "Polygon", "coordinates": [ [ [ 72.97, 19.23 ], [ 72.97, 19.24 ], [ 72.96, 19.24 ], [ 72.96, 19.23 ], [ 72.97, 19.23 ] ] ] } },
{ "type": "Feature", "properties": { "cell_id": "r34_c20", "mean_ndbi": -0.010280783928217697 }, "geometry": { "type": "Polygon", "coordinates": [ [ [ 72.980000000000103, 19.23 ], [ 72.980000000000103, 19.24 ], [ 72.97, 19.24 ], [ 72.97, 19.23 ], [ 72.980000000000103, 19.23 ] ] ] } },
{ "type": "Feature", "properties": { "cell_id": "r34_c21", "mean_ndbi": -0.0043513190244341268 }, "geometry": { "type": "Polygon", "coordinates": [ [ [ 72.99, 19.23 ], [ 72.99, 19.24 ], [ 72.980000000000103, 19.24 ], [ 72.980000000000103, 19.23 ], [ 72.99, 19.23 ] ] ] } },
{ "type": "Feature", "properties": { "cell_id": "r35_c0", "mean_ndbi": -0.14779990404345458 }, "geometry": { "type": "Polygon", "coordinates": [ [ [ 72.78, 19.24 ], [ 72.78, 19.25 ], [ 72.77, 19.25 ], [ 72.77, 19.24 ], [ 72.78, 19.24 ] ] ] } },
{ "type": "Feature", "properties": { "cell_id": "r35_c1", "mean_ndbi": -0.024103605923842815 }, "geometry": { "type": "Polygon", "coordinates": [ [ [ 72.79, 19.24 ], [ 72.79, 19.25 ], [ 72.78, 19.25 ], [ 72.78, 19.24 ], [ 72.79, 19.24 ] ] ] } },
{ "type": "Feature", "properties": { "cell_id": "r35_c2", "mean_ndbi": -0.023194257547247462 }, "geometry": { "type": "Polygon", "coordinates": [ [ [ 72.8, 19.24 ], [ 72.8, 19.25 ], [ 72.79, 19.25 ], [ 72.79, 19.24 ], [ 72.8, 19.24 ] ] ] } },
{ "type": "Feature", "properties": { "cell_id": "r35_c3", "mean_ndbi": -0.14396397521246981 }, "geometry": { "type": "Polygon", "coordinates": [ [ [ 72.81, 19.24 ], [ 72.81, 19.25 ], [ 72.8, 19.25 ], [ 72.8, 19.24 ], [ 72.81, 19.24 ] ] ] } },
{ "type": "Feature", "properties": { "cell_id": "r35_c4", "mean_ndbi": -0.26692317463730791 }, "geometry": { "type": "Polygon", "coordinates": [ [ [ 72.82, 19.24 ], [ 72.82, 19.25 ], [ 72.81, 19.25 ], [ 72.81, 19.24 ], [ 72.82, 19.24 ] ] ] } },
{ "type": "Feature", "properties": { "cell_id": "r35_c5", "mean_ndbi": -0.27020001910916047 }, "geometry": { "type": "Polygon", "coordinates": [ [ [ 72.83, 19.24 ], [ 72.83, 19.25 ], [ 72.82, 19.25 ], [ 72.82, 19.24 ], [ 72.83, 19.24 ] ] ] } },
{ "type": "Feature", "properties": { "cell_id": "r35_c6", "mean_ndbi": -0.19624523700444427 }, "geometry": { "type": "Polygon", "coordinates": [ [ [ 72.84, 19.24 ], [ 72.84, 19.25 ], [ 72.83, 19.25 ], [ 72.83, 19.24 ], [ 72.84, 19.24 ] ] ] } },
{ "type": "Feature", "properties": { "cell_id": "r35_c7", "mean_ndbi": -0.10186051993791591 }, "geometry": { "type": "Polygon", "coordinates": [ [ [ 72.85, 19.24 ], [ 72.85, 19.25 ], [ 72.84, 19.25 ], [ 72.84, 19.24 ], [ 72.85, 19.24 ] ] ] } },
{ "type": "Feature", "properties": { "cell_id": "r35_c8", "mean_ndbi": -0.048604837581103656 }, "geometry": { "type": "Polygon", "coordinates": [ [ [ 72.86, 19.24 ], [ 72.86, 19.25 ], [ 72.85, 19.25 ], [ 72.85, 19.24 ], [ 72.86, 19.24 ] ] ] } },
{ "type": "Feature", "properties": { "cell_id": "r35_c9", "mean_ndbi": 0.019946792927375993 }, "geometry": { "type": "Polygon", "coordinates": [ [ [ 72.87, 19.24 ], [ 72.87, 19.25 ], [ 72.86, 19.25 ], [ 72.86, 19.24 ], [ 72.87, 19.24 ] ] ] } },
{ "type": "Feature", "properties": { "cell_id": "r35_c10", "mean_ndbi": 0.034730698598720494 }, "geometry": { "type": "Polygon", "coordinates": [ [ [ 72.88, 19.24 ], [ 72.88, 19.25 ], [ 72.87, 19.25 ], [ 72.87, 19.24 ], [ 72.88, 19.24 ] ] ] } },
{ "type": "Feature", "properties": { "cell_id": "r35_c11", "mean_ndbi": -0.055126313526068116 }, "geometry": { "type": "Polygon", "coordinates": [ [ [ 72.89, 19.24 ], [ 72.89, 19.25 ], [ 72.88, 19.25 ], [ 72.88, 19.24 ], [ 72.89, 19.24 ] ] ] } },
{ "type": "Feature", "properties": { "cell_id": "r35_c12", "mean_ndbi": -0.072017905417144479 }, "geometry": { "type": "Polygon", "coordinates": [ [ [ 72.9, 19.24 ], [ 72.9, 19.25 ], [ 72.89, 19.25 ], [ 72.89, 19.24 ], [ 72.9, 19.24 ] ] ] } },
{ "type": "Feature", "properties": { "cell_id": "r35_c13", "mean_ndbi": -0.10546470834272076 }, "geometry": { "type": "Polygon", "coordinates": [ [ [ 72.91, 19.24 ], [ 72.91, 19.25 ], [ 72.9, 19.25 ], [ 72.9, 19.24 ], [ 72.91, 19.24 ] ] ] } },
{ "type": "Feature", "properties": { "cell_id": "r35_c14", "mean_ndbi": -0.042869957101098595 }, "geometry": { "type": "Polygon", "coordinates": [ [ [ 72.92, 19.24 ], [ 72.92, 19.25 ], [ 72.91, 19.25 ], [ 72.91, 19.24 ], [ 72.92, 19.24 ] ] ] } },
{ "type": "Feature", "properties": { "cell_id": "r35_c15", "mean_ndbi": -0.01196513828127784 }, "geometry": { "type": "Polygon", "coordinates": [ [ [ 72.93, 19.24 ], [ 72.93, 19.25 ], [ 72.92, 19.25 ], [ 72.92, 19.24 ], [ 72.93, 19.24 ] ] ] } },
{ "type": "Feature", "properties": { "cell_id": "r35_c16", "mean_ndbi": -0.039705610850635141 }, "geometry": { "type": "Polygon", "coordinates": [ [ [ 72.94, 19.24 ], [ 72.94, 19.25 ], [ 72.93, 19.25 ], [ 72.93, 19.24 ], [ 72.94, 19.24 ] ] ] } },
{ "type": "Feature", "properties": { "cell_id": "r35_c17", "mean_ndbi": -0.035065021972073639 }, "geometry": { "type": "Polygon", "coordinates": [ [ [ 72.95, 19.24 ], [ 72.95, 19.25 ], [ 72.94, 19.25 ], [ 72.94, 19.24 ], [ 72.95, 19.24 ] ] ] } },
{ "type": "Feature", "properties": { "cell_id": "r35_c18", "mean_ndbi": 0.059033569909523874 }, "geometry": { "type": "Polygon", "coordinates": [ [ [ 72.96, 19.24 ], [ 72.96, 19.25 ], [ 72.95, 19.25 ], [ 72.95, 19.24 ], [ 72.96, 19.24 ] ] ] } },
{ "type": "Feature", "properties": { "cell_id": "r35_c19", "mean_ndbi": -0.055310651210449681 }, "geometry": { "type": "Polygon", "coordinates": [ [ [ 72.97, 19.24 ], [ 72.97, 19.25 ], [ 72.96, 19.25 ], [ 72.96, 19.24 ], [ 72.97, 19.24 ] ] ] } },
{ "type": "Feature", "properties": { "cell_id": "r35_c20", "mean_ndbi": -0.046551247755489696 }, "geometry": { "type": "Polygon", "coordinates": [ [ [ 72.980000000000103, 19.24 ], [ 72.980000000000103, 19.25 ], [ 72.97, 19.25 ], [ 72.97, 19.24 ], [ 72.980000000000103, 19.24 ] ] ] } },
{ "type": "Feature", "properties": { "cell_id": "r35_c21", "mean_ndbi": -0.065278699232418483 }, "geometry": { "type": "Polygon", "coordinates": [ [ [ 72.99, 19.24 ], [ 72.99, 19.25 ], [ 72.980000000000103, 19.25 ], [ 72.980000000000103, 19.24 ], [ 72.99, 19.24 ] ] ] } },
{ "type": "Feature", "properties": { "cell_id": "r36_c0", "mean_ndbi": -0.13090725308686191 }, "geometry": { "type": "Polygon", "coordinates": [ [ [ 72.78, 19.25 ], [ 72.78, 19.26 ], [ 72.77, 19.26 ], [ 72.77, 19.25 ], [ 72.78, 19.25 ] ] ] } },
{ "type": "Feature", "properties": { "cell_id": "r36_c1", "mean_ndbi": -0.064845596533535069 }, "geometry": { "type": "Polygon", "coordinates": [ [ [ 72.79, 19.25 ], [ 72.79, 19.26 ], [ 72.78, 19.26 ], [ 72.78, 19.25 ], [ 72.79, 19.25 ] ] ] } },
{ "type": "Feature", "properties": { "cell_id": "r36_c2", "mean_ndbi": -0.038145622508918002 }, "geometry": { "type": "Polygon", "coordinates": [ [ [ 72.8, 19.25 ], [ 72.8, 19.26 ], [ 72.79, 19.26 ], [ 72.79, 19.25 ], [ 72.8, 19.25 ] ] ] } },
{ "type": "Feature", "properties": { "cell_id": "r36_c3", "mean_ndbi": -0.14374690826280978 }, "geometry": { "type": "Polygon", "coordinates": [ [ [ 72.81, 19.25 ], [ 72.81, 19.26 ], [ 72.8, 19.26 ], [ 72.8, 19.25 ], [ 72.81, 19.25 ] ] ] } },
{ "type": "Feature", "properties": { "cell_id": "r36_c4", "mean_ndbi": -0.27772995675331003 }, "geometry": { "type": "Polygon", "coordinates": [ [ [ 72.82, 19.25 ], [ 72.82, 19.26 ], [ 72.81, 19.26 ], [ 72.81, 19.25 ], [ 72.82, 19.25 ] ] ] } },
{ "type": "Feature", "properties": { "cell_id": "r36_c5", "mean_ndbi": -0.29183293662927767 }, "geometry": { "type": "Polygon", "coordinates": [ [ [ 72.83, 19.25 ], [ 72.83, 19.26 ], [ 72.82, 19.26 ], [ 72.82, 19.25 ], [ 72.83, 19.25 ] ] ] } },
{ "type": "Feature", "properties": { "cell_id": "r36_c6", "mean_ndbi": -0.28956945740296586 }, "geometry": { "type": "Polygon", "coordinates": [ [ [ 72.84, 19.25 ], [ 72.84, 19.26 ], [ 72.83, 19.26 ], [ 72.83, 19.25 ], [ 72.84, 19.25 ] ] ] } },
{ "type": "Feature", "properties": { "cell_id": "r36_c7", "mean_ndbi": -0.14317396573692787 }, "geometry": { "type": "Polygon", "coordinates": [ [ [ 72.85, 19.25 ], [ 72.85, 19.26 ], [ 72.84, 19.26 ], [ 72.84, 19.25 ], [ 72.85, 19.25 ] ] ] } },
{ "type": "Feature", "properties": { "cell_id": "r36_c8", "mean_ndbi": -0.033603384294075549 }, "geometry": { "type": "Polygon", "coordinates": [ [ [ 72.86, 19.25 ], [ 72.86, 19.26 ], [ 72.85, 19.26 ], [ 72.85, 19.25 ], [ 72.86, 19.25 ] ] ] } },
{ "type": "Feature", "properties": { "cell_id": "r36_c9", "mean_ndbi": -0.036360553524427762 }, "geometry": { "type": "Polygon", "coordinates": [ [ [ 72.87, 19.25 ], [ 72.87, 19.26 ], [ 72.86, 19.26 ], [ 72.86, 19.25 ], [ 72.87, 19.25 ] ] ] } },
{ "type": "Feature", "properties": { "cell_id": "r36_c10", "mean_ndbi": 0.013732833838602566 }, "geometry": { "type": "Polygon", "coordinates": [ [ [ 72.88, 19.25 ], [ 72.88, 19.26 ], [ 72.87, 19.26 ], [ 72.87, 19.25 ], [ 72.88, 19.25 ] ] ] } },
{ "type": "Feature", "properties": { "cell_id": "r36_c11", "mean_ndbi": -0.013895508749407291 }, "geometry": { "type": "Polygon", "coordinates": [ [ [ 72.89, 19.25 ], [ 72.89, 19.26 ], [ 72.88, 19.26 ], [ 72.88, 19.25 ], [ 72.89, 19.25 ] ] ] } },
{ "type": "Feature", "properties": { "cell_id": "r36_c12", "mean_ndbi": -0.049422393613678894 }, "geometry": { "type": "Polygon", "coordinates": [ [ [ 72.9, 19.25 ], [ 72.9, 19.26 ], [ 72.89, 19.26 ], [ 72.89, 19.25 ], [ 72.9, 19.25 ] ] ] } },
{ "type": "Feature", "properties": { "cell_id": "r36_c13", "mean_ndbi": -0.09671320349291955 }, "geometry": { "type": "Polygon", "coordinates": [ [ [ 72.91, 19.25 ], [ 72.91, 19.26 ], [ 72.9, 19.26 ], [ 72.9, 19.25 ], [ 72.91, 19.25 ] ] ] } },
{ "type": "Feature", "properties": { "cell_id": "r36_c14", "mean_ndbi": -0.11055908641023193 }, "geometry": { "type": "Polygon", "coordinates": [ [ [ 72.92, 19.25 ], [ 72.92, 19.26 ], [ 72.91, 19.26 ], [ 72.91, 19.25 ], [ 72.92, 19.25 ] ] ] } },
{ "type": "Feature", "properties": { "cell_id": "r36_c15", "mean_ndbi": -0.14608606167448662 }, "geometry": { "type": "Polygon", "coordinates": [ [ [ 72.93, 19.25 ], [ 72.93, 19.26 ], [ 72.92, 19.26 ], [ 72.92, 19.25 ], [ 72.93, 19.25 ] ] ] } },
{ "type": "Feature", "properties": { "cell_id": "r36_c16", "mean_ndbi": -0.22059913574520471 }, "geometry": { "type": "Polygon", "coordinates": [ [ [ 72.94, 19.25 ], [ 72.94, 19.26 ], [ 72.93, 19.26 ], [ 72.93, 19.25 ], [ 72.94, 19.25 ] ] ] } },
{ "type": "Feature", "properties": { "cell_id": "r36_c17", "mean_ndbi": -0.14819485201495261 }, "geometry": { "type": "Polygon", "coordinates": [ [ [ 72.95, 19.25 ], [ 72.95, 19.26 ], [ 72.94, 19.26 ], [ 72.94, 19.25 ], [ 72.95, 19.25 ] ] ] } },
{ "type": "Feature", "properties": { "cell_id": "r36_c18", "mean_ndbi": 0.049285108061569251 }, "geometry": { "type": "Polygon", "coordinates": [ [ [ 72.96, 19.25 ], [ 72.96, 19.26 ], [ 72.95, 19.26 ], [ 72.95, 19.25 ], [ 72.96, 19.25 ] ] ] } },
{ "type": "Feature", "properties": { "cell_id": "r36_c19", "mean_ndbi": -0.022185489580493926 }, "geometry": { "type": "Polygon", "coordinates": [ [ [ 72.97, 19.25 ], [ 72.97, 19.26 ], [ 72.96, 19.26 ], [ 72.96, 19.25 ], [ 72.97, 19.25 ] ] ] } },
{ "type": "Feature", "properties": { "cell_id": "r36_c20", "mean_ndbi": -0.038558958792809038 }, "geometry": { "type": "Polygon", "coordinates": [ [ [ 72.980000000000103, 19.25 ], [ 72.980000000000103, 19.26 ], [ 72.97, 19.26 ], [ 72.97, 19.25 ], [ 72.980000000000103, 19.25 ] ] ] } },
{ "type": "Feature", "properties": { "cell_id": "r36_c21", "mean_ndbi": -0.031825905894412143 }, "geometry": { "type": "Polygon", "coordinates": [ [ [ 72.99, 19.25 ], [ 72.99, 19.26 ], [ 72.980000000000103, 19.26 ], [ 72.980000000000103, 19.25 ], [ 72.99, 19.25 ] ] ] } },
{ "type": "Feature", "properties": { "cell_id": "r37_c0", "mean_ndbi": -0.15239844885143652 }, "geometry": { "type": "Polygon", "coordinates": [ [ [ 72.78, 19.26 ], [ 72.78, 19.27 ], [ 72.77, 19.27 ], [ 72.77, 19.26 ], [ 72.78, 19.26 ] ] ] } },
{ "type": "Feature", "properties": { "cell_id": "r37_c1", "mean_ndbi": -0.062668403005949072 }, "geometry": { "type": "Polygon", "coordinates": [ [ [ 72.79, 19.26 ], [ 72.79, 19.27 ], [ 72.78, 19.27 ], [ 72.78, 19.26 ], [ 72.79, 19.26 ] ] ] } },
{ "type": "Feature", "properties": { "cell_id": "r37_c2", "mean_ndbi": -0.052019267449349968 }, "geometry": { "type": "Polygon", "coordinates": [ [ [ 72.8, 19.26 ], [ 72.8, 19.27 ], [ 72.79, 19.27 ], [ 72.79, 19.26 ], [ 72.8, 19.26 ] ] ] } },
{ "type": "Feature", "properties": { "cell_id": "r37_c3", "mean_ndbi": -0.011501792419852322 }, "geometry": { "type": "Polygon", "coordinates": [ [ [ 72.81, 19.26 ], [ 72.81, 19.27 ], [ 72.8, 19.27 ], [ 72.8, 19.26 ], [ 72.81, 19.26 ] ] ] } },
{ "type": "Feature", "properties": { "cell_id": "r37_c4", "mean_ndbi": -0.27460282173875372 }, "geometry": { "type": "Polygon", "coordinates": [ [ [ 72.82, 19.26 ], [ 72.82, 19.27 ], [ 72.81, 19.27 ], [ 72.81, 19.26 ], [ 72.82, 19.26 ] ] ] } },
{ "type": "Feature", "properties": { "cell_id": "r37_c5", "mean_ndbi": -0.31389620013134295 }, "geometry": { "type": "Polygon", "coordinates": [ [ [ 72.83, 19.26 ], [ 72.83, 19.27 ], [ 72.82, 19.27 ], [ 72.82, 19.26 ], [ 72.83, 19.26 ] ] ] } },
{ "type": "Feature", "properties": { "cell_id": "r37_c6", "mean_ndbi": -0.32068757946695453 }, "geometry": { "type": "Polygon", "coordinates": [ [ [ 72.84, 19.26 ], [ 72.84, 19.27 ], [ 72.83, 19.27 ], [ 72.83, 19.26 ], [ 72.84, 19.26 ] ] ] } },
{ "type": "Feature", "properties": { "cell_id": "r37_c7", "mean_ndbi": -0.33578483733506709 }, "geometry": { "type": "Polygon", "coordinates": [ [ [ 72.85, 19.26 ], [ 72.85, 19.27 ], [ 72.84, 19.27 ], [ 72.84, 19.26 ], [ 72.85, 19.26 ] ] ] } },
{ "type": "Feature", "properties": { "cell_id": "r37_c8", "mean_ndbi": -0.19225378492668166 }, "geometry": { "type": "Polygon", "coordinates": [ [ [ 72.86, 19.26 ], [ 72.86, 19.27 ], [ 72.85, 19.27 ], [ 72.85, 19.26 ], [ 72.86, 19.26 ] ] ] } },
{ "type": "Feature", "properties": { "cell_id": "r37_c9", "mean_ndbi": -0.15011979773550946 }, "geometry": { "type": "Polygon", "coordinates": [ [ [ 72.87, 19.26 ], [ 72.87, 19.27 ], [ 72.86, 19.27 ], [ 72.86, 19.26 ], [ 72.87, 19.26 ] ] ] } },
{ "type": "Feature", "properties": { "cell_id": "r37_c10", "mean_ndbi": 0.011146397496281399 }, "geometry": { "type": "Polygon", "coordinates": [ [ [ 72.88, 19.26 ], [ 72.88, 19.27 ], [ 72.87, 19.27 ], [ 72.87, 19.26 ], [ 72.88, 19.26 ] ] ] } },
{ "type": "Feature", "properties": { "cell_id": "r37_c11", "mean_ndbi": 0.014486467985074235 }, "geometry": { "type": "Polygon", "coordinates": [ [ [ 72.89, 19.26 ], [ 72.89, 19.27 ], [ 72.88, 19.27 ], [ 72.88, 19.26 ], [ 72.89, 19.26 ] ] ] } },
{ "type": "Feature", "properties": { "cell_id": "r37_c12", "mean_ndbi": 0.06358299194625823 }, "geometry": { "type": "Polygon", "coordinates": [ [ [ 72.9, 19.26 ], [ 72.9, 19.27 ], [ 72.89, 19.27 ], [ 72.89, 19.26 ], [ 72.9, 19.26 ] ] ] } },
{ "type": "Feature", "properties": { "cell_id": "r37_c13", "mean_ndbi": -0.030516350504063282 }, "geometry": { "type": "Polygon", "coordinates": [ [ [ 72.91, 19.26 ], [ 72.91, 19.27 ], [ 72.9, 19.27 ], [ 72.9, 19.26 ], [ 72.91, 19.26 ] ] ] } },
{ "type": "Feature", "properties": { "cell_id": "r37_c14", "mean_ndbi": -0.052022656853948517 }, "geometry": { "type": "Polygon", "coordinates": [ [ [ 72.92, 19.26 ], [ 72.92, 19.27 ], [ 72.91, 19.27 ], [ 72.91, 19.26 ], [ 72.92, 19.26 ] ] ] } },
{ "type": "Feature", "properties": { "cell_id": "r37_c15", "mean_ndbi": -0.11420923839762909 }, "geometry": { "type": "Polygon", "coordinates": [ [ [ 72.93, 19.26 ], [ 72.93, 19.27 ], [ 72.92, 19.27 ], [ 72.92, 19.26 ], [ 72.93, 19.26 ] ] ] } },
{ "type": "Feature", "properties": { "cell_id": "r37_c16", "mean_ndbi": -0.18937251658522442 }, "geometry": { "type": "Polygon", "coordinates": [ [ [ 72.94, 19.26 ], [ 72.94, 19.27 ], [ 72.93, 19.27 ], [ 72.93, 19.26 ], [ 72.94, 19.26 ] ] ] } },
{ "type": "Feature", "properties": { "cell_id": "r37_c17", "mean_ndbi": -0.076574413293191659 }, "geometry": { "type": "Polygon", "coordinates": [ [ [ 72.95, 19.26 ], [ 72.95, 19.27 ], [ 72.94, 19.27 ], [ 72.94, 19.26 ], [ 72.95, 19.26 ] ] ] } },
{ "type": "Feature", "properties": { "cell_id": "r37_c18", "mean_ndbi": 0.021709232402500139 }, "geometry": { "type": "Polygon", "coordinates": [ [ [ 72.96, 19.26 ], [ 72.96, 19.27 ], [ 72.95, 19.27 ], [ 72.95, 19.26 ], [ 72.96, 19.26 ] ] ] } },
{ "type": "Feature", "properties": { "cell_id": "r37_c19", "mean_ndbi": 0.0011973222058682135 }, "geometry": { "type": "Polygon", "coordinates": [ [ [ 72.97, 19.26 ], [ 72.97, 19.27 ], [ 72.96, 19.27 ], [ 72.96, 19.26 ], [ 72.97, 19.26 ] ] ] } },
{ "type": "Feature", "properties": { "cell_id": "r37_c20", "mean_ndbi": -0.034299213303487307 }, "geometry": { "type": "Polygon", "coordinates": [ [ [ 72.980000000000103, 19.26 ], [ 72.980000000000103, 19.27 ], [ 72.97, 19.27 ], [ 72.97, 19.26 ], [ 72.980000000000103, 19.26 ] ] ] } },
{ "type": "Feature", "properties": { "cell_id": "r37_c21", "mean_ndbi": -0.051514349502851289 }, "geometry": { "type": "Polygon", "coordinates": [ [ [ 72.99, 19.26 ], [ 72.99, 19.27 ], [ 72.980000000000103, 19.27 ], [ 72.980000000000103, 19.26 ], [ 72.99, 19.26 ] ] ] } }
]
}
