{
"type": "FeatureCollection",
"name": "ndvi_grid",
"crs": { "type": "name", "properties": { "name": "urn:ogc:def:crs:OGC:1.3:CRS84" } },
"features": [
{ "type": "Feature", "properties": { "cell_id": "r0_c0", "mean_ndvi": -0.14316515103038674 }, "geometry": { "type": "Polygon", "coordinates": [ [ [ 72.78, 18.89 ], [ 72.78, 18.9 ], [ 72.77, 18.9 ], [ 72.77, 18.89 ], [ 72.78, 18.89 ] ] ] } },
{ "type": "Feature", "properties": { "cell_id": "r0_c1", "mean_ndvi": -0.15158411058309501 }, "geometry": { "type": "Polygon", "coordinates": [ [ [ 72.79, 18.89 ], [ 72.79, 18.9 ], [ 72.78, 18.9 ], [ 72.78, 18.89 ], [ 72.79, 18.89 ] ] ] } },
{ "type": "Feature", "properties": { "cell_id": "r0_c2", "mean_ndvi": -0.1613913737023645 }, "geometry": { "type": "Polygon", "coordinates": [ [ [ 72.8, 18.89 ], [ 72.8, 18.9 ], [ 72.79, 18.9 ], [ 72.79, 18.89 ], [ 72.8, 18.89 ] ] ] } },
{ "type": "Feature", "properties": { "cell_id": "r0_c3", "mean_ndvi": -0.01325990656702673 }, "geometry": { "type": "Polygon", "coordinates": [ [ [ 72.81, 18.89 ], [ 72.81, 18.9 ], [ 72.8, 18.9 ], [ 72.8, 18.89 ], [ 72.81, 18.89 ] ] ] } },
{ "type": "Feature", "properties": { "cell_id": "r0_c4", "mean_ndvi": -0.0060671603116606758 }, "geometry": { "type": "Polygon", "coordinates": [ [ [ 72.82, 18.89 ], [ 72.82, 18.9 ], [ 72.81, 18.9 ], [ 72.81, 18.89 ], [ 72.82, 18.89 ] ] ] } },
{ "type": "Feature", "properties": { "cell_id": "r0_c5", "mean_ndvi": -0.15689479720124477 }, "geometry": { "type": "Polygon", "coordinates": [ [ [ 72.83, 18.89 ], [ 72.83, 18.9 ], [ 72.82, 18.9 ], [ 72.82, 18.89 ], [ 72.83, 18.89 ] ] ] } },
{ "type": "Feature", "properties": { "cell_id": "r0_c6", "mean_ndvi": -0.15043929404989148 }, "geometry": { "type": "Polygon", "coordinates": [ [ [ 72.84, 18.89 ], [ 72.84, 18.9 ], [ 72.83, 18.9 ], [ 72.83, 18.89 ], [ 72.84, 18.89 ] ] ] } },
{ "type": "Feature", "properties": { "cell_id": "r0_c7", "mean_ndvi": -0.1533513135170709 }, "geometry": { "type": "Polygon", "coordinates": [ [ [ 72.85, 18.89 ], [ 72.85, 18.9 ], [ 72.84, 18.9 ], [ 72.84, 18.89 ], [ 72.85, 18.89 ] ] ] } },
{ "type": "Feature", "properties": { "cell_id": "r0_c8", "mean_ndvi": -0.14979389717276134 }, "geometry": { "type": "Polygon", "coordinates": [ [ [ 72.86, 18.89 ], [ 72.86, 18.9 ], [ 72.85, 18.9 ], [ 72.85, 18.89 ], [ 72.86, 18.89 ] ] ] } },
{ "type": "Feature", "properties": { "cell_id": "r0_c9", "mean_ndvi": -0.14303008772558651 }, "geometry": { "type": "Polygon", "coordinates": [ [ [ 72.87, 18.89 ], [ 72.87, 18.9 ], [ 72.86, 18.9 ], [ 72.86, 18.89 ], [ 72.87, 18.89 ] ] ] } },
{ "type": "Feature", "properties": { "cell_id": "r0_c10", "mean_ndvi": -0.14565010611363538 }, "geometry": { "type": "Polygon", "coordinates": [ [ [ 72.88, 18.89 ], [ 72.88, 18.9 ], [ 72.87, 18.9 ], [ 72.87, 18.89 ], [ 72.88, 18.89 ] ] ] } },
{ "type": "Feature", "properties": { "cell_id": "r0_c11", "mean_ndvi": -0.15040043482553689 }, "geometry": { "type": "Polygon", "coordinates": [ [ [ 72.89, 18.89 ], [ 72.89, 18.9 ], [ 72.88, 18.9 ], [ 72.88, 18.89 ], [ 72.89, 18.89 ] ] ] } },
{ "type": "Feature", "properties": { "cell_id": "r0_c12", "mean_ndvi": -0.14734665344442338 }, "geometry": { "type": "Polygon", "coordinates": [ [ [ 72.9, 18.89 ], [ 72.9, 18.9 ], [ 72.89, 18.9 ], [ 72.89, 18.89 ], [ 72.9, 18.89 ] ] ] } },
{ "type": "Feature", "properties": { "cell_id": "r0_c13", "mean_ndvi": -0.049198030906547806 }, "geometry": { "type": "Polygon", "coordinates": [ [ [ 72.91, 18.89 ], [ 72.91, 18.9 ], [ 72.9, 18.9 ], [ 72.9, 18.89 ], [ 72.91, 18.89 ] ] ] } },
{ "type": "Feature", "properties": { "cell_id": "r0_c14", "mean_ndvi": 0.32300685469163404 }, "geometry": { "type": "Polygon", "coordinates": [ [ [ 72.92, 18.89 ], [ 72.92, 18.9 ], [ 72.91, 18.9 ], [ 72.91, 18.89 ], [ 72.92, 18.89 ] ] ] } },
{ "type": "Feature", "properties": { "cell_id": "r0_c15", "mean_ndvi": 0.29683613005585824 }, "geometry": { "type": "Polygon", "coordinates": [ [ [ 72.93, 18.89 ], [ 72.93, 18.9 ], [ 72.92, 18.9 ], [ 72.92, 18.89 ], [ 72.93, 18.89 ] ] ] } },
{ "type": "Feature", "properties": { "cell_id": "r0_c16", "mean_ndvi": 0.3438682175012111 }, "geometry": { "type": "Polygon", "coordinates": [ [ [ 72.94, 18.89 ], [ 72.94, 18.9 ], [ 72.93, 18.9 ], [ 72.93, 18.89 ], [ 72.94, 18.89 ] ] ] } },
{ "type": "Feature", "properties": { "cell_id": "r0_c17", "mean_ndvi": 0.25773139583774968 }, "geometry": { "type": "Polygon", "coordinates": [ [ [ 72.95, 18.89 ], [ 72.95, 18.9 ], [ 72.94, 18.9 ], [ 72.94, 18.89 ], [ 72.95, 18.89 ] ] ] } },
{ "type": "Feature", "properties": { "cell_id": "r0_c18", "mean_ndvi": 0.13534203962401198 }, "geometry": { "type": "Polygon", "coordinates": [ [ [ 72.96, 18.89 ], [ 72.96, 18.9 ], [ 72.95, 18.9 ], [ 72.95, 18.89 ], [ 72.96, 18.89 ] ] ] } },
{ "type": "Feature", "properties": { "cell_id": "r0_c19", "mean_ndvi": 0.12637984443835268 }, "geometry": { "type": "Polygon", "coordinates": [ [ [ 72.97, 18.89 ], [ 72.97, 18.9 ], [ 72.96, 18.9 ], [ 72.96, 18.89 ], [ 72.97, 18.89 ] ] ] } },
{ "type": "Feature", "properties": { "cell_id": "r0_c20", "mean_ndvi": 0.19883373597859383 }, "geometry": { "type": "Polygon", "coordinates": [ [ [ 72.980000000000103, 18.89 ], [ 72.980000000000103, 18.9 ], [ 72.97, 18.9 ], [ 72.97, 18.89 ], [ 72.980000000000103, 18.89 ] ] ] } },
{ "type": "Feature", "properties": { "cell_id": "r0_c21", "mean_ndvi": 0.15502822982667738 }, "geometry": { "type": "Polygon", "coordinates": [ [ [ 72.99, 18.89 ], [ 72.99, 18.9 ], [ 72.980000000000103, 18.9 ], [ 72.980000000000103, 18.89 ], [ 72.99, 18.89 ] ] ] } },
{ "type": "Feature", "properties": { "cell_id": "r1_c0", "mean_ndvi": -0.14732362603994612 }, "geometry": { "type": "Polygon", "coordinates": [ [ [ 72.78, 18.9 ], [ 72.78, 18.91 ], [ 72.77, 18.91 ], [ 72.77, 18.9 ], [ 72.78, 18.9 ] ] ] } },
{ "type": "Feature", "properties": { "cell_id": "r1_c1", "mean_ndvi": -0.15434544213145016 }, "geometry": { "type": "Polygon", "coordinates": [ [ [ 72.79, 18.9 ], [ 72.79, 18.91 ], [ 72.78, 18.91 ], [ 72.78, 18.9 ], [ 72.79, 18.9 ] ] ] } },
{ "type": "Feature", "properties": { "cell_id": "r1_c2", "mean_ndvi": -0.16052785558315696 }, "geometry": { "type": "Polygon", "coordinates": [ [ [ 72.8, 18.9 ], [ 72.8, 18.91 ], [ 72.79, 18.91 ], [ 72.79, 18.9 ], [ 72.8, 18.9 ] ] ] } },
{ "type": "Feature", "properties": { "cell_id": "r1_c3", "mean_ndvi": 0.090283576372728783 }, "geometry": { "type": "Polygon", "coordinates": [ [ [ 72.81, 18.9 ], [ 72.81, 18.91 ], [ 72.8, 18.91 ], [ 72.8, 18.9 ], [ 72.81, 18.9 ] ] ] } },
{ "type": "Feature", "properties": { "cell_id": "r1_c4", "mean_ndvi": 0.18845023765238347 }, "geometry": { "type": "Polygon", "coordinates": [ [ [ 72.82, 18.9 ], [ 72.82, 18.91 ], [ 72.81, 18.91 ], [ 72.81, 18.9 ], [ 72.82, 18.9 ] ] ] } },
{ "type": "Feature", "properties": { "cell_id": "r1_c5", "mean_ndvi": -0.12125952986202307 }, "geometry": { "type": "Polygon", "coordinates": [ [ [ 72.83, 18.9 ], [ 72.83, 18.91 ], [ 72.82, 18.91 ], [ 72.82, 18.9 ], [ 72.83, 18.9 ] ] ] } },
{ "type": "Feature", "properties": { "cell_id": "r1_c6", "mean_ndvi": -0.14639574948673306 }, "geometry": { "type": "Polygon", "coordinates": [ [ [ 72.84, 18.9 ], [ 72.84, 18.91 ], [ 72.83, 18.91 ], [ 72.83, 18.9 ], [ 72.84, 18.9 ] ] ] } },
{ "type": "Feature", "properties": { "cell_id": "r1_c7", "mean_ndvi": -0.15215365215799456 }, "geometry": { "type": "Polygon", "coordinates": [ [ [ 72.85, 18.9 ], [ 72.85, 18.91 ], [ 72.84, 18.91 ], [ 72.84, 18.9 ], [ 72.85, 18.9 ] ] ] } },
{ "type": "Feature", "properties": { "cell_id": "r1_c8", "mean_ndvi": -0.14754452711390822 }, "geometry": { "type": "Polygon", "coordinates": [ [ [ 72.86, 18.9 ], [ 72.86, 18.91 ], [ 72.85, 18.91 ], [ 72.85, 18.9 ], [ 72.86, 18.9 ] ] ] } },
{ "type": "Feature", "properties": { "cell_id": "r1_c9", "mean_ndvi": -0.14916954676162505 }, "geometry": { "type": "Polygon", "coordinates": [ [ [ 72.87, 18.9 ], [ 72.87, 18.91 ], [ 72.86, 18.91 ], [ 72.86, 18.9 ], [ 72.87, 18.9 ] ] ] } },
{ "type": "Feature", "properties": { "cell_id": "r1_c10", "mean_ndvi": -0.14461755884649216 }, "geometry": { "type": "Polygon", "coordinates": [ [ [ 72.88, 18.9 ], [ 72.88, 18.91 ], [ 72.87, 18.91 ], [ 72.87, 18.9 ], [ 72.88, 18.9 ] ] ] } },
{ "type": "Feature", "properties": { "cell_id": "r1_c11", "mean_ndvi": -0.15432888707930845 }, "geometry": { "type": "Polygon", "coordinates": [ [ [ 72.89, 18.9 ], [ 72.89, 18.91 ], [ 72.88, 18.91 ], [ 72.88, 18.9 ], [ 72.89, 18.9 ] ] ] } },
{ "type": "Feature", "properties": { "cell_id": "r1_c12", "mean_ndvi": -0.15603800687604424 }, "geometry": { "type": "Polygon", "coordinates": [ [ [ 72.9, 18.9 ], [ 72.9, 18.91 ], [ 72.89, 18.91 ], [ 72.89, 18.9 ], [ 72.9, 18.9 ] ] ] } },
{ "type": "Feature", "properties": { "cell_id": "r1_c13", "mean_ndvi": -0.10232984218933018 }, "geometry": { "type": "Polygon", "coordinates": [ [ [ 72.91, 18.9 ], [ 72.91, 18.91 ], [ 72.9, 18.91 ], [ 72.9, 18.9 ], [ 72.91, 18.9 ] ] ] } },
{ "type": "Feature", "properties": { "cell_id": "r1_c14", "mean_ndvi": 0.12354519706710884 }, "geometry": { "type": "Polygon", "coordinates": [ [ [ 72.92, 18.9 ], [ 72.92, 18.91 ], [ 72.91, 18.91 ], [ 72.91, 18.9 ], [ 72.92, 18.9 ] ] ] } },
{ "type": "Feature", "properties": { "cell_id": "r1_c15", "mean_ndvi": 0.26722527826761477 }, "geometry": { "type": "Polygon", "coordinates": [ [ [ 72.93, 18.9 ], [ 72.93, 18.91 ], [ 72.92, 18.91 ], [ 72.92, 18.9 ], [ 72.93, 18.9 ] ] ] } },
{ "type": "Feature", "properties": { "cell_id": "r1_c16", "mean_ndvi": 0.1478993322174123 }, "geometry": { "type": "Polygon", "coordinates": [ [ [ 72.94, 18.9 ], [ 72.94, 18.91 ], [ 72.93, 18.91 ], [ 72.93, 18.9 ], [ 72.94, 18.9 ] ] ] } },
{ "type": "Feature", "properties": { "cell_id": "r1_c17", "mean_ndvi": 0.12060209339271991 }, "geometry": { "type": "Polygon", "coordinates": [ [ [ 72.95, 18.9 ], [ 72.95, 18.91 ], [ 72.94, 18.91 ], [ 72.94, 18.9 ], [ 72.95, 18.9 ] ] ] } },
{ "type": "Feature", "properties": { "cell_id": "r1_c18", "mean_ndvi": 0.24425068430253438 }, "geometry": { "type": "Polygon", "coordinates": [ [ [ 72.96, 18.9 ], [ 72.96, 18.91 ], [ 72.95, 18.91 ], [ 72.95, 18.9 ], [ 72.96, 18.9 ] ] ] } },
{ "type": "Feature", "properties": { "cell_id": "r1_c19", "mean_ndvi": 0.14915665542210171 }, "geometry": { "type": "Polygon", "coordinates": [ [ [ 72.97, 18.9 ], [ 72.97, 18.91 ], [ 72.96, 18.91 ], [ 72.96, 18.9 ], [ 72.97, 18.9 ] ] ] } },
{ "type": "Feature", "properties": { "cell_id": "r1_c20", "mean_ndvi": 0.15891156084723582 }, "geometry": { "type": "Polygon", "coordinates": [ [ [ 72.980000000000103, 18.9 ], [ 72.980000000000103, 18.91 ], [ 72.97, 18.91 ], [ 72.97, 18.9 ], [ 72.980000000000103, 18.9 ] ] ] } },
{ "type": "Feature", "properties": { "cell_id": "r1_c21", "mean_ndvi": 0.1308791266643054 }, "geometry": { "type": "Polygon", "coordinates": [ [ [ 72.99, 18.9 ], [ 72.99, 18.91 ], [ 72.980000000000103, 18.91 ], [ 72.980000000000103, 18.9 ], [ 72.99, 18.9 ] ] ] } },
{ "type": "Feature", "properties": { "cell_id": "r2_c0", "mean_ndvi": -0.14386986883009401 }, "geometry": { "type": "Polygon", "coordinates": [ [ [ 72.78, 18.91 ], [ 72.78, 18.92 ], [ 72.77, 18.92 ], [ 72.77, 18.91 ], [ 72.78, 18.91 ] ] ] } },
{ "type": "Feature", "properties": { "cell_id": "r2_c1", "mean_ndvi": -0.15689495415021948 }, "geometry": { "type": "Polygon", "coordinates": [ [ [ 72.79, 18.91 ], [ 72.79, 18.92 ], [ 72.78, 18.92 ], [ 72.78, 18.91 ], [ 72.79, 18.91 ] ] ] } },
{ "type": "Feature", "properties": { "cell_id": "r2_c2", "mean_ndvi": -0.15925420801236276 }, "geometry": { "type": "Polygon", "coordinates": [ [ [ 72.8, 18.91 ], [ 72.8, 18.92 ], [ 72.79, 18.92 ], [ 72.79, 18.91 ], [ 72.8, 18.91 ] ] ] } },
{ "type": "Feature", "properties": { "cell_id": "r2_c3", "mean_ndvi": -0.09475426821445633 }, "geometry": { "type": "Polygon", "coordinates": [ [ [ 72.81, 18.91 ], [ 72.81, 18.92 ], [ 72.8, 18.92 ], [ 72.8, 18.91 ], [ 72.81, 18.91 ] ] ] } },
{ "type": "Feature", "properties": { "cell_id": "r2_c4", "mean_ndvi": 0.029714052578739807 }, "geometry": { "type": "Polygon", "coordinates": [ [ [ 72.82, 18.91 ], [ 72.82, 18.92 ], [ 72.81, 18.92 ], [ 72.81, 18.91 ], [ 72.82, 18.91 ] ] ] } },
{ "type": "Feature", "properties": { "cell_id": "r2_c5", "mean_ndvi": 0.10610254277152094 }, "geometry": { "type": "Polygon", "coordinates": [ [ [ 72.83, 18.91 ], [ 72.83, 18.92 ], [ 72.82, 18.92 ], [ 72.82, 18.91 ], [ 72.83, 18.91 ] ] ] } },
{ "type": "Feature", "properties": { "cell_id": "r2_c6", "mean_ndvi": -0.12039705929379094 }, "geometry": { "type": "Polygon", "coordinates": [ [ [ 72.84, 18.91 ], [ 72.84, 18.92 ], [ 72.83, 18.92 ], [ 72.83, 18.91 ], [ 72.84, 18.91 ] ] ] } },
{ "type": "Feature", "properties": { "cell_id": "r2_c7", "mean_ndvi": -0.14879498270550406 }, "geometry": { "type": "Polygon", "coordinates": [ [ [ 72.85, 18.91 ], [ 72.85, 18.92 ], [ 72.84, 18.92 ], [ 72.84, 18.91 ], [ 72.85, 18.91 ] ] ] } },
{ "type": "Feature", "properties": { "cell_id": "r2_c8", "mean_ndvi": -0.15600801676910381 }, "geometry": { "type": "Polygon", "coordinates": [ [ [ 72.86, 18.91 ], [ 72.86, 18.92 ], [ 72.85, 18.92 ], [ 72.85, 18.91 ], [ 72.86, 18.91 ] ] ] } },
{ "type": "Feature", "properties": { "cell_id": "r2_c9", "mean_ndvi": -0.15099207502497919 }, "geometry": { "type": "Polygon", "coordinates": [ [ [ 72.87, 18.91 ], [ 72.87, 18.92 ], [ 72.86, 18.92 ], [ 72.86, 18.91 ], [ 72.87, 18.91 ] ] ] } },
{ "type": "Feature", "properties": { "cell_id": "r2_c10", "mean_ndvi": -0.14496035813145836 }, "geometry": { "type": "Polygon", "coordinates": [ [ [ 72.88, 18.91 ], [ 72.88, 18.92 ], [ 72.87, 18.92 ], [ 72.87, 18.91 ], [ 72.88, 18.91 ] ] ] } },
{ "type": "Feature", "properties": { "cell_id": "r2_c11", "mean_ndvi": -0.15651432567612561 }, "geometry": { "type": "Polygon", "coordinates": [ [ [ 72.89, 18.91 ], [ 72.89, 18.92 ], [ 72.88, 18.92 ], [ 72.88, 18.91 ], [ 72.89, 18.91 ] ] ] } },
{ "type": "Feature", "properties": { "cell_id": "r2_c12", "mean_ndvi": -0.1707663720005731 }, "geometry": { "type": "Polygon", "coordinates": [ [ [ 72.9, 18.91 ], [ 72.9, 18.92 ], [ 72.89, 18.92 ], [ 72.89, 18.91 ], [ 72.9, 18.91 ] ] ] } },
{ "type": "Feature", "properties": { "cell_id": "r2_c13", "mean_ndvi": -0.14856422108033135 }, "geometry": { "type": "Polygon", "coordinates": [ [ [ 72.91, 18.91 ], [ 72.91, 18.92 ], [ 72.9, 18.92 ], [ 72.9, 18.91 ], [ 72.91, 18.91 ] ] ] } },
{ "type": "Feature", "properties": { "cell_id": "r2_c14", "mean_ndvi": -0.12134261246794235 }, "geometry": { "type": "Polygon", "coordinates": [ [ [ 72.92, 18.91 ], [ 72.92, 18.92 ], [ 72.91, 18.92 ], [ 72.91, 18.91 ], [ 72.92, 18.91 ] ] ] } },
{ "type": "Feature", "properties": { "cell_id": "r2_c15", "mean_ndvi": -0.060697421440365669 }, "geometry": { "type": "Polygon", "coordinates": [ [ [ 72.93, 18.91 ], [ 72.93, 18.92 ], [ 72.92, 18.92 ], [ 72.92, 18.91 ], [ 72.93, 18.91 ] ] ] } },
{ "type": "Feature", "properties": { "cell_id": "r2_c16", "mean_ndvi": -0.10685889050741866 }, "geometry": { "type": "Polygon", "coordinates": [ [ [ 72.94, 18.91 ], [ 72.94, 18.92 ], [ 72.93, 18.92 ], [ 72.93, 18.91 ], [ 72.94, 18.91 ] ] ] } },
{ "type": "Feature", "properties": { "cell_id": "r2_c17", "mean_ndvi": -0.067823132189240964 }, "geometry": { "type": "Polygon", "coordinates": [ [ [ 72.95, 18.91 ], [ 72.95, 18.92 ], [ 72.94, 18.92 ], [ 72.94, 18.91 ], [ 72.95, 18.91 ] ] ] } },
{ "type": "Feature", "properties": { "cell_id": "r2_c18", "mean_ndvi": 0.054256543062160212 }, "geometry": { "type": "Polygon", "coordinates": [ [ [ 72.96, 18.91 ], [ 72.96, 18.92 ], [ 72.95, 18.92 ], [ 72.95, 18.91 ], [ 72.96, 18.91 ] ] ] } },
{ "type": "Feature", "properties": { "cell_id": "r2_c19", "mean_ndvi": 0.25498772864568059 }, "geometry": { "type": "Polygon", "coordinates": [ [ [ 72.97, 18.91 ], [ 72.97, 18.92 ], [ 72.96, 18.92 ], [ 72.96, 18.91 ], [ 72.97, 18.91 ] ] ] } },
{ "type": "Feature", "properties": { "cell_id": "r2_c20", "mean_ndvi": 0.061267237706025192 }, "geometry": { "type": "Polygon", "coordinates": [ [ [ 72.980000000000103, 18.91 ], [ 72.980000000000103, 18.92 ], [ 72.97, 18.92 ], [ 72.97, 18.91 ], [ 72.980000000000103, 18.91 ] ] ] } },
{ "type": "Feature", "properties": { "cell_id": "r2_c21", "mean_ndvi": 0.12675746579216376 }, "geometry": { "type": "Polygon", "coordinates": [ [ [ 72.99, 18.91 ], [ 72.99, 18.92 ], [ 72.980000000000103, 18.92 ], [ 72.980000000000103, 18.91 ], [ 72.99, 18.91 ] ] ] } },
{ "type": "Feature", "properties": { "cell_id": "r3_c0", "mean_ndvi": -0.14227727148253463 }, "geometry": { "type": "Polygon", "coordinates": [ [ [ 72.78, 18.92 ], [ 72.78, 18.93 ], [ 72.77, 18.93 ], [ 72.77, 18.92 ], [ 72.78, 18.92 ] ] ] } },
{ "type": "Feature", "properties": { "cell_id": "r3_c1", "mean_ndvi": -0.1558653520961191 }, "geometry": { "type": "Polygon", "coordinates": [ [ [ 72.79, 18.92 ], [ 72.79, 18.93 ], [ 72.78, 18.93 ], [ 72.78, 18.92 ], [ 72.79, 18.92 ] ] ] } },
{ "type": "Feature", "properties": { "cell_id": "r3_c2", "mean_ndvi": -0.150453755402395 }, "geometry": { "type": "Polygon", "coordinates": [ [ [ 72.8, 18.92 ], [ 72.8, 18.93 ], [ 72.79, 18.93 ], [ 72.79, 18.92 ], [ 72.8, 18.92 ] ] ] } },
{ "type": "Feature", "properties": { "cell_id": "r3_c3", "mean_ndvi": -0.14519060231876135 }, "geometry": { "type": "Polygon", "coordinates": [ [ [ 72.81, 18.92 ], [ 72.81, 18.93 ], [ 72.8, 18.93 ], [ 72.8, 18.92 ], [ 72.81, 18.92 ] ] ] } },
{ "type": "Feature", "properties": { "cell_id": "r3_c4", "mean_ndvi": -0.12418589675396104 }, "geometry": { "type": "Polygon", "coordinates": [ [ [ 72.82, 18.92 ], [ 72.82, 18.93 ], [ 72.81, 18.93 ], [ 72.81, 18.92 ], [ 72.82, 18.92 ] ] ] } },
{ "type": "Feature", "properties": { "cell_id": "r3_c5", "mean_ndvi": 0.11418311093262914 }, "geometry": { "type": "Polygon", "coordinates": [ [ [ 72.83, 18.92 ], [ 72.83, 18.93 ], [ 72.82, 18.93 ], [ 72.82, 18.92 ], [ 72.83, 18.92 ] ] ] } },
{ "type": "Feature", "properties": { "cell_id": "r3_c6", "mean_ndvi": 0.05818436984753278 }, "geometry": { "type": "Polygon", "coordinates": [ [ [ 72.84, 18.92 ], [ 72.84, 18.93 ], [ 72.83, 18.93 ], [ 72.83, 18.92 ], [ 72.84, 18.92 ] ] ] } },
{ "type": "Feature", "properties": { "cell_id": "r3_c7", "mean_ndvi": -0.14143155601832771 }, "geometry": { "type": "Polygon", "coordinates": [ [ [ 72.85, 18.92 ], [ 72.85, 18.93 ], [ 72.84, 18.93 ], [ 72.84, 18.92 ], [ 72.85, 18.92 ] ] ] } },
{ "type": "Feature", "properties": { "cell_id": "r3_c8", "mean_ndvi": -0.16388822290170177 }, "geometry": { "type": "Polygon", "coordinates": [ [ [ 72.86, 18.92 ], [ 72.86, 18.93 ], [ 72.85, 18.93 ], [ 72.85, 18.92 ], [ 72.86, 18.92 ] ] ] } },
{ "type": "Feature", "properties": { "cell_id": "r3_c9", "mean_ndvi": -0.16196719574574167 }, "geometry": { "type": "Polygon", "coordinates": [ [ [ 72.87, 18.92 ], [ 72.87, 18.93 ], [ 72.86, 18.93 ], [ 72.86, 18.92 ], [ 72.87, 18.92 ] ] ] } },
{ "type": "Feature", "properties": { "cell_id": "r3_c10", "mean_ndvi": -0.15735748378207531 }, "geometry": { "type": "Polygon", "coordinates": [ [ [ 72.88, 18.92 ], [ 72.88, 18.93 ], [ 72.87, 18.93 ], [ 72.87, 18.92 ], [ 72.88, 18.92 ] ] ] } },
{ "type": "Feature", "properties": { "cell_id": "r3_c11", "mean_ndvi": -0.15529987159055383 }, "geometry": { "type": "Polygon", "coordinates": [ [ [ 72.89, 18.92 ], [ 72.89, 18.93 ], [ 72.88, 18.93 ], [ 72.88, 18.92 ], [ 72.89, 18.92 ] ] ] } },
{ "type": "Feature", "properties": { "cell_id": "r3_c12", "mean_ndvi": -0.16715477247895602 }, "geometry": { "type": "Polygon", "coordinates": [ [ [ 72.9, 18.92 ], [ 72.9, 18.93 ], [ 72.89, 18.93 ], [ 72.89, 18.92 ], [ 72.9, 18.92 ] ] ] } },
{ "type": "Feature", "properties": { "cell_id": "r3_c13", "mean_ndvi": -0.15778900330311804 }, "geometry": { "type": "Polygon", "coordinates": [ [ [ 72.91, 18.92 ], [ 72.91, 18.93 ], [ 72.9, 18.93 ], [ 72.9, 18.92 ], [ 72.91, 18.92 ] ] ] } },
{ "type": "Feature", "properties": { "cell_id": "r3_c14", "mean_ndvi": -0.1601564890438763 }, "geometry": { "type": "Polygon", "coordinates": [ [ [ 72.92, 18.92 ], [ 72.92, 18.93 ], [ 72.91, 18.93 ], [ 72.91, 18.92 ], [ 72.92, 18.92 ] ] ] } },
{ "type": "Feature", "properties": { "cell_id": "r3_c15", "mean_ndvi": -0.1338618009301657 }, "geometry": { "type": "Polygon", "coordinates": [ [ [ 72.93, 18.92 ], [ 72.93, 18.93 ], [ 72.92, 18.93 ], [ 72.92, 18.92 ], [ 72.93, 18.92 ] ] ] } },
{ "type": "Feature", "properties": { "cell_id": "r3_c16", "mean_ndvi": -0.090940664748384734 }, "geometry": { "type": "Polygon", "coordinates": [ [ [ 72.94, 18.92 ], [ 72.94, 18.93 ], [ 72.93, 18.93 ], [ 72.93, 18.92 ], [ 72.94, 18.92 ] ] ] } },
{ "type": "Feature", "properties": { "cell_id": "r3_c17", "mean_ndvi": -0.087736618210566122 }, "geometry": { "type": "Polygon", "coordinates": [ [ [ 72.95, 18.92 ], [ 72.95, 18.93 ], [ 72.94, 18.93 ], [ 72.94, 18.92 ], [ 72.95, 18.92 ] ] ] } },
{ "type": "Feature", "properties": { "cell_id": "r3_c18", "mean_ndvi": 0.051156791268683659 }, "geometry": { "type": "Polygon", "coordinates": [ [ [ 72.96, 18.92 ], [ 72.96, 18.93 ], [ 72.95, 18.93 ], [ 72.95, 18.92 ], [ 72.96, 18.92 ] ] ] } },
{ "type": "Feature", "properties": { "cell_id": "r3_c19", "mean_ndvi": 0.072515651239102585 }, "geometry": { "type": "Polygon", "coordinates": [ [ [ 72.97, 18.92 ], [ 72.97, 18.93 ], [ 72.96, 18.93 ], [ 72.96, 18.92 ], [ 72.97, 18.92 ] ] ] } },
{ "type": "Feature", "properties": { "cell_id": "r3_c20", "mean_ndvi": 0.14245992011079345 }, "geometry": { "type": "Polygon", "coordinates": [ [ [ 72.980000000000103, 18.92 ], [ 72.980000000000103, 18.93 ], [ 72.97, 18.93 ], [ 72.97, 18.92 ], [ 72.980000000000103, 18.92 ] ] ] } },
{ "type": "Feature", "properties": { "cell_id": "r3_c21", "mean_ndvi": 0.2740181728009668 }, "geometry": { "type": "Polygon", "coordinates": [ [ [ 72.99, 18.92 ], [ 72.99, 18.93 ], [ 72.980000000000103, 18.93 ], [ 72.980000000000103, 18.92 ], [ 72.99, 18.92 ] ] ] } },
{ "type": "Feature", "properties": { "cell_id": "r4_c0", "mean_ndvi": -0.14172002724680036 }, "geometry": { "type": "Polygon", "coordinates": [ [ [ 72.78, 18.93 ], [ 72.78, 18.94 ], [ 72.77, 18.94 ], [ 72.77, 18.93 ], [ 72.78, 18.93 ] ] ] } },
{ "type": "Feature", "properties": { "cell_id": "r4_c1", "mean_ndvi": -0.1501166142052581 }, "geometry": { "type": "Polygon", "coordinates": [ [ [ 72.79, 18.93 ], [ 72.79, 18.94 ], [ 72.78, 18.94 ], [ 72.78, 18.93 ], [ 72.79, 18.93 ] ] ] } },
{ "type": "Feature", "properties": { "cell_id": "r4_c2", "mean_ndvi": -0.13418317640425961 }, "geometry": { "type": "Polygon", "coordinates": [ [ [ 72.8, 18.93 ], [ 72.8, 18.94 ], [ 72.79, 18.94 ], [ 72.79, 18.93 ], [ 72.8, 18.93 ] ] ] } },
{ "type": "Feature", "properties": { "cell_id": "r4_c3", "mean_ndvi": -0.12771322307326707 }, "geometry": { "type": "Polygon", "coordinates": [ [ [ 72.81, 18.93 ], [ 72.81, 18.94 ], [ 72.8, 18.94 ], [ 72.8, 18.93 ], [ 72.81, 18.93 ] ] ] } },
{ "type": "Feature", "properties": { "cell_id": "r4_c4", "mean_ndvi": -0.12342433527204617 }, "geometry": { "type": "Polygon", "coordinates": [ [ [ 72.82, 18.93 ], [ 72.82, 18.94 ], [ 72.81, 18.94 ], [ 72.81, 18.93 ], [ 72.82, 18.93 ] ] ] } },
{ "type": "Feature", "properties": { "cell_id": "r4_c5", "mean_ndvi": 0.060420497177315027 }, "geometry": { "type": "Polygon", "coordinates": [ [ [ 72.83, 18.93 ], [ 72.83, 18.94 ], [ 72.82, 18.94 ], [ 72.82, 18.93 ], [ 72.83, 18.93 ] ] ] } },
{ "type": "Feature", "properties": { "cell_id": "r4_c6", "mean_ndvi": 0.12840116946611341 }, "geometry": { "type": "Polygon", "coordinates": [ [ [ 72.84, 18.93 ], [ 72.84, 18.94 ], [ 72.83, 18.94 ], [ 72.83, 18.93 ], [ 72.84, 18.93 ] ] ] } },
{ "type": "Feature", "properties": { "cell_id": "r4_c7", "mean_ndvi": -0.094738353760510083 }, "geometry": { "type": "Polygon", "coordinates": [ [ [ 72.85, 18.93 ], [ 72.85, 18.94 ], [ 72.84, 18.94 ], [ 72.84, 18.93 ], [ 72.85, 18.93 ] ] ] } },
{ "type": "Feature", "properties": { "cell_id": "r4_c8", "mean_ndvi": -0.17142451031360803 }, "geometry": { "type": "Polygon", "coordinates": [ [ [ 72.86, 18.93 ], [ 72.86, 18.94 ], [ 72.85, 18.94 ], [ 72.85, 18.93 ], [ 72.86, 18.93 ] ] ] } },
{ "type": "Feature", "properties": { "cell_id": "r4_c9", "mean_ndvi": -0.1828306218634537 }, "geometry": { "type": "Polygon", "coordinates": [ [ [ 72.87, 18.93 ], [ 72.87, 18.94 ], [ 72.86, 18.94 ], [ 72.86, 18.93 ], [ 72.87, 18.93 ] ] ] } },
{ "type": "Feature", "properties": { "cell_id": "r4_c10", "mean_ndvi": -0.17270045680275239 }, "geometry": { "type": "Polygon", "coordinates": [ [ [ 72.88, 18.93 ], [ 72.88, 18.94 ], [ 72.87, 18.94 ], [ 72.87, 18.93 ], [ 72.88, 18.93 ] ] ] } },
{ "type": "Feature", "properties": { "cell_id": "r4_c11", "mean_ndvi": -0.16193839761157883 }, "geometry": { "type": "Polygon", "coordinates": [ [ [ 72.89, 18.93 ], [ 72.89, 18.94 ], [ 72.88, 18.94 ], [ 72.88, 18.93 ], [ 72.89, 18.93 ] ] ] } },
{ "type": "Feature", "properties": { "cell_id": "r4_c12", "mean_ndvi": -0.15817438257854172 }, "geometry": { "type": "Polygon", "coordinates": [ [ [ 72.9, 18.93 ], [ 72.9, 18.94 ], [ 72.89, 18.94 ], [ 72.89, 18.93 ], [ 72.9, 18.93 ] ] ] } },
{ "type": "Feature", "properties": { "cell_id": "r4_c13", "mean_ndvi": -0.15485866026495756 }, "geometry": { "type": "Polygon", "coordinates": [ [ [ 72.91, 18.93 ], [ 72.91, 18.94 ], [ 72.9, 18.94 ], [ 72.9, 18.93 ], [ 72.91, 18.93 ] ] ] } },
{ "type": "Feature", "properties": { "cell_id": "r4_c14", "mean_ndvi": -0.15992486600616987 }, "geometry": { "type": "Polygon", "coordinates": [ [ [ 72.92, 18.93 ], [ 72.92, 18.94 ], [ 72.91, 18.94 ], [ 72.91, 18.93 ], [ 72.92, 18.93 ] ] ] } },
{ "type": "Feature", "properties": { "cell_id": "r4_c15", "mean_ndvi": -0.15447688900070991 }, "geometry": { "type": "Polygon", "coordinates": [ [ [ 72.93, 18.93 ], [ 72.93, 18.94 ], [ 72.92, 18.94 ], [ 72.92, 18.93 ], [ 72.93, 18.93 ] ] ] } },
{ "type": "Feature", "properties": { "cell_id": "r4_c16", "mean_ndvi": -0.066385349291126355 }, "geometry": { "type": "Polygon", "coordinates": [ [ [ 72.94, 18.93 ], [ 72.94, 18.94 ], [ 72.93, 18.94 ], [ 72.93, 18.93 ], [ 72.94, 18.93 ] ] ] } },
{ "type": "Feature", "properties": { "cell_id": "r4_c17", "mean_ndvi": -0.0076290436342426786 }, "geometry": { "type": "Polygon", "coordinates": [ [ [ 72.95, 18.93 ], [ 72.95, 18.94 ], [ 72.94, 18.94 ], [ 72.94, 18.93 ], [ 72.95, 18.93 ] ] ] } },
{ "type": "Feature", "properties": { "cell_id": "r4_c18", "mean_ndvi": 0.21688305321385321 }, "geometry": { "type": "Polygon", "coordinates": [ [ [ 72.96, 18.93 ], [ 72.96, 18.94 ], [ 72.95, 18.94 ], [ 72.95, 18.93 ], [ 72.96, 18.93 ] ] ] } },
{ "type": "Feature", "properties": { "cell_id": "r4_c19", "mean_ndvi": 0.19921106206524286 }, "geometry": { "type": "Polygon", "coordinates": [ [ [ 72.97, 18.93 ], [ 72.97, 18.94 ], [ 72.96, 18.94 ], [ 72.96, 18.93 ], [ 72.97, 18.93 ] ] ] } },
{ "type": "Feature", "properties": { "cell_id": "r4_c20", "mean_ndvi": 0.23677511741321075 }, "geometry": { "type": "Polygon", "coordinates": [ [ [ 72.980000000000103, 18.93 ], [ 72.980000000000103, 18.94 ], [ 72.97, 18.94 ], [ 72.97, 18.93 ], [ 72.980000000000103, 18.93 ] ] ] } },
{ "type": "Feature", "properties": { "cell_id": "r4_c21", "mean_ndvi": 0.25069987910494762 }, "geometry": { "type": "Polygon", "coordinates": [ [ [ 72.99, 18.93 ], [ 72.99, 18.94 ], [ 72.980000000000103, 18.94 ], [ 72.980000000000103, 18.93 ], [ 72.99, 18.93 ] ] ] } },
{ "type": "Feature", "properties": { "cell_id": "r5_c0", "mean_ndvi": -0.14093488310778593 }, "geometry": { "type": "Polygon", "coordinates": [ [ [ 72.78, 18.94 ], [ 72.78, 18.95 ], [ 72.77, 18.95 ], [ 72.77, 18.94 ], [ 72.78, 18.94 ] ] ] } },
{ "type": "Feature", "properties": { "cell_id": "r5_c1", "mean_ndvi": -0.14953527911659587 }, "geometry": { "type": "Polygon", "coordinates": [ [ [ 72.79, 18.94 ], [ 72.79, 18.95 ], [ 72.78, 18.95 ], [ 72.78, 18.94 ], [ 72.79, 18.94 ] ] ] } },
{ "type": "Feature", "properties": { "cell_id": "r5_c2", "mean_ndvi": 0.0087011201301958122 }, "geometry": { "type": "Polygon", "coordinates": [ [ [ 72.8, 18.94 ], [ 72.8, 18.95 ], [ 72.79, 18.95 ], [ 72.79, 18.94 ], [ 72.8, 18.94 ] ] ] } },
{ "type": "Feature", "properties": { "cell_id": "r5_c3", "mean_ndvi": -0.10974308382295185 }, "geometry": { "type": "Polygon", "coordinates": [ [ [ 72.81, 18.94 ], [ 72.81, 18.95 ], [ 72.8, 18.95 ], [ 72.8, 18.94 ], [ 72.81, 18.94 ] ] ] } },
{ "type": "Feature", "properties": { "cell_id": "r5_c4", "mean_ndvi": -0.11121141082299368 }, "geometry": { "type": "Polygon", "coordinates": [ [ [ 72.82, 18.94 ], [ 72.82, 18.95 ], [ 72.81, 18.95 ], [ 72.81, 18.94 ], [ 72.82, 18.94 ] ] ] } },
{ "type": "Feature", "properties": { "cell_id": "r5_c5", "mean_ndvi": 0.062879797863141434 }, "geometry": { "type": "Polygon", "coordinates": [ [ [ 72.83, 18.94 ], [ 72.83, 18.95 ], [ 72.82, 18.95 ], [ 72.82, 18.94 ], [ 72.83, 18.94 ] ] ] } },
{ "type": "Feature", "properties": { "cell_id": "r5_c6", "mean_ndvi": 0.10507484882972749 }, "geometry": { "type": "Polygon", "coordinates": [ [ [ 72.84, 18.94 ], [ 72.84, 18.95 ], [ 72.83, 18.95 ], [ 72.83, 18.94 ], [ 72.84, 18.94 ] ] ] } },
{ "type": "Feature", "properties": { "cell_id": "r5_c7", "mean_ndvi": -0.0576773443894898 }, "geometry": { "type": "Polygon", "coordinates": [ [ [ 72.85, 18.94 ], [ 72.85, 18.95 ], [ 72.84, 18.95 ], [ 72.84, 18.94 ], [ 72.85, 18.94 ] ] ] } },
{ "type": "Feature", "properties": { "cell_id": "r5_c8", "mean_ndvi": -0.16800450940315739 }, "geometry": { "type": "Polygon", "coordinates": [ [ [ 72.86, 18.94 ], [ 72.86, 18.95 ], [ 72.85, 18.95 ], [ 72.85, 18.94 ], [ 72.86, 18.94 ] ] ] } },
{ "type": "Feature", "properties": { "cell_id": "r5_c9", "mean_ndvi": -0.19733677903663954 }, "geometry": { "type": "Polygon", "coordinates": [ [ [ 72.87, 18.94 ], [ 72.87, 18.95 ], [ 72.86, 18.95 ], [ 72.86, 18.94 ], [ 72.87, 18.94 ] ] ] } },
{ "type": "Feature", "properties": { "cell_id": "r5_c10", "mean_ndvi": -0.1814742681054535 }, "geometry": { "type": "Polygon", "coordinates": [ [ [ 72.88, 18.94 ], [ 72.88, 18.95 ], [ 72.87, 18.95 ], [ 72.87, 18.94 ], [ 72.88, 18.94 ] ] ] } },
{ "type": "Feature", "properties": { "cell_id": "r5_c11", "mean_ndvi": -0.17630965809287019 }, "geometry": { "type": "Polygon", "coordinates": [ [ [ 72.89, 18.94 ], [ 72.89, 18.95 ], [ 72.88, 18.95 ], [ 72.88, 18.94 ], [ 72.89, 18.94 ] ] ] } },
{ "type": "Feature", "properties": { "cell_id": "r5_c12", "mean_ndvi": -0.18140551963050244 }, "geometry": { "type": "Polygon", "coordinates": [ [ [ 72.9, 18.94 ], [ 72.9, 18.95 ], [ 72.89, 18.95 ], [ 72.89, 18.94 ], [ 72.9, 18.94 ] ] ] } },
{ "type": "Feature", "properties": { "cell_id": "r5_c13", "mean_ndvi": -0.15641620854079846 }, "geometry": { "type": "Polygon", "coordinates": [ [ [ 72.91, 18.94 ], [ 72.91, 18.95 ], [ 72.9, 18.95 ], [ 72.9, 18.94 ], [ 72.91, 18.94 ] ] ] } },
{ "type": "Feature", "properties": { "cell_id": "r5_c14", "mean_ndvi": -0.15487257312117633 }, "geometry": { "type": "Polygon", "coordinates": [ [ [ 72.92, 18.94 ], [ 72.92, 18.95 ], [ 72.91, 18.95 ], [ 72.91, 18.94 ], [ 72.92, 18.94 ] ] ] } },
{ "type": "Feature", "properties": { "cell_id": "r5_c15", "mean_ndvi": -0.15323555433659575 }, "geometry": { "type": "Polygon", "coordinates": [ [ [ 72.93, 18.94 ], [ 72.93, 18.95 ], [ 72.92, 18.95 ], [ 72.92, 18.94 ], [ 72.93, 18.94 ] ] ] } },
{ "type": "Feature", "properties": { "cell_id": "r5_c16", "mean_ndvi": -0.13624482705013458 }, "geometry": { "type": "Polygon", "coordinates": [ [ [ 72.94, 18.94 ], [ 72.94, 18.95 ], [ 72.93, 18.95 ], [ 72.93, 18.94 ], [ 72.94, 18.94 ] ] ] } },
{ "type": "Feature", "properties": { "cell_id": "r5_c17", "mean_ndvi": -0.038004780750928405 }, "geometry": { "type": "Polygon", "coordinates": [ [ [ 72.95, 18.94 ], [ 72.95, 18.95 ], [ 72.94, 18.95 ], [ 72.94, 18.94 ], [ 72.95, 18.94 ] ] ] } },
{ "type": "Feature", "properties": { "cell_id": "r5_c18", "mean_ndvi": 0.11939297382512692 }, "geometry": { "type": "Polygon", "coordinates": [ [ [ 72.96, 18.94 ], [ 72.96, 18.95 ], [ 72.95, 18.95 ], [ 72.95, 18.94 ], [ 72.96, 18.94 ] ] ] } },
{ "type": "Feature", "properties": { "cell_id": "r5_c19", "mean_ndvi": 0.23011672486204388 }, "geometry": { "type": "Polygon", "coordinates": [ [ [ 72.97, 18.94 ], [ 72.97, 18.95 ], [ 72.96, 18.95 ], [ 72.96, 18.94 ], [ 72.97, 18.94 ] ] ] } },
{ "type": "Feature", "properties": { "cell_id": "r5_c20", "mean_ndvi": 0.1702418433281333 }, "geometry": { "type": "Polygon", "coordinates": [ [ [ 72.980000000000103, 18.94 ], [ 72.980000000000103, 18.95 ], [ 72.97, 18.95 ], [ 72.97, 18.94 ], [ 72.980000000000103, 18.94 ] ] ] } },
{ "type": "Feature", "properties": { "cell_id": "r5_c21", "mean_ndvi": 0.19529599619888743 }, "geometry": { "type": "Polygon", "coordinates": [ [ [ 72.99, 18.94 ], [ 72.99, 18.95 ], [ 72.980000000000103, 18.95 ], [ 72.980000000000103, 18.94 ], [ 72.99, 18.94 ] ] ] } },
{ "type": "Feature", "properties": { "cell_id": "r6_c0", "mean_ndvi": -0.14308839859982822 }, "geometry": { "type": "Polygon", "coordinates": [ [ [ 72.78, 18.95 ], [ 72.78, 18.96 ], [ 72.77, 18.96 ], [ 72.77, 18.95 ], [ 72.78, 18.95 ] ] ] } },
{ "type": "Feature", "properties": { "cell_id": "r6_c1", "mean_ndvi": -0.14566246580345915 }, "geometry": { "type": "Polygon", "coordinates": [ [ [ 72.79, 18.95 ], [ 72.79, 18.96 ], [ 72.78, 18.96 ], [ 72.78, 18.95 ], [ 72.79, 18.95 ] ] ] } },
{ "type": "Feature", "properties": { "cell_id": "r6_c2", "mean_ndvi": 0.0034917577882983045 }, "geometry": { "type": "Polygon", "coordinates": [ [ [ 72.8, 18.95 ], [ 72.8, 18.96 ], [ 72.79, 18.96 ], [ 72.79, 18.95 ], [ 72.8, 18.95 ] ] ] } },
{ "type": "Feature", "properties": { "cell_id": "r6_c3", "mean_ndvi": 0.16327022643147793 }, "geometry": { "type": "Polygon", "coordinates": [ [ [ 72.81, 18.95 ], [ 72.81, 18.96 ], [ 72.8, 18.96 ], [ 72.8, 18.95 ], [ 72.81, 18.95 ] ] ] } },
{ "type": "Feature", "properties": { "cell_id": "r6_c4", "mean_ndvi": 0.042442521172524068 }, "geometry": { "type": "Polygon", "coordinates": [ [ [ 72.82, 18.95 ], [ 72.82, 18.96 ], [ 72.81, 18.96 ], [ 72.81, 18.95 ], [ 72.82, 18.95 ] ] ] } },
{ "type": "Feature", "properties": { "cell_id": "r6_c5", "mean_ndvi": 0.055623063610348369 }, "geometry": { "type": "Polygon", "coordinates": [ [ [ 72.83, 18.95 ], [ 72.83, 18.96 ], [ 72.82, 18.96 ], [ 72.82, 18.95 ], [ 72.83, 18.95 ] ] ] } },
{ "type": "Feature", "properties": { "cell_id": "r6_c6", "mean_ndvi": 0.058253228599351926 }, "geometry": { "type": "Polygon", "coordinates": [ [ [ 72.84, 18.95 ], [ 72.84, 18.96 ], [ 72.83, 18.96 ], [ 72.83, 18.95 ], [ 72.84, 18.95 ] ] ] } },
{ "type": "Feature", "properties": { "cell_id": "r6_c7", "mean_ndvi": 0.025456099821437331 }, "geometry": { "type": "Polygon", "coordinates": [ [ [ 72.85, 18.95 ], [ 72.85, 18.96 ], [ 72.84, 18.96 ], [ 72.84, 18.95 ], [ 72.85, 18.95 ] ] ] } },
{ "type": "Feature", "properties": { "cell_id": "r6_c8", "mean_ndvi": -0.1597936563777044 }, "geometry": { "type": "Polygon", "coordinates": [ [ [ 72.86, 18.95 ], [ 72.86, 18.96 ], [ 72.85, 18.96 ], [ 72.85, 18.95 ], [ 72.86, 18.95 ] ] ] } },
{ "type": "Feature", "properties": { "cell_id": "r6_c9", "mean_ndvi": -0.20273448115810588 }, "geometry": { "type": "Polygon", "coordinates": [ [ [ 72.87, 18.95 ], [ 72.87, 18.96 ], [ 72.86, 18.96 ], [ 72.86, 18.95 ], [ 72.87, 18.95 ] ] ] } },
{ "type": "Feature", "properties": { "cell_id": "r6_c10", "mean_ndvi": -0.17294101333373926 }, "geometry": { "type": "Polygon", "coordinates": [ [ [ 72.88, 18.95 ], [ 72.88, 18.96 ], [ 72.87, 18.96 ], [ 72.87, 18.95 ], [ 72.88, 18.95 ] ] ] } },
{ "type": "Feature", "properties": { "cell_id": "r6_c11", "mean_ndvi": -0.17748061818602723 }, "geometry": { "type": "Polygon", "coordinates": [ [ [ 72.89, 18.95 ], [ 72.89, 18.96 ], [ 72.88, 18.96 ], [ 72.88, 18.95 ], [ 72.89, 18.95 ] ] ] } },
{ "type": "Feature", "properties": { "cell_id": "r6_c12", "mean_ndvi": -0.15927225348067486 }, "geometry": { "type": "Polygon", "coordinates": [ [ [ 72.9, 18.95 ], [ 72.9, 18.96 ], [ 72.89, 18.96 ], [ 72.89, 18.95 ], [ 72.9, 18.95 ] ] ] } },
{ "type": "Feature", "properties": { "cell_id": "r6_c13", "mean_ndvi": -0.088144113819131842 }, "geometry": { "type": "Polygon", "coordinates": [ [ [ 72.91, 18.95 ], [ 72.91, 18.96 ], [ 72.9, 18.96 ], [ 72.9, 18.95 ], [ 72.91, 18.95 ] ] ] } },
{ "type": "Feature", "properties": { "cell_id": "r6_c14", "mean_ndvi": -0.14486227515690567 }, "geometry": { "type": "Polygon", "coordinates": [ [ [ 72.92, 18.95 ], [ 72.92, 18.96 ], [ 72.91, 18.96 ], [ 72.91, 18.95 ], [ 72.92, 18.95 ] ] ] } },
{ "type": "Feature", "properties": { "cell_id": "r6_c15", "mean_ndvi": -0.099536673389689023 }, "geometry": { "type": "Polygon", "coordinates": [ [ [ 72.93, 18.95 ], [ 72.93, 18.96 ], [ 72.92, 18.96 ], [ 72.92, 18.95 ], [ 72.93, 18.95 ] ] ] } },
{ "type": "Feature", "properties": { "cell_id": "r6_c16", "mean_ndvi": 0.010553134013762341 }, "geometry": { "type": "Polygon", "coordinates": [ [ [ 72.94, 18.95 ], [ 72.94, 18.96 ], [ 72.93, 18.96 ], [ 72.93, 18.95 ], [ 72.94, 18.95 ] ] ] } },
{ "type": "Feature", "properties": { "cell_id": "r6_c17", "mean_ndvi": -0.10839446472645729 }, "geometry": { "type": "Polygon", "coordinates": [ [ [ 72.95, 18.95 ], [ 72.95, 18.96 ], [ 72.94, 18.96 ], [ 72.94, 18.95 ], [ 72.95, 18.95 ] ] ] } },
{ "type": "Feature", "properties": { "cell_id": "r6_c18", "mean_ndvi": -0.0085339817476570209 }, "geometry": { "type": "Polygon", "coordinates": [ [ [ 72.96, 18.95 ], [ 72.96, 18.96 ], [ 72.95, 18.96 ], [ 72.95, 18.95 ], [ 72.96, 18.95 ] ] ] } },
{ "type": "Feature", "properties": { "cell_id": "r6_c19", "mean_ndvi": 0.053270349328619564 }, "geometry": { "type": "Polygon", "coordinates": [ [ [ 72.97, 18.95 ], [ 72.97, 18.96 ], [ 72.96, 18.96 ], [ 72.96, 18.95 ], [ 72.97, 18.95 ] ] ] } },
{ "type": "Feature", "properties": { "cell_id": "r6_c20", "mean_ndvi": 0.24971977821244573 }, "geometry": { "type": "Polygon", "coordinates": [ [ [ 72.980000000000103, 18.95 ], [ 72.980000000000103, 18.96 ], [ 72.97, 18.96 ], [ 72.97, 18.95 ], [ 72.980000000000103, 18.95 ] ] ] } },
{ "type": "Feature", "properties": { "cell_id": "r6_c21", "mean_ndvi": 0.30929529954242529 }, "geometry": { "type": "Polygon", "coordinates": [ [ [ 72.99, 18.95 ], [ 72.99, 18.96 ], [ 72.980000000000103, 18.96 ], [ 72.980000000000103, 18.95 ], [ 72.99, 18.95 ] ] ] } },
{ "type": "Feature", "properties": { "cell_id": "r7_c0", "mean_ndvi": -0.14046316507522105 }, "geometry": { "type": "Polygon", "coordinates": [ [ [ 72.78, 18.96 ], [ 72.78, 18.97 ], [ 72.77, 18.97 ], [ 72.77, 18.96 ], [ 72.78, 18.96 ] ] ] } },
{ "type": "Feature", "properties": { "cell_id": "r7_c1", "mean_ndvi": -0.14053983379689031 }, "geometry": { "type": "Polygon", "coordinates": [ [ [ 72.79, 18.96 ], [ 72.79, 18.97 ], [ 72.78, 18.97 ], [ 72.78, 18.96 ], [ 72.79, 18.96 ] ] ] } },
{ "type": "Feature", "properties": { "cell_id": "r7_c2", "mean_ndvi": -0.14027122499224939 }, "geometry": { "type": "Polygon", "coordinates": [ [ [ 72.8, 18.96 ], [ 72.8, 18.97 ], [ 72.79, 18.97 ], [ 72.79, 18.96 ], [ 72.8, 18.96 ] ] ] } },
{ "type": "Feature", "properties": { "cell_id": "r7_c3", "mean_ndvi": 0.14637272994367351 }, "geometry": { "type": "Polygon", "coordinates": [ [ [ 72.81, 18.96 ], [ 72.81, 18.97 ], [ 72.8, 18.97 ], [ 72.8, 18.96 ], [ 72.81, 18.96 ] ] ] } },
{ "type": "Feature", "properties": { "cell_id": "r7_c4", "mean_ndvi": 0.12675640066272312 }, "geometry": { "type": "Polygon", "coordinates": [ [ [ 72.82, 18.96 ], [ 72.82, 18.97 ], [ 72.81, 18.97 ], [ 72.81, 18.96 ], [ 72.82, 18.96 ] ] ] } },
{ "type": "Feature", "properties": { "cell_id": "r7_c5", "mean_ndvi": 0.086445917133426392 }, "geometry": { "type": "Polygon", "coordinates": [ [ [ 72.83, 18.96 ], [ 72.83, 18.97 ], [ 72.82, 18.97 ], [ 72.82, 18.96 ], [ 72.83, 18.96 ] ] ] } },
{ "type": "Feature", "properties": { "cell_id": "r7_c6", "mean_ndvi": 0.13016385729621893 }, "geometry": { "type": "Polygon", "coordinates": [ [ [ 72.84, 18.96 ], [ 72.84, 18.97 ], [ 72.83, 18.97 ], [ 72.83, 18.96 ], [ 72.84, 18.96 ] ] ] } },
{ "type": "Feature", "properties": { "cell_id": "r7_c7", "mean_ndvi": 0.10274467741294485 }, "geometry": { "type": "Polygon", "coordinates": [ [ [ 72.85, 18.96 ], [ 72.85, 18.97 ], [ 72.84, 18.97 ], [ 72.84, 18.96 ], [ 72.85, 18.96 ] ] ] } },
{ "type": "Feature", "properties": { "cell_id": "r7_c8", "mean_ndvi": -0.15570195034764903 }, "geometry": { "type": "Polygon", "coordinates": [ [ [ 72.86, 18.96 ], [ 72.86, 18.97 ], [ 72.85, 18.97 ], [ 72.85, 18.96 ], [ 72.86, 18.96 ] ] ] } },
{ "type": "Feature", "properties": { "cell_id": "r7_c9", "mean_ndvi": -0.19014049205174541 }, "geometry": { "type": "Polygon", "coordinates": [ [ [ 72.87, 18.96 ], [ 72.87, 18.97 ], [ 72.86, 18.97 ], [ 72.86, 18.96 ], [ 72.87, 18.96 ] ] ] } },
{ "type": "Feature", "properties": { "cell_id": "r7_c10", "mean_ndvi": -0.18221014796007312 }, "geometry": { "type": "Polygon", "coordinates": [ [ [ 72.88, 18.96 ], [ 72.88, 18.97 ], [ 72.87, 18.97 ], [ 72.87, 18.96 ], [ 72.88, 18.96 ] ] ] } },
{ "type": "Feature", "properties": { "cell_id": "r7_c11", "mean_ndvi": -0.16546769400602018 }, "geometry": { "type": "Polygon", "coordinates": [ [ [ 72.89, 18.96 ], [ 72.89, 18.97 ], [ 72.88, 18.97 ], [ 72.88, 18.96 ], [ 72.89, 18.96 ] ] ] } },
{ "type": "Feature", "properties": { "cell_id": "r7_c12", "mean_ndvi": -0.15849828918505821 }, "geometry": { "type": "Polygon", "coordinates": [ [ [ 72.9, 18.96 ], [ 72.9, 18.97 ], [ 72.89, 18.97 ], [ 72.89, 18.96 ], [ 72.9, 18.96 ] ] ] } },
{ "type": "Feature", "properties": { "cell_id": "r7_c13", "mean_ndvi": -0.10746348456426258 }, "geometry": { "type": "Polygon", "coordinates": [ [ [ 72.91, 18.96 ], [ 72.91, 18.97 ], [ 72.9, 18.97 ], [ 72.9, 18.96 ], [ 72.91, 18.96 ] ] ] } },
{ "type": "Feature", "properties": { "cell_id": "r7_c14", "mean_ndvi": -0.15098040524574052 }, "geometry": { "type": "Polygon", "coordinates": [ [ [ 72.92, 18.96 ], [ 72.92, 18.97 ], [ 72.91, 18.97 ], [ 72.91, 18.96 ], [ 72.92, 18.96 ] ] ] } },
{ "type": "Feature", "properties": { "cell_id": "r7_c15", "mean_ndvi": 0.0050592618300800045 }, "geometry": { "type": "Polygon", "coordinates": [ [ [ 72.93, 18.96 ], [ 72.93, 18.97 ], [ 72.92, 18.97 ], [ 72.92, 18.96 ], [ 72.93, 18.96 ] ] ] } },
{ "type": "Feature", "properties": { "cell_id": "r7_c16", "mean_ndvi": 0.22907128292798884 }, "geometry": { "type": "Polygon", "coordinates": [ [ [ 72.94, 18.96 ], [ 72.94, 18.97 ], [ 72.93, 18.97 ], [ 72.93, 18.96 ], [ 72.94, 18.96 ] ] ] } },
{ "type": "Feature", "properties": { "cell_id": "r7_c17", "mean_ndvi": -0.089498159669528815 }, "geometry": { "type": "Polygon", "coordinates": [ [ [ 72.95, 18.96 ], [ 72.95, 18.97 ], [ 72.94, 18.97 ], [ 72.94, 18.96 ], [ 72.95, 18.96 ] ] ] } },
{ "type": "Feature", "properties": { "cell_id": "r7_c18", "mean_ndvi": 0.0035243080205300107 }, "geometry": { "type": "Polygon", "coordinates": [ [ [ 72.96, 18.96 ], [ 72.96, 18.97 ], [ 72.95, 18.97 ], [ 72.95, 18.96 ], [ 72.96, 18.96 ] ] ] } },
{ "type": "Feature", "properties": { "cell_id": "r7_c19", "mean_ndvi": 0.16903846169094552 }, "geometry": { "type": "Polygon", "coordinates": [ [ [ 72.97, 18.96 ], [ 72.97, 18.97 ], [ 72.96, 18.97 ], [ 72.96, 18.96 ], [ 72.97, 18.96 ] ] ] } },
{ "type": "Feature", "properties": { "cell_id": "r7_c20", "mean_ndvi": 0.16750341179236192 }, "geometry": { "type": "Polygon", "coordinates": [ [ [ 72.980000000000103, 18.96 ], [ 72.980000000000103, 18.97 ], [ 72.97, 18.97 ], [ 72.97, 18.96 ], [ 72.980000000000103, 18.96 ] ] ] } },
{ "type": "Feature", "properties": { "cell_id": "r7_c21", "mean_ndvi": 0.29070181302265652 }, "geometry": { "type": "Polygon", "coordinates": [ [ [ 72.99, 18.96 ], [ 72.99, 18.97 ], [ 72.980000000000103, 18.97 ], [ 72.980000000000103, 18.96 ], [ 72.99, 18.96 ] ] ] } },
{ "type": "Feature", "properties": { "cell_id": "r8_c0", "mean_ndvi": -0.13755983880064593 }, "geometry": { "type": "Polygon", "coordinates": [ [ [ 72.78, 18.97 ], [ 72.78, 18.98 ], [ 72.77, 18.98 ], [ 72.77, 18.97 ], [ 72.78, 18.97 ] ] ] } },
{ "type": "Feature", "properties": { "cell_id": "r8_c1", "mean_ndvi": -0.13929744956929013 }, "geometry": { "type": "Polygon", "coordinates": [ [ [ 72.79, 18.97 ], [ 72.79, 18.98 ], [ 72.78, 18.98 ], [ 72.78, 18.97 ], [ 72.79, 18.97 ] ] ] } },
{ "type": "Feature", "properties": { "cell_id": "r8_c2", "mean_ndvi": -0.14469013536197931 }, "geometry": { "type": "Polygon", "coordinates": [ [ [ 72.8, 18.97 ], [ 72.8, 18.98 ], [ 72.79, 18.98 ], [ 72.79, 18.97 ], [ 72.8, 18.97 ] ] ] } },
{ "type": "Feature", "properties": { "cell_id": "r8_c3", "mean_ndvi": 0.020279085247213165 }, "geometry": { "type": "Polygon", "coordinates": [ [ [ 72.81, 18.97 ], [ 72.81, 18.98 ], [ 72.8, 18.98 ], [ 72.8, 18.97 ], [ 72.81, 18.97 ] ] ] } },
{ "type": "Feature", "properties": { "cell_id": "r8_c4", "mean_ndvi": 0.24071855084686569 }, "geometry": { "type": "Polygon", "coordinates": [ [ [ 72.82, 18.97 ], [ 72.82, 18.98 ], [ 72.81, 18.98 ], [ 72.81, 18.97 ], [ 72.82, 18.97 ] ] ] } },
{ "type": "Feature", "properties": { "cell_id": "r8_c5", "mean_ndvi": 0.12559464368306517 }, "geometry": { "type": "Polygon", "coordinates": [ [ [ 72.83, 18.97 ], [ 72.83, 18.98 ], [ 72.82, 18.98 ], [ 72.82, 18.97 ], [ 72.83, 18.97 ] ] ] } },
{ "type": "Feature", "properties": { "cell_id": "r8_c6", "mean_ndvi": 0.18343711815970376 }, "geometry": { "type": "Polygon", "coordinates": [ [ [ 72.84, 18.97 ], [ 72.84, 18.98 ], [ 72.83, 18.98 ], [ 72.83, 18.97 ], [ 72.84, 18.97 ] ] ] } },
{ "type": "Feature", "properties": { "cell_id": "r8_c7", "mean_ndvi": 0.13679585313868595 }, "geometry": { "type": "Polygon", "coordinates": [ [ [ 72.85, 18.97 ], [ 72.85, 18.98 ], [ 72.84, 18.98 ], [ 72.84, 18.97 ], [ 72.85, 18.97 ] ] ] } },
{ "type": "Feature", "properties": { "cell_id": "r8_c8", "mean_ndvi": -0.058613788574137196 }, "geometry": { "type": "Polygon", "coordinates": [ [ [ 72.86, 18.97 ], [ 72.86, 18.98 ], [ 72.85, 18.98 ], [ 72.85, 18.97 ], [ 72.86, 18.97 ] ] ] } },
{ "type": "Feature", "properties": { "cell_id": "r8_c9", "mean_ndvi": -0.17371514340576072 }, "geometry": { "type": "Polygon", "coordinates": [ [ [ 72.87, 18.97 ], [ 72.87, 18.98 ], [ 72.86, 18.98 ], [ 72.86, 18.97 ], [ 72.87, 18.97 ] ] ] } },
{ "type": "Feature", "properties": { "cell_id": "r8_c10", "mean_ndvi": -0.18637091575394008 }, "geometry": { "type": "Polygon", "coordinates": [ [ [ 72.88, 18.97 ], [ 72.88, 18.98 ], [ 72.87, 18.98 ], [ 72.87, 18.97 ], [ 72.88, 18.97 ] ] ] } },
{ "type": "Feature", "properties": { "cell_id": "r8_c11", "mean_ndvi": -0.17852978424876309 }, "geometry": { "type": "Polygon", "coordinates": [ [ [ 72.89, 18.97 ], [ 72.89, 18.98 ], [ 72.88, 18.98 ], [ 72.88, 18.97 ], [ 72.89, 18.97 ] ] ] } },
{ "type": "Feature", "properties": { "cell_id": "r8_c12", "mean_ndvi": -0.18194709123423941 }, "geometry": { "type": "Polygon", "coordinates": [ [ [ 72.9, 18.97 ], [ 72.9, 18.98 ], [ 72.89, 18.98 ], [ 72.89, 18.97 ], [ 72.9, 18.97 ] ] ] } },
{ "type": "Feature", "properties": { "cell_id": "r8_c13", "mean_ndvi": -0.14310171184442363 }, "geometry": { "type": "Polygon", "coordinates": [ [ [ 72.91, 18.97 ], [ 72.91, 18.98 ], [ 72.9, 18.98 ], [ 72.9, 18.97 ], [ 72.91, 18.97 ] ] ] } },
{ "type": "Feature", "properties": { "cell_id": "r8_c14", "mean_ndvi": -0.15208218874397494 }, "geometry": { "type": "Polygon", "coordinates": [ [ [ 72.92, 18.97 ], [ 72.92, 18.98 ], [ 72.91, 18.98 ], [ 72.91, 18.97 ], [ 72.92, 18.97 ] ] ] } },
{ "type": "Feature", "properties": { "cell_id": "r8_c15", "mean_ndvi": -0.14005834667693445 }, "geometry": { "type": "Polygon", "coordinates": [ [ [ 72.93, 18.97 ], [ 72.93, 18.98 ], [ 72.92, 18.98 ], [ 72.92, 18.97 ], [ 72.93, 18.97 ] ] ] } },
{ "type": "Feature", "properties": { "cell_id": "r8_c16", "mean_ndvi": -0.10650984042788922 }, "geometry": { "type": "Polygon", "coordinates": [ [ [ 72.94, 18.97 ], [ 72.94, 18.98 ], [ 72.93, 18.98 ], [ 72.93, 18.97 ], [ 72.94, 18.97 ] ] ] } },
{ "type": "Feature", "properties": { "cell_id": "r8_c17", "mean_ndvi": -0.13439940295040811 }, "geometry": { "type": "Polygon", "coordinates": [ [ [ 72.95, 18.97 ], [ 72.95, 18.98 ], [ 72.94, 18.98 ], [ 72.94, 18.97 ], [ 72.95, 18.97 ] ] ] } },
{ "type": "Feature", "properties": { "cell_id": "r8_c18", "mean_ndvi": -0.097654976672657101 }, "geometry": { "type": "Polygon", "coordinates": [ [ [ 72.96, 18.97 ], [ 72.96, 18.98 ], [ 72.95, 18.98 ], [ 72.95, 18.97 ], [ 72.96, 18.97 ] ] ] } },
{ "type": "Feature", "properties": { "cell_id": "r8_c19", "mean_ndvi": -0.11735774560170245 }, "geometry": { "type": "Polygon", "coordinates": [ [ [ 72.97, 18.97 ], [ 72.97, 18.98 ], [ 72.96, 18.98 ], [ 72.96, 18.97 ], [ 72.97, 18.97 ] ] ] } },
{ "type": "Feature", "properties": { "cell_id": "r8_c20", "mean_ndvi": -0.11633293980808457 }, "geometry": { "type": "Polygon", "coordinates": [ [ [ 72.980000000000103, 18.97 ], [ 72.980000000000103, 18.98 ], [ 72.97, 18.98 ], [ 72.97, 18.97 ], [ 72.980000000000103, 18.97 ] ] ] } },
{ "type": "Feature", "properties": { "cell_id": "r8_c21", "mean_ndvi": -0.076711085995445696 }, "geometry": { "type": "Polygon", "coordinates": [ [ [ 72.99, 18.97 ], [ 72.99, 18.98 ], [ 72.980000000000103, 18.98 ], [ 72.980000000000103, 18.97 ], [ 72.99, 18.97 ] ] ] } },
{ "type": "Feature", "properties": { "cell_id": "r9_c0", "mean_ndvi": -0.13838018094363322 }, "geometry": { "type": "Polygon", "coordinates": [ [ [ 72.78, 18.98 ], [ 72.78, 18.99 ], [ 72.77, 18.99 ], [ 72.77, 18.98 ], [ 72.78, 18.98 ] ] ] } },
{ "type": "Feature", "properties": { "cell_id": "r9_c1", "mean_ndvi": -0.13965026165993216 }, "geometry": { "type": "Polygon", "coordinates": [ [ [ 72.79, 18.98 ], [ 72.79, 18.99 ], [ 72.78, 18.99 ], [ 72.78, 18.98 ], [ 72.79, 18.98 ] ] ] } },
{ "type": "Feature", "properties": { "cell_id": "r9_c2", "mean_ndvi": -0.14009654100794142 }, "geometry": { "type": "Polygon", "coordinates": [ [ [ 72.8, 18.98 ], [ 72.8, 18.99 ], [ 72.79, 18.99 ], [ 72.79, 18.98 ], [ 72.8, 18.98 ] ] ] } },
{ "type": "Feature", "properties": { "cell_id": "r9_c3", "mean_ndvi": -0.13593881462594759 }, "geometry": { "type": "Polygon", "coordinates": [ [ [ 72.81, 18.98 ], [ 72.81, 18.99 ], [ 72.8, 18.99 ], [ 72.8, 18.98 ], [ 72.81, 18.98 ] ] ] } },
{ "type": "Feature", "properties": { "cell_id": "r9_c4", "mean_ndvi": 0.12316822302605926 }, "geometry": { "type": "Polygon", "coordinates": [ [ [ 72.82, 18.98 ], [ 72.82, 18.99 ], [ 72.81, 18.99 ], [ 72.81, 18.98 ], [ 72.82, 18.98 ] ] ] } },
{ "type": "Feature", "properties": { "cell_id": "r9_c5", "mean_ndvi": 0.18231419212714184 }, "geometry": { "type": "Polygon", "coordinates": [ [ [ 72.83, 18.98 ], [ 72.83, 18.99 ], [ 72.82, 18.99 ], [ 72.82, 18.98 ], [ 72.83, 18.98 ] ] ] } },
{ "type": "Feature", "properties": { "cell_id": "r9_c6", "mean_ndvi": 0.17764291311817279 }, "geometry": { "type": "Polygon", "coordinates": [ [ [ 72.84, 18.98 ], [ 72.84, 18.99 ], [ 72.83, 18.99 ], [ 72.83, 18.98 ], [ 72.84, 18.98 ] ] ] } },
{ "type": "Feature", "properties": { "cell_id": "r9_c7", "mean_ndvi": 0.15773864950128041 }, "geometry": { "type": "Polygon", "coordinates": [ [ [ 72.85, 18.98 ], [ 72.85, 18.99 ], [ 72.84, 18.99 ], [ 72.84, 18.98 ], [ 72.85, 18.98 ] ] ] } },
{ "type": "Feature", "properties": { "cell_id": "r9_c8", "mean_ndvi": 0.12544872454563841 }, "geometry": { "type": "Polygon", "coordinates": [ [ [ 72.86, 18.98 ], [ 72.86, 18.99 ], [ 72.85, 18.99 ], [ 72.85, 18.98 ], [ 72.86, 18.98 ] ] ] } },
{ "type": "Feature", "properties": { "cell_id": "r9_c9", "mean_ndvi": -0.13158835576836456 }, "geometry": { "type": "Polygon", "coordinates": [ [ [ 72.87, 18.98 ], [ 72.87, 18.99 ], [ 72.86, 18.99 ], [ 72.86, 18.98 ], [ 72.87, 18.98 ] ] ] } },
{ "type": "Feature", "properties": { "cell_id": "r9_c10", "mean_ndvi": -0.16760765971449962 }, "geometry": { "type": "Polygon", "coordinates": [ [ [ 72.88, 18.98 ], [ 72.88, 18.99 ], [ 72.87, 18.99 ], [ 72.87, 18.98 ], [ 72.88, 18.98 ] ] ] } },
{ "type": "Feature", "properties": { "cell_id": "r9_c11", "mean_ndvi": -0.15097397616917646 }, "geometry": { "type": "Polygon", "coordinates": [ [ [ 72.89, 18.98 ], [ 72.89, 18.99 ], [ 72.88, 18.99 ], [ 72.88, 18.98 ], [ 72.89, 18.98 ] ] ] } },
{ "type": "Feature", "properties": { "cell_id": "r9_c12", "mean_ndvi": -0.15088205460023282 }, "geometry": { "type": "Polygon", "coordinates": [ [ [ 72.9, 18.98 ], [ 72.9, 18.99 ], [ 72.89, 18.99 ], [ 72.89, 18.98 ], [ 72.9, 18.98 ] ] ] } },
{ "type": "Feature", "properties": { "cell_id": "r9_c13", "mean_ndvi": -0.13686097265939712 }, "geometry": { "type": "Polygon", "coordinates": [ [ [ 72.91, 18.98 ], [ 72.91, 18.99 ], [ 72.9, 18.99 ], [ 72.9, 18.98 ], [ 72.91, 18.98 ] ] ] } },
{ "type": "Feature", "properties": { "cell_id": "r9_c14", "mean_ndvi": -0.13198873425313917 }, "geometry": { "type": "Polygon", "coordinates": [ [ [ 72.92, 18.98 ], [ 72.92, 18.99 ], [ 72.91, 18.99 ], [ 72.91, 18.98 ], [ 72.92, 18.98 ] ] ] } },
{ "type": "Feature", "properties": { "cell_id": "r9_c15", "mean_ndvi": -0.14035795147034458 }, "geometry": { "type": "Polygon", "coordinates": [ [ [ 72.93, 18.98 ], [ 72.93, 18.99 ], [ 72.92, 18.99 ], [ 72.92, 18.98 ], [ 72.93, 18.98 ] ] ] } },
{ "type": "Feature", "properties": { "cell_id": "r9_c16", "mean_ndvi": -0.14785536766250562 }, "geometry": { "type": "Polygon", "coordinates": [ [ [ 72.94, 18.98 ], [ 72.94, 18.99 ], [ 72.93, 18.99 ], [ 72.93, 18.98 ], [ 72.94, 18.98 ] ] ] } },
{ "type": "Feature", "properties": { "cell_id": "r9_c17", "mean_ndvi": -0.14288117393529079 }, "geometry": { "type": "Polygon", "coordinates": [ [ [ 72.95, 18.98 ], [ 72.95, 18.99 ], [ 72.94, 18.99 ], [ 72.94, 18.98 ], [ 72.95, 18.98 ] ] ] } },
{ "type": "Feature", "properties": { "cell_id": "r9_c18", "mean_ndvi": -0.15179496264524298 }, "geometry": { "type": "Polygon", "coordinates": [ [ [ 72.96, 18.98 ], [ 72.96, 18.99 ], [ 72.95, 18.99 ], [ 72.95, 18.98 ], [ 72.96, 18.98 ] ] ] } },
{ "type": "Feature", "properties": { "cell_id": "r9_c19", "mean_ndvi": -0.12517810785829567 }, "geometry": { "type": "Polygon", "coordinates": [ [ [ 72.97, 18.98 ], [ 72.97, 18.99 ], [ 72.96, 18.99 ], [ 72.96, 18.98 ], [ 72.97, 18.98 ] ] ] } },
{ "type": "Feature", "properties": { "cell_id": "r9_c20", "mean_ndvi": -0.11819989261301521 }, "geometry": { "type": "Polygon", "coordinates": [ [ [ 72.980000000000103, 18.98 ], [ 72.980000000000103, 18.99 ], [ 72.97, 18.99 ], [ 72.97, 18.98 ], [ 72.980000000000103, 18.98 ] ] ] } },
{ "type": "Feature", "properties": { "cell_id": "r9_c21", "mean_ndvi": -0.10478552122362229 }, "geometry": { "type": "Polygon", "coordinates": [ [ [ 72.99, 18.98 ], [ 72.99, 18.99 ], [ 72.980000000000103, 18.99 ], [ 72.980000000000103, 18.98 ], [ 72.99, 18.98 ] ] ] } },
{ "type": "Feature", "properties": { "cell_id": "r10_c0", "mean_ndvi": -0.13851049191150669 }, "geometry": { "type": "Polygon", "coordinates": [ [ [ 72.78, 18.99 ], [ 72.78, 19.0 ], [ 72.77, 19.0 ], [ 72.77, 18.99 ], [ 72.78, 18.99 ] ] ] } },
{ "type": "Feature", "properties": { "cell_id": "r10_c1", "mean_ndvi": -0.14358569684760419 }, "geometry": { "type": "Polygon", "coordinates": [ [ [ 72.79, 18.99 ], [ 72.79, 19.0 ], [ 72.78, 19.0 ], [ 72.78, 18.99 ], [ 72.79, 18.99 ] ] ] } },
{ "type": "Feature", "properties": { "cell_id": "r10_c2", "mean_ndvi": -0.1403635135617908 }, "geometry": { "type": "Polygon", "coordinates": [ [ [ 72.8, 18.99 ], [ 72.8, 19.0 ], [ 72.79, 19.0 ], [ 72.79, 18.99 ], [ 72.8, 18.99 ] ] ] } },
{ "type": "Feature", "properties": { "cell_id": "r10_c3", "mean_ndvi": -0.13923167728884095 }, "geometry": { "type": "Polygon", "coordinates": [ [ [ 72.81, 18.99 ], [ 72.81, 19.0 ], [ 72.8, 19.0 ], [ 72.8, 18.99 ], [ 72.81, 18.99 ] ] ] } },
{ "type": "Feature", "properties": { "cell_id": "r10_c4", "mean_ndvi": 0.11504504372475016 }, "geometry": { "type": "Polygon", "coordinates": [ [ [ 72.82, 18.99 ], [ 72.82, 19.0 ], [ 72.81, 19.0 ], [ 72.81, 18.99 ], [ 72.82, 18.99 ] ] ] } },
{ "type": "Feature", "properties": { "cell_id": "r10_c5", "mean_ndvi": 0.15322024144804122 }, "geometry": { "type": "Polygon", "coordinates": [ [ [ 72.83, 18.99 ], [ 72.83, 19.0 ], [ 72.82, 19.0 ], [ 72.82, 18.99 ], [ 72.83, 18.99 ] ] ] } },
{ "type": "Feature", "properties": { "cell_id": "r10_c6", "mean_ndvi": 0.16674363273828094 }, "geometry": { "type": "Polygon", "coordinates": [ [ [ 72.84, 18.99 ], [ 72.84, 19.0 ], [ 72.83, 19.0 ], [ 72.83, 18.99 ], [ 72.84, 18.99 ] ] ] } },
{ "type": "Feature", "properties": { "cell_id": "r10_c7", "mean_ndvi": 0.17758486275453225 }, "geometry": { "type": "Polygon", "coordinates": [ [ [ 72.85, 18.99 ], [ 72.85, 19.0 ], [ 72.84, 19.0 ], [ 72.84, 18.99 ], [ 72.85, 18.99 ] ] ] } },
{ "type": "Feature", "properties": { "cell_id": "r10_c8", "mean_ndvi": 0.10198840594079939 }, "geometry": { "type": "Polygon", "coordinates": [ [ [ 72.86, 18.99 ], [ 72.86, 19.0 ], [ 72.85, 19.0 ], [ 72.85, 18.99 ], [ 72.86, 18.99 ] ] ] } },
{ "type": "Feature", "properties": { "cell_id": "r10_c9", "mean_ndvi": -0.082137757794957078 }, "geometry": { "type": "Polygon", "coordinates": [ [ [ 72.87, 18.99 ], [ 72.87, 19.0 ], [ 72.86, 19.0 ], [ 72.86, 18.99 ], [ 72.87, 18.99 ] ] ] } },
{ "type": "Feature", "properties": { "cell_id": "r10_c10", "mean_ndvi": -0.12117523096107537 }, "geometry": { "type": "Polygon", "coordinates": [ [ [ 72.88, 18.99 ], [ 72.88, 19.0 ], [ 72.87, 19.0 ], [ 72.87, 18.99 ], [ 72.88, 18.99 ] ] ] } },
{ "type": "Feature", "properties": { "cell_id": "r10_c11", "mean_ndvi": -0.061235222018557627 }, "geometry": { "type": "Polygon", "coordinates": [ [ [ 72.89, 18.99 ], [ 72.89, 19.0 ], [ 72.88, 19.0 ], [ 72.88, 18.99 ], [ 72.89, 18.99 ] ] ] } },
{ "type": "Feature", "properties": { "cell_id": "r10_c12", "mean_ndvi": -0.020830717872663242 }, "geometry": { "type": "Polygon", "coordinates": [ [ [ 72.9, 18.99 ], [ 72.9, 19.0 ], [ 72.89, 19.0 ], [ 72.89, 18.99 ], [ 72.9, 18.99 ] ] ] } },
{ "type": "Feature", "properties": { "cell_id": "r10_c13", "mean_ndvi": -0.014526152455181667 }, "geometry": { "type": "Polygon", "coordinates": [ [ [ 72.91, 18.99 ], [ 72.91, 19.0 ], [ 72.9, 19.0 ], [ 72.9, 18.99 ], [ 72.91, 18.99 ] ] ] } },
{ "type": "Feature", "properties": { "cell_id": "r10_c14", "mean_ndvi": -0.039714749454028399 }, "geometry": { "type": "Polygon", "coordinates": [ [ [ 72.92, 18.99 ], [ 72.92, 19.0 ], [ 72.91, 19.0 ], [ 72.91, 18.99 ], [ 72.92, 18.99 ] ] ] } },
{ "type": "Feature", "properties": { "cell_id": "r10_c15", "mean_ndvi": -0.11767592437596659 }, "geometry": { "type": "Polygon", "coordinates": [ [ [ 72.93, 18.99 ], [ 72.93, 19.0 ], [ 72.92, 19.0 ], [ 72.92, 18.99 ], [ 72.93, 18.99 ] ] ] } },
{ "type": "Feature", "properties": { "cell_id": "r10_c16", "mean_ndvi": -0.13645073211369102 }, "geometry": { "type": "Polygon", "coordinates": [ [ [ 72.94, 18.99 ], [ 72.94, 19.0 ], [ 72.93, 19.0 ], [ 72.93, 18.99 ], [ 72.94, 18.99 ] ] ] } },
{ "type": "Feature", "properties": { "cell_id": "r10_c17", "mean_ndvi": -0.13766719612806178 }, "geometry": { "type": "Polygon", "coordinates": [ [ [ 72.95, 18.99 ], [ 72.95, 19.0 ], [ 72.94, 19.0 ], [ 72.94, 18.99 ], [ 72.95, 18.99 ] ] ] } },
{ "type": "Feature", "properties": { "cell_id": "r10_c18", "mean_ndvi": -0.11795868499937495 }, "geometry": { "type": "Polygon", "coordinates": [ [ [ 72.96, 18.99 ], [ 72.96, 19.0 ], [ 72.95, 19.0 ], [ 72.95, 18.99 ], [ 72.96, 18.99 ] ] ] } },
{ "type": "Feature", "properties": { "cell_id": "r10_c19", "mean_ndvi": -0.11813431170715115 }, "geometry": { "type": "Polygon", "coordinates": [ [ [ 72.97, 18.99 ], [ 72.97, 19.0 ], [ 72.96, 19.0 ], [ 72.96, 18.99 ], [ 72.97, 18.99 ] ] ] } },
{ "type": "Feature", "properties": { "cell_id": "r10_c20", "mean_ndvi": -0.1149450444449393 }, "geometry": { "type": "Polygon", "coordinates": [ [ [ 72.980000000000103, 18.99 ], [ 72.980000000000103, 19.0 ], [ 72.97, 19.0 ], [ 72.97, 18.99 ], [ 72.980000000000103, 18.99 ] ] ] } },
{ "type": "Feature", "properties": { "cell_id": "r10_c21", "mean_ndvi": -0.11665014917489962 }, "geometry": { "type": "Polygon", "coordinates": [ [ [ 72.99, 18.99 ], [ 72.99, 19.0 ], [ 72.980000000000103, 19.0 ], [ 72.980000000000103, 18.99 ], [ 72.99, 18.99 ] ] ] } },
{ "type": "Feature", "properties": { "cell_id": "r11_c0", "mean_ndvi": -0.14231024394008038 }, "geometry": { "type": "Polygon", "coordinates": [ [ [ 72.78, 19.0 ], [ 72.78, 19.01 ], [ 72.77, 19.01 ], [ 72.77, 19.0 ], [ 72.78, 19.0 ] ] ] } },
{ "type": "Feature", "properties": { "cell_id": "r11_c1", "mean_ndvi": -0.14685100157964395 }, "geometry": { "type": "Polygon", "coordinates": [ [ [ 72.79, 19.0 ], [ 72.79, 19.01 ], [ 72.78, 19.01 ], [ 72.78, 19.0 ], [ 72.79, 19.0 ] ] ] } },
{ "type": "Feature", "properties": { "cell_id": "r11_c2", "mean_ndvi": -0.14437828554590951 }, "geometry": { "type": "Polygon", "coordinates": [ [ [ 72.8, 19.0 ], [ 72.8, 19.01 ], [ 72.79, 19.01 ], [ 72.79, 19.0 ], [ 72.8, 19.0 ] ] ] } },
{ "type": "Feature", "properties": { "cell_id": "r11_c3", "mean_ndvi": -0.14247011784250818 }, "geometry": { "type": "Polygon", "coordinates": [ [ [ 72.81, 19.0 ], [ 72.81, 19.01 ], [ 72.8, 19.01 ], [ 72.8, 19.0 ], [ 72.81, 19.0 ] ] ] } },
{ "type": "Feature", "properties": { "cell_id": "r11_c4", "mean_ndvi": 0.09777026305982256 }, "geometry": { "type": "Polygon", "coordinates": [ [ [ 72.82, 19.0 ], [ 72.82, 19.01 ], [ 72.81, 19.01 ], [ 72.81, 19.0 ], [ 72.82, 19.0 ] ] ] } },
{ "type": "Feature", "properties": { "cell_id": "r11_c5", "mean_ndvi": 0.14585642411086266 }, "geometry": { "type": "Polygon", "coordinates": [ [ [ 72.83, 19.0 ], [ 72.83, 19.01 ], [ 72.82, 19.01 ], [ 72.82, 19.0 ], [ 72.83, 19.0 ] ] ] } },
{ "type": "Feature", "properties": { "cell_id": "r11_c6", "mean_ndvi": 0.1600524672668775 }, "geometry": { "type": "Polygon", "coordinates": [ [ [ 72.84, 19.0 ], [ 72.84, 19.01 ], [ 72.83, 19.01 ], [ 72.83, 19.0 ], [ 72.84, 19.0 ] ] ] } },
{ "type": "Feature", "properties": { "cell_id": "r11_c7", "mean_ndvi": 0.18724099959595708 }, "geometry": { "type": "Polygon", "coordinates": [ [ [ 72.85, 19.0 ], [ 72.85, 19.01 ], [ 72.84, 19.01 ], [ 72.84, 19.0 ], [ 72.85, 19.0 ] ] ] } },
{ "type": "Feature", "properties": { "cell_id": "r11_c8", "mean_ndvi": 0.18797622807506509 }, "geometry": { "type": "Polygon", "coordinates": [ [ [ 72.86, 19.0 ], [ 72.86, 19.01 ], [ 72.85, 19.01 ], [ 72.85, 19.0 ], [ 72.86, 19.0 ] ] ] } },
{ "type": "Feature", "properties": { "cell_id": "r11_c9", "mean_ndvi": 0.1657525605970496 }, "geometry": { "type": "Polygon", "coordinates": [ [ [ 72.87, 19.0 ], [ 72.87, 19.01 ], [ 72.86, 19.01 ], [ 72.86, 19.0 ], [ 72.87, 19.0 ] ] ] } },
{ "type": "Feature", "properties": { "cell_id": "r11_c10", "mean_ndvi": 0.13262236268485628 }, "geometry": { "type": "Polygon", "coordinates": [ [ [ 72.88, 19.0 ], [ 72.88, 19.01 ], [ 72.87, 19.01 ], [ 72.87, 19.0 ], [ 72.88, 19.0 ] ] ] } },
{ "type": "Feature", "properties": { "cell_id": "r11_c11", "mean_ndvi": 0.18750496416396759 }, "geometry": { "type": "Polygon", "coordinates": [ [ [ 72.89, 19.0 ], [ 72.89, 19.01 ], [ 72.88, 19.01 ], [ 72.88, 19.0 ], [ 72.89, 19.0 ] ] ] } },
{ "type": "Feature", "properties": { "cell_id": "r11_c12", "mean_ndvi": 0.10635637477920347 }, "geometry": { "type": "Polygon", "coordinates": [ [ [ 72.9, 19.0 ], [ 72.9, 19.01 ], [ 72.89, 19.01 ], [ 72.89, 19.0 ], [ 72.9, 19.0 ] ] ] } },
{ "type": "Feature", "properties": { "cell_id": "r11_c13", "mean_ndvi": 0.10350766304627623 }, "geometry": { "type": "Polygon", "coordinates": [ [ [ 72.91, 19.0 ], [ 72.91, 19.01 ], [ 72.9, 19.01 ], [ 72.9, 19.0 ], [ 72.91, 19.0 ] ] ] } },
{ "type": "Feature", "properties": { "cell_id": "r11_c14", "mean_ndvi": 0.20629506848536114 }, "geometry": { "type": "Polygon", "coordinates": [ [ [ 72.92, 19.0 ], [ 72.92, 19.01 ], [ 72.91, 19.01 ], [ 72.91, 19.0 ], [ 72.92, 19.0 ] ] ] } },
{ "type": "Feature", "properties": { "cell_id": "r11_c15", "mean_ndvi": 0.11719089895805293 }, "geometry": { "type": "Polygon", "coordinates": [ [ [ 72.93, 19.0 ], [ 72.93, 19.01 ], [ 72.92, 19.01 ], [ 72.92, 19.0 ], [ 72.93, 19.0 ] ] ] } },
{ "type": "Feature", "properties": { "cell_id": "r11_c16", "mean_ndvi": -0.078450042465376194 }, "geometry": { "type": "Polygon", "coordinates": [ [ [ 72.94, 19.0 ], [ 72.94, 19.01 ], [ 72.93, 19.01 ], [ 72.93, 19.0 ], [ 72.94, 19.0 ] ] ] } },
{ "type": "Feature", "properties": { "cell_id": "r11_c17", "mean_ndvi": -0.11910559093431644 }, "geometry": { "type": "Polygon", "coordinates": [ [ [ 72.95, 19.0 ], [ 72.95, 19.01 ], [ 72.94, 19.01 ], [ 72.94, 19.0 ], [ 72.95, 19.0 ] ] ] } },
{ "type": "Feature", "properties": { "cell_id": "r11_c18", "mean_ndvi": -0.12007153874982669 }, "geometry": { "type": "Polygon", "coordinates": [ [ [ 72.96, 19.0 ], [ 72.96, 19.01 ], [ 72.95, 19.01 ], [ 72.95, 19.0 ], [ 72.96, 19.0 ] ] ] } },
{ "type": "Feature", "properties": { "cell_id": "r11_c19", "mean_ndvi": -0.12526517068555618 }, "geometry": { "type": "Polygon", "coordinates": [ [ [ 72.97, 19.0 ], [ 72.97, 19.01 ], [ 72.96, 19.01 ], [ 72.96, 19.0 ], [ 72.97, 19.0 ] ] ] } },
{ "type": "Feature", "properties": { "cell_id": "r11_c20", "mean_ndvi": -0.12621060260516806 }, "geometry": { "type": "Polygon", "coordinates": [ [ [ 72.980000000000103, 19.0 ], [ 72.980000000000103, 19.01 ], [ 72.97, 19.01 ], [ 72.97, 19.0 ], [ 72.980000000000103, 19.0 ] ] ] } },
{ "type": "Feature", "properties": { "cell_id": "r11_c21", "mean_ndvi": -0.12455545673027447 }, "geometry": { "type": "Polygon", "coordinates": [ [ [ 72.99, 19.0 ], [ 72.99, 19.01 ], [ 72.980000000000103, 19.01 ], [ 72.980000000000103, 19.0 ], [ 72.99, 19.0 ] ] ] } },
{ "type": "Feature", "properties": { "cell_id": "r12_c0", "mean_ndvi": -0.14584068603907707 }, "geometry": { "type": "Polygon", "coordinates": [ [ [ 72.78, 19.01 ], [ 72.78, 19.02 ], [ 72.77, 19.02 ], [ 72.77, 19.01 ], [ 72.78, 19.01 ] ] ] } },
{ "type": "Feature", "properties": { "cell_id": "r12_c1", "mean_ndvi": -0.14577883456757343 }, "geometry": { "type": "Polygon", "coordinates": [ [ [ 72.79, 19.01 ], [ 72.79, 19.02 ], [ 72.78, 19.02 ], [ 72.78, 19.01 ], [ 72.79, 19.01 ] ] ] } },
{ "type": "Feature", "properties": { "cell_id": "r12_c2", "mean_ndvi": -0.14591447580417591 }, "geometry": { "type": "Polygon", "coordinates": [ [ [ 72.8, 19.01 ], [ 72.8, 19.02 ], [ 72.79, 19.02 ], [ 72.79, 19.01 ], [ 72.8, 19.01 ] ] ] } },
{ "type": "Feature", "properties": { "cell_id": "r12_c3", "mean_ndvi": -0.14511757249721641 }, "geometry": { "type": "Polygon", "coordinates": [ [ [ 72.81, 19.01 ], [ 72.81, 19.02 ], [ 72.8, 19.02 ], [ 72.8, 19.01 ], [ 72.81, 19.01 ] ] ] } },
{ "type": "Feature", "properties": { "cell_id": "r12_c4", "mean_ndvi": -0.026799068056867915 }, "geometry": { "type": "Polygon", "coordinates": [ [ [ 72.82, 19.01 ], [ 72.82, 19.02 ], [ 72.81, 19.02 ], [ 72.81, 19.01 ], [ 72.82, 19.01 ] ] ] } },
{ "type": "Feature", "properties": { "cell_id": "r12_c5", "mean_ndvi": 0.1356510039435764 }, "geometry": { "type": "Polygon", "coordinates": [ [ [ 72.83, 19.01 ], [ 72.83, 19.02 ], [ 72.82, 19.02 ], [ 72.82, 19.01 ], [ 72.83, 19.01 ] ] ] } },
{ "type": "Feature", "properties": { "cell_id": "r12_c6", "mean_ndvi": 0.15654695935127286 }, "geometry": { "type": "Polygon", "coordinates": [ [ [ 72.84, 19.01 ], [ 72.84, 19.02 ], [ 72.83, 19.02 ], [ 72.83, 19.01 ], [ 72.84, 19.01 ] ] ] } },
{ "type": "Feature", "properties": { "cell_id": "r12_c7", "mean_ndvi": 0.17353141380834849 }, "geometry": { "type": "Polygon", "coordinates": [ [ [ 72.85, 19.01 ], [ 72.85, 19.02 ], [ 72.84, 19.02 ], [ 72.84, 19.01 ], [ 72.85, 19.01 ] ] ] } },
{ "type": "Feature", "properties": { "cell_id": "r12_c8", "mean_ndvi": 0.20465068768354108 }, "geometry": { "type": "Polygon", "coordinates": [ [ [ 72.86, 19.01 ], [ 72.86, 19.02 ], [ 72.85, 19.02 ], [ 72.85, 19.01 ], [ 72.86, 19.01 ] ] ] } },
{ "type": "Feature", "properties": { "cell_id": "r12_c9", "mean_ndvi": 0.18082716883991296 }, "geometry": { "type": "Polygon", "coordinates": [ [ [ 72.87, 19.01 ], [ 72.87, 19.02 ], [ 72.86, 19.02 ], [ 72.86, 19.01 ], [ 72.87, 19.01 ] ] ] } },
{ "type": "Feature", "properties": { "cell_id": "r12_c10", "mean_ndvi": 0.15473620978815103 }, "geometry": { "type": "Polygon", "coordinates": [ [ [ 72.88, 19.01 ], [ 72.88, 19.02 ], [ 72.87, 19.02 ], [ 72.87, 19.01 ], [ 72.88, 19.01 ] ] ] } },
{ "type": "Feature", "properties": { "cell_id": "r12_c11", "mean_ndvi": 0.2527765782405263 }, "geometry": { "type": "Polygon", "coordinates": [ [ [ 72.89, 19.01 ], [ 72.89, 19.02 ], [ 72.88, 19.02 ], [ 72.88, 19.01 ], [ 72.89, 19.01 ] ] ] } },
{ "type": "Feature", "properties": { "cell_id": "r12_c12", "mean_ndvi": 0.058273054190786468 }, "geometry": { "type": "Polygon", "coordinates": [ [ [ 72.9, 19.01 ], [ 72.9, 19.02 ], [ 72.89, 19.02 ], [ 72.89, 19.01 ], [ 72.9, 19.01 ] ] ] } },
{ "type": "Feature", "properties": { "cell_id": "r12_c13", "mean_ndvi": 0.05141631856868481 }, "geometry": { "type": "Polygon", "coordinates": [ [ [ 72.91, 19.01 ], [ 72.91, 19.02 ], [ 72.9, 19.02 ], [ 72.9, 19.01 ], [ 72.91, 19.01 ] ] ] } },
{ "type": "Feature", "properties": { "cell_id": "r12_c14", "mean_ndvi": 0.14270353834647176 }, "geometry": { "type": "Polygon", "coordinates": [ [ [ 72.92, 19.01 ], [ 72.92, 19.02 ], [ 72.91, 19.02 ], [ 72.91, 19.01 ], [ 72.92, 19.01 ] ] ] } },
{ "type": "Feature", "properties": { "cell_id": "r12_c15", "mean_ndvi": 0.19505147906107306 }, "geometry": { "type": "Polygon", "coordinates": [ [ [ 72.93, 19.01 ], [ 72.93, 19.02 ], [ 72.92, 19.02 ], [ 72.92, 19.01 ], [ 72.93, 19.01 ] ] ] } },
{ "type": "Feature", "properties": { "cell_id": "r12_c16", "mean_ndvi": 0.21901335307382294 }, "geometry": { "type": "Polygon", "coordinates": [ [ [ 72.94, 19.01 ], [ 72.94, 19.02 ], [ 72.93, 19.02 ], [ 72.93, 19.01 ], [ 72.94, 19.01 ] ] ] } },
{ "type": "Feature", "properties": { "cell_id": "r12_c17", "mean_ndvi": 0.0082310783845782037 }, "geometry": { "type": "Polygon", "coordinates": [ [ [ 72.95, 19.01 ], [ 72.95, 19.02 ], [ 72.94, 19.02 ], [ 72.94, 19.01 ], [ 72.95, 19.01 ] ] ] } },
{ "type": "Feature", "properties": { "cell_id": "r12_c18", "mean_ndvi": -0.11352929903286645 }, "geometry": { "type": "Polygon", "coordinates": [ [ [ 72.96, 19.01 ], [ 72.96, 19.02 ], [ 72.95, 19.02 ], [ 72.95, 19.01 ], [ 72.96, 19.01 ] ] ] } },
{ "type": "Feature", "properties": { "cell_id": "r12_c19", "mean_ndvi": -0.118614767296586 }, "geometry": { "type": "Polygon", "coordinates": [ [ [ 72.97, 19.01 ], [ 72.97, 19.02 ], [ 72.96, 19.02 ], [ 72.96, 19.01 ], [ 72.97, 19.01 ] ] ] } },
{ "type": "Feature", "properties": { "cell_id": "r12_c20", "mean_ndvi": -0.12829918212331023 }, "geometry": { "type": "Polygon", "coordinates": [ [ [ 72.980000000000103, 19.01 ], [ 72.980000000000103, 19.02 ], [ 72.97, 19.02 ], [ 72.97, 19.01 ], [ 72.980000000000103, 19.01 ] ] ] } },
{ "type": "Feature", "properties": { "cell_id": "r12_c21", "mean_ndvi": -0.11329041907911312 }, "geometry": { "type": "Polygon", "coordinates": [ [ [ 72.99, 19.01 ], [ 72.99, 19.02 ], [ 72.980000000000103, 19.02 ], [ 72.980000000000103, 19.01 ], [ 72.99, 19.01 ] ] ] } },
{ "type": "Feature", "properties": { "cell_id": "r13_c0", "mean_ndvi": -0.15005999188406555 }, "geometry": { "type": "Polygon", "coordinates": [ [ [ 72.78, 19.02 ], [ 72.78, 19.03 ], [ 72.77, 19.03 ], [ 72.77, 19.02 ], [ 72.78, 19.02 ] ] ] } },
{ "type": "Feature", "properties": { "cell_id": "r13_c1", "mean_ndvi": -0.1486896339897473 }, "geometry": { "type": "Polygon", "coordinates": [ [ [ 72.79, 19.02 ], [ 72.79, 19.03 ], [ 72.78, 19.03 ], [ 72.78, 19.02 ], [ 72.79, 19.02 ] ] ] } },
{ "type": "Feature", "properties": { "cell_id": "r13_c2", "mean_ndvi": -0.15282400703046681 }, "geometry": { "type": "Polygon", "coordinates": [ [ [ 72.8, 19.02 ], [ 72.8, 19.03 ], [ 72.79, 19.03 ], [ 72.79, 19.02 ], [ 72.8, 19.02 ] ] ] } },
{ "type": "Feature", "properties": { "cell_id": "r13_c3", "mean_ndvi": -0.14680114330880178 }, "geometry": { "type": "Polygon", "coordinates": [ [ [ 72.81, 19.02 ], [ 72.81, 19.03 ], [ 72.8, 19.03 ], [ 72.8, 19.02 ], [ 72.81, 19.02 ] ] ] } },
{ "type": "Feature", "properties": { "cell_id": "r13_c4", "mean_ndvi": -0.10444523584572063 }, "geometry": { "type": "Polygon", "coordinates": [ [ [ 72.82, 19.02 ], [ 72.82, 19.03 ], [ 72.81, 19.03 ], [ 72.81, 19.02 ], [ 72.82, 19.02 ] ] ] } },
{ "type": "Feature", "properties": { "cell_id": "r13_c5", "mean_ndvi": -0.080941271988451219 }, "geometry": { "type": "Polygon", "coordinates": [ [ [ 72.83, 19.02 ], [ 72.83, 19.03 ], [ 72.82, 19.03 ], [ 72.82, 19.02 ], [ 72.83, 19.02 ] ] ] } },
{ "type": "Feature", "properties": { "cell_id": "r13_c6", "mean_ndvi": 0.096527220419218074 }, "geometry": { "type": "Polygon", "coordinates": [ [ [ 72.84, 19.02 ], [ 72.84, 19.03 ], [ 72.83, 19.03 ], [ 72.83, 19.02 ], [ 72.84, 19.02 ] ] ] } },
{ "type": "Feature", "properties": { "cell_id": "r13_c7", "mean_ndvi": 0.15855929776067337 }, "geometry": { "type": "Polygon", "coordinates": [ [ [ 72.85, 19.02 ], [ 72.85, 19.03 ], [ 72.84, 19.03 ], [ 72.84, 19.02 ], [ 72.85, 19.02 ] ] ] } },
{ "type": "Feature", "properties": { "cell_id": "r13_c8", "mean_ndvi": 0.22071948381440887 }, "geometry": { "type": "Polygon", "coordinates": [ [ [ 72.86, 19.02 ], [ 72.86, 19.03 ], [ 72.85, 19.03 ], [ 72.85, 19.02 ], [ 72.86, 19.02 ] ] ] } },
{ "type": "Feature", "properties": { "cell_id": "r13_c9", "mean_ndvi": 0.19839054231550177 }, "geometry": { "type": "Polygon", "coordinates": [ [ [ 72.87, 19.02 ], [ 72.87, 19.03 ], [ 72.86, 19.03 ], [ 72.86, 19.02 ], [ 72.87, 19.02 ] ] ] } },
{ "type": "Feature", "properties": { "cell_id": "r13_c10", "mean_ndvi": 0.17003549919978986 }, "geometry": { "type": "Polygon", "coordinates": [ [ [ 72.88, 19.02 ], [ 72.88, 19.03 ], [ 72.87, 19.03 ], [ 72.87, 19.02 ], [ 72.88, 19.02 ] ] ] } },
{ "type": "Feature", "properties": { "cell_id": "r13_c11", "mean_ndvi": 0.23350382986310148 }, "geometry": { "type": "Polygon", "coordinates": [ [ [ 72.89, 19.02 ], [ 72.89, 19.03 ], [ 72.88, 19.03 ], [ 72.88, 19.02 ], [ 72.89, 19.02 ] ] ] } },
{ "type": "Feature", "properties": { "cell_id": "r13_c12", "mean_ndvi": 0.11154009111410201 }, "geometry": { "type": "Polygon", "coordinates": [ [ [ 72.9, 19.02 ], [ 72.9, 19.03 ], [ 72.89, 19.03 ], [ 72.89, 19.02 ], [ 72.9, 19.02 ] ] ] } },
{ "type": "Feature", "properties": { "cell_id": "r13_c13", "mean_ndvi": 0.12451015159060166 }, "geometry": { "type": "Polygon", "coordinates": [ [ [ 72.91, 19.02 ], [ 72.91, 19.03 ], [ 72.9, 19.03 ], [ 72.9, 19.02 ], [ 72.91, 19.02 ] ] ] } },
{ "type": "Feature", "properties": { "cell_id": "r13_c14", "mean_ndvi": 0.19511294891386782 }, "geometry": { "type": "Polygon", "coordinates": [ [ [ 72.92, 19.02 ], [ 72.92, 19.03 ], [ 72.91, 19.03 ], [ 72.91, 19.02 ], [ 72.92, 19.02 ] ] ] } },
{ "type": "Feature", "properties": { "cell_id": "r13_c15", "mean_ndvi": 0.23984182170160614 }, "geometry": { "type": "Polygon", "coordinates": [ [ [ 72.93, 19.02 ], [ 72.93, 19.03 ], [ 72.92, 19.03 ], [ 72.92, 19.02 ], [ 72.93, 19.02 ] ] ] } },
{ "type": "Feature", "properties": { "cell_id": "r13_c16", "mean_ndvi": 0.22240936361498714 }, "geometry": { "type": "Polygon", "coordinates": [ [ [ 72.94, 19.02 ], [ 72.94, 19.03 ], [ 72.93, 19.03 ], [ 72.93, 19.02 ], [ 72.94, 19.02 ] ] ] } },
{ "type": "Feature", "properties": { "cell_id": "r13_c17", "mean_ndvi": 0.24277826416506504 }, "geometry": { "type": "Polygon", "coordinates": [ [ [ 72.95, 19.02 ], [ 72.95, 19.03 ], [ 72.94, 19.03 ], [ 72.94, 19.02 ], [ 72.95, 19.02 ] ] ] } },
{ "type": "Feature", "properties": { "cell_id": "r13_c18", "mean_ndvi": 0.056932075867684957 }, "geometry": { "type": "Polygon", "coordinates": [ [ [ 72.96, 19.02 ], [ 72.96, 19.03 ], [ 72.95, 19.03 ], [ 72.95, 19.02 ], [ 72.96, 19.02 ] ] ] } },
{ "type": "Feature", "properties": { "cell_id": "r13_c19", "mean_ndvi": -0.12443253799815238 }, "geometry": { "type": "Polygon", "coordinates": [ [ [ 72.97, 19.02 ], [ 72.97, 19.03 ], [ 72.96, 19.03 ], [ 72.96, 19.02 ], [ 72.97, 19.02 ] ] ] } },
{ "type": "Feature", "properties": { "cell_id": "r13_c20", "mean_ndvi": -0.123599167755172 }, "geometry": { "type": "Polygon", "coordinates": [ [ [ 72.980000000000103, 19.02 ], [ 72.980000000000103, 19.03 ], [ 72.97, 19.03 ], [ 72.97, 19.02 ], [ 72.980000000000103, 19.02 ] ] ] } },
{ "type": "Feature", "properties": { "cell_id": "r13_c21", "mean_ndvi": -0.13529035450398827 }, "geometry": { "type": "Polygon", "coordinates": [ [ [ 72.99, 19.02 ], [ 72.99, 19.03 ], [ 72.980000000000103, 19.03 ], [ 72.980000000000103, 19.02 ], [ 72.99, 19.02 ] ] ] } },
{ "type": "Feature", "properties": { "cell_id": "r14_c0", "mean_ndvi": -0.14774150474747266 }, "geometry": { "type": "Polygon", "coordinates": [ [ [ 72.78, 19.03 ], [ 72.78, 19.04 ], [ 72.77, 19.04 ], [ 72.77, 19.03 ], [ 72.78, 19.03 ] ] ] } },
{ "type": "Feature", "properties": { "cell_id": "r14_c1", "mean_ndvi": -0.14916044423931371 }, "geometry": { "type": "Polygon", "coordinates": [ [ [ 72.79, 19.03 ], [ 72.79, 19.04 ], [ 72.78, 19.04 ], [ 72.78, 19.03 ], [ 72.79, 19.03 ] ] ] } },
{ "type": "Feature", "properties": { "cell_id": "r14_c2", "mean_ndvi": -0.14973913405131337 }, "geometry": { "type": "Polygon", "coordinates": [ [ [ 72.8, 19.03 ], [ 72.8, 19.04 ], [ 72.79, 19.04 ], [ 72.79, 19.03 ], [ 72.8, 19.03 ] ] ] } },
{ "type": "Feature", "properties": { "cell_id": "r14_c3", "mean_ndvi": -0.15122617475193226 }, "geometry": { "type": "Polygon", "coordinates": [ [ [ 72.81, 19.03 ], [ 72.81, 19.04 ], [ 72.8, 19.04 ], [ 72.8, 19.03 ], [ 72.81, 19.03 ] ] ] } },
{ "type": "Feature", "properties": { "cell_id": "r14_c4", "mean_ndvi": -0.13715162065566674 }, "geometry": { "type": "Polygon", "coordinates": [ [ [ 72.82, 19.03 ], [ 72.82, 19.04 ], [ 72.81, 19.04 ], [ 72.81, 19.03 ], [ 72.82, 19.03 ] ] ] } },
{ "type": "Feature", "properties": { "cell_id": "r14_c5", "mean_ndvi": -0.11843819151995853 }, "geometry": { "type": "Polygon", "coordinates": [ [ [ 72.83, 19.03 ], [ 72.83, 19.04 ], [ 72.82, 19.04 ], [ 72.82, 19.03 ], [ 72.83, 19.03 ] ] ] } },
{ "type": "Feature", "properties": { "cell_id": "r14_c6", "mean_ndvi": -0.051941741609646895 }, "geometry": { "type": "Polygon", "coordinates": [ [ [ 72.84, 19.03 ], [ 72.84, 19.04 ], [ 72.83, 19.04 ], [ 72.83, 19.03 ], [ 72.84, 19.03 ] ] ] } },
{ "type": "Feature", "properties": { "cell_id": "r14_c7", "mean_ndvi": 0.15578006477895737 }, "geometry": { "type": "Polygon", "coordinates": [ [ [ 72.85, 19.03 ], [ 72.85, 19.04 ], [ 72.84, 19.04 ], [ 72.84, 19.03 ], [ 72.85, 19.03 ] ] ] } },
{ "type": "Feature", "properties": { "cell_id": "r14_c8", "mean_ndvi": 0.16677523548347645 }, "geometry": { "type": "Polygon", "coordinates": [ [ [ 72.86, 19.03 ], [ 72.86, 19.04 ], [ 72.85, 19.04 ], [ 72.85, 19.03 ], [ 72.86, 19.03 ] ] ] } },
{ "type": "Feature", "properties": { "cell_id": "r14_c9", "mean_ndvi": 0.17471112070579531 }, "geometry": { "type": "Polygon", "coordinates": [ [ [ 72.87, 19.03 ], [ 72.87, 19.04 ], [ 72.86, 19.04 ], [ 72.86, 19.03 ], [ 72.87, 19.03 ] ] ] } },
{ "type": "Feature", "properties": { "cell_id": "r14_c10", "mean_ndvi": 0.10061452142858809 }, "geometry": { "type": "Polygon", "coordinates": [ [ [ 72.88, 19.03 ], [ 72.88, 19.04 ], [ 72.87, 19.04 ], [ 72.87, 19.03 ], [ 72.88, 19.03 ] ] ] } },
{ "type": "Feature", "properties": { "cell_id": "r14_c11", "mean_ndvi": 0.14193637409598928 }, "geometry": { "type": "Polygon", "coordinates": [ [ [ 72.89, 19.03 ], [ 72.89, 19.04 ], [ 72.88, 19.04 ], [ 72.88, 19.03 ], [ 72.89, 19.03 ] ] ] } },
{ "type": "Feature", "properties": { "cell_id": "r14_c12", "mean_ndvi": 0.22563121136590158 }, "geometry": { "type": "Polygon", "coordinates": [ [ [ 72.9, 19.03 ], [ 72.9, 19.04 ], [ 72.89, 19.04 ], [ 72.89, 19.03 ], [ 72.9, 19.03 ] ] ] } },
{ "type": "Feature", "properties": { "cell_id": "r14_c13", "mean_ndvi": 0.22886151236480184 }, "geometry": { "type": "Polygon", "coordinates": [ [ [ 72.91, 19.03 ], [ 72.91, 19.04 ], [ 72.9, 19.04 ], [ 72.9, 19.03 ], [ 72.91, 19.03 ] ] ] } },
{ "type": "Feature", "properties": { "cell_id": "r14_c14", "mean_ndvi": 0.2321750967380545 }, "geometry": { "type": "Polygon", "coordinates": [ [ [ 72.92, 19.03 ], [ 72.92, 19.04 ], [ 72.91, 19.04 ], [ 72.91, 19.03 ], [ 72.92, 19.03 ] ] ] } },
{ "type": "Feature", "properties": { "cell_id": "r14_c15", "mean_ndvi": 0.22633436242032703 }, "geometry": { "type": "Polygon", "coordinates": [ [ [ 72.93, 19.03 ], [ 72.93, 19.04 ], [ 72.92, 19.04 ], [ 72.92, 19.03 ], [ 72.93, 19.03 ] ] ] } },
{ "type": "Feature", "properties": { "cell_id": "r14_c16", "mean_ndvi": 0.22025221899538122 }, "geometry": { "type": "Polygon", "coordinates": [ [ [ 72.94, 19.03 ], [ 72.94, 19.04 ], [ 72.93, 19.04 ], [ 72.93, 19.03 ], [ 72.94, 19.03 ] ] ] } },
{ "type": "Feature", "properties": { "cell_id": "r14_c17", "mean_ndvi": 0.22237646971017372 }, "geometry": { "type": "Polygon", "coordinates": [ [ [ 72.95, 19.03 ], [ 72.95, 19.04 ], [ 72.94, 19.04 ], [ 72.94, 19.03 ], [ 72.95, 19.03 ] ] ] } },
{ "type": "Feature", "properties": { "cell_id": "r14_c18", "mean_ndvi": 0.17423456272702686 }, "geometry": { "type": "Polygon", "coordinates": [ [ [ 72.96, 19.03 ], [ 72.96, 19.04 ], [ 72.95, 19.04 ], [ 72.95, 19.03 ], [ 72.96, 19.03 ] ] ] } },
{ "type": "Feature", "properties": { "cell_id": "r14_c19", "mean_ndvi": -0.067227456590342918 }, "geometry": { "type": "Polygon", "coordinates": [ [ [ 72.97, 19.03 ], [ 72.97, 19.04 ], [ 72.96, 19.04 ], [ 72.96, 19.03 ], [ 72.97, 19.03 ] ] ] } },
{ "type": "Feature", "properties": { "cell_id": "r14_c20", "mean_ndvi": -0.12324040115818555 }, "geometry": { "type": "Polygon", "coordinates": [ [ [ 72.980000000000103, 19.03 ], [ 72.980000000000103, 19.04 ], [ 72.97, 19.04 ], [ 72.97, 19.03 ], [ 72.980000000000103, 19.03 ] ] ] } },
{ "type": "Feature", "properties": { "cell_id": "r14_c21", "mean_ndvi": -0.13907548834344713 }, "geometry": { "type": "Polygon", "coordinates": [ [ [ 72.99, 19.03 ], [ 72.99, 19.04 ], [ 72.980000000000103, 19.04 ], [ 72.980000000000103, 19.03 ], [ 72.99, 19.03 ] ] ] } },
{ "type": "Feature", "properties": { "cell_id": "r15_c0", "mean_ndvi": -0.15136857279095076 }, "geometry": { "type": "Polygon", "coordinates": [ [ [ 72.78, 19.04 ], [ 72.78, 19.05 ], [ 72.77, 19.05 ], [ 72.77, 19.04 ], [ 72.78, 19.04 ] ] ] } },
{ "type": "Feature", "properties": { "cell_id": "r15_c1", "mean_ndvi": -0.15437279683914903 }, "geometry": { "type": "Polygon", "coordinates": [ [ [ 72.79, 19.04 ], [ 72.79, 19.05 ], [ 72.78, 19.05 ], [ 72.78, 19.04 ], [ 72.79, 19.04 ] ] ] } },
{ "type": "Feature", "properties": { "cell_id": "r15_c2", "mean_ndvi": -0.16089433876527773 }, "geometry": { "type": "Polygon", "coordinates": [ [ [ 72.8, 19.04 ], [ 72.8, 19.05 ], [ 72.79, 19.05 ], [ 72.79, 19.04 ], [ 72.8, 19.04 ] ] ] } },
{ "type": "Feature", "properties": { "cell_id": "r15_c3", "mean_ndvi": -0.15402368049797471 }, "geometry": { "type": "Polygon", "coordinates": [ [ [ 72.81, 19.04 ], [ 72.81, 19.05 ], [ 72.8, 19.05 ], [ 72.8, 19.04 ], [ 72.81, 19.04 ] ] ] } },
{ "type": "Feature", "properties": { "cell_id": "r15_c4", "mean_ndvi": -0.1163346423146211 }, "geometry": { "type": "Polygon", "coordinates": [ [ [ 72.82, 19.04 ], [ 72.82, 19.05 ], [ 72.81, 19.05 ], [ 72.81, 19.04 ], [ 72.82, 19.04 ] ] ] } },
{ "type": "Feature", "properties": { "cell_id": "r15_c5", "mean_ndvi": 0.075939886296616355 }, "geometry": { "type": "Polygon", "coordinates": [ [ [ 72.83, 19.04 ], [ 72.83, 19.05 ], [ 72.82, 19.05 ], [ 72.82, 19.04 ], [ 72.83, 19.04 ] ] ] } },
{ "type": "Feature", "properties": { "cell_id": "r15_c6", "mean_ndvi": -0.034063249282665402 }, "geometry": { "type": "Polygon", "coordinates": [ [ [ 72.84, 19.04 ], [ 72.84, 19.05 ], [ 72.83, 19.05 ], [ 72.83, 19.04 ], [ 72.84, 19.04 ] ] ] } },
{ "type": "Feature", "properties": { "cell_id": "r15_c7", "mean_ndvi": 0.18958038441718725 }, "geometry": { "type": "Polygon", "coordinates": [ [ [ 72.85, 19.04 ], [ 72.85, 19.05 ], [ 72.84, 19.05 ], [ 72.84, 19.04 ], [ 72.85, 19.04 ] ] ] } },
{ "type": "Feature", "properties": { "cell_id": "r15_c8", "mean_ndvi": 0.11030096002461245 }, "geometry": { "type": "Polygon", "coordinates": [ [ [ 72.86, 19.04 ], [ 72.86, 19.05 ], [ 72.85, 19.05 ], [ 72.85, 19.04 ], [ 72.86, 19.04 ] ] ] } },
{ "type": "Feature", "properties": { "cell_id": "r15_c9", "mean_ndvi": 0.16252938162542843 }, "geometry": { "type": "Polygon", "coordinates": [ [ [ 72.87, 19.04 ], [ 72.87, 19.05 ], [ 72.86, 19.05 ], [ 72.86, 19.04 ], [ 72.87, 19.04 ] ] ] } },
{ "type": "Feature", "properties": { "cell_id": "r15_c10", "mean_ndvi": 0.14034730999287157 }, "geometry": { "type": "Polygon", "coordinates": [ [ [ 72.88, 19.04 ], [ 72.88, 19.05 ], [ 72.87, 19.05 ], [ 72.87, 19.04 ], [ 72.88, 19.04 ] ] ] } },
{ "type": "Feature", "properties": { "cell_id": "r15_c11", "mean_ndvi": 0.18936186100753016 }, "geometry": { "type": "Polygon", "coordinates": [ [ [ 72.89, 19.04 ], [ 72.89, 19.05 ], [ 72.88, 19.05 ], [ 72.88, 19.04 ], [ 72.89, 19.04 ] ] ] } },
{ "type": "Feature", "properties": { "cell_id": "r15_c12", "mean_ndvi": 0.21314201138823854 }, "geometry": { "type": "Polygon", "coordinates": [ [ [ 72.9, 19.04 ], [ 72.9, 19.05 ], [ 72.89, 19.05 ], [ 72.89, 19.04 ], [ 72.9, 19.04 ] ] ] } },
{ "type": "Feature", "properties": { "cell_id": "r15_c13", "mean_ndvi": 0.26164369302506696 }, "geometry": { "type": "Polygon", "coordinates": [ [ [ 72.91, 19.04 ], [ 72.91, 19.05 ], [ 72.9, 19.05 ], [ 72.9, 19.04 ], [ 72.91, 19.04 ] ] ] } },
{ "type": "Feature", "properties": { "cell_id": "r15_c14", "mean_ndvi": 0.18938987516785677 }, "geometry": { "type": "Polygon", "coordinates": [ [ [ 72.92, 19.04 ], [ 72.92, 19.05 ], [ 72.91, 19.05 ], [ 72.91, 19.04 ], [ 72.92, 19.04 ] ] ] } },
{ "type": "Feature", "properties": { "cell_id": "r15_c15", "mean_ndvi": 0.21444545050082967 }, "geometry": { "type": "Polygon", "coordinates": [ [ [ 72.93, 19.04 ], [ 72.93, 19.05 ], [ 72.92, 19.05 ], [ 72.92, 19.04 ], [ 72.93, 19.04 ] ] ] } },
{ "type": "Feature", "properties": { "cell_id": "r15_c16", "mean_ndvi": 0.25658324461390819 }, "geometry": { "type": "Polygon", "coordinates": [ [ [ 72.94, 19.04 ], [ 72.94, 19.05 ], [ 72.93, 19.05 ], [ 72.93, 19.04 ], [ 72.94, 19.04 ] ] ] } },
{ "type": "Feature", "properties": { "cell_id": "r15_c17", "mean_ndvi": 0.19358645184142886 }, "geometry": { "type": "Polygon", "coordinates": [ [ [ 72.95, 19.04 ], [ 72.95, 19.05 ], [ 72.94, 19.05 ], [ 72.94, 19.04 ], [ 72.95, 19.04 ] ] ] } },
{ "type": "Feature", "properties": { "cell_id": "r15_c18", "mean_ndvi": 0.19646103691718966 }, "geometry": { "type": "Polygon", "coordinates": [ [ [ 72.96, 19.04 ], [ 72.96, 19.05 ], [ 72.95, 19.05 ], [ 72.95, 19.04 ], [ 72.96, 19.04 ] ] ] } },
{ "type": "Feature", "properties": { "cell_id": "r15_c19", "mean_ndvi": -0.0043974802758142573 }, "geometry": { "type": "Polygon", "coordinates": [ [ [ 72.97, 19.04 ], [ 72.97, 19.05 ], [ 72.96, 19.05 ], [ 72.96, 19.04 ], [ 72.97, 19.04 ] ] ] } },
{ "type": "Feature", "properties": { "cell_id": "r15_c20", "mean_ndvi": -0.11320406285951397 }, "geometry": { "type": "Polygon", "coordinates": [ [ [ 72.980000000000103, 19.04 ], [ 72.980000000000103, 19.05 ], [ 72.97, 19.05 ], [ 72.97, 19.04 ], [ 72.980000000000103, 19.04 ] ] ] } },
{ "type": "Feature", "properties": { "cell_id": "r15_c21", "mean_ndvi": -0.11295027131181636 }, "geometry": { "type": "Polygon", "coordinates": [ [ [ 72.99, 19.04 ], [ 72.99, 19.05 ], [ 72.980000000000103, 19.05 ], [ 72.980000000000103, 19.04 ], [ 72.99, 19.04 ] ] ] } },
{ "type": "Feature", "properties": { "cell_id": "r16_c0", "mean_ndvi": -0.15324044106642642 }, "geometry": { "type": "Polygon", "coordinates": [ [ [ 72.78, 19.05 ], [ 72.78, 19.06 ], [ 72.77, 19.06 ], [ 72.77, 19.05 ], [ 72.78, 19.05 ] ] ] } },
{ "type": "Feature", "properties": { "cell_id": "r16_c1", "mean_ndvi": -0.15661665409311923 }, "geometry": { "type": "Polygon", "coordinates": [ [ [ 72.79, 19.05 ], [ 72.79, 19.06 ], [ 72.78, 19.06 ], [ 72.78, 19.05 ], [ 72.79, 19.05 ] ] ] } },
{ "type": "Feature", "properties": { "cell_id": "r16_c2", "mean_ndvi": -0.16670223642208873 }, "geometry": { "type": "Polygon", "coordinates": [ [ [ 72.8, 19.05 ], [ 72.8, 19.06 ], [ 72.79, 19.06 ], [ 72.79, 19.05 ], [ 72.8, 19.05 ] ] ] } },
{ "type": "Feature", "properties": { "cell_id": "r16_c3", "mean_ndvi": -0.16298828059315934 }, "geometry": { "type": "Polygon", "coordinates": [ [ [ 72.81, 19.05 ], [ 72.81, 19.06 ], [ 72.8, 19.06 ], [ 72.8, 19.05 ], [ 72.81, 19.05 ] ] ] } },
{ "type": "Feature", "properties": { "cell_id": "r16_c4", "mean_ndvi": -0.15453737627758027 }, "geometry": { "type": "Polygon", "coordinates": [ [ [ 72.82, 19.05 ], [ 72.82, 19.06 ], [ 72.81, 19.06 ], [ 72.81, 19.05 ], [ 72.82, 19.05 ] ] ] } },
{ "type": "Feature", "properties": { "cell_id": "r16_c5", "mean_ndvi": 0.13227007028855409 }, "geometry": { "type": "Polygon", "coordinates": [ [ [ 72.83, 19.05 ], [ 72.83, 19.06 ], [ 72.82, 19.06 ], [ 72.82, 19.05 ], [ 72.83, 19.05 ] ] ] } },
{ "type": "Feature", "properties": { "cell_id": "r16_c6", "mean_ndvi": 0.13417879391259227 }, "geometry": { "type": "Polygon", "coordinates": [ [ [ 72.84, 19.05 ], [ 72.84, 19.06 ], [ 72.83, 19.06 ], [ 72.83, 19.05 ], [ 72.84, 19.05 ] ] ] } },
{ "type": "Feature", "properties": { "cell_id": "r16_c7", "mean_ndvi": 0.14253747934878253 }, "geometry": { "type": "Polygon", "coordinates": [ [ [ 72.85, 19.05 ], [ 72.85, 19.06 ], [ 72.84, 19.06 ], [ 72.84, 19.05 ], [ 72.85, 19.05 ] ] ] } },
{ "type": "Feature", "properties": { "cell_id": "r16_c8", "mean_ndvi": 0.19736465639684334 }, "geometry": { "type": "Polygon", "coordinates": [ [ [ 72.86, 19.05 ], [ 72.86, 19.06 ], [ 72.85, 19.06 ], [ 72.85, 19.05 ], [ 72.86, 19.05 ] ] ] } },
{ "type": "Feature", "properties": { "cell_id": "r16_c9", "mean_ndvi": 0.12722739653640217 }, "geometry": { "type": "Polygon", "coordinates": [ [ [ 72.87, 19.05 ], [ 72.87, 19.06 ], [ 72.86, 19.06 ], [ 72.86, 19.05 ], [ 72.87, 19.05 ] ] ] } },
{ "type": "Feature", "properties": { "cell_id": "r16_c10", "mean_ndvi": 0.18727129972644765 }, "geometry": { "type": "Polygon", "coordinates": [ [ [ 72.88, 19.05 ], [ 72.88, 19.06 ], [ 72.87, 19.06 ], [ 72.87, 19.05 ], [ 72.88, 19.05 ] ] ] } },
{ "type": "Feature", "properties": { "cell_id": "r16_c11", "mean_ndvi": 0.16937589015427806 }, "geometry": { "type": "Polygon", "coordinates": [ [ [ 72.89, 19.05 ], [ 72.89, 19.06 ], [ 72.88, 19.06 ], [ 72.88, 19.05 ], [ 72.89, 19.05 ] ] ] } },
{ "type": "Feature", "properties": { "cell_id": "r16_c12", "mean_ndvi": 0.17926083846563101 }, "geometry": { "type": "Polygon", "coordinates": [ [ [ 72.9, 19.05 ], [ 72.9, 19.06 ], [ 72.89, 19.06 ], [ 72.89, 19.05 ], [ 72.9, 19.05 ] ] ] } },
{ "type": "Feature", "properties": { "cell_id": "r16_c13", "mean_ndvi": 0.16667959967248744 }, "geometry": { "type": "Polygon", "coordinates": [ [ [ 72.91, 19.05 ], [ 72.91, 19.06 ], [ 72.9, 19.06 ], [ 72.9, 19.05 ], [ 72.91, 19.05 ] ] ] } },
{ "type": "Feature", "properties": { "cell_id": "r16_c14", "mean_ndvi": 0.12410942992518278 }, "geometry": { "type": "Polygon", "coordinates": [ [ [ 72.92, 19.05 ], [ 72.92, 19.06 ], [ 72.91, 19.06 ], [ 72.91, 19.05 ], [ 72.92, 19.05 ] ] ] } },
{ "type": "Feature", "properties": { "cell_id": "r16_c15", "mean_ndvi": 0.084695391360527048 }, "geometry": { "type": "Polygon", "coordinates": [ [ [ 72.93, 19.05 ], [ 72.93, 19.06 ], [ 72.92, 19.06 ], [ 72.92, 19.05 ], [ 72.93, 19.05 ] ] ] } },
{ "type": "Feature", "properties": { "cell_id": "r16_c16", "mean_ndvi": 0.068134268787302027 }, "geometry": { "type": "Polygon", "coordinates": [ [ [ 72.94, 19.05 ], [ 72.94, 19.06 ], [ 72.93, 19.06 ], [ 72.93, 19.05 ], [ 72.94, 19.05 ] ] ] } },
{ "type": "Feature", "properties": { "cell_id": "r16_c17", "mean_ndvi": 0.1912605617526921 }, "geometry": { "type": "Polygon", "coordinates": [ [ [ 72.95, 19.05 ], [ 72.95, 19.06 ], [ 72.94, 19.06 ], [ 72.94, 19.05 ], [ 72.95, 19.05 ] ] ] } },
{ "type": "Feature", "properties": { "cell_id": "r16_c18", "mean_ndvi": 0.15093804887773649 }, "geometry": { "type": "Polygon", "coordinates": [ [ [ 72.96, 19.05 ], [ 72.96, 19.06 ], [ 72.95, 19.06 ], [ 72.95, 19.05 ], [ 72.96, 19.05 ] ] ] } },
{ "type": "Feature", "properties": { "cell_id": "r16_c19", "mean_ndvi": -0.035767786482243012 }, "geometry": { "type": "Polygon", "coordinates": [ [ [ 72.97, 19.05 ], [ 72.97, 19.06 ], [ 72.96, 19.06 ], [ 72.96, 19.05 ], [ 72.97, 19.05 ] ] ] } },
{ "type": "Feature", "properties": { "cell_id": "r16_c20", "mean_ndvi": -0.11598008812514571 }, "geometry": { "type": "Polygon", "coordinates": [ [ [ 72.980000000000103, 19.05 ], [ 72.980000000000103, 19.06 ], [ 72.97, 19.06 ], [ 72.97, 19.05 ], [ 72.980000000000103, 19.05 ] ] ] } },
{ "type": "Feature", "properties": { "cell_id": "r16_c21", "mean_ndvi": -0.073675155075854343 }, "geometry": { "type": "Polygon", "coordinates": [ [ [ 72.99, 19.05 ], [ 72.99, 19.06 ], [ 72.980000000000103, 19.06 ], [ 72.980000000000103, 19.05 ], [ 72.99, 19.05 ] ] ] } },
{ "type": "Feature", "properties": { "cell_id": "r17_c0", "mean_ndvi": -0.163399787672591 }, "geometry": { "type": "Polygon", "coordinates": [ [ [ 72.78, 19.06 ], [ 72.78, 19.07 ], [ 72.77, 19.07 ], [ 72.77, 19.06 ], [ 72.78, 19.06 ] ] ] } },
{ "type": "Feature", "properties": { "cell_id": "r17_c1", "mean_ndvi": -0.15871966633854828 }, "geometry": { "type": "Polygon", "coordinates": [ [ [ 72.79, 19.06 ], [ 72.79, 19.07 ], [ 72.78, 19.07 ], [ 72.78, 19.06 ], [ 72.79, 19.06 ] ] ] } },
{ "type": "Feature", "properties": { "cell_id": "r17_c2", "mean_ndvi": -0.16434104195467042 }, "geometry": { "type": "Polygon", "coordinates": [ [ [ 72.8, 19.06 ], [ 72.8, 19.07 ], [ 72.79, 19.07 ], [ 72.79, 19.06 ], [ 72.8, 19.06 ] ] ] } },
{ "type": "Feature", "properties": { "cell_id": "r17_c3", "mean_ndvi": -0.16911483865871654 }, "geometry": { "type": "Polygon", "coordinates": [ [ [ 72.81, 19.06 ], [ 72.81, 19.07 ], [ 72.8, 19.07 ], [ 72.8, 19.06 ], [ 72.81, 19.06 ] ] ] } },
{ "type": "Feature", "properties": { "cell_id": "r17_c4", "mean_ndvi": -0.14694097355512067 }, "geometry": { "type": "Polygon", "coordinates": [ [ [ 72.82, 19.06 ], [ 72.82, 19.07 ], [ 72.81, 19.07 ], [ 72.81, 19.06 ], [ 72.82, 19.06 ] ] ] } },
{ "type": "Feature", "properties": { "cell_id": "r17_c5", "mean_ndvi": 0.1722643447562805 }, "geometry": { "type": "Polygon", "coordinates": [ [ [ 72.83, 19.06 ], [ 72.83, 19.07 ], [ 72.82, 19.07 ], [ 72.82, 19.06 ], [ 72.83, 19.06 ] ] ] } },
{ "type": "Feature", "properties": { "cell_id": "r17_c6", "mean_ndvi": 0.14925739497631788 }, "geometry": { "type": "Polygon", "coordinates": [ [ [ 72.84, 19.06 ], [ 72.84, 19.07 ], [ 72.83, 19.07 ], [ 72.83, 19.06 ], [ 72.84, 19.06 ] ] ] } },
{ "type": "Feature", "properties": { "cell_id": "r17_c7", "mean_ndvi": 0.15594753797060656 }, "geometry": { "type": "Polygon", "coordinates": [ [ [ 72.85, 19.06 ], [ 72.85, 19.07 ], [ 72.84, 19.07 ], [ 72.84, 19.06 ], [ 72.85, 19.06 ] ] ] } },
{ "type": "Feature", "properties": { "cell_id": "r17_c8", "mean_ndvi": 0.15216441624418939 }, "geometry": { "type": "Polygon", "coordinates": [ [ [ 72.86, 19.06 ], [ 72.86, 19.07 ], [ 72.85, 19.07 ], [ 72.85, 19.06 ], [ 72.86, 19.06 ] ] ] } },
{ "type": "Feature", "properties": { "cell_id": "r17_c9", "mean_ndvi": 0.10142192263670989 }, "geometry": { "type": "Polygon", "coordinates": [ [ [ 72.87, 19.06 ], [ 72.87, 19.07 ], [ 72.86, 19.07 ], [ 72.86, 19.06 ], [ 72.87, 19.06 ] ] ] } },
{ "type": "Feature", "properties": { "cell_id": "r17_c10", "mean_ndvi": 0.10259927162185786 }, "geometry": { "type": "Polygon", "coordinates": [ [ [ 72.88, 19.06 ], [ 72.88, 19.07 ], [ 72.87, 19.07 ], [ 72.87, 19.06 ], [ 72.88, 19.06 ] ] ] } },
{ "type": "Feature", "properties": { "cell_id": "r17_c11", "mean_ndvi": 0.15631061590791212 }, "geometry": { "type": "Polygon", "coordinates": [ [ [ 72.89, 19.06 ], [ 72.89, 19.07 ], [ 72.88, 19.07 ], [ 72.88, 19.06 ], [ 72.89, 19.06 ] ] ] } },
{ "type": "Feature", "properties": { "cell_id": "r17_c12", "mean_ndvi": 0.13845612858309411 }, "geometry": { "type": "Polygon", "coordinates": [ [ [ 72.9, 19.06 ], [ 72.9, 19.07 ], [ 72.89, 19.07 ], [ 72.89, 19.06 ], [ 72.9, 19.06 ] ] ] } },
{ "type": "Feature", "properties": { "cell_id": "r17_c13", "mean_ndvi": 0.20615835356157861 }, "geometry": { "type": "Polygon", "coordinates": [ [ [ 72.91, 19.06 ], [ 72.91, 19.07 ], [ 72.9, 19.07 ], [ 72.9, 19.06 ], [ 72.91, 19.06 ] ] ] } },
{ "type": "Feature", "properties": { "cell_id": "r17_c14", "mean_ndvi": 0.13716995507498758 }, "geometry": { "type": "Polygon", "coordinates": [ [ [ 72.92, 19.06 ], [ 72.92, 19.07 ], [ 72.91, 19.07 ], [ 72.91, 19.06 ], [ 72.92, 19.06 ] ] ] } },
{ "type": "Feature", "properties": { "cell_id": "r17_c15", "mean_ndvi": 0.059590188932600992 }, "geometry": { "type": "Polygon", "coordinates": [ [ [ 72.93, 19.06 ], [ 72.93, 19.07 ], [ 72.92, 19.07 ], [ 72.92, 19.06 ], [ 72.93, 19.06 ] ] ] } },
{ "type": "Feature", "properties": { "cell_id": "r17_c16", "mean_ndvi": 0.11927645276593861 }, "geometry": { "type": "Polygon", "coordinates": [ [ [ 72.94, 19.06 ], [ 72.94, 19.07 ], [ 72.93, 19.07 ], [ 72.93, 19.06 ], [ 72.94, 19.06 ] ] ] } },
{ "type": "Feature", "properties": { "cell_id": "r17_c17", "mean_ndvi": 0.19492884699967403 }, "geometry": { "type": "Polygon", "coordinates": [ [ [ 72.95, 19.06 ], [ 72.95, 19.07 ], [ 72.94, 19.07 ], [ 72.94, 19.06 ], [ 72.95, 19.06 ] ] ] } },
{ "type": "Feature", "properties": { "cell_id": "r17_c18", "mean_ndvi": 0.26254985077291498 }, "geometry": { "type": "Polygon", "coordinates": [ [ [ 72.96, 19.06 ], [ 72.96, 19.07 ], [ 72.95, 19.07 ], [ 72.95, 19.06 ], [ 72.96, 19.06 ] ] ] } },
{ "type": "Feature", "properties": { "cell_id": "r17_c19", "mean_ndvi": -0.056051715579994742 }, "geometry": { "type": "Polygon", "coordinates": [ [ [ 72.97, 19.06 ], [ 72.97, 19.07 ], [ 72.96, 19.07 ], [ 72.96, 19.06 ], [ 72.97, 19.06 ] ] ] } },
{ "type": "Feature", "properties": { "cell_id": "r17_c20", "mean_ndvi": -0.082404478313785848 }, "geometry": { "type": "Polygon", "coordinates": [ [ [ 72.980000000000103, 19.06 ], [ 72.980000000000103, 19.07 ], [ 72.97, 19.07 ], [ 72.97, 19.06 ], [ 72.980000000000103, 19.06 ] ] ] } },
{ "type": "Feature", "properties": { "cell_id": "r17_c21", "mean_ndvi": 0.20508263001102248 }, "geometry": { "type": "Polygon", "coordinates": [ [ [ 72.99, 19.06 ], [ 72.99, 19.07 ], [ 72.980000000000103, 19.07 ], [ 72.980000000000103, 19.06 ], [ 72.99, 19.06 ] ] ] } },
{ "type": "Feature", "properties": { "cell_id": "r18_c0", "mean_ndvi": -0.16252889489059014 }, "geometry": { "type": "Polygon", "coordinates": [ [ [ 72.78, 19.07 ], [ 72.78, 19.08 ], [ 72.77, 19.08 ], [ 72.77, 19.07 ], [ 72.78, 19.07 ] ] ] } },
{ "type": "Feature", "properties": { "cell_id": "r18_c1", "mean_ndvi": -0.15957341231656558 }, "geometry": { "type": "Polygon", "coordinates": [ [ [ 72.79, 19.07 ], [ 72.79, 19.08 ], [ 72.78, 19.08 ], [ 72.78, 19.07 ], [ 72.79, 19.07 ] ] ] } },
{ "type": "Feature", "properties": { "cell_id": "r18_c2", "mean_ndvi": -0.16372151608590663 }, "geometry": { "type": "Polygon", "coordinates": [ [ [ 72.8, 19.07 ], [ 72.8, 19.08 ], [ 72.79, 19.08 ], [ 72.79, 19.07 ], [ 72.8, 19.07 ] ] ] } },
{ "type": "Feature", "properties": { "cell_id": "r18_c3", "mean_ndvi": -0.16711752825810058 }, "geometry": { "type": "Polygon", "coordinates": [ [ [ 72.81, 19.07 ], [ 72.81, 19.08 ], [ 72.8, 19.08 ], [ 72.8, 19.07 ], [ 72.81, 19.07 ] ] ] } },
{ "type": "Feature", "properties": { "cell_id": "r18_c4", "mean_ndvi": -0.14948094109550378 }, "geometry": { "type": "Polygon", "coordinates": [ [ [ 72.82, 19.07 ], [ 72.82, 19.08 ], [ 72.81, 19.08 ], [ 72.81, 19.07 ], [ 72.82, 19.07 ] ] ] } },
{ "type": "Feature", "properties": { "cell_id": "r18_c5", "mean_ndvi": 0.096720051841461166 }, "geometry": { "type": "Polygon", "coordinates": [ [ [ 72.83, 19.07 ], [ 72.83, 19.08 ], [ 72.82, 19.08 ], [ 72.82, 19.07 ], [ 72.83, 19.07 ] ] ] } },
{ "type": "Feature", "properties": { "cell_id": "r18_c6", "mean_ndvi": 0.17974668507266037 }, "geometry": { "type": "Polygon", "coordinates": [ [ [ 72.84, 19.07 ], [ 72.84, 19.08 ], [ 72.83, 19.08 ], [ 72.83, 19.07 ], [ 72.84, 19.07 ] ] ] } },
{ "type": "Feature", "properties": { "cell_id": "r18_c7", "mean_ndvi": 0.12370926100714147 }, "geometry": { "type": "Polygon", "coordinates": [ [ [ 72.85, 19.07 ], [ 72.85, 19.08 ], [ 72.84, 19.08 ], [ 72.84, 19.07 ], [ 72.85, 19.07 ] ] ] } },
{ "type": "Feature", "properties": { "cell_id": "r18_c8", "mean_ndvi": 0.19857078908300863 }, "geometry": { "type": "Polygon", "coordinates": [ [ [ 72.86, 19.07 ], [ 72.86, 19.08 ], [ 72.85, 19.08 ], [ 72.85, 19.07 ], [ 72.86, 19.07 ] ] ] } },
{ "type": "Feature", "properties": { "cell_id": "r18_c9", "mean_ndvi": 0.16410258613753587 }, "geometry": { "type": "Polygon", "coordinates": [ [ [ 72.87, 19.07 ], [ 72.87, 19.08 ], [ 72.86, 19.08 ], [ 72.86, 19.07 ], [ 72.87, 19.07 ] ] ] } },
{ "type": "Feature", "properties": { "cell_id": "r18_c10", "mean_ndvi": 0.082906522015006756 }, "geometry": { "type": "Polygon", "coordinates": [ [ [ 72.88, 19.07 ], [ 72.88, 19.08 ], [ 72.87, 19.08 ], [ 72.87, 19.07 ], [ 72.88, 19.07 ] ] ] } },
{ "type": "Feature", "properties": { "cell_id": "r18_c11", "mean_ndvi": 0.11998263411583659 }, "geometry": { "type": "Polygon", "coordinates": [ [ [ 72.89, 19.07 ], [ 72.89, 19.08 ], [ 72.88, 19.08 ], [ 72.88, 19.07 ], [ 72.89, 19.07 ] ] ] } },
{ "type": "Feature", "properties": { "cell_id": "r18_c12", "mean_ndvi": 0.19525694221832185 }, "geometry": { "type": "Polygon", "coordinates": [ [ [ 72.9, 19.07 ], [ 72.9, 19.08 ], [ 72.89, 19.08 ], [ 72.89, 19.07 ], [ 72.9, 19.07 ] ] ] } },
{ "type": "Feature", "properties": { "cell_id": "r18_c13", "mean_ndvi": 0.18887420031561894 }, "geometry": { "type": "Polygon", "coordinates": [ [ [ 72.91, 19.07 ], [ 72.91, 19.08 ], [ 72.9, 19.08 ], [ 72.9, 19.07 ], [ 72.91, 19.07 ] ] ] } },
{ "type": "Feature", "properties": { "cell_id": "r18_c14", "mean_ndvi": 0.15681347642318919 }, "geometry": { "type": "Polygon", "coordinates": [ [ [ 72.92, 19.07 ], [ 72.92, 19.08 ], [ 72.91, 19.08 ], [ 72.91, 19.07 ], [ 72.92, 19.07 ] ] ] } },
{ "type": "Feature", "properties": { "cell_id": "r18_c15", "mean_ndvi": 0.18474064481165356 }, "geometry": { "type": "Polygon", "coordinates": [ [ [ 72.93, 19.07 ], [ 72.93, 19.08 ], [ 72.92, 19.08 ], [ 72.92, 19.07 ], [ 72.93, 19.07 ] ] ] } },
{ "type": "Feature", "properties": { "cell_id": "r18_c16", "mean_ndvi": 0.20656605059049032 }, "geometry": { "type": "Polygon", "coordinates": [ [ [ 72.94, 19.07 ], [ 72.94, 19.08 ], [ 72.93, 19.08 ], [ 72.93, 19.07 ], [ 72.94, 19.07 ] ] ] } },
{ "type": "Feature", "properties": { "cell_id": "r18_c17", "mean_ndvi": 0.27654192605340455 }, "geometry": { "type": "Polygon", "coordinates": [ [ [ 72.95, 19.07 ], [ 72.95, 19.08 ], [ 72.94, 19.08 ], [ 72.94, 19.07 ], [ 72.95, 19.07 ] ] ] } },
{ "type": "Feature", "properties": { "cell_id": "r18_c18", "mean_ndvi": 0.32493851212578284 }, "geometry": { "type": "Polygon", "coordinates": [ [ [ 72.96, 19.07 ], [ 72.96, 19.08 ], [ 72.95, 19.08 ], [ 72.95, 19.07 ], [ 72.96, 19.07 ] ] ] } },
{ "type": "Feature", "properties": { "cell_id": "r18_c19", "mean_ndvi": -0.091742950483373012 }, "geometry": { "type": "Polygon", "coordinates": [ [ [ 72.97, 19.07 ], [ 72.97, 19.08 ], [ 72.96, 19.08 ], [ 72.96, 19.07 ], [ 72.97, 19.07 ] ] ] } },
{ "type": "Feature", "properties": { "cell_id": "r18_c20", "mean_ndvi": -0.11237158905293565 }, "geometry": { "type": "Polygon", "coordinates": [ [ [ 72.980000000000103, 19.07 ], [ 72.980000000000103, 19.08 ], [ 72.97, 19.08 ], [ 72.97, 19.07 ], [ 72.980000000000103, 19.07 ] ] ] } },
{ "type": "Feature", "properties": { "cell_id": "r18_c21", "mean_ndvi": 0.16858605755565734 }, "geometry": { "type": "Polygon", "coordinates": [ [ [ 72.99, 19.07 ], [ 72.99, 19.08 ], [ 72.980000000000103, 19.08 ], [ 72.980000000000103, 19.07 ], [ 72.99, 19.07 ] ] ] } },
{ "type": "Feature", "properties": { "cell_id": "r19_c0", "mean_ndvi": -0.16294334564079027 }, "geometry": { "type": "Polygon", "coordinates": [ [ [ 72.78, 19.08 ], [ 72.78, 19.09 ], [ 72.77, 19.09 ], [ 72.77, 19.08 ], [ 72.78, 19.08 ] ] ] } },
{ "type": "Feature", "properties": { "cell_id": "r19_c1", "mean_ndvi": -0.16504106469730057 }, "geometry": { "type": "Polygon", "coordinates": [ [ [ 72.79, 19.08 ], [ 72.79, 19.09 ], [ 72.78, 19.09 ], [ 72.78, 19.08 ], [ 72.79, 19.08 ] ] ] } },
{ "type": "Feature", "properties": { "cell_id": "r19_c2", "mean_ndvi": -0.16658305816767582 }, "geometry": { "type": "Polygon", "coordinates": [ [ [ 72.8, 19.08 ], [ 72.8, 19.09 ], [ 72.79, 19.09 ], [ 72.79, 19.08 ], [ 72.8, 19.08 ] ] ] } },
{ "type": "Feature", "properties": { "cell_id": "r19_c3", "mean_ndvi": -0.16345948657587978 }, "geometry": { "type": "Polygon", "coordinates": [ [ [ 72.81, 19.08 ], [ 72.81, 19.09 ], [ 72.8, 19.09 ], [ 72.8, 19.08 ], [ 72.81, 19.08 ] ] ] } },
{ "type": "Feature", "properties": { "cell_id": "r19_c4", "mean_ndvi": -0.15665582201671288 }, "geometry": { "type": "Polygon", "coordinates": [ [ [ 72.82, 19.08 ], [ 72.82, 19.09 ], [ 72.81, 19.09 ], [ 72.81, 19.08 ], [ 72.82, 19.08 ] ] ] } },
{ "type": "Feature", "properties": { "cell_id": "r19_c5", "mean_ndvi": 0.025924417544773991 }, "geometry": { "type": "Polygon", "coordinates": [ [ [ 72.83, 19.08 ], [ 72.83, 19.09 ], [ 72.82, 19.09 ], [ 72.82, 19.08 ], [ 72.83, 19.08 ] ] ] } },
{ "type": "Feature", "properties": { "cell_id": "r19_c6", "mean_ndvi": 0.18508447919845386 }, "geometry": { "type": "Polygon", "coordinates": [ [ [ 72.84, 19.08 ], [ 72.84, 19.09 ], [ 72.83, 19.09 ], [ 72.83, 19.08 ], [ 72.84, 19.08 ] ] ] } },
{ "type": "Feature", "properties": { "cell_id": "r19_c7", "mean_ndvi": 0.13264165429303845 }, "geometry": { "type": "Polygon", "coordinates": [ [ [ 72.85, 19.08 ], [ 72.85, 19.09 ], [ 72.84, 19.09 ], [ 72.84, 19.08 ], [ 72.85, 19.08 ] ] ] } },
{ "type": "Feature", "properties": { "cell_id": "r19_c8", "mean_ndvi": 0.12842625172414651 }, "geometry": { "type": "Polygon", "coordinates": [ [ [ 72.86, 19.08 ], [ 72.86, 19.09 ], [ 72.85, 19.09 ], [ 72.85, 19.08 ], [ 72.86, 19.08 ] ] ] } },
{ "type": "Feature", "properties": { "cell_id": "r19_c9", "mean_ndvi": 0.1396568327178212 }, "geometry": { "type": "Polygon", "coordinates": [ [ [ 72.87, 19.08 ], [ 72.87, 19.09 ], [ 72.86, 19.09 ], [ 72.86, 19.08 ], [ 72.87, 19.08 ] ] ] } },
{ "type": "Feature", "properties": { "cell_id": "r19_c10", "mean_ndvi": 0.090961227408297304 }, "geometry": { "type": "Polygon", "coordinates": [ [ [ 72.88, 19.08 ], [ 72.88, 19.09 ], [ 72.87, 19.09 ], [ 72.87, 19.08 ], [ 72.88, 19.08 ] ] ] } },
{ "type": "Feature", "properties": { "cell_id": "r19_c11", "mean_ndvi": 0.11341567257274769 }, "geometry": { "type": "Polygon", "coordinates": [ [ [ 72.89, 19.08 ], [ 72.89, 19.09 ], [ 72.88, 19.09 ], [ 72.88, 19.08 ], [ 72.89, 19.08 ] ] ] } },
{ "type": "Feature", "properties": { "cell_id": "r19_c12", "mean_ndvi": 0.19650970756647096 }, "geometry": { "type": "Polygon", "coordinates": [ [ [ 72.9, 19.08 ], [ 72.9, 19.09 ], [ 72.89, 19.09 ], [ 72.89, 19.08 ], [ 72.9, 19.08 ] ] ] } },
{ "type": "Feature", "properties": { "cell_id": "r19_c13", "mean_ndvi": 0.1611078039756374 }, "geometry": { "type": "Polygon", "coordinates": [ [ [ 72.91, 19.08 ], [ 72.91, 19.09 ], [ 72.9, 19.09 ], [ 72.9, 19.08 ], [ 72.91, 19.08 ] ] ] } },
{ "type": "Feature", "properties": { "cell_id": "r19_c14", "mean_ndvi": 0.16818486429745799 }, "geometry": { "type": "Polygon", "coordinates": [ [ [ 72.92, 19.08 ], [ 72.92, 19.09 ], [ 72.91, 19.09 ], [ 72.91, 19.08 ], [ 72.92, 19.08 ] ] ] } },
{ "type": "Feature", "properties": { "cell_id": "r19_c15", "mean_ndvi": 0.30150005067874885 }, "geometry": { "type": "Polygon", "coordinates": [ [ [ 72.93, 19.08 ], [ 72.93, 19.09 ], [ 72.92, 19.09 ], [ 72.92, 19.08 ], [ 72.93, 19.08 ] ] ] } },
{ "type": "Feature", "properties": { "cell_id": "r19_c16", "mean_ndvi": 0.25293944008822161 }, "geometry": { "type": "Polygon", "coordinates": [ [ [ 72.94, 19.08 ], [ 72.94, 19.09 ], [ 72.93, 19.09 ], [ 72.93, 19.08 ], [ 72.94, 19.08 ] ] ] } },
{ "type": "Feature", "properties": { "cell_id": "r19_c17", "mean_ndvi": 0.27875484519134741 }, "geometry": { "type": "Polygon", "coordinates": [ [ [ 72.95, 19.08 ], [ 72.95, 19.09 ], [ 72.94, 19.09 ], [ 72.94, 19.08 ], [ 72.95, 19.08 ] ] ] } },
{ "type": "Feature", "properties": { "cell_id": "r19_c18", "mean_ndvi": 0.33123311974147596 }, "geometry": { "type": "Polygon", "coordinates": [ [ [ 72.96, 19.08 ], [ 72.96, 19.09 ], [ 72.95, 19.09 ], [ 72.95, 19.08 ], [ 72.96, 19.08 ] ] ] } },
{ "type": "Feature", "properties": { "cell_id": "r19_c19", "mean_ndvi": -0.094053810372298985 }, "geometry": { "type": "Polygon", "coordinates": [ [ [ 72.97, 19.08 ], [ 72.97, 19.09 ], [ 72.96, 19.09 ], [ 72.96, 19.08 ], [ 72.97, 19.08 ] ] ] } },
{ "type": "Feature", "properties": { "cell_id": "r19_c20", "mean_ndvi": -0.099722694992434469 }, "geometry": { "type": "Polygon", "coordinates": [ [ [ 72.980000000000103, 19.08 ], [ 72.980000000000103, 19.09 ], [ 72.97, 19.09 ], [ 72.97, 19.08 ], [ 72.980000000000103, 19.08 ] ] ] } },
{ "type": "Feature", "properties": { "cell_id": "r19_c21", "mean_ndvi": 0.18036837807679029 }, "geometry": { "type": "Polygon", "coordinates": [ [ [ 72.99, 19.08 ], [ 72.99, 19.09 ], [ 72.980000000000103, 19.09 ], [ 72.980000000000103, 19.08 ], [ 72.99, 19.08 ] ] ] } },
{ "type": "Feature", "properties": { "cell_id": "r20_c0", "mean_ndvi": -0.16595460209498783 }, "geometry": { "type": "Polygon", "coordinates": [ [ [ 72.78, 19.09 ], [ 72.78, 19.1 ], [ 72.77, 19.1 ], [ 72.77, 19.09 ], [ 72.78, 19.09 ] ] ] } },
{ "type": "Feature", "properties": { "cell_id": "r20_c1", "mean_ndvi": -0.17209661908705531 }, "geometry": { "type": "Polygon", "coordinates": [ [ [ 72.79, 19.09 ], [ 72.79, 19.1 ], [ 72.78, 19.1 ], [ 72.78, 19.09 ], [ 72.79, 19.09 ] ] ] } },
{ "type": "Feature", "properties": { "cell_id": "r20_c2", "mean_ndvi": -0.17518212030651875 }, "geometry": { "type": "Polygon", "coordinates": [ [ [ 72.8, 19.09 ], [ 72.8, 19.1 ], [ 72.79, 19.1 ], [ 72.79, 19.09 ], [ 72.8, 19.09 ] ] ] } },
{ "type": "Feature", "properties": { "cell_id": "r20_c3", "mean_ndvi": -0.16790882566456611 }, "geometry": { "type": "Polygon", "coordinates": [ [ [ 72.81, 19.09 ], [ 72.81, 19.1 ], [ 72.8, 19.1 ], [ 72.8, 19.09 ], [ 72.81, 19.09 ] ] ] } },
{ "type": "Feature", "properties": { "cell_id": "r20_c4", "mean_ndvi": -0.15979934018722899 }, "geometry": { "type": "Polygon", "coordinates": [ [ [ 72.82, 19.09 ], [ 72.82, 19.1 ], [ 72.81, 19.1 ], [ 72.81, 19.09 ], [ 72.82, 19.09 ] ] ] } },
{ "type": "Feature", "properties": { "cell_id": "r20_c5", "mean_ndvi": -0.010640451844087569 }, "geometry": { "type": "Polygon", "coordinates": [ [ [ 72.83, 19.09 ], [ 72.83, 19.1 ], [ 72.82, 19.1 ], [ 72.82, 19.09 ], [ 72.83, 19.09 ] ] ] } },
{ "type": "Feature", "properties": { "cell_id": "r20_c6", "mean_ndvi": 0.20130200387222644 }, "geometry": { "type": "Polygon", "coordinates": [ [ [ 72.84, 19.09 ], [ 72.84, 19.1 ], [ 72.83, 19.1 ], [ 72.83, 19.09 ], [ 72.84, 19.09 ] ] ] } },
{ "type": "Feature", "properties": { "cell_id": "r20_c7", "mean_ndvi": 0.15911354988809043 }, "geometry": { "type": "Polygon", "coordinates": [ [ [ 72.85, 19.09 ], [ 72.85, 19.1 ], [ 72.84, 19.1 ], [ 72.84, 19.09 ], [ 72.85, 19.09 ] ] ] } },
{ "type": "Feature", "properties": { "cell_id": "r20_c8", "mean_ndvi": 0.079127076808734514 }, "geometry": { "type": "Polygon", "coordinates": [ [ [ 72.86, 19.09 ], [ 72.86, 19.1 ], [ 72.85, 19.1 ], [ 72.85, 19.09 ], [ 72.86, 19.09 ] ] ] } },
{ "type": "Feature", "properties": { "cell_id": "r20_c9", "mean_ndvi": 0.064197253819188407 }, "geometry": { "type": "Polygon", "coordinates": [ [ [ 72.87, 19.09 ], [ 72.87, 19.1 ], [ 72.86, 19.1 ], [ 72.86, 19.09 ], [ 72.87, 19.09 ] ] ] } },
{ "type": "Feature", "properties": { "cell_id": "r20_c10", "mean_ndvi": 0.017012137447512433 }, "geometry": { "type": "Polygon", "coordinates": [ [ [ 72.88, 19.09 ], [ 72.88, 19.1 ], [ 72.87, 19.1 ], [ 72.87, 19.09 ], [ 72.88, 19.09 ] ] ] } },
{ "type": "Feature", "properties": { "cell_id": "r20_c11", "mean_ndvi": 0.092135089121840832 }, "geometry": { "type": "Polygon", "coordinates": [ [ [ 72.89, 19.09 ], [ 72.89, 19.1 ], [ 72.88, 19.1 ], [ 72.88, 19.09 ], [ 72.89, 19.09 ] ] ] } },
{ "type": "Feature", "properties": { "cell_id": "r20_c12", "mean_ndvi": 0.11459964696581414 }, "geometry": { "type": "Polygon", "coordinates": [ [ [ 72.9, 19.09 ], [ 72.9, 19.1 ], [ 72.89, 19.1 ], [ 72.89, 19.09 ], [ 72.9, 19.09 ] ] ] } },
{ "type": "Feature", "properties": { "cell_id": "r20_c13", "mean_ndvi": 0.16626760662698686 }, "geometry": { "type": "Polygon", "coordinates": [ [ [ 72.91, 19.09 ], [ 72.91, 19.1 ], [ 72.9, 19.1 ], [ 72.9, 19.09 ], [ 72.91, 19.09 ] ] ] } },
{ "type": "Feature", "properties": { "cell_id": "r20_c14", "mean_ndvi": 0.15639868086172765 }, "geometry": { "type": "Polygon", "coordinates": [ [ [ 72.92, 19.09 ], [ 72.92, 19.1 ], [ 72.91, 19.1 ], [ 72.91, 19.09 ], [ 72.92, 19.09 ] ] ] } },
{ "type": "Feature", "properties": { "cell_id": "r20_c15", "mean_ndvi": 0.18301133878361764 }, "geometry": { "type": "Polygon", "coordinates": [ [ [ 72.93, 19.09 ], [ 72.93, 19.1 ], [ 72.92, 19.1 ], [ 72.92, 19.09 ], [ 72.93, 19.09 ] ] ] } },
{ "type": "Feature", "properties": { "cell_id": "r20_c16", "mean_ndvi": 0.3004600549909503 }, "geometry": { "type": "Polygon", "coordinates": [ [ [ 72.94, 19.09 ], [ 72.94, 19.1 ], [ 72.93, 19.1 ], [ 72.93, 19.09 ], [ 72.94, 19.09 ] ] ] } },
{ "type": "Feature", "properties": { "cell_id": "r20_c17", "mean_ndvi": 0.37276556959973217 }, "geometry": { "type": "Polygon", "coordinates": [ [ [ 72.95, 19.09 ], [ 72.95, 19.1 ], [ 72.94, 19.1 ], [ 72.94, 19.09 ], [ 72.95, 19.09 ] ] ] } },
{ "type": "Feature", "properties": { "cell_id": "r20_c18", "mean_ndvi": 0.3674049624596567 }, "geometry": { "type": "Polygon", "coordinates": [ [ [ 72.96, 19.09 ], [ 72.96, 19.1 ], [ 72.95, 19.1 ], [ 72.95, 19.09 ], [ 72.96, 19.09 ] ] ] } },
{ "type": "Feature", "properties": { "cell_id": "r20_c19", "mean_ndvi": -0.066904136547603202 }, "geometry": { "type": "Polygon", "coordinates": [ [ [ 72.97, 19.09 ], [ 72.97, 19.1 ], [ 72.96, 19.1 ], [ 72.96, 19.09 ], [ 72.97, 19.09 ] ] ] } },
{ "type": "Feature", "properties": { "cell_id": "r20_c20", "mean_ndvi": -0.064474470624949293 }, "geometry": { "type": "Polygon", "coordinates": [ [ [ 72.980000000000103, 19.09 ], [ 72.980000000000103, 19.1 ], [ 72.97, 19.1 ], [ 72.97, 19.09 ], [ 72.980000000000103, 19.09 ] ] ] } },
{ "type": "Feature", "properties": { "cell_id": "r20_c21", "mean_ndvi": 0.27781294877361901 }, "geometry": { "type": "Polygon", "coordinates": [ [ [ 72.99, 19.09 ], [ 72.99, 19.1 ], [ 72.980000000000103, 19.1 ], [ 72.980000000000103, 19.09 ], [ 72.99, 19.09 ] ] ] } },
{ "type": "Feature", "properties": { "cell_id": "r21_c0", "mean_ndvi": -0.16780729125899954 }, "geometry": { "type": "Polygon", "coordinates": [ [ [ 72.78, 19.1 ], [ 72.78, 19.11 ], [ 72.77, 19.11 ], [ 72.77, 19.1 ], [ 72.78, 19.1 ] ] ] } },
{ "type": "Feature", "properties": { "cell_id": "r21_c1", "mean_ndvi": -0.17227541176801903 }, "geometry": { "type": "Polygon", "coordinates": [ [ [ 72.79, 19.1 ], [ 72.79, 19.11 ], [ 72.78, 19.11 ], [ 72.78, 19.1 ], [ 72.79, 19.1 ] ] ] } },
{ "type": "Feature", "properties": { "cell_id": "r21_c2", "mean_ndvi": -0.16784473528945965 }, "geometry": { "type": "Polygon", "coordinates": [ [ [ 72.8, 19.1 ], [ 72.8, 19.11 ], [ 72.79, 19.11 ], [ 72.79, 19.1 ], [ 72.8, 19.1 ] ] ] } },
{ "type": "Feature", "properties": { "cell_id": "r21_c3", "mean_ndvi": -0.16307712524350468 }, "geometry": { "type": "Polygon", "coordinates": [ [ [ 72.81, 19.1 ], [ 72.81, 19.11 ], [ 72.8, 19.11 ], [ 72.8, 19.1 ], [ 72.81, 19.1 ] ] ] } },
{ "type": "Feature", "properties": { "cell_id": "r21_c4", "mean_ndvi": -0.15608281622471851 }, "geometry": { "type": "Polygon", "coordinates": [ [ [ 72.82, 19.1 ], [ 72.82, 19.11 ], [ 72.81, 19.11 ], [ 72.81, 19.1 ], [ 72.82, 19.1 ] ] ] } },
{ "type": "Feature", "properties": { "cell_id": "r21_c5", "mean_ndvi": 0.091040407955406619 }, "geometry": { "type": "Polygon", "coordinates": [ [ [ 72.83, 19.1 ], [ 72.83, 19.11 ], [ 72.82, 19.11 ], [ 72.82, 19.1 ], [ 72.83, 19.1 ] ] ] } },
{ "type": "Feature", "properties": { "cell_id": "r21_c6", "mean_ndvi": 0.21238183793776388 }, "geometry": { "type": "Polygon", "coordinates": [ [ [ 72.84, 19.1 ], [ 72.84, 19.11 ], [ 72.83, 19.11 ], [ 72.83, 19.1 ], [ 72.84, 19.1 ] ] ] } },
{ "type": "Feature", "properties": { "cell_id": "r21_c7", "mean_ndvi": 0.185045073391127 }, "geometry": { "type": "Polygon", "coordinates": [ [ [ 72.85, 19.1 ], [ 72.85, 19.11 ], [ 72.84, 19.11 ], [ 72.84, 19.1 ], [ 72.85, 19.1 ] ] ] } },
{ "type": "Feature", "properties": { "cell_id": "r21_c8", "mean_ndvi": 0.19526208331919656 }, "geometry": { "type": "Polygon", "coordinates": [ [ [ 72.86, 19.1 ], [ 72.86, 19.11 ], [ 72.85, 19.11 ], [ 72.85, 19.1 ], [ 72.86, 19.1 ] ] ] } },
{ "type": "Feature", "properties": { "cell_id": "r21_c9", "mean_ndvi": 0.19916879330391485 }, "geometry": { "type": "Polygon", "coordinates": [ [ [ 72.87, 19.1 ], [ 72.87, 19.11 ], [ 72.86, 19.11 ], [ 72.86, 19.1 ], [ 72.87, 19.1 ] ] ] } },
{ "type": "Feature", "properties": { "cell_id": "r21_c10", "mean_ndvi": 0.12628416015348798 }, "geometry": { "type": "Polygon", "coordinates": [ [ [ 72.88, 19.1 ], [ 72.88, 19.11 ], [ 72.87, 19.11 ], [ 72.87, 19.1 ], [ 72.88, 19.1 ] ] ] } },
{ "type": "Feature", "properties": { "cell_id": "r21_c11", "mean_ndvi": 0.13445323916572494 }, "geometry": { "type": "Polygon", "coordinates": [ [ [ 72.89, 19.1 ], [ 72.89, 19.11 ], [ 72.88, 19.11 ], [ 72.88, 19.1 ], [ 72.89, 19.1 ] ] ] } },
{ "type": "Feature", "properties": { "cell_id": "r21_c12", "mean_ndvi": 0.09926514187683412 }, "geometry": { "type": "Polygon", "coordinates": [ [ [ 72.9, 19.1 ], [ 72.9, 19.11 ], [ 72.89, 19.11 ], [ 72.89, 19.1 ], [ 72.9, 19.1 ] ] ] } },
{ "type": "Feature", "properties": { "cell_id": "r21_c13", "mean_ndvi": 0.17212505007064408 }, "geometry": { "type": "Polygon", "coordinates": [ [ [ 72.91, 19.1 ], [ 72.91, 19.11 ], [ 72.9, 19.11 ], [ 72.9, 19.1 ], [ 72.91, 19.1 ] ] ] } },
{ "type": "Feature", "properties": { "cell_id": "r21_c14", "mean_ndvi": 0.1763456485281325 }, "geometry": { "type": "Polygon", "coordinates": [ [ [ 72.92, 19.1 ], [ 72.92, 19.11 ], [ 72.91, 19.11 ], [ 72.91, 19.1 ], [ 72.92, 19.1 ] ] ] } },
{ "type": "Feature", "properties": { "cell_id": "r21_c15", "mean_ndvi": 0.19688109329019249 }, "geometry": { "type": "Polygon", "coordinates": [ [ [ 72.93, 19.1 ], [ 72.93, 19.11 ], [ 72.92, 19.11 ], [ 72.92, 19.1 ], [ 72.93, 19.1 ] ] ] } },
{ "type": "Feature", "properties": { "cell_id": "r21_c16", "mean_ndvi": 0.27237182408881067 }, "geometry": { "type": "Polygon", "coordinates": [ [ [ 72.94, 19.1 ], [ 72.94, 19.11 ], [ 72.93, 19.11 ], [ 72.93, 19.1 ], [ 72.94, 19.1 ] ] ] } },
{ "type": "Feature", "properties": { "cell_id": "r21_c17", "mean_ndvi": 0.33799237176407659 }, "geometry": { "type": "Polygon", "coordinates": [ [ [ 72.95, 19.1 ], [ 72.95, 19.11 ], [ 72.94, 19.11 ], [ 72.94, 19.1 ], [ 72.95, 19.1 ] ] ] } },
{ "type": "Feature", "properties": { "cell_id": "r21_c18", "mean_ndvi": 0.42402812808882512 }, "geometry": { "type": "Polygon", "coordinates": [ [ [ 72.96, 19.1 ], [ 72.96, 19.11 ], [ 72.95, 19.11 ], [ 72.95, 19.1 ], [ 72.96, 19.1 ] ] ] } },
{ "type": "Feature", "properties": { "cell_id": "r21_c19", "mean_ndvi": 0.035046849593308803 }, "geometry": { "type": "Polygon", "coordinates": [ [ [ 72.97, 19.1 ], [ 72.97, 19.11 ], [ 72.96, 19.11 ], [ 72.96, 19.1 ], [ 72.97, 19.1 ] ] ] } },
{ "type": "Feature", "properties": { "cell_id": "r21_c20", "mean_ndvi": 0.023781591738951776 }, "geometry": { "type": "Polygon", "coordinates": [ [ [ 72.980000000000103, 19.1 ], [ 72.980000000000103, 19.11 ], [ 72.97, 19.11 ], [ 72.97, 19.1 ], [ 72.980000000000103, 19.1 ] ] ] } },
{ "type": "Feature", "properties": { "cell_id": "r21_c21", "mean_ndvi": 0.39341180859239788 }, "geometry": { "type": "Polygon", "coordinates": [ [ [ 72.99, 19.1 ], [ 72.99, 19.11 ], [ 72.980000000000103, 19.11 ], [ 72.980000000000103, 19.1 ], [ 72.99, 19.1 ] ] ] } },
{ "type": "Feature", "properties": { "cell_id": "r22_c0", "mean_ndvi": -0.17077610878527683 }, "geometry": { "type": "Polygon", "coordinates": [ [ [ 72.78, 19.11 ], [ 72.78, 19.12 ], [ 72.77, 19.12 ], [ 72.77, 19.11 ], [ 72.78, 19.11 ] ] ] } },
{ "type": "Feature", "properties": { "cell_id": "r22_c1", "mean_ndvi": -0.16999938742299531 }, "geometry": { "type": "Polygon", "coordinates": [ [ [ 72.79, 19.11 ], [ 72.79, 19.12 ], [ 72.78, 19.12 ], [ 72.78, 19.11 ], [ 72.79, 19.11 ] ] ] } },
{ "type": "Feature", "properties": { "cell_id": "r22_c2", "mean_ndvi": -0.15249915045120402 }, "geometry": { "type": "Polygon", "coordinates": [ [ [ 72.8, 19.11 ], [ 72.8, 19.12 ], [ 72.79, 19.12 ], [ 72.79, 19.11 ], [ 72.8, 19.11 ] ] ] } },
{ "type": "Feature", "properties": { "cell_id": "r22_c3", "mean_ndvi": -0.15023654824786767 }, "geometry": { "type": "Polygon", "coordinates": [ [ [ 72.81, 19.11 ], [ 72.81, 19.12 ], [ 72.8, 19.12 ], [ 72.8, 19.11 ], [ 72.81, 19.11 ] ] ] } },
{ "type": "Feature", "properties": { "cell_id": "r22_c4", "mean_ndvi": -0.14523053105027686 }, "geometry": { "type": "Polygon", "coordinates": [ [ [ 72.82, 19.11 ], [ 72.82, 19.12 ], [ 72.81, 19.12 ], [ 72.81, 19.11 ], [ 72.82, 19.11 ] ] ] } },
{ "type": "Feature", "properties": { "cell_id": "r22_c5", "mean_ndvi": 0.16833345014353349 }, "geometry": { "type": "Polygon", "coordinates": [ [ [ 72.83, 19.11 ], [ 72.83, 19.12 ], [ 72.82, 19.12 ], [ 72.82, 19.11 ], [ 72.83, 19.11 ] ] ] } },
{ "type": "Feature", "properties": { "cell_id": "r22_c6", "mean_ndvi": 0.17984513452571516 }, "geometry": { "type": "Polygon", "coordinates": [ [ [ 72.84, 19.11 ], [ 72.84, 19.12 ], [ 72.83, 19.12 ], [ 72.83, 19.11 ], [ 72.84, 19.11 ] ] ] } },
{ "type": "Feature", "properties": { "cell_id": "r22_c7", "mean_ndvi": 0.16428183976029459 }, "geometry": { "type": "Polygon", "coordinates": [ [ [ 72.85, 19.11 ], [ 72.85, 19.12 ], [ 72.84, 19.12 ], [ 72.84, 19.11 ], [ 72.85, 19.11 ] ] ] } },
{ "type": "Feature", "properties": { "cell_id": "r22_c8", "mean_ndvi": 0.16938610295671364 }, "geometry": { "type": "Polygon", "coordinates": [ [ [ 72.86, 19.11 ], [ 72.86, 19.12 ], [ 72.85, 19.12 ], [ 72.85, 19.11 ], [ 72.86, 19.11 ] ] ] } },
{ "type": "Feature", "properties": { "cell_id": "r22_c9", "mean_ndvi": 0.17090157762871874 }, "geometry": { "type": "Polygon", "coordinates": [ [ [ 72.87, 19.11 ], [ 72.87, 19.12 ], [ 72.86, 19.12 ], [ 72.86, 19.11 ], [ 72.87, 19.11 ] ] ] } },
{ "type": "Feature", "properties": { "cell_id": "r22_c10", "mean_ndvi": 0.15737160555404112 }, "geometry": { "type": "Polygon", "coordinates": [ [ [ 72.88, 19.11 ], [ 72.88, 19.12 ], [ 72.87, 19.12 ], [ 72.87, 19.11 ], [ 72.88, 19.11 ] ] ] } },
{ "type": "Feature", "properties": { "cell_id": "r22_c11", "mean_ndvi": 0.17709565486898179 }, "geometry": { "type": "Polygon", "coordinates": [ [ [ 72.89, 19.11 ], [ 72.89, 19.12 ], [ 72.88, 19.12 ], [ 72.88, 19.11 ], [ 72.89, 19.11 ] ] ] } },
{ "type": "Feature", "properties": { "cell_id": "r22_c12", "mean_ndvi": 0.17879314380745928 }, "geometry": { "type": "Polygon", "coordinates": [ [ [ 72.9, 19.11 ], [ 72.9, 19.12 ], [ 72.89, 19.12 ], [ 72.89, 19.11 ], [ 72.9, 19.11 ] ] ] } },
{ "type": "Feature", "properties": { "cell_id": "r22_c13", "mean_ndvi": 0.20084615697866509 }, "geometry": { "type": "Polygon", "coordinates": [ [ [ 72.91, 19.11 ], [ 72.91, 19.12 ], [ 72.9, 19.12 ], [ 72.9, 19.11 ], [ 72.91, 19.11 ] ] ] } },
{ "type": "Feature", "properties": { "cell_id": "r22_c14", "mean_ndvi": 0.16893175209152472 }, "geometry": { "type": "Polygon", "coordinates": [ [ [ 72.92, 19.11 ], [ 72.92, 19.12 ], [ 72.91, 19.12 ], [ 72.91, 19.11 ], [ 72.92, 19.11 ] ] ] } },
{ "type": "Feature", "properties": { "cell_id": "r22_c15", "mean_ndvi": 0.17449344709449913 }, "geometry": { "type": "Polygon", "coordinates": [ [ [ 72.93, 19.11 ], [ 72.93, 19.12 ], [ 72.92, 19.12 ], [ 72.92, 19.11 ], [ 72.93, 19.11 ] ] ] } },
{ "type": "Feature", "properties": { "cell_id": "r22_c16", "mean_ndvi": 0.17165815517604741 }, "geometry": { "type": "Polygon", "coordinates": [ [ [ 72.94, 19.11 ], [ 72.94, 19.12 ], [ 72.93, 19.12 ], [ 72.93, 19.11 ], [ 72.94, 19.11 ] ] ] } },
{ "type": "Feature", "properties": { "cell_id": "r22_c17", "mean_ndvi": 0.34012802970824596 }, "geometry": { "type": "Polygon", "coordinates": [ [ [ 72.95, 19.11 ], [ 72.95, 19.12 ], [ 72.94, 19.12 ], [ 72.94, 19.11 ], [ 72.95, 19.11 ] ] ] } },
{ "type": "Feature", "properties": { "cell_id": "r22_c18", "mean_ndvi": 0.41892531989049225 }, "geometry": { "type": "Polygon", "coordinates": [ [ [ 72.96, 19.11 ], [ 72.96, 19.12 ], [ 72.95, 19.12 ], [ 72.95, 19.11 ], [ 72.96, 19.11 ] ] ] } },
{ "type": "Feature", "properties": { "cell_id": "r22_c19", "mean_ndvi": 0.17660827515871286 }, "geometry": { "type": "Polygon", "coordinates": [ [ [ 72.97, 19.11 ], [ 72.97, 19.12 ], [ 72.96, 19.12 ], [ 72.96, 19.11 ], [ 72.97, 19.11 ] ] ] } },
{ "type": "Feature", "properties": { "cell_id": "r22_c20", "mean_ndvi": 0.045805569972304061 }, "geometry": { "type": "Polygon", "coordinates": [ [ [ 72.980000000000103, 19.11 ], [ 72.980000000000103, 19.12 ], [ 72.97, 19.12 ], [ 72.97, 19.11 ], [ 72.980000000000103, 19.11 ] ] ] } },
{ "type": "Feature", "properties": { "cell_id": "r22_c21", "mean_ndvi": 0.38315913000349811 }, "geometry": { "type": "Polygon", "coordinates": [ [ [ 72.99, 19.11 ], [ 72.99, 19.12 ], [ 72.980000000000103, 19.12 ], [ 72.980000000000103, 19.11 ], [ 72.99, 19.11 ] ] ] } },
{ "type": "Feature", "properties": { "cell_id": "r23_c0", "mean_ndvi": -0.17524341334601043 }, "geometry": { "type": "Polygon", "coordinates": [ [ [ 72.78, 19.12 ], [ 72.78, 19.13 ], [ 72.77, 19.13 ], [ 72.77, 19.12 ], [ 72.78, 19.12 ] ] ] } },
{ "type": "Feature", "properties": { "cell_id": "r23_c1", "mean_ndvi": -0.1558794102285555 }, "geometry": { "type": "Polygon", "coordinates": [ [ [ 72.79, 19.12 ], [ 72.79, 19.13 ], [ 72.78, 19.13 ], [ 72.78, 19.12 ], [ 72.79, 19.12 ] ] ] } },
{ "type": "Feature", "properties": { "cell_id": "r23_c2", "mean_ndvi": -0.13898331150391774 }, "geometry": { "type": "Polygon", "coordinates": [ [ [ 72.8, 19.12 ], [ 72.8, 19.13 ], [ 72.79, 19.13 ], [ 72.79, 19.12 ], [ 72.8, 19.12 ] ] ] } },
{ "type": "Feature", "properties": { "cell_id": "r23_c3", "mean_ndvi": -0.13886957562644744 }, "geometry": { "type": "Polygon", "coordinates": [ [ [ 72.81, 19.12 ], [ 72.81, 19.13 ], [ 72.8, 19.13 ], [ 72.8, 19.12 ], [ 72.81, 19.12 ] ] ] } },
{ "type": "Feature", "properties": { "cell_id": "r23_c4", "mean_ndvi": -0.0061370165653144076 }, "geometry": { "type": "Polygon", "coordinates": [ [ [ 72.82, 19.12 ], [ 72.82, 19.13 ], [ 72.81, 19.13 ], [ 72.81, 19.12 ], [ 72.82, 19.12 ] ] ] } },
{ "type": "Feature", "properties": { "cell_id": "r23_c5", "mean_ndvi": 0.22449208170147403 }, "geometry": { "type": "Polygon", "coordinates": [ [ [ 72.83, 19.12 ], [ 72.83, 19.13 ], [ 72.82, 19.13 ], [ 72.82, 19.12 ], [ 72.83, 19.12 ] ] ] } },
{ "type": "Feature", "properties": { "cell_id": "r23_c6", "mean_ndvi": 0.18346154202277895 }, "geometry": { "type": "Polygon", "coordinates": [ [ [ 72.84, 19.12 ], [ 72.84, 19.13 ], [ 72.83, 19.13 ], [ 72.83, 19.12 ], [ 72.84, 19.12 ] ] ] } },
{ "type": "Feature", "properties": { "cell_id": "r23_c7", "mean_ndvi": 0.1570784475470228 }, "geometry": { "type": "Polygon", "coordinates": [ [ [ 72.85, 19.12 ], [ 72.85, 19.13 ], [ 72.84, 19.13 ], [ 72.84, 19.12 ], [ 72.85, 19.12 ] ] ] } },
{ "type": "Feature", "properties": { "cell_id": "r23_c8", "mean_ndvi": 0.1528165804999623 }, "geometry": { "type": "Polygon", "coordinates": [ [ [ 72.86, 19.12 ], [ 72.86, 19.13 ], [ 72.85, 19.13 ], [ 72.85, 19.12 ], [ 72.86, 19.12 ] ] ] } },
{ "type": "Feature", "properties": { "cell_id": "r23_c9", "mean_ndvi": 0.18081543025451882 }, "geometry": { "type": "Polygon", "coordinates": [ [ [ 72.87, 19.12 ], [ 72.87, 19.13 ], [ 72.86, 19.13 ], [ 72.86, 19.12 ], [ 72.87, 19.12 ] ] ] } },
{ "type": "Feature", "properties": { "cell_id": "r23_c10", "mean_ndvi": 0.17438028134288394 }, "geometry": { "type": "Polygon", "coordinates": [ [ [ 72.88, 19.12 ], [ 72.88, 19.13 ], [ 72.87, 19.13 ], [ 72.87, 19.12 ], [ 72.88, 19.12 ] ] ] } },
{ "type": "Feature", "properties": { "cell_id": "r23_c11", "mean_ndvi": 0.19442327912354959 }, "geometry": { "type": "Polygon", "coordinates": [ [ [ 72.89, 19.12 ], [ 72.89, 19.13 ], [ 72.88, 19.13 ], [ 72.88, 19.12 ], [ 72.89, 19.12 ] ] ] } },
{ "type": "Feature", "properties": { "cell_id": "r23_c12", "mean_ndvi": 0.17477534687962579 }, "geometry": { "type": "Polygon", "coordinates": [ [ [ 72.9, 19.12 ], [ 72.9, 19.13 ], [ 72.89, 19.13 ], [ 72.89, 19.12 ], [ 72.9, 19.12 ] ] ] } },
{ "type": "Feature", "properties": { "cell_id": "r23_c13", "mean_ndvi": 0.18829096048747967 }, "geometry": { "type": "Polygon", "coordinates": [ [ [ 72.91, 19.12 ], [ 72.91, 19.13 ], [ 72.9, 19.13 ], [ 72.9, 19.12 ], [ 72.91, 19.12 ] ] ] } },
{ "type": "Feature", "properties": { "cell_id": "r23_c14", "mean_ndvi": 0.3145462831936528 }, "geometry": { "type": "Polygon", "coordinates": [ [ [ 72.92, 19.12 ], [ 72.92, 19.13 ], [ 72.91, 19.13 ], [ 72.91, 19.12 ], [ 72.92, 19.12 ] ] ] } },
{ "type": "Feature", "properties": { "cell_id": "r23_c15", "mean_ndvi": 0.17522026032872157 }, "geometry": { "type": "Polygon", "coordinates": [ [ [ 72.93, 19.12 ], [ 72.93, 19.13 ], [ 72.92, 19.13 ], [ 72.92, 19.12 ], [ 72.93, 19.12 ] ] ] } },
{ "type": "Feature", "properties": { "cell_id": "r23_c16", "mean_ndvi": 0.25761593394190302 }, "geometry": { "type": "Polygon", "coordinates": [ [ [ 72.94, 19.12 ], [ 72.94, 19.13 ], [ 72.93, 19.13 ], [ 72.93, 19.12 ], [ 72.94, 19.12 ] ] ] } },
{ "type": "Feature", "properties": { "cell_id": "r23_c17", "mean_ndvi": 0.23932854207471424 }, "geometry": { "type": "Polygon", "coordinates": [ [ [ 72.95, 19.12 ], [ 72.95, 19.13 ], [ 72.94, 19.13 ], [ 72.94, 19.12 ], [ 72.95, 19.12 ] ] ] } },
{ "type": "Feature", "properties": { "cell_id": "r23_c18", "mean_ndvi": 0.23850129256362476 }, "geometry": { "type": "Polygon", "coordinates": [ [ [ 72.96, 19.12 ], [ 72.96, 19.13 ], [ 72.95, 19.13 ], [ 72.95, 19.12 ], [ 72.96, 19.12 ] ] ] } },
{ "type": "Feature", "properties": { "cell_id": "r23_c19", "mean_ndvi": 0.33485273776797342 }, "geometry": { "type": "Polygon", "coordinates": [ [ [ 72.97, 19.12 ], [ 72.97, 19.13 ], [ 72.96, 19.13 ], [ 72.96, 19.12 ], [ 72.97, 19.12 ] ] ] } },
{ "type": "Feature", "properties": { "cell_id": "r23_c20", "mean_ndvi": -0.001631064470228757 }, "geometry": { "type": "Polygon", "coordinates": [ [ [ 72.980000000000103, 19.12 ], [ 72.980000000000103, 19.13 ], [ 72.97, 19.13 ], [ 72.97, 19.12 ], [ 72.980000000000103, 19.12 ] ] ] } },
{ "type": "Feature", "properties": { "cell_id": "r23_c21", "mean_ndvi": 0.39347712422467762 }, "geometry": { "type": "Polygon", "coordinates": [ [ [ 72.99, 19.12 ], [ 72.99, 19.13 ], [ 72.980000000000103, 19.13 ], [ 72.980000000000103, 19.12 ], [ 72.99, 19.12 ] ] ] } },
{ "type": "Feature", "properties": { "cell_id": "r24_c0", "mean_ndvi": -0.17654075517454981 }, "geometry": { "type": "Polygon", "coordinates": [ [ [ 72.78, 19.13 ], [ 72.78, 19.14 ], [ 72.77, 19.14 ], [ 72.77, 19.13 ], [ 72.78, 19.13 ] ] ] } },
{ "type": "Feature", "properties": { "cell_id": "r24_c1", "mean_ndvi": -0.066316247126678593 }, "geometry": { "type": "Polygon", "coordinates": [ [ [ 72.79, 19.13 ], [ 72.79, 19.14 ], [ 72.78, 19.14 ], [ 72.78, 19.13 ], [ 72.79, 19.13 ] ] ] } },
{ "type": "Feature", "properties": { "cell_id": "r24_c2", "mean_ndvi": 0.060441981254217195 }, "geometry": { "type": "Polygon", "coordinates": [ [ [ 72.8, 19.13 ], [ 72.8, 19.14 ], [ 72.79, 19.14 ], [ 72.79, 19.13 ], [ 72.8, 19.13 ] ] ] } },
{ "type": "Feature", "properties": { "cell_id": "r24_c3", "mean_ndvi": -0.075090722881421892 }, "geometry": { "type": "Polygon", "coordinates": [ [ [ 72.81, 19.13 ], [ 72.81, 19.14 ], [ 72.8, 19.14 ], [ 72.8, 19.13 ], [ 72.81, 19.13 ] ] ] } },
{ "type": "Feature", "properties": { "cell_id": "r24_c4", "mean_ndvi": 0.22231931979421618 }, "geometry": { "type": "Polygon", "coordinates": [ [ [ 72.82, 19.13 ], [ 72.82, 19.14 ], [ 72.81, 19.14 ], [ 72.81, 19.13 ], [ 72.82, 19.13 ] ] ] } },
{ "type": "Feature", "properties": { "cell_id": "r24_c5", "mean_ndvi": 0.18742800061862869 }, "geometry": { "type": "Polygon", "coordinates": [ [ [ 72.83, 19.13 ], [ 72.83, 19.14 ], [ 72.82, 19.14 ], [ 72.82, 19.13 ], [ 72.83, 19.13 ] ] ] } },
{ "type": "Feature", "properties": { "cell_id": "r24_c6", "mean_ndvi": 0.15624149988042968 }, "geometry": { "type": "Polygon", "coordinates": [ [ [ 72.84, 19.13 ], [ 72.84, 19.14 ], [ 72.83, 19.14 ], [ 72.83, 19.13 ], [ 72.84, 19.13 ] ] ] } },
{ "type": "Feature", "properties": { "cell_id": "r24_c7", "mean_ndvi": 0.17423793300342158 }, "geometry": { "type": "Polygon", "coordinates": [ [ [ 72.85, 19.13 ], [ 72.85, 19.14 ], [ 72.84, 19.14 ], [ 72.84, 19.13 ], [ 72.85, 19.13 ] ] ] } },
{ "type": "Feature", "properties": { "cell_id": "r24_c8", "mean_ndvi": 0.15303584468646897 }, "geometry": { "type": "Polygon", "coordinates": [ [ [ 72.86, 19.13 ], [ 72.86, 19.14 ], [ 72.85, 19.14 ], [ 72.85, 19.13 ], [ 72.86, 19.13 ] ] ] } },
{ "type": "Feature", "properties": { "cell_id": "r24_c9", "mean_ndvi": 0.14207731743417756 }, "geometry": { "type": "Polygon", "coordinates": [ [ [ 72.87, 19.13 ], [ 72.87, 19.14 ], [ 72.86, 19.14 ], [ 72.86, 19.13 ], [ 72.87, 19.13 ] ] ] } },
{ "type": "Feature", "properties": { "cell_id": "r24_c10", "mean_ndvi": 0.23797456761699801 }, "geometry": { "type": "Polygon", "coordinates": [ [ [ 72.88, 19.13 ], [ 72.88, 19.14 ], [ 72.87, 19.14 ], [ 72.87, 19.13 ], [ 72.88, 19.13 ] ] ] } },
{ "type": "Feature", "properties": { "cell_id": "r24_c11", "mean_ndvi": 0.25040476695920894 }, "geometry": { "type": "Polygon", "coordinates": [ [ [ 72.89, 19.13 ], [ 72.89, 19.14 ], [ 72.88, 19.14 ], [ 72.88, 19.13 ], [ 72.89, 19.13 ] ] ] } },
{ "type": "Feature", "properties": { "cell_id": "r24_c12", "mean_ndvi": 0.26438845133343036 }, "geometry": { "type": "Polygon", "coordinates": [ [ [ 72.9, 19.13 ], [ 72.9, 19.14 ], [ 72.89, 19.14 ], [ 72.89, 19.13 ], [ 72.9, 19.13 ] ] ] } },
{ "type": "Feature", "properties": { "cell_id": "r24_c13", "mean_ndvi": 0.33071924196860997 }, "geometry": { "type": "Polygon", "coordinates": [ [ [ 72.91, 19.13 ], [ 72.91, 19.14 ], [ 72.9, 19.14 ], [ 72.9, 19.13 ], [ 72.91, 19.13 ] ] ] } },
{ "type": "Feature", "properties": { "cell_id": "r24_c14", "mean_ndvi": 0.36314796391424342 }, "geometry": { "type": "Polygon", "coordinates": [ [ [ 72.92, 19.13 ], [ 72.92, 19.14 ], [ 72.91, 19.14 ], [ 72.91, 19.13 ], [ 72.92, 19.13 ] ] ] } },
{ "type": "Feature", "properties": { "cell_id": "r24_c15", "mean_ndvi": 0.28024141614325632 }, "geometry": { "type": "Polygon", "coordinates": [ [ [ 72.93, 19.13 ], [ 72.93, 19.14 ], [ 72.92, 19.14 ], [ 72.92, 19.13 ], [ 72.93, 19.13 ] ] ] } },
{ "type": "Feature", "properties": { "cell_id": "r24_c16", "mean_ndvi": 0.16897462003988886 }, "geometry": { "type": "Polygon", "coordinates": [ [ [ 72.94, 19.13 ], [ 72.94, 19.14 ], [ 72.93, 19.14 ], [ 72.93, 19.13 ], [ 72.94, 19.13 ] ] ] } },
{ "type": "Feature", "properties": { "cell_id": "r24_c17", "mean_ndvi": 0.25041425981889548 }, "geometry": { "type": "Polygon", "coordinates": [ [ [ 72.95, 19.13 ], [ 72.95, 19.14 ], [ 72.94, 19.14 ], [ 72.94, 19.13 ], [ 72.95, 19.13 ] ] ] } },
{ "type": "Feature", "properties": { "cell_id": "r24_c18", "mean_ndvi": 0.40855627955109691 }, "geometry": { "type": "Polygon", "coordinates": [ [ [ 72.96, 19.13 ], [ 72.96, 19.14 ], [ 72.95, 19.14 ], [ 72.95, 19.13 ], [ 72.96, 19.13 ] ] ] } },
{ "type": "Feature", "properties": { "cell_id": "r24_c19", "mean_ndvi": 0.40744271870758081 }, "geometry": { "type": "Polygon", "coordinates": [ [ [ 72.97, 19.13 ], [ 72.97, 19.14 ], [ 72.96, 19.14 ], [ 72.96, 19.13 ], [ 72.97, 19.13 ] ] ] } },
{ "type": "Feature", "properties": { "cell_id": "r24_c20", "mean_ndvi": 0.13024829132357624 }, "geometry": { "type": "Polygon", "coordinates": [ [ [ 72.980000000000103, 19.13 ], [ 72.980000000000103, 19.14 ], [ 72.97, 19.14 ], [ 72.97, 19.13 ], [ 72.980000000000103, 19.13 ] ] ] } },
{ "type": "Feature", "properties": { "cell_id": "r24_c21", "mean_ndvi": 0.37065586548658253 }, "geometry": { "type": "Polygon", "coordinates": [ [ [ 72.99, 19.13 ], [ 72.99, 19.14 ], [ 72.980000000000103, 19.14 ], [ 72.980000000000103, 19.13 ], [ 72.99, 19.13 ] ] ] } },
{ "type": "Feature", "properties": { "cell_id": "r25_c0", "mean_ndvi": -0.17581987940407826 }, "geometry": { "type": "Polygon", "coordinates": [ [ [ 72.78, 19.14 ], [ 72.78, 19.15 ], [ 72.77, 19.15 ], [ 72.77, 19.14 ], [ 72.78, 19.14 ] ] ] } },
{ "type": "Feature", "properties": { "cell_id": "r25_c1", "mean_ndvi": -0.10060494410421839 }, "geometry": { "type": "Polygon", "coordinates": [ [ [ 72.79, 19.14 ], [ 72.79, 19.15 ], [ 72.78, 19.15 ], [ 72.78, 19.14 ], [ 72.79, 19.14 ] ] ] } },
{ "type": "Feature", "properties": { "cell_id": "r25_c2", "mean_ndvi": 0.2349661886050203 }, "geometry": { "type": "Polygon", "coordinates": [ [ [ 72.8, 19.14 ], [ 72.8, 19.15 ], [ 72.79, 19.15 ], [ 72.79, 19.14 ], [ 72.8, 19.14 ] ] ] } },
{ "type": "Feature", "properties": { "cell_id": "r25_c3", "mean_ndvi": 0.15151981283958851 }, "geometry": { "type": "Polygon", "coordinates": [ [ [ 72.81, 19.14 ], [ 72.81, 19.15 ], [ 72.8, 19.15 ], [ 72.8, 19.14 ], [ 72.81, 19.14 ] ] ] } },
{ "type": "Feature", "properties": { "cell_id": "r25_c4", "mean_ndvi": 0.30501796398229608 }, "geometry": { "type": "Polygon", "coordinates": [ [ [ 72.82, 19.14 ], [ 72.82, 19.15 ], [ 72.81, 19.15 ], [ 72.81, 19.14 ], [ 72.82, 19.14 ] ] ] } },
{ "type": "Feature", "properties": { "cell_id": "r25_c5", "mean_ndvi": 0.21857436190979171 }, "geometry": { "type": "Polygon", "coordinates": [ [ [ 72.83, 19.14 ], [ 72.83, 19.15 ], [ 72.82, 19.15 ], [ 72.82, 19.14 ], [ 72.83, 19.14 ] ] ] } },
{ "type": "Feature", "properties": { "cell_id": "r25_c6", "mean_ndvi": 0.1081442597656459 }, "geometry": { "type": "Polygon", "coordinates": [ [ [ 72.84, 19.14 ], [ 72.84, 19.15 ], [ 72.83, 19.15 ], [ 72.83, 19.14 ], [ 72.84, 19.14 ] ] ] } },
{ "type": "Feature", "properties": { "cell_id": "r25_c7", "mean_ndvi": 0.12328118005124288 }, "geometry": { "type": "Polygon", "coordinates": [ [ [ 72.85, 19.14 ], [ 72.85, 19.15 ], [ 72.84, 19.15 ], [ 72.84, 19.14 ], [ 72.85, 19.14 ] ] ] } },
{ "type": "Feature", "properties": { "cell_id": "r25_c8", "mean_ndvi": 0.15355023157058026 }, "geometry": { "type": "Polygon", "coordinates": [ [ [ 72.86, 19.14 ], [ 72.86, 19.15 ], [ 72.85, 19.15 ], [ 72.85, 19.14 ], [ 72.86, 19.14 ] ] ] } },
{ "type": "Feature", "properties": { "cell_id": "r25_c9", "mean_ndvi": 0.27345650981609188 }, "geometry": { "type": "Polygon", "coordinates": [ [ [ 72.87, 19.14 ], [ 72.87, 19.15 ], [ 72.86, 19.15 ], [ 72.86, 19.14 ], [ 72.87, 19.14 ] ] ] } },
{ "type": "Feature", "properties": { "cell_id": "r25_c10", "mean_ndvi": 0.31461751598482929 }, "geometry": { "type": "Polygon", "coordinates": [ [ [ 72.88, 19.14 ], [ 72.88, 19.15 ], [ 72.87, 19.15 ], [ 72.87, 19.14 ], [ 72.88, 19.14 ] ] ] } },
{ "type": "Feature", "properties": { "cell_id": "r25_c11", "mean_ndvi": 0.31199585480266662 }, "geometry": { "type": "Polygon", "coordinates": [ [ [ 72.89, 19.14 ], [ 72.89, 19.15 ], [ 72.88, 19.15 ], [ 72.88, 19.14 ], [ 72.89, 19.14 ] ] ] } },
{ "type": "Feature", "properties": { "cell_id": "r25_c12", "mean_ndvi": 0.23681307692947254 }, "geometry": { "type": "Polygon", "coordinates": [ [ [ 72.9, 19.14 ], [ 72.9, 19.15 ], [ 72.89, 19.15 ], [ 72.89, 19.14 ], [ 72.9, 19.14 ] ] ] } },
{ "type": "Feature", "properties": { "cell_id": "r25_c13", "mean_ndvi": -0.010662662779771785 }, "geometry": { "type": "Polygon", "coordinates": [ [ [ 72.91, 19.14 ], [ 72.91, 19.15 ], [ 72.9, 19.15 ], [ 72.9, 19.14 ], [ 72.91, 19.14 ] ] ] } },
{ "type": "Feature", "properties": { "cell_id": "r25_c14", "mean_ndvi": 0.15461189102796799 }, "geometry": { "type": "Polygon", "coordinates": [ [ [ 72.92, 19.14 ], [ 72.92, 19.15 ], [ 72.91, 19.15 ], [ 72.91, 19.14 ], [ 72.92, 19.14 ] ] ] } },
{ "type": "Feature", "properties": { "cell_id": "r25_c15", "mean_ndvi": 0.18112672759109164 }, "geometry": { "type": "Polygon", "coordinates": [ [ [ 72.93, 19.14 ], [ 72.93, 19.15 ], [ 72.92, 19.15 ], [ 72.92, 19.14 ], [ 72.93, 19.14 ] ] ] } },
{ "type": "Feature", "properties": { "cell_id": "r25_c16", "mean_ndvi": 0.18593279415425995 }, "geometry": { "type": "Polygon", "coordinates": [ [ [ 72.94, 19.14 ], [ 72.94, 19.15 ], [ 72.93, 19.15 ], [ 72.93, 19.14 ], [ 72.94, 19.14 ] ] ] } },
{ "type": "Feature", "properties": { "cell_id": "r25_c17", "mean_ndvi": 0.26407495789352797 }, "geometry": { "type": "Polygon", "coordinates": [ [ [ 72.95, 19.14 ], [ 72.95, 19.15 ], [ 72.94, 19.15 ], [ 72.94, 19.14 ], [ 72.95, 19.14 ] ] ] } },
{ "type": "Feature", "properties": { "cell_id": "r25_c18", "mean_ndvi": 0.35954828269767974 }, "geometry": { "type": "Polygon", "coordinates": [ [ [ 72.96, 19.14 ], [ 72.96, 19.15 ], [ 72.95, 19.15 ], [ 72.95, 19.14 ], [ 72.96, 19.14 ] ] ] } },
{ "type": "Feature", "properties": { "cell_id": "r25_c19", "mean_ndvi": 0.2452895936214062 }, "geometry": { "type": "Polygon", "coordinates": [ [ [ 72.97, 19.14 ], [ 72.97, 19.15 ], [ 72.96, 19.15 ], [ 72.96, 19.14 ], [ 72.97, 19.14 ] ] ] } },
{ "type": "Feature", "properties": { "cell_id": "r25_c20", "mean_ndvi": 0.27962370018888288 }, "geometry": { "type": "Polygon", "coordinates": [ [ [ 72.980000000000103, 19.14 ], [ 72.980000000000103, 19.15 ], [ 72.97, 19.15 ], [ 72.97, 19.14 ], [ 72.980000000000103, 19.14 ] ] ] } },
{ "type": "Feature", "properties": { "cell_id": "r25_c21", "mean_ndvi": 0.22646993861809264 }, "geometry": { "type": "Polygon", "coordinates": [ [ [ 72.99, 19.14 ], [ 72.99, 19.15 ], [ 72.980000000000103, 19.15 ], [ 72.980000000000103, 19.14 ], [ 72.99, 19.14 ] ] ] } },
{ "type": "Feature", "properties": { "cell_id": "r26_c0", "mean_ndvi": -0.16701271801049386 }, "geometry": { "type": "Polygon", "coordinates": [ [ [ 72.78, 19.15 ], [ 72.78, 19.16 ], [ 72.77, 19.16 ], [ 72.77, 19.15 ], [ 72.78, 19.15 ] ] ] } },
{ "type": "Feature", "properties": { "cell_id": "r26_c1", "mean_ndvi": 0.038916242122423818 }, "geometry": { "type": "Polygon", "coordinates": [ [ [ 72.79, 19.15 ], [ 72.79, 19.16 ], [ 72.78, 19.16 ], [ 72.78, 19.15 ], [ 72.79, 19.15 ] ] ] } },
{ "type": "Feature", "properties": { "cell_id": "r26_c2", "mean_ndvi": 0.36237070350809641 }, "geometry": { "type": "Polygon", "coordinates": [ [ [ 72.8, 19.15 ], [ 72.8, 19.16 ], [ 72.79, 19.16 ], [ 72.79, 19.15 ], [ 72.8, 19.15 ] ] ] } },
{ "type": "Feature", "properties": { "cell_id": "r26_c3", "mean_ndvi": 0.26330433701196826 }, "geometry": { "type": "Polygon", "coordinates": [ [ [ 72.81, 19.15 ], [ 72.81, 19.16 ], [ 72.8, 19.16 ], [ 72.8, 19.15 ], [ 72.81, 19.15 ] ] ] } },
{ "type": "Feature", "properties": { "cell_id": "r26_c4", "mean_ndvi": 0.28695318681110893 }, "geometry": { "type": "Polygon", "coordinates": [ [ [ 72.82, 19.15 ], [ 72.82, 19.16 ], [ 72.81, 19.16 ], [ 72.81, 19.15 ], [ 72.82, 19.15 ] ] ] } },
{ "type": "Feature", "properties": { "cell_id": "r26_c5", "mean_ndvi": 0.13812234578294261 }, "geometry": { "type": "Polygon", "coordinates": [ [ [ 72.83, 19.15 ], [ 72.83, 19.16 ], [ 72.82, 19.16 ], [ 72.82, 19.15 ], [ 72.83, 19.15 ] ] ] } },
{ "type": "Feature", "properties": { "cell_id": "r26_c6", "mean_ndvi": 0.13835150172523039 }, "geometry": { "type": "Polygon", "coordinates": [ [ [ 72.84, 19.15 ], [ 72.84, 19.16 ], [ 72.83, 19.16 ], [ 72.83, 19.15 ], [ 72.84, 19.15 ] ] ] } },
{ "type": "Feature", "properties": { "cell_id": "r26_c7", "mean_ndvi": 0.16246713516724484 }, "geometry": { "type": "Polygon", "coordinates": [ [ [ 72.85, 19.15 ], [ 72.85, 19.16 ], [ 72.84, 19.16 ], [ 72.84, 19.15 ], [ 72.85, 19.15 ] ] ] } },
{ "type": "Feature", "properties": { "cell_id": "r26_c8", "mean_ndvi": 0.1774304107550333 }, "geometry": { "type": "Polygon", "coordinates": [ [ [ 72.86, 19.15 ], [ 72.86, 19.16 ], [ 72.85, 19.16 ], [ 72.85, 19.15 ], [ 72.86, 19.15 ] ] ] } },
{ "type": "Feature", "properties": { "cell_id": "r26_c9", "mean_ndvi": 0.37454300741567781 }, "geometry": { "type": "Polygon", "coordinates": [ [ [ 72.87, 19.15 ], [ 72.87, 19.16 ], [ 72.86, 19.16 ], [ 72.86, 19.15 ], [ 72.87, 19.15 ] ] ] } },
{ "type": "Feature", "properties": { "cell_id": "r26_c10", "mean_ndvi": 0.36188758375986574 }, "geometry": { "type": "Polygon", "coordinates": [ [ [ 72.88, 19.15 ], [ 72.88, 19.16 ], [ 72.87, 19.16 ], [ 72.87, 19.15 ], [ 72.88, 19.15 ] ] ] } },
{ "type": "Feature", "properties": { "cell_id": "r26_c11", "mean_ndvi": 0.23485793388403195 }, "geometry": { "type": "Polygon", "coordinates": [ [ [ 72.89, 19.15 ], [ 72.89, 19.16 ], [ 72.88, 19.16 ], [ 72.88, 19.15 ], [ 72.89, 19.15 ] ] ] } },
{ "type": "Feature", "properties": { "cell_id": "r26_c12", "mean_ndvi": 0.29111930746273773 }, "geometry": { "type": "Polygon", "coordinates": [ [ [ 72.9, 19.15 ], [ 72.9, 19.16 ], [ 72.89, 19.16 ], [ 72.89, 19.15 ], [ 72.9, 19.15 ] ] ] } },
{ "type": "Feature", "properties": { "cell_id": "r26_c13", "mean_ndvi": 0.070450728585241706 }, "geometry": { "type": "Polygon", "coordinates": [ [ [ 72.91, 19.15 ], [ 72.91, 19.16 ], [ 72.9, 19.16 ], [ 72.9, 19.15 ], [ 72.91, 19.15 ] ] ] } },
{ "type": "Feature", "properties": { "cell_id": "r26_c14", "mean_ndvi": -0.076333482930405677 }, "geometry": { "type": "Polygon", "coordinates": [ [ [ 72.92, 19.15 ], [ 72.92, 19.16 ], [ 72.91, 19.16 ], [ 72.91, 19.15 ], [ 72.92, 19.15 ] ] ] } },
{ "type": "Feature", "properties": { "cell_id": "r26_c15", "mean_ndvi": 0.21437462136457153 }, "geometry": { "type": "Polygon", "coordinates": [ [ [ 72.93, 19.15 ], [ 72.93, 19.16 ], [ 72.92, 19.16 ], [ 72.92, 19.15 ], [ 72.93, 19.15 ] ] ] } },
{ "type": "Feature", "properties": { "cell_id": "r26_c16", "mean_ndvi": 0.17698097161205431 }, "geometry": { "type": "Polygon", "coordinates": [ [ [ 72.94, 19.15 ], [ 72.94, 19.16 ], [ 72.93, 19.16 ], [ 72.93, 19.15 ], [ 72.94, 19.15 ] ] ] } },
{ "type": "Feature", "properties": { "cell_id": "r26_c17", "mean_ndvi": 0.18299559747741209 }, "geometry": { "type": "Polygon", "coordinates": [ [ [ 72.95, 19.15 ], [ 72.95, 19.16 ], [ 72.94, 19.16 ], [ 72.94, 19.15 ], [ 72.95, 19.15 ] ] ] } },
{ "type": "Feature", "properties": { "cell_id": "r26_c18", "mean_ndvi": 0.18080155280701643 }, "geometry": { "type": "Polygon", "coordinates": [ [ [ 72.96, 19.15 ], [ 72.96, 19.16 ], [ 72.95, 19.16 ], [ 72.95, 19.15 ], [ 72.96, 19.15 ] ] ] } },
{ "type": "Feature", "properties": { "cell_id": "r26_c19", "mean_ndvi": 0.15788576771662199 }, "geometry": { "type": "Polygon", "coordinates": [ [ [ 72.97, 19.15 ], [ 72.97, 19.16 ], [ 72.96, 19.16 ], [ 72.96, 19.15 ], [ 72.97, 19.15 ] ] ] } },
{ "type": "Feature", "properties": { "cell_id": "r26_c20", "mean_ndvi": 0.22377058870158073 }, "geometry": { "type": "Polygon", "coordinates": [ [ [ 72.980000000000103, 19.15 ], [ 72.980000000000103, 19.16 ], [ 72.97, 19.16 ], [ 72.97, 19.15 ], [ 72.980000000000103, 19.15 ] ] ] } },
{ "type": "Feature", "properties": { "cell_id": "r26_c21", "mean_ndvi": 0.25806070025936295 }, "geometry": { "type": "Polygon", "coordinates": [ [ [ 72.99, 19.15 ], [ 72.99, 19.16 ], [ 72.980000000000103, 19.16 ], [ 72.980000000000103, 19.15 ], [ 72.99, 19.15 ] ] ] } },
{ "type": "Feature", "properties": { "cell_id": "r27_c0", "mean_ndvi": -0.16625399693479653 }, "geometry": { "type": "Polygon", "coordinates": [ [ [ 72.78, 19.16 ], [ 72.78, 19.17 ], [ 72.77, 19.17 ], [ 72.77, 19.16 ], [ 72.78, 19.16 ] ] ] } },
{ "type": "Feature", "properties": { "cell_id": "r27_c1", "mean_ndvi": 0.13236996581878854 }, "geometry": { "type": "Polygon", "coordinates": [ [ [ 72.79, 19.16 ], [ 72.79, 19.17 ], [ 72.78, 19.17 ], [ 72.78, 19.16 ], [ 72.79, 19.16 ] ] ] } },
{ "type": "Feature", "properties": { "cell_id": "r27_c2", "mean_ndvi": 0.37035669004819632 }, "geometry": { "type": "Polygon", "coordinates": [ [ [ 72.8, 19.16 ], [ 72.8, 19.17 ], [ 72.79, 19.17 ], [ 72.79, 19.16 ], [ 72.8, 19.16 ] ] ] } },
{ "type": "Feature", "properties": { "cell_id": "r27_c3", "mean_ndvi": 0.23064578857658447 }, "geometry": { "type": "Polygon", "coordinates": [ [ [ 72.81, 19.16 ], [ 72.81, 19.17 ], [ 72.8, 19.17 ], [ 72.8, 19.16 ], [ 72.81, 19.16 ] ] ] } },
{ "type": "Feature", "properties": { "cell_id": "r27_c4", "mean_ndvi": 0.28530680667979885 }, "geometry": { "type": "Polygon", "coordinates": [ [ [ 72.82, 19.16 ], [ 72.82, 19.17 ], [ 72.81, 19.17 ], [ 72.81, 19.16 ], [ 72.82, 19.16 ] ] ] } },
{ "type": "Feature", "properties": { "cell_id": "r27_c5", "mean_ndvi": 0.1294281720157554 }, "geometry": { "type": "Polygon", "coordinates": [ [ [ 72.83, 19.16 ], [ 72.83, 19.17 ], [ 72.82, 19.17 ], [ 72.82, 19.16 ], [ 72.83, 19.16 ] ] ] } },
{ "type": "Feature", "properties": { "cell_id": "r27_c6", "mean_ndvi": 0.1732630326972153 }, "geometry": { "type": "Polygon", "coordinates": [ [ [ 72.84, 19.16 ], [ 72.84, 19.17 ], [ 72.83, 19.17 ], [ 72.83, 19.16 ], [ 72.84, 19.16 ] ] ] } },
{ "type": "Feature", "properties": { "cell_id": "r27_c7", "mean_ndvi": 0.17549068722048652 }, "geometry": { "type": "Polygon", "coordinates": [ [ [ 72.85, 19.16 ], [ 72.85, 19.17 ], [ 72.84, 19.17 ], [ 72.84, 19.16 ], [ 72.85, 19.16 ] ] ] } },
{ "type": "Feature", "properties": { "cell_id": "r27_c8", "mean_ndvi": 0.20605871481480695 }, "geometry": { "type": "Polygon", "coordinates": [ [ [ 72.86, 19.16 ], [ 72.86, 19.17 ], [ 72.85, 19.17 ], [ 72.85, 19.16 ], [ 72.86, 19.16 ] ] ] } },
{ "type": "Feature", "properties": { "cell_id": "r27_c9", "mean_ndvi": 0.39609521222487792 }, "geometry": { "type": "Polygon", "coordinates": [ [ [ 72.87, 19.16 ], [ 72.87, 19.17 ], [ 72.86, 19.17 ], [ 72.86, 19.16 ], [ 72.87, 19.16 ] ] ] } },
{ "type": "Feature", "properties": { "cell_id": "r27_c10", "mean_ndvi": 0.30201540858703912 }, "geometry": { "type": "Polygon", "coordinates": [ [ [ 72.88, 19.16 ], [ 72.88, 19.17 ], [ 72.87, 19.17 ], [ 72.87, 19.16 ], [ 72.88, 19.16 ] ] ] } },
{ "type": "Feature", "properties": { "cell_id": "r27_c11", "mean_ndvi": 0.2616713299160115 }, "geometry": { "type": "Polygon", "coordinates": [ [ [ 72.89, 19.16 ], [ 72.89, 19.17 ], [ 72.88, 19.17 ], [ 72.88, 19.16 ], [ 72.89, 19.16 ] ] ] } },
{ "type": "Feature", "properties": { "cell_id": "r27_c12", "mean_ndvi": 0.31569232042777856 }, "geometry": { "type": "Polygon", "coordinates": [ [ [ 72.9, 19.16 ], [ 72.9, 19.17 ], [ 72.89, 19.17 ], [ 72.89, 19.16 ], [ 72.9, 19.16 ] ] ] } },
{ "type": "Feature", "properties": { "cell_id": "r27_c13", "mean_ndvi": 0.342300426867853 }, "geometry": { "type": "Polygon", "coordinates": [ [ [ 72.91, 19.16 ], [ 72.91, 19.17 ], [ 72.9, 19.17 ], [ 72.9, 19.16 ], [ 72.91, 19.16 ] ] ] } },
{ "type": "Feature", "properties": { "cell_id": "r27_c14", "mean_ndvi": 0.12957704983780233 }, "geometry": { "type": "Polygon", "coordinates": [ [ [ 72.92, 19.16 ], [ 72.92, 19.17 ], [ 72.91, 19.17 ], [ 72.91, 19.16 ], [ 72.92, 19.16 ] ] ] } },
{ "type": "Feature", "properties": { "cell_id": "r27_c15", "mean_ndvi": 0.23096502125873339 }, "geometry": { "type": "Polygon", "coordinates": [ [ [ 72.93, 19.16 ], [ 72.93, 19.17 ], [ 72.92, 19.17 ], [ 72.92, 19.16 ], [ 72.93, 19.16 ] ] ] } },
{ "type": "Feature", "properties": { "cell_id": "r27_c16", "mean_ndvi": 0.16193973547452167 }, "geometry": { "type": "Polygon", "coordinates": [ [ [ 72.94, 19.16 ], [ 72.94, 19.17 ], [ 72.93, 19.17 ], [ 72.93, 19.16 ], [ 72.94, 19.16 ] ] ] } },
{ "type": "Feature", "properties": { "cell_id": "r27_c17", "mean_ndvi": 0.20830761137570863 }, "geometry": { "type": "Polygon", "coordinates": [ [ [ 72.95, 19.16 ], [ 72.95, 19.17 ], [ 72.94, 19.17 ], [ 72.94, 19.16 ], [ 72.95, 19.16 ] ] ] } },
{ "type": "Feature", "properties": { "cell_id": "r27_c18", "mean_ndvi": 0.20498320755836724 }, "geometry": { "type": "Polygon", "coordinates": [ [ [ 72.96, 19.16 ], [ 72.96, 19.17 ], [ 72.95, 19.17 ], [ 72.95, 19.16 ], [ 72.96, 19.16 ] ] ] } },
{ "type": "Feature", "properties": { "cell_id": "r27_c19", "mean_ndvi": 0.22042117274931045 }, "geometry": { "type": "Polygon", "coordinates": [ [ [ 72.97, 19.16 ], [ 72.97, 19.17 ], [ 72.96, 19.17 ], [ 72.96, 19.16 ], [ 72.97, 19.16 ] ] ] } },
{ "type": "Feature", "properties": { "cell_id": "r27_c20", "mean_ndvi": 0.29899132922175126 }, "geometry": { "type": "Polygon", "coordinates": [ [ [ 72.980000000000103, 19.16 ], [ 72.980000000000103, 19.17 ], [ 72.97, 19.17 ], [ 72.97, 19.16 ], [ 72.980000000000103, 19.16 ] ] ] } },
{ "type": "Feature", "properties": { "cell_id": "r27_c21", "mean_ndvi": 0.30439356403138984 }, "geometry": { "type": "Polygon", "coordinates": [ [ [ 72.99, 19.16 ], [ 72.99, 19.17 ], [ 72.980000000000103, 19.17 ], [ 72.980000000000103, 19.16 ], [ 72.99, 19.16 ] ] ] } },
{ "type": "Feature", "properties": { "cell_id": "r28_c0", "mean_ndvi": -0.17645796550281356 }, "geometry": { "type": "Polygon", "coordinates": [ [ [ 72.78, 19.17 ], [ 72.78, 19.18 ], [ 72.77, 19.18 ], [ 72.77, 19.17 ], [ 72.78, 19.17 ] ] ] } },
{ "type": "Feature", "properties": { "cell_id": "r28_c1", "mean_ndvi": -0.16048339823104929 }, "geometry": { "type": "Polygon", "coordinates": [ [ [ 72.79, 19.17 ], [ 72.79, 19.18 ], [ 72.78, 19.18 ], [ 72.78, 19.17 ], [ 72.79, 19.17 ] ] ] } },
{ "type": "Feature", "properties": { "cell_id": "r28_c2", "mean_ndvi": 0.083174124163749363 }, "geometry": { "type": "Polygon", "coordinates": [ [ [ 72.8, 19.17 ], [ 72.8, 19.18 ], [ 72.79, 19.18 ], [ 72.79, 19.17 ], [ 72.8, 19.17 ] ] ] } },
{ "type": "Feature", "properties": { "cell_id": "r28_c3", "mean_ndvi": 0.20359049031185908 }, "geometry": { "type": "Polygon", "coordinates": [ [ [ 72.81, 19.17 ], [ 72.81, 19.18 ], [ 72.8, 19.18 ], [ 72.8, 19.17 ], [ 72.81, 19.17 ] ] ] } },
{ "type": "Feature", "properties": { "cell_id": "r28_c4", "mean_ndvi": 0.31746245721127209 }, "geometry": { "type": "Polygon", "coordinates": [ [ [ 72.82, 19.17 ], [ 72.82, 19.18 ], [ 72.81, 19.18 ], [ 72.81, 19.17 ], [ 72.82, 19.17 ] ] ] } },
{ "type": "Feature", "properties": { "cell_id": "r28_c5", "mean_ndvi": 0.31855721751337379 }, "geometry": { "type": "Polygon", "coordinates": [ [ [ 72.83, 19.17 ], [ 72.83, 19.18 ], [ 72.82, 19.18 ], [ 72.82, 19.17 ], [ 72.83, 19.17 ] ] ] } },
{ "type": "Feature", "properties": { "cell_id": "r28_c6", "mean_ndvi": 0.21520117209263351 }, "geometry": { "type": "Polygon", "coordinates": [ [ [ 72.84, 19.17 ], [ 72.84, 19.18 ], [ 72.83, 19.18 ], [ 72.83, 19.17 ], [ 72.84, 19.17 ] ] ] } },
{ "type": "Feature", "properties": { "cell_id": "r28_c7", "mean_ndvi": 0.16536869156123007 }, "geometry": { "type": "Polygon", "coordinates": [ [ [ 72.85, 19.17 ], [ 72.85, 19.18 ], [ 72.84, 19.18 ], [ 72.84, 19.17 ], [ 72.85, 19.17 ] ] ] } },
{ "type": "Feature", "properties": { "cell_id": "r28_c8", "mean_ndvi": 0.13766178965964457 }, "geometry": { "type": "Polygon", "coordinates": [ [ [ 72.86, 19.17 ], [ 72.86, 19.18 ], [ 72.85, 19.18 ], [ 72.85, 19.17 ], [ 72.86, 19.17 ] ] ] } },
{ "type": "Feature", "properties": { "cell_id": "r28_c9", "mean_ndvi": 0.14986541015993937 }, "geometry": { "type": "Polygon", "coordinates": [ [ [ 72.87, 19.17 ], [ 72.87, 19.18 ], [ 72.86, 19.18 ], [ 72.86, 19.17 ], [ 72.87, 19.17 ] ] ] } },
{ "type": "Feature", "properties": { "cell_id": "r28_c10", "mean_ndvi": 0.14349425872675062 }, "geometry": { "type": "Polygon", "coordinates": [ [ [ 72.88, 19.17 ], [ 72.88, 19.18 ], [ 72.87, 19.18 ], [ 72.87, 19.17 ], [ 72.88, 19.17 ] ] ] } },
{ "type": "Feature", "properties": { "cell_id": "r28_c11", "mean_ndvi": 0.16881693247454768 }, "geometry": { "type": "Polygon", "coordinates": [ [ [ 72.89, 19.17 ], [ 72.89, 19.18 ], [ 72.88, 19.18 ], [ 72.88, 19.17 ], [ 72.89, 19.17 ] ] ] } },
{ "type": "Feature", "properties": { "cell_id": "r28_c12", "mean_ndvi": 0.35144626755292502 }, "geometry": { "type": "Polygon", "coordinates": [ [ [ 72.9, 19.17 ], [ 72.9, 19.18 ], [ 72.89, 19.18 ], [ 72.89, 19.17 ], [ 72.9, 19.17 ] ] ] } },
{ "type": "Feature", "properties": { "cell_id": "r28_c13", "mean_ndvi": 0.38020243021027961 }, "geometry": { "type": "Polygon", "coordinates": [ [ [ 72.91, 19.17 ], [ 72.91, 19.18 ], [ 72.9, 19.18 ], [ 72.9, 19.17 ], [ 72.91, 19.17 ] ] ] } },
{ "type": "Feature", "properties": { "cell_id": "r28_c14", "mean_ndvi": 0.32334947692218519 }, "geometry": { "type": "Polygon", "coordinates": [ [ [ 72.92, 19.17 ], [ 72.92, 19.18 ], [ 72.91, 19.18 ], [ 72.91, 19.17 ], [ 72.92, 19.17 ] ] ] } },
{ "type": "Feature", "properties": { "cell_id": "r28_c15", "mean_ndvi": 0.32258381368283384 }, "geometry": { "type": "Polygon", "coordinates": [ [ [ 72.93, 19.17 ], [ 72.93, 19.18 ], [ 72.92, 19.18 ], [ 72.92, 19.17 ], [ 72.93, 19.17 ] ] ] } },
{ "type": "Feature", "properties": { "cell_id": "r28_c16", "mean_ndvi": 0.21464716190109698 }, "geometry": { "type": "Polygon", "coordinates": [ [ [ 72.94, 19.17 ], [ 72.94, 19.18 ], [ 72.93, 19.18 ], [ 72.93, 19.17 ], [ 72.94, 19.17 ] ] ] } },
{ "type": "Feature", "properties": { "cell_id": "r28_c17", "mean_ndvi": 0.26358790323389214 }, "geometry": { "type": "Polygon", "coordinates": [ [ [ 72.95, 19.17 ], [ 72.95, 19.18 ], [ 72.94, 19.18 ], [ 72.94, 19.17 ], [ 72.95, 19.17 ] ] ] } },
{ "type": "Feature", "properties": { "cell_id": "r28_c18", "mean_ndvi": 0.20627418254380506 }, "geometry": { "type": "Polygon", "coordinates": [ [ [ 72.96, 19.17 ], [ 72.96, 19.18 ], [ 72.95, 19.18 ], [ 72.95, 19.17 ], [ 72.96, 19.17 ] ] ] } },
{ "type": "Feature", "properties": { "cell_id": "r28_c19", "mean_ndvi": 0.20599826480072217 }, "geometry": { "type": "Polygon", "coordinates": [ [ [ 72.97, 19.17 ], [ 72.97, 19.18 ], [ 72.96, 19.18 ], [ 72.96, 19.17 ], [ 72.97, 19.17 ] ] ] } },
{ "type": "Feature", "properties": { "cell_id": "r28_c20", "mean_ndvi": 0.19144713422277509 }, "geometry": { "type": "Polygon", "coordinates": [ [ [ 72.980000000000103, 19.17 ], [ 72.980000000000103, 19.18 ], [ 72.97, 19.18 ], [ 72.97, 19.17 ], [ 72.980000000000103, 19.17 ] ] ] } },
{ "type": "Feature", "properties": { "cell_id": "r28_c21", "mean_ndvi": 0.21370072370135132 }, "geometry": { "type": "Polygon", "coordinates": [ [ [ 72.99, 19.17 ], [ 72.99, 19.18 ], [ 72.980000000000103, 19.18 ], [ 72.980000000000103, 19.17 ], [ 72.99, 19.17 ] ] ] } },
{ "type": "Feature", "properties": { "cell_id": "r29_c0", "mean_ndvi": -0.17266489981912614 }, "geometry": { "type": "Polygon", "coordinates": [ [ [ 72.78, 19.18 ], [ 72.78, 19.19 ], [ 72.77, 19.19 ], [ 72.77, 19.18 ], [ 72.78, 19.18 ] ] ] } },
{ "type": "Feature", "properties": { "cell_id": "r29_c1", "mean_ndvi": -0.15720404926829906 }, "geometry": { "type": "Polygon", "coordinates": [ [ [ 72.79, 19.18 ], [ 72.79, 19.19 ], [ 72.78, 19.19 ], [ 72.78, 19.18 ], [ 72.79, 19.18 ] ] ] } },
{ "type": "Feature", "properties": { "cell_id": "r29_c2", "mean_ndvi": 0.026076883782376901 }, "geometry": { "type": "Polygon", "coordinates": [ [ [ 72.8, 19.18 ], [ 72.8, 19.19 ], [ 72.79, 19.19 ], [ 72.79, 19.18 ], [ 72.8, 19.18 ] ] ] } },
{ "type": "Feature", "properties": { "cell_id": "r29_c3", "mean_ndvi": 0.25396500635138697 }, "geometry": { "type": "Polygon", "coordinates": [ [ [ 72.81, 19.18 ], [ 72.81, 19.19 ], [ 72.8, 19.19 ], [ 72.8, 19.18 ], [ 72.81, 19.18 ] ] ] } },
{ "type": "Feature", "properties": { "cell_id": "r29_c4", "mean_ndvi": 0.16522252501035742 }, "geometry": { "type": "Polygon", "coordinates": [ [ [ 72.82, 19.18 ], [ 72.82, 19.19 ], [ 72.81, 19.19 ], [ 72.81, 19.18 ], [ 72.82, 19.18 ] ] ] } },
{ "type": "Feature", "properties": { "cell_id": "r29_c5", "mean_ndvi": 0.26209609085196256 }, "geometry": { "type": "Polygon", "coordinates": [ [ [ 72.83, 19.18 ], [ 72.83, 19.19 ], [ 72.82, 19.19 ], [ 72.82, 19.18 ], [ 72.83, 19.18 ] ] ] } },
{ "type": "Feature", "properties": { "cell_id": "r29_c6", "mean_ndvi": 0.15240642343014496 }, "geometry": { "type": "Polygon", "coordinates": [ [ [ 72.84, 19.18 ], [ 72.84, 19.19 ], [ 72.83, 19.19 ], [ 72.83, 19.18 ], [ 72.84, 19.18 ] ] ] } },
{ "type": "Feature", "properties": { "cell_id": "r29_c7", "mean_ndvi": 0.16439403571684608 }, "geometry": { "type": "Polygon", "coordinates": [ [ [ 72.85, 19.18 ], [ 72.85, 19.19 ], [ 72.84, 19.19 ], [ 72.84, 19.18 ], [ 72.85, 19.18 ] ] ] } },
{ "type": "Feature", "properties": { "cell_id": "r29_c8", "mean_ndvi": 0.14590625616951455 }, "geometry": { "type": "Polygon", "coordinates": [ [ [ 72.86, 19.18 ], [ 72.86, 19.19 ], [ 72.85, 19.19 ], [ 72.85, 19.18 ], [ 72.86, 19.18 ] ] ] } },
{ "type": "Feature", "properties": { "cell_id": "r29_c9", "mean_ndvi": 0.12889737102334414 }, "geometry": { "type": "Polygon", "coordinates": [ [ [ 72.87, 19.18 ], [ 72.87, 19.19 ], [ 72.86, 19.19 ], [ 72.86, 19.18 ], [ 72.87, 19.18 ] ] ] } },
{ "type": "Feature", "properties": { "cell_id": "r29_c10", "mean_ndvi": 0.22622420551953379 }, "geometry": { "type": "Polygon", "coordinates": [ [ [ 72.88, 19.18 ], [ 72.88, 19.19 ], [ 72.87, 19.19 ], [ 72.87, 19.18 ], [ 72.88, 19.18 ] ] ] } },
{ "type": "Feature", "properties": { "cell_id": "r29_c11", "mean_ndvi": 0.28880257503521189 }, "geometry": { "type": "Polygon", "coordinates": [ [ [ 72.89, 19.18 ], [ 72.89, 19.19 ], [ 72.88, 19.19 ], [ 72.88, 19.18 ], [ 72.89, 19.18 ] ] ] } },
{ "type": "Feature", "properties": { "cell_id": "r29_c12", "mean_ndvi": 0.40795445212330228 }, "geometry": { "type": "Polygon", "coordinates": [ [ [ 72.9, 19.18 ], [ 72.9, 19.19 ], [ 72.89, 19.19 ], [ 72.89, 19.18 ], [ 72.9, 19.18 ] ] ] } },
{ "type": "Feature", "properties": { "cell_id": "r29_c13", "mean_ndvi": 0.40823252836616025 }, "geometry": { "type": "Polygon", "coordinates": [ [ [ 72.91, 19.18 ], [ 72.91, 19.19 ], [ 72.9, 19.19 ], [ 72.9, 19.18 ], [ 72.91, 19.18 ] ] ] } },
{ "type": "Feature", "properties": { "cell_id": "r29_c14", "mean_ndvi": 0.25001303341093012 }, "geometry": { "type": "Polygon", "coordinates": [ [ [ 72.92, 19.18 ], [ 72.92, 19.19 ], [ 72.91, 19.19 ], [ 72.91, 19.18 ], [ 72.92, 19.18 ] ] ] } },
{ "type": "Feature", "properties": { "cell_id": "r29_c15", "mean_ndvi": 0.35269447074614829 }, "geometry": { "type": "Polygon", "coordinates": [ [ [ 72.93, 19.18 ], [ 72.93, 19.19 ], [ 72.92, 19.19 ], [ 72.92, 19.18 ], [ 72.93, 19.18 ] ] ] } },
{ "type": "Feature", "properties": { "cell_id": "r29_c16", "mean_ndvi": 0.35154167304303102 }, "geometry": { "type": "Polygon", "coordinates": [ [ [ 72.94, 19.18 ], [ 72.94, 19.19 ], [ 72.93, 19.19 ], [ 72.93, 19.18 ], [ 72.94, 19.18 ] ] ] } },
{ "type": "Feature", "properties": { "cell_id": "r29_c17", "mean_ndvi": 0.22462128374520599 }, "geometry": { "type": "Polygon", "coordinates": [ [ [ 72.95, 19.18 ], [ 72.95, 19.19 ], [ 72.94, 19.19 ], [ 72.94, 19.18 ], [ 72.95, 19.18 ] ] ] } },
{ "type": "Feature", "properties": { "cell_id": "r29_c18", "mean_ndvi": 0.18227584925804383 }, "geometry": { "type": "Polygon", "coordinates": [ [ [ 72.96, 19.18 ], [ 72.96, 19.19 ], [ 72.95, 19.19 ], [ 72.95, 19.18 ], [ 72.96, 19.18 ] ] ] } },
{ "type": "Feature", "properties": { "cell_id": "r29_c19", "mean_ndvi": 0.22037772497870214 }, "geometry": { "type": "Polygon", "coordinates": [ [ [ 72.97, 19.18 ], [ 72.97, 19.19 ], [ 72.96, 19.19 ], [ 72.96, 19.18 ], [ 72.97, 19.18 ] ] ] } },
{ "type": "Feature", "properties": { "cell_id": "r29_c20", "mean_ndvi": 0.1651040074276853 }, "geometry": { "type": "Polygon", "coordinates": [ [ [ 72.980000000000103, 19.18 ], [ 72.980000000000103, 19.19 ], [ 72.97, 19.19 ], [ 72.97, 19.18 ], [ 72.980000000000103, 19.18 ] ] ] } },
{ "type": "Feature", "properties": { "cell_id": "r29_c21", "mean_ndvi": 0.16834300623991472 }, "geometry": { "type": "Polygon", "coordinates": [ [ [ 72.99, 19.18 ], [ 72.99, 19.19 ], [ 72.980000000000103, 19.19 ], [ 72.980000000000103, 19.18 ], [ 72.99, 19.18 ] ] ] } },
{ "type": "Feature", "properties": { "cell_id": "r30_c0", "mean_ndvi": -0.16882491034295127 }, "geometry": { "type": "Polygon", "coordinates": [ [ [ 72.78, 19.19 ], [ 72.78, 19.2 ], [ 72.77, 19.2 ], [ 72.77, 19.19 ], [ 72.78, 19.19 ] ] ] } },
{ "type": "Feature", "properties": { "cell_id": "r30_c1", "mean_ndvi": 0.014627940786378446 }, "geometry": { "type": "Polygon", "coordinates": [ [ [ 72.79, 19.19 ], [ 72.79, 19.2 ], [ 72.78, 19.2 ], [ 72.78, 19.19 ], [ 72.79, 19.19 ] ] ] } },
{ "type": "Feature", "properties": { "cell_id": "r30_c2", "mean_ndvi": 0.059856757128517714 }, "geometry": { "type": "Polygon", "coordinates": [ [ [ 72.8, 19.19 ], [ 72.8, 19.2 ], [ 72.79, 19.2 ], [ 72.79, 19.19 ], [ 72.8, 19.19 ] ] ] } },
{ "type": "Feature", "properties": { "cell_id": "r30_c3", "mean_ndvi": 0.28646821204504702 }, "geometry": { "type": "Polygon", "coordinates": [ [ [ 72.81, 19.19 ], [ 72.81, 19.2 ], [ 72.8, 19.2 ], [ 72.8, 19.19 ], [ 72.81, 19.19 ] ] ] } },
{ "type": "Feature", "properties": { "cell_id": "r30_c4", "mean_ndvi": 0.20412595020115201 }, "geometry": { "type": "Polygon", "coordinates": [ [ [ 72.82, 19.19 ], [ 72.82, 19.2 ], [ 72.81, 19.2 ], [ 72.81, 19.19 ], [ 72.82, 19.19 ] ] ] } },
{ "type": "Feature", "properties": { "cell_id": "r30_c5", "mean_ndvi": 0.18169535647013604 }, "geometry": { "type": "Polygon", "coordinates": [ [ [ 72.83, 19.19 ], [ 72.83, 19.2 ], [ 72.82, 19.2 ], [ 72.82, 19.19 ], [ 72.83, 19.19 ] ] ] } },
{ "type": "Feature", "properties": { "cell_id": "r30_c6", "mean_ndvi": 0.1565652211344101 }, "geometry": { "type": "Polygon", "coordinates": [ [ [ 72.84, 19.19 ], [ 72.84, 19.2 ], [ 72.83, 19.2 ], [ 72.83, 19.19 ], [ 72.84, 19.19 ] ] ] } },
{ "type": "Feature", "properties": { "cell_id": "r30_c7", "mean_ndvi": 0.19214984389134251 }, "geometry": { "type": "Polygon", "coordinates": [ [ [ 72.85, 19.19 ], [ 72.85, 19.2 ], [ 72.84, 19.2 ], [ 72.84, 19.19 ], [ 72.85, 19.19 ] ] ] } },
{ "type": "Feature", "properties": { "cell_id": "r30_c8", "mean_ndvi": 0.22387288814641457 }, "geometry": { "type": "Polygon", "coordinates": [ [ [ 72.86, 19.19 ], [ 72.86, 19.2 ], [ 72.85, 19.2 ], [ 72.85, 19.19 ], [ 72.86, 19.19 ] ] ] } },
{ "type": "Feature", "properties": { "cell_id": "r30_c9", "mean_ndvi": 0.14264759842394101 }, "geometry": { "type": "Polygon", "coordinates": [ [ [ 72.87, 19.19 ], [ 72.87, 19.2 ], [ 72.86, 19.2 ], [ 72.86, 19.19 ], [ 72.87, 19.19 ] ] ] } },
{ "type": "Feature", "properties": { "cell_id": "r30_c10", "mean_ndvi": 0.17515851787226613 }, "geometry": { "type": "Polygon", "coordinates": [ [ [ 72.88, 19.19 ], [ 72.88, 19.2 ], [ 72.87, 19.2 ], [ 72.87, 19.19 ], [ 72.88, 19.19 ] ] ] } },
{ "type": "Feature", "properties": { "cell_id": "r30_c11", "mean_ndvi": 0.26457286264007313 }, "geometry": { "type": "Polygon", "coordinates": [ [ [ 72.89, 19.19 ], [ 72.89, 19.2 ], [ 72.88, 19.2 ], [ 72.88, 19.19 ], [ 72.89, 19.19 ] ] ] } },
{ "type": "Feature", "properties": { "cell_id": "r30_c12", "mean_ndvi": 0.3408166470113369 }, "geometry": { "type": "Polygon", "coordinates": [ [ [ 72.9, 19.19 ], [ 72.9, 19.2 ], [ 72.89, 19.2 ], [ 72.89, 19.19 ], [ 72.9, 19.19 ] ] ] } },
{ "type": "Feature", "properties": { "cell_id": "r30_c13", "mean_ndvi": 0.33130867733030639 }, "geometry": { "type": "Polygon", "coordinates": [ [ [ 72.91, 19.19 ], [ 72.91, 19.2 ], [ 72.9, 19.2 ], [ 72.9, 19.19 ], [ 72.91, 19.19 ] ] ] } },
{ "type": "Feature", "properties": { "cell_id": "r30_c14", "mean_ndvi": 0.16905730816951955 }, "geometry": { "type": "Polygon", "coordinates": [ [ [ 72.92, 19.19 ], [ 72.92, 19.2 ], [ 72.91, 19.2 ], [ 72.91, 19.19 ], [ 72.92, 19.19 ] ] ] } },
{ "type": "Feature", "properties": { "cell_id": "r30_c15", "mean_ndvi": 0.31788596354519472 }, "geometry": { "type": "Polygon", "coordinates": [ [ [ 72.93, 19.19 ], [ 72.93, 19.2 ], [ 72.92, 19.2 ], [ 72.92, 19.19 ], [ 72.93, 19.19 ] ] ] } },
{ "type": "Feature", "properties": { "cell_id": "r30_c16", "mean_ndvi": 0.41788576772043851 }, "geometry": { "type": "Polygon", "coordinates": [ [ [ 72.94, 19.19 ], [ 72.94, 19.2 ], [ 72.93, 19.2 ], [ 72.93, 19.19 ], [ 72.94, 19.19 ] ] ] } },
{ "type": "Feature", "properties": { "cell_id": "r30_c17", "mean_ndvi": 0.22312085764166364 }, "geometry": { "type": "Polygon", "coordinates": [ [ [ 72.95, 19.19 ], [ 72.95, 19.2 ], [ 72.94, 19.2 ], [ 72.94, 19.19 ], [ 72.95, 19.19 ] ] ] } },
{ "type": "Feature", "properties": { "cell_id": "r30_c18", "mean_ndvi": 0.16732956032049542 }, "geometry": { "type": "Polygon", "coordinates": [ [ [ 72.96, 19.19 ], [ 72.96, 19.2 ], [ 72.95, 19.2 ], [ 72.95, 19.19 ], [ 72.96, 19.19 ] ] ] } },
{ "type": "Feature", "properties": { "cell_id": "r30_c19", "mean_ndvi": 0.17580341312350425 }, "geometry": { "type": "Polygon", "coordinates": [ [ [ 72.97, 19.19 ], [ 72.97, 19.2 ], [ 72.96, 19.2 ], [ 72.96, 19.19 ], [ 72.97, 19.19 ] ] ] } },
{ "type": "Feature", "properties": { "cell_id": "r30_c20", "mean_ndvi": 0.15818354261501669 }, "geometry": { "type": "Polygon", "coordinates": [ [ [ 72.980000000000103, 19.19 ], [ 72.980000000000103, 19.2 ], [ 72.97, 19.2 ], [ 72.97, 19.19 ], [ 72.980000000000103, 19.19 ] ] ] } },
{ "type": "Feature", "properties": { "cell_id": "r30_c21", "mean_ndvi": 0.19599513222739437 }, "geometry": { "type": "Polygon", "coordinates": [ [ [ 72.99, 19.19 ], [ 72.99, 19.2 ], [ 72.980000000000103, 19.2 ], [ 72.980000000000103, 19.19 ], [ 72.99, 19.19 ] ] ] } },
{ "type": "Feature", "properties": { "cell_id": "r31_c0", "mean_ndvi": -0.1494870462052344 }, "geometry": { "type": "Polygon", "coordinates": [ [ [ 72.78, 19.2 ], [ 72.78, 19.21 ], [ 72.77, 19.21 ], [ 72.77, 19.2 ], [ 72.78, 19.2 ] ] ] } },
{ "type": "Feature", "properties": { "cell_id": "r31_c1", "mean_ndvi": 0.11762003880811527 }, "geometry": { "type": "Polygon", "coordinates": [ [ [ 72.79, 19.2 ], [ 72.79, 19.21 ], [ 72.78, 19.21 ], [ 72.78, 19.2 ], [ 72.79, 19.2 ] ] ] } },
{ "type": "Feature", "properties": { "cell_id": "r31_c2", "mean_ndvi": 0.054535061856738239 }, "geometry": { "type": "Polygon", "coordinates": [ [ [ 72.8, 19.2 ], [ 72.8, 19.21 ], [ 72.79, 19.21 ], [ 72.79, 19.2 ], [ 72.8, 19.2 ] ] ] } },
{ "type": "Feature", "properties": { "cell_id": "r31_c3", "mean_ndvi": 0.23851034734132601 }, "geometry": { "type": "Polygon", "coordinates": [ [ [ 72.81, 19.2 ], [ 72.81, 19.21 ], [ 72.8, 19.21 ], [ 72.8, 19.2 ], [ 72.81, 19.2 ] ] ] } },
{ "type": "Feature", "properties": { "cell_id": "r31_c4", "mean_ndvi": 0.25343060970166514 }, "geometry": { "type": "Polygon", "coordinates": [ [ [ 72.82, 19.2 ], [ 72.82, 19.21 ], [ 72.81, 19.21 ], [ 72.81, 19.2 ], [ 72.82, 19.2 ] ] ] } },
{ "type": "Feature", "properties": { "cell_id": "r31_c5", "mean_ndvi": 0.16056034355019519 }, "geometry": { "type": "Polygon", "coordinates": [ [ [ 72.83, 19.2 ], [ 72.83, 19.21 ], [ 72.82, 19.21 ], [ 72.82, 19.2 ], [ 72.83, 19.2 ] ] ] } },
{ "type": "Feature", "properties": { "cell_id": "r31_c6", "mean_ndvi": 0.1299244133774379 }, "geometry": { "type": "Polygon", "coordinates": [ [ [ 72.84, 19.2 ], [ 72.84, 19.21 ], [ 72.83, 19.21 ], [ 72.83, 19.2 ], [ 72.84, 19.2 ] ] ] } },
{ "type": "Feature", "properties": { "cell_id": "r31_c7", "mean_ndvi": 0.17454143700408128 }, "geometry": { "type": "Polygon", "coordinates": [ [ [ 72.85, 19.2 ], [ 72.85, 19.21 ], [ 72.84, 19.21 ], [ 72.84, 19.2 ], [ 72.85, 19.2 ] ] ] } },
{ "type": "Feature", "properties": { "cell_id": "r31_c8", "mean_ndvi": 0.20876647781787169 }, "geometry": { "type": "Polygon", "coordinates": [ [ [ 72.86, 19.2 ], [ 72.86, 19.21 ], [ 72.85, 19.21 ], [ 72.85, 19.2 ], [ 72.86, 19.2 ] ] ] } },
{ "type": "Feature", "properties": { "cell_id": "r31_c9", "mean_ndvi": 0.17652235285793236 }, "geometry": { "type": "Polygon", "coordinates": [ [ [ 72.87, 19.2 ], [ 72.87, 19.21 ], [ 72.86, 19.21 ], [ 72.86, 19.2 ], [ 72.87, 19.2 ] ] ] } },
{ "type": "Feature", "properties": { "cell_id": "r31_c10", "mean_ndvi": 0.13426250421337707 }, "geometry": { "type": "Polygon", "coordinates": [ [ [ 72.88, 19.2 ], [ 72.88, 19.21 ], [ 72.87, 19.21 ], [ 72.87, 19.2 ], [ 72.88, 19.2 ] ] ] } },
{ "type": "Feature", "properties": { "cell_id": "r31_c11", "mean_ndvi": 0.25645467145510226 }, "geometry": { "type": "Polygon", "coordinates": [ [ [ 72.89, 19.2 ], [ 72.89, 19.21 ], [ 72.88, 19.21 ], [ 72.88, 19.2 ], [ 72.89, 19.2 ] ] ] } },
{ "type": "Feature", "properties": { "cell_id": "r31_c12", "mean_ndvi": 0.33666997359397949 }, "geometry": { "type": "Polygon", "coordinates": [ [ [ 72.9, 19.2 ], [ 72.9, 19.21 ], [ 72.89, 19.21 ], [ 72.89, 19.2 ], [ 72.9, 19.2 ] ] ] } },
{ "type": "Feature", "properties": { "cell_id": "r31_c13", "mean_ndvi": 0.27149699227958435 }, "geometry": { "type": "Polygon", "coordinates": [ [ [ 72.91, 19.2 ], [ 72.91, 19.21 ], [ 72.9, 19.21 ], [ 72.9, 19.2 ], [ 72.91, 19.2 ] ] ] } },
{ "type": "Feature", "properties": { "cell_id": "r31_c14", "mean_ndvi": 0.33340151903078075 }, "geometry": { "type": "Polygon", "coordinates": [ [ [ 72.92, 19.2 ], [ 72.92, 19.21 ], [ 72.91, 19.21 ], [ 72.91, 19.2 ], [ 72.92, 19.2 ] ] ] } },
{ "type": "Feature", "properties": { "cell_id": "r31_c15", "mean_ndvi": 0.37091554998639059 }, "geometry": { "type": "Polygon", "coordinates": [ [ [ 72.93, 19.2 ], [ 72.93, 19.21 ], [ 72.92, 19.21 ], [ 72.92, 19.2 ], [ 72.93, 19.2 ] ] ] } },
{ "type": "Feature", "properties": { "cell_id": "r31_c16", "mean_ndvi": 0.33642830279013258 }, "geometry": { "type": "Polygon", "coordinates": [ [ [ 72.94, 19.2 ], [ 72.94, 19.21 ], [ 72.93, 19.21 ], [ 72.93, 19.2 ], [ 72.94, 19.2 ] ] ] } },
{ "type": "Feature", "properties": { "cell_id": "r31_c17", "mean_ndvi": 0.2273214477785381 }, "geometry": { "type": "Polygon", "coordinates": [ [ [ 72.95, 19.2 ], [ 72.95, 19.21 ], [ 72.94, 19.21 ], [ 72.94, 19.2 ], [ 72.95, 19.2 ] ] ] } },
{ "type": "Feature", "properties": { "cell_id": "r31_c18", "mean_ndvi": 0.1766040837888444 }, "geometry": { "type": "Polygon", "coordinates": [ [ [ 72.96, 19.2 ], [ 72.96, 19.21 ], [ 72.95, 19.21 ], [ 72.95, 19.2 ], [ 72.96, 19.2 ] ] ] } },
{ "type": "Feature", "properties": { "cell_id": "r31_c19", "mean_ndvi": 0.18610567569360481 }, "geometry": { "type": "Polygon", "coordinates": [ [ [ 72.97, 19.2 ], [ 72.97, 19.21 ], [ 72.96, 19.21 ], [ 72.96, 19.2 ], [ 72.97, 19.2 ] ] ] } },
{ "type": "Feature", "properties": { "cell_id": "r31_c20", "mean_ndvi": 0.16920859588153178 }, "geometry": { "type": "Polygon", "coordinates": [ [ [ 72.980000000000103, 19.2 ], [ 72.980000000000103, 19.21 ], [ 72.97, 19.21 ], [ 72.97, 19.2 ], [ 72.980000000000103, 19.2 ] ] ] } },
{ "type": "Feature", "properties": { "cell_id": "r31_c21", "mean_ndvi": 0.16445877458170216 }, "geometry": { "type": "Polygon", "coordinates": [ [ [ 72.99, 19.2 ], [ 72.99, 19.21 ], [ 72.980000000000103, 19.21 ], [ 72.980000000000103, 19.2 ], [ 72.99, 19.2 ] ] ] } },
{ "type": "Feature", "properties": { "cell_id": "r32_c0", "mean_ndvi": -0.15327225186855917 }, "geometry": { "type": "Polygon", "coordinates": [ [ [ 72.78, 19.21 ], [ 72.78, 19.22 ], [ 72.77, 19.22 ], [ 72.77, 19.21 ], [ 72.78, 19.21 ] ] ] } },
{ "type": "Feature", "properties": { "cell_id": "r32_c1", "mean_ndvi": 0.22941936185024073 }, "geometry": { "type": "Polygon", "coordinates": [ [ [ 72.79, 19.21 ], [ 72.79, 19.22 ], [ 72.78, 19.22 ], [ 72.78, 19.21 ], [ 72.79, 19.21 ] ] ] } },
{ "type": "Feature", "properties": { "cell_id": "r32_c2", "mean_ndvi": 0.2497131039364803 }, "geometry": { "type": "Polygon", "coordinates": [ [ [ 72.8, 19.21 ], [ 72.8, 19.22 ], [ 72.79, 19.22 ], [ 72.79, 19.21 ], [ 72.8, 19.21 ] ] ] } },
{ "type": "Feature", "properties": { "cell_id": "r32_c3", "mean_ndvi": 0.066609058377124677 }, "geometry": { "type": "Polygon", "coordinates": [ [ [ 72.81, 19.21 ], [ 72.81, 19.22 ], [ 72.8, 19.22 ], [ 72.8, 19.21 ], [ 72.81, 19.21 ] ] ] } },
{ "type": "Feature", "properties": { "cell_id": "r32_c4", "mean_ndvi": 0.30340478085194428 }, "geometry": { "type": "Polygon", "coordinates": [ [ [ 72.82, 19.21 ], [ 72.82, 19.22 ], [ 72.81, 19.22 ], [ 72.81, 19.21 ], [ 72.82, 19.21 ] ] ] } },
{ "type": "Feature", "properties": { "cell_id": "r32_c5", "mean_ndvi": 0.19569423391867527 }, "geometry": { "type": "Polygon", "coordinates": [ [ [ 72.83, 19.21 ], [ 72.83, 19.22 ], [ 72.82, 19.22 ], [ 72.82, 19.21 ], [ 72.83, 19.21 ] ] ] } },
{ "type": "Feature", "properties": { "cell_id": "r32_c6", "mean_ndvi": 0.16301257847385328 }, "geometry": { "type": "Polygon", "coordinates": [ [ [ 72.84, 19.21 ], [ 72.84, 19.22 ], [ 72.83, 19.22 ], [ 72.83, 19.21 ], [ 72.84, 19.21 ] ] ] } },
{ "type": "Feature", "properties": { "cell_id": "r32_c7", "mean_ndvi": 0.18823276191868557 }, "geometry": { "type": "Polygon", "coordinates": [ [ [ 72.85, 19.21 ], [ 72.85, 19.22 ], [ 72.84, 19.22 ], [ 72.84, 19.21 ], [ 72.85, 19.21 ] ] ] } },
{ "type": "Feature", "properties": { "cell_id": "r32_c8", "mean_ndvi": 0.16739273981931352 }, "geometry": { "type": "Polygon", "coordinates": [ [ [ 72.86, 19.21 ], [ 72.86, 19.22 ], [ 72.85, 19.22 ], [ 72.85, 19.21 ], [ 72.86, 19.21 ] ] ] } },
{ "type": "Feature", "properties": { "cell_id": "r32_c9", "mean_ndvi": 0.14510437458910405 }, "geometry": { "type": "Polygon", "coordinates": [ [ [ 72.87, 19.21 ], [ 72.87, 19.22 ], [ 72.86, 19.22 ], [ 72.86, 19.21 ], [ 72.87, 19.21 ] ] ] } },
{ "type": "Feature", "properties": { "cell_id": "r32_c10", "mean_ndvi": 0.20546896328911052 }, "geometry": { "type": "Polygon", "coordinates": [ [ [ 72.88, 19.21 ], [ 72.88, 19.22 ], [ 72.87, 19.22 ], [ 72.87, 19.21 ], [ 72.88, 19.21 ] ] ] } },
{ "type": "Feature", "properties": { "cell_id": "r32_c11", "mean_ndvi": 0.27890520347520631 }, "geometry": { "type": "Polygon", "coordinates": [ [ [ 72.89, 19.21 ], [ 72.89, 19.22 ], [ 72.88, 19.22 ], [ 72.88, 19.21 ], [ 72.89, 19.21 ] ] ] } },
{ "type": "Feature", "properties": { "cell_id": "r32_c12", "mean_ndvi": 0.37341868512822085 }, "geometry": { "type": "Polygon", "coordinates": [ [ [ 72.9, 19.21 ], [ 72.9, 19.22 ], [ 72.89, 19.22 ], [ 72.89, 19.21 ], [ 72.9, 19.21 ] ] ] } },
{ "type": "Feature", "properties": { "cell_id": "r32_c13", "mean_ndvi": 0.34114684375999543 }, "geometry": { "type": "Polygon", "coordinates": [ [ [ 72.91, 19.21 ], [ 72.91, 19.22 ], [ 72.9, 19.22 ], [ 72.9, 19.21 ], [ 72.91, 19.21 ] ] ] } },
{ "type": "Feature", "properties": { "cell_id": "r32_c14", "mean_ndvi": 0.41637919960502612 }, "geometry": { "type": "Polygon", "coordinates": [ [ [ 72.92, 19.21 ], [ 72.92, 19.22 ], [ 72.91, 19.22 ], [ 72.91, 19.21 ], [ 72.92, 19.21 ] ] ] } },
{ "type": "Feature", "properties": { "cell_id": "r32_c15", "mean_ndvi": 0.36634619220747155 }, "geometry": { "type": "Polygon", "coordinates": [ [ [ 72.93, 19.21 ], [ 72.93, 19.22 ], [ 72.92, 19.22 ], [ 72.92, 19.21 ], [ 72.93, 19.21 ] ] ] } },
{ "type": "Feature", "properties": { "cell_id": "r32_c16", "mean_ndvi": 0.26555314701696997 }, "geometry": { "type": "Polygon", "coordinates": [ [ [ 72.94, 19.21 ], [ 72.94, 19.22 ], [ 72.93, 19.22 ], [ 72.93, 19.21 ], [ 72.94, 19.21 ] ] ] } },
{ "type": "Feature", "properties": { "cell_id": "r32_c17", "mean_ndvi": 0.27892317601241462 }, "geometry": { "type": "Polygon", "coordinates": [ [ [ 72.95, 19.21 ], [ 72.95, 19.22 ], [ 72.94, 19.22 ], [ 72.94, 19.21 ], [ 72.95, 19.21 ] ] ] } },
{ "type": "Feature", "properties": { "cell_id": "r32_c18", "mean_ndvi": 0.1704032405775304 }, "geometry": { "type": "Polygon", "coordinates": [ [ [ 72.96, 19.21 ], [ 72.96, 19.22 ], [ 72.95, 19.22 ], [ 72.95, 19.21 ], [ 72.96, 19.21 ] ] ] } },
{ "type": "Feature", "properties": { "cell_id": "r32_c19", "mean_ndvi": 0.19268720276275103 }, "geometry": { "type": "Polygon", "coordinates": [ [ [ 72.97, 19.21 ], [ 72.97, 19.22 ], [ 72.96, 19.22 ], [ 72.96, 19.21 ], [ 72.97, 19.21 ] ] ] } },
{ "type": "Feature", "properties": { "cell_id": "r32_c20", "mean_ndvi": 0.14630317417730759 }, "geometry": { "type": "Polygon", "coordinates": [ [ [ 72.980000000000103, 19.21 ], [ 72.980000000000103, 19.22 ], [ 72.97, 19.22 ], [ 72.97, 19.21 ], [ 72.980000000000103, 19.21 ] ] ] } },
{ "type": "Feature", "properties": { "cell_id": "r32_c21", "mean_ndvi": 0.15905005816928242 }, "geometry": { "type": "Polygon", "coordinates": [ [ [ 72.99, 19.21 ], [ 72.99, 19.22 ], [ 72.980000000000103, 19.22 ], [ 72.980000000000103, 19.21 ], [ 72.99, 19.21 ] ] ] } },
{ "type": "Feature", "properties": { "cell_id": "r33_c0", "mean_ndvi": -0.062942984366414989 }, "geometry": { "type": "Polygon", "coordinates": [ [ [ 72.78, 19.22 ], [ 72.78, 19.23 ], [ 72.77, 19.23 ], [ 72.77, 19.22 ], [ 72.78, 19.22 ] ] ] } },
{ "type": "Feature", "properties": { "cell_id": "r33_c1", "mean_ndvi": 0.25707527819665299 }, "geometry": { "type": "Polygon", "coordinates": [ [ [ 72.79, 19.22 ], [ 72.79, 19.23 ], [ 72.78, 19.23 ], [ 72.78, 19.22 ], [ 72.79, 19.22 ] ] ] } },
{ "type": "Feature", "properties": { "cell_id": "r33_c2", "mean_ndvi": 0.34078854086520183 }, "geometry": { "type": "Polygon", "coordinates": [ [ [ 72.8, 19.22 ], [ 72.8, 19.23 ], [ 72.79, 19.23 ], [ 72.79, 19.22 ], [ 72.8, 19.22 ] ] ] } },
{ "type": "Feature", "properties": { "cell_id": "r33_c3", "mean_ndvi": 0.23408422850780566 }, "geometry": { "type": "Polygon", "coordinates": [ [ [ 72.81, 19.22 ], [ 72.81, 19.23 ], [ 72.8, 19.23 ], [ 72.8, 19.22 ], [ 72.81, 19.22 ] ] ] } },
{ "type": "Feature", "properties": { "cell_id": "r33_c4", "mean_ndvi": 0.20718482786265816 }, "geometry": { "type": "Polygon", "coordinates": [ [ [ 72.82, 19.22 ], [ 72.82, 19.23 ], [ 72.81, 19.23 ], [ 72.81, 19.22 ], [ 72.82, 19.22 ] ] ] } },
{ "type": "Feature", "properties": { "cell_id": "r33_c5", "mean_ndvi": 0.26649014884347227 }, "geometry": { "type": "Polygon", "coordinates": [ [ [ 72.83, 19.22 ], [ 72.83, 19.23 ], [ 72.82, 19.23 ], [ 72.82, 19.22 ], [ 72.83, 19.22 ] ] ] } },
{ "type": "Feature", "properties": { "cell_id": "r33_c6", "mean_ndvi": 0.21099350021629526 }, "geometry": { "type": "Polygon", "coordinates": [ [ [ 72.84, 19.22 ], [ 72.84, 19.23 ], [ 72.83, 19.23 ], [ 72.83, 19.22 ], [ 72.84, 19.22 ] ] ] } },
{ "type": "Feature", "properties": { "cell_id": "r33_c7", "mean_ndvi": 0.18934767165262825 }, "geometry": { "type": "Polygon", "coordinates": [ [ [ 72.85, 19.22 ], [ 72.85, 19.23 ], [ 72.84, 19.23 ], [ 72.84, 19.22 ], [ 72.85, 19.22 ] ] ] } },
{ "type": "Feature", "properties": { "cell_id": "r33_c8", "mean_ndvi": 0.16748612825893291 }, "geometry": { "type": "Polygon", "coordinates": [ [ [ 72.86, 19.22 ], [ 72.86, 19.23 ], [ 72.85, 19.23 ], [ 72.85, 19.22 ], [ 72.86, 19.22 ] ] ] } },
{ "type": "Feature", "properties": { "cell_id": "r33_c9", "mean_ndvi": 0.16824815276714719 }, "geometry": { "type": "Polygon", "coordinates": [ [ [ 72.87, 19.22 ], [ 72.87, 19.23 ], [ 72.86, 19.23 ], [ 72.86, 19.22 ], [ 72.87, 19.22 ] ] ] } },
{ "type": "Feature", "properties": { "cell_id": "r33_c10", "mean_ndvi": 0.27635769439051522 }, "geometry": { "type": "Polygon", "coordinates": [ [ [ 72.88, 19.22 ], [ 72.88, 19.23 ], [ 72.87, 19.23 ], [ 72.87, 19.22 ], [ 72.88, 19.22 ] ] ] } },
{ "type": "Feature", "properties": { "cell_id": "r33_c11", "mean_ndvi": 0.30488058902073473 }, "geometry": { "type": "Polygon", "coordinates": [ [ [ 72.89, 19.22 ], [ 72.89, 19.23 ], [ 72.88, 19.23 ], [ 72.88, 19.22 ], [ 72.89, 19.22 ] ] ] } },
{ "type": "Feature", "properties": { "cell_id": "r33_c12", "mean_ndvi": 0.35156913029358783 }, "geometry": { "type": "Polygon", "coordinates": [ [ [ 72.9, 19.22 ], [ 72.9, 19.23 ], [ 72.89, 19.23 ], [ 72.89, 19.22 ], [ 72.9, 19.22 ] ] ] } },
{ "type": "Feature", "properties": { "cell_id": "r33_c13", "mean_ndvi": 0.33376936973227195 }, "geometry": { "type": "Polygon", "coordinates": [ [ [ 72.91, 19.22 ], [ 72.91, 19.23 ], [ 72.9, 19.23 ], [ 72.9, 19.22 ], [ 72.91, 19.22 ] ] ] } },
{ "type": "Feature", "properties": { "cell_id": "r33_c14", "mean_ndvi": 0.38994965733494985 }, "geometry": { "type": "Polygon", "coordinates": [ [ [ 72.92, 19.22 ], [ 72.92, 19.23 ], [ 72.91, 19.23 ], [ 72.91, 19.22 ], [ 72.92, 19.22 ] ] ] } },
{ "type": "Feature", "properties": { "cell_id": "r33_c15", "mean_ndvi": 0.33270475973564306 }, "geometry": { "type": "Polygon", "coordinates": [ [ [ 72.93, 19.22 ], [ 72.93, 19.23 ], [ 72.92, 19.23 ], [ 72.92, 19.22 ], [ 72.93, 19.22 ] ] ] } },
{ "type": "Feature", "properties": { "cell_id": "r33_c16", "mean_ndvi": 0.26099107299760971 }, "geometry": { "type": "Polygon", "coordinates": [ [ [ 72.94, 19.22 ], [ 72.94, 19.23 ], [ 72.93, 19.23 ], [ 72.93, 19.22 ], [ 72.94, 19.22 ] ] ] } },
{ "type": "Feature", "properties": { "cell_id": "r33_c17", "mean_ndvi": 0.29247240031586114 }, "geometry": { "type": "Polygon", "coordinates": [ [ [ 72.95, 19.22 ], [ 72.95, 19.23 ], [ 72.94, 19.23 ], [ 72.94, 19.22 ], [ 72.95, 19.22 ] ] ] } },
{ "type": "Feature", "properties": { "cell_id": "r33_c18", "mean_ndvi": 0.27568746300853142 }, "geometry": { "type": "Polygon", "coordinates": [ [ [ 72.96, 19.22 ], [ 72.96, 19.23 ], [ 72.95, 19.23 ], [ 72.95, 19.22 ], [ 72.96, 19.22 ] ] ] } },
{ "type": "Feature", "properties": { "cell_id": "r33_c19", "mean_ndvi": 0.21450052648722823 }, "geometry": { "type": "Polygon", "coordinates": [ [ [ 72.97, 19.22 ], [ 72.97, 19.23 ], [ 72.96, 19.23 ], [ 72.96, 19.22 ], [ 72.97, 19.22 ] ] ] } },
{ "type": "Feature", "properties": { "cell_id": "r33_c20", "mean_ndvi": 0.19713869682562368 }, "geometry": { "type": "Polygon", "coordinates": [ [ [ 72.980000000000103, 19.22 ], [ 72.980000000000103, 19.23 ], [ 72.97, 19.23 ], [ 72.97, 19.22 ], [ 72.980000000000103, 19.22 ] ] ] } },
{ "type": "Feature", "properties": { "cell_id": "r33_c21", "mean_ndvi": 0.16892263350198061 }, "geometry": { "type": "Polygon", "coordinates": [ [ [ 72.99, 19.22 ], [ 72.99, 19.23 ], [ 72.980000000000103, 19.23 ], [ 72.980000000000103, 19.22 ], [ 72.99, 19.22 ] ] ] } },
{ "type": "Feature", "properties": { "cell_id": "r34_c0", "mean_ndvi": -0.11651450521387623 }, "geometry": { "type": "Polygon", "coordinates": [ [ [ 72.78, 19.23 ], [ 72.78, 19.24 ], [ 72.77, 19.24 ], [ 72.77, 19.23 ], [ 72.78, 19.23 ] ] ] } },
{ "type": "Feature", "properties": { "cell_id": "r34_c1", "mean_ndvi": 0.21820838102567497 }, "geometry": { "type": "Polygon", "coordinates": [ [ [ 72.79, 19.23 ], [ 72.79, 19.24 ], [ 72.78, 19.24 ], [ 72.78, 19.23 ], [ 72.79, 19.23 ] ] ] } },
{ "type": "Feature", "properties": { "cell_id": "r34_c2", "mean_ndvi": 0.32844127862280875 }, "geometry": { "type": "Polygon", "coordinates": [ [ [ 72.8, 19.23 ], [ 72.8, 19.24 ], [ 72.79, 19.24 ], [ 72.79, 19.23 ], [ 72.8, 19.23 ] ] ] } },
{ "type": "Feature", "properties": { "cell_id": "r34_c3", "mean_ndvi": 0.32521057307473139 }, "geometry": { "type": "Polygon", "coordinates": [ [ [ 72.81, 19.23 ], [ 72.81, 19.24 ], [ 72.8, 19.24 ], [ 72.8, 19.23 ], [ 72.81, 19.23 ] ] ] } },
{ "type": "Feature", "properties": { "cell_id": "r34_c4", "mean_ndvi": 0.31026917340333221 }, "geometry": { "type": "Polygon", "coordinates": [ [ [ 72.82, 19.23 ], [ 72.82, 19.24 ], [ 72.81, 19.24 ], [ 72.81, 19.23 ], [ 72.82, 19.23 ] ] ] } },
{ "type": "Feature", "properties": { "cell_id": "r34_c5", "mean_ndvi": 0.20254358280467577 }, "geometry": { "type": "Polygon", "coordinates": [ [ [ 72.83, 19.23 ], [ 72.83, 19.24 ], [ 72.82, 19.24 ], [ 72.82, 19.23 ], [ 72.83, 19.23 ] ] ] } },
{ "type": "Feature", "properties": { "cell_id": "r34_c6", "mean_ndvi": 0.27461513620114392 }, "geometry": { "type": "Polygon", "coordinates": [ [ [ 72.84, 19.23 ], [ 72.84, 19.24 ], [ 72.83, 19.24 ], [ 72.83, 19.23 ], [ 72.84, 19.23 ] ] ] } },
{ "type": "Feature", "properties": { "cell_id": "r34_c7", "mean_ndvi": 0.18946743621898046 }, "geometry": { "type": "Polygon", "coordinates": [ [ [ 72.85, 19.23 ], [ 72.85, 19.24 ], [ 72.84, 19.24 ], [ 72.84, 19.23 ], [ 72.85, 19.23 ] ] ] } },
{ "type": "Feature", "properties": { "cell_id": "r34_c8", "mean_ndvi": 0.17834295247472839 }, "geometry": { "type": "Polygon", "coordinates": [ [ [ 72.86, 19.23 ], [ 72.86, 19.24 ], [ 72.85, 19.24 ], [ 72.85, 19.23 ], [ 72.86, 19.23 ] ] ] } },
{ "type": "Feature", "properties": { "cell_id": "r34_c9", "mean_ndvi": 0.18938575683213243 }, "geometry": { "type": "Polygon", "coordinates": [ [ [ 72.87, 19.23 ], [ 72.87, 19.24 ], [ 72.86, 19.24 ], [ 72.86, 19.23 ], [ 72.87, 19.23 ] ] ] } },
{ "type": "Feature", "properties": { "cell_id": "r34_c10", "mean_ndvi": 0.27930303463662842 }, "geometry": { "type": "Polygon", "coordinates": [ [ [ 72.88, 19.23 ], [ 72.88, 19.24 ], [ 72.87, 19.24 ], [ 72.87, 19.23 ], [ 72.88, 19.23 ] ] ] } },
{ "type": "Feature", "properties": { "cell_id": "r34_c11", "mean_ndvi": 0.32081671355877023 }, "geometry": { "type": "Polygon", "coordinates": [ [ [ 72.89, 19.23 ], [ 72.89, 19.24 ], [ 72.88, 19.24 ], [ 72.88, 19.23 ], [ 72.89, 19.23 ] ] ] } },
{ "type": "Feature", "properties": { "cell_id": "r34_c12", "mean_ndvi": 0.35314336217208953 }, "geometry": { "type": "Polygon", "coordinates": [ [ [ 72.9, 19.23 ], [ 72.9, 19.24 ], [ 72.89, 19.24 ], [ 72.89, 19.23 ], [ 72.9, 19.23 ] ] ] } },
{ "type": "Feature", "properties": { "cell_id": "r34_c13", "mean_ndvi": 0.35457590064147454 }, "geometry": { "type": "Polygon", "coordinates": [ [ [ 72.91, 19.23 ], [ 72.91, 19.24 ], [ 72.9, 19.24 ], [ 72.9, 19.23 ], [ 72.91, 19.23 ] ] ] } },
{ "type": "Feature", "properties": { "cell_id": "r34_c14", "mean_ndvi": 0.32955551043117748 }, "geometry": { "type": "Polygon", "coordinates": [ [ [ 72.92, 19.23 ], [ 72.92, 19.24 ], [ 72.91, 19.24 ], [ 72.91, 19.23 ], [ 72.92, 19.23 ] ] ] } },
{ "type": "Feature", "properties": { "cell_id": "r34_c15", "mean_ndvi": 0.2829080571209297 }, "geometry": { "type": "Polygon", "coordinates": [ [ [ 72.93, 19.23 ], [ 72.93, 19.24 ], [ 72.92, 19.24 ], [ 72.92, 19.23 ], [ 72.93, 19.23 ] ] ] } },
{ "type": "Feature", "properties": { "cell_id": "r34_c16", "mean_ndvi": 0.26001228441709545 }, "geometry": { "type": "Polygon", "coordinates": [ [ [ 72.94, 19.23 ], [ 72.94, 19.24 ], [ 72.93, 19.24 ], [ 72.93, 19.23 ], [ 72.94, 19.23 ] ] ] } },
{ "type": "Feature", "properties": { "cell_id": "r34_c17", "mean_ndvi": 0.28613051249233001 }, "geometry": { "type": "Polygon", "coordinates": [ [ [ 72.95, 19.23 ], [ 72.95, 19.24 ], [ 72.94, 19.24 ], [ 72.94, 19.23 ], [ 72.95, 19.23 ] ] ] } },
{ "type": "Feature", "properties": { "cell_id": "r34_c18", "mean_ndvi": 0.31215930706731282 }, "geometry": { "type": "Polygon", "coordinates": [ [ [ 72.96, 19.23 ], [ 72.96, 19.24 ], [ 72.95, 19.24 ], [ 72.95, 19.23 ], [ 72.96, 19.23 ] ] ] } },
{ "type": "Feature", "properties": { "cell_id": "r34_c19", "mean_ndvi": 0.29381688017417895 }, "geometry": { "type": "Polygon", "coordinates": [ [ [ 72.97, 19.23 ], [ 72.97, 19.24 ], [ 72.96, 19.24 ], [ 72.96, 19.23 ], [ 72.97, 19.23 ] ] ] } },
{ "type": "Feature", "properties": { "cell_id": "r34_c20", "mean_ndvi": 0.20036420208394654 }, "geometry": { "type": "Polygon", "coordinates": [ [ [ 72.980000000000103, 19.23 ], [ 72.980000000000103, 19.24 ], [ 72.97, 19.24 ], [ 72.97, 19.23 ], [ 72.980000000000103, 19.23 ] ] ] } },
{ "type": "Feature", "properties": { "cell_id": "r34_c21", "mean_ndvi": 0.18667348686363178 }, "geometry": { "type": "Polygon", "coordinates": [ [ [ 72.99, 19.23 ], [ 72.99, 19.24 ], [ 72.980000000000103, 19.24 ], [ 72.980000000000103, 19.23 ], [ 72.99, 19.23 ] ] ] } },
{ "type": "Feature", "properties": { "cell_id": "r35_c0", "mean_ndvi": -0.14338564484352079 }, "geometry": { "type": "Polygon", "coordinates": [ [ [ 72.78, 19.24 ], [ 72.78, 19.25 ], [ 72.77, 19.25 ], [ 72.77, 19.24 ], [ 72.78, 19.24 ] ] ] } },
{ "type": "Feature", "properties": { "cell_id": "r35_c1", "mean_ndvi": 0.23468261899623946 }, "geometry": { "type": "Polygon", "coordinates": [ [ [ 72.79, 19.24 ], [ 72.79, 19.25 ], [ 72.78, 19.25 ], [ 72.78, 19.24 ], [ 72.79, 19.24 ] ] ] } },
{ "type": "Feature", "properties": { "cell_id": "r35_c2", "mean_ndvi": 0.33396305196641829 }, "geometry": { "type": "Polygon", "coordinates": [ [ [ 72.8, 19.24 ], [ 72.8, 19.25 ], [ 72.79, 19.25 ], [ 72.79, 19.24 ], [ 72.8, 19.24 ] ] ] } },
{ "type": "Feature", "properties": { "cell_id": "r35_c3", "mean_ndvi": 0.3750235131681815 }, "geometry": { "type": "Polygon", "coordinates": [ [ [ 72.81, 19.24 ], [ 72.81, 19.25 ], [ 72.8, 19.25 ], [ 72.8, 19.24 ], [ 72.81, 19.24 ] ] ] } },
{ "type": "Feature", "properties": { "cell_id": "r35_c4", "mean_ndvi": 0.40974928824636814 }, "geometry": { "type": "Polygon", "coordinates": [ [ [ 72.82, 19.24 ], [ 72.82, 19.25 ], [ 72.81, 19.25 ], [ 72.81, 19.24 ], [ 72.82, 19.24 ] ] ] } },
{ "type": "Feature", "properties": { "cell_id": "r35_c5", "mean_ndvi": 0.25591496415139042 }, "geometry": { "type": "Polygon", "coordinates": [ [ [ 72.83, 19.24 ], [ 72.83, 19.25 ], [ 72.82, 19.25 ], [ 72.82, 19.24 ], [ 72.83, 19.24 ] ] ] } },
{ "type": "Feature", "properties": { "cell_id": "r35_c6", "mean_ndvi": 0.29184001814652893 }, "geometry": { "type": "Polygon", "coordinates": [ [ [ 72.84, 19.24 ], [ 72.84, 19.25 ], [ 72.83, 19.25 ], [ 72.83, 19.24 ], [ 72.84, 19.24 ] ] ] } },
{ "type": "Feature", "properties": { "cell_id": "r35_c7", "mean_ndvi": 0.26227125196077494 }, "geometry": { "type": "Polygon", "coordinates": [ [ [ 72.85, 19.24 ], [ 72.85, 19.25 ], [ 72.84, 19.25 ], [ 72.84, 19.24 ], [ 72.85, 19.24 ] ] ] } },
{ "type": "Feature", "properties": { "cell_id": "r35_c8", "mean_ndvi": 0.22158701817263976 }, "geometry": { "type": "Polygon", "coordinates": [ [ [ 72.86, 19.24 ], [ 72.86, 19.25 ], [ 72.85, 19.25 ], [ 72.85, 19.24 ], [ 72.86, 19.24 ] ] ] } },
{ "type": "Feature", "properties": { "cell_id": "r35_c9", "mean_ndvi": 0.14825511942765404 }, "geometry": { "type": "Polygon", "coordinates": [ [ [ 72.87, 19.24 ], [ 72.87, 19.25 ], [ 72.86, 19.25 ], [ 72.86, 19.24 ], [ 72.87, 19.24 ] ] ] } },
{ "type": "Feature", "properties": { "cell_id": "r35_c10", "mean_ndvi": 0.21160191413083776 }, "geometry": { "type": "Polygon", "coordinates": [ [ [ 72.88, 19.24 ], [ 72.88, 19.25 ], [ 72.87, 19.25 ], [ 72.87, 19.24 ], [ 72.88, 19.24 ] ] ] } },
{ "type": "Feature", "properties": { "cell_id": "r35_c11", "mean_ndvi": 0.35713096474885303 }, "geometry": { "type": "Polygon", "coordinates": [ [ [ 72.89, 19.24 ], [ 72.89, 19.25 ], [ 72.88, 19.25 ], [ 72.88, 19.24 ], [ 72.89, 19.24 ] ] ] } },
{ "type": "Feature", "properties": { "cell_id": "r35_c12", "mean_ndvi": 0.36939414574132462 }, "geometry": { "type": "Polygon", "coordinates": [ [ [ 72.9, 19.24 ], [ 72.9, 19.25 ], [ 72.89, 19.25 ], [ 72.89, 19.24 ], [ 72.9, 19.24 ] ] ] } },
{ "type": "Feature", "properties": { "cell_id": "r35_c13", "mean_ndvi": 0.39104528507456127 }, "geometry": { "type": "Polygon", "coordinates": [ [ [ 72.91, 19.24 ], [ 72.91, 19.25 ], [ 72.9, 19.25 ], [ 72.9, 19.24 ], [ 72.91, 19.24 ] ] ] } },
{ "type": "Feature", "properties": { "cell_id": "r35_c14", "mean_ndvi": 0.34219566834402382 }, "geometry": { "type": "Polygon", "coordinates": [ [ [ 72.92, 19.24 ], [ 72.92, 19.25 ], [ 72.91, 19.25 ], [ 72.91, 19.24 ], [ 72.92, 19.24 ] ] ] } },
{ "type": "Feature", "properties": { "cell_id": "r35_c15", "mean_ndvi": 0.32438273790009081 }, "geometry": { "type": "Polygon", "coordinates": [ [ [ 72.93, 19.24 ], [ 72.93, 19.25 ], [ 72.92, 19.25 ], [ 72.92, 19.24 ], [ 72.93, 19.24 ] ] ] } },
{ "type": "Feature", "properties": { "cell_id": "r35_c16", "mean_ndvi": 0.37297727402930481 }, "geometry": { "type": "Polygon", "coordinates": [ [ [ 72.94, 19.24 ], [ 72.94, 19.25 ], [ 72.93, 19.25 ], [ 72.93, 19.24 ], [ 72.94, 19.24 ] ] ] } },
{ "type": "Feature", "properties": { "cell_id": "r35_c17", "mean_ndvi": 0.35566693285708217 }, "geometry": { "type": "Polygon", "coordinates": [ [ [ 72.95, 19.24 ], [ 72.95, 19.25 ], [ 72.94, 19.25 ], [ 72.94, 19.24 ], [ 72.95, 19.24 ] ] ] } },
{ "type": "Feature", "properties": { "cell_id": "r35_c18", "mean_ndvi": 0.28125288774843421 }, "geometry": { "type": "Polygon", "coordinates": [ [ [ 72.96, 19.24 ], [ 72.96, 19.25 ], [ 72.95, 19.25 ], [ 72.95, 19.24 ], [ 72.96, 19.24 ] ] ] } },
{ "type": "Feature", "properties": { "cell_id": "r35_c19", "mean_ndvi": 0.3477544084815839 }, "geometry": { "type": "Polygon", "coordinates": [ [ [ 72.97, 19.24 ], [ 72.97, 19.25 ], [ 72.96, 19.25 ], [ 72.96, 19.24 ], [ 72.97, 19.24 ] ] ] } },
{ "type": "Feature", "properties": { "cell_id": "r35_c20", "mean_ndvi": 0.27307547844792657 }, "geometry": { "type": "Polygon", "coordinates": [ [ [ 72.980000000000103, 19.24 ], [ 72.980000000000103, 19.25 ], [ 72.97, 19.25 ], [ 72.97, 19.24 ], [ 72.980000000000103, 19.24 ] ] ] } },
{ "type": "Feature", "properties": { "cell_id": "r35_c21", "mean_ndvi": 0.28502238122195694 }, "geometry": { "type": "Polygon", "coordinates": [ [ [ 72.99, 19.24 ], [ 72.99, 19.25 ], [ 72.980000000000103, 19.25 ], [ 72.980000000000103, 19.24 ], [ 72.99, 19.24 ] ] ] } },
{ "type": "Feature", "properties": { "cell_id": "r36_c0", "mean_ndvi": -0.15708533994854593 }, "geometry": { "type": "Polygon", "coordinates": [ [ [ 72.78, 19.25 ], [ 72.78, 19.26 ], [ 72.77, 19.26 ], [ 72.77, 19.25 ], [ 72.78, 19.25 ] ] ] } },
{ "type": "Feature", "properties": { "cell_id": "r36_c1", "mean_ndvi": 0.25988983652386433 }, "geometry": { "type": "Polygon", "coordinates": [ [ [ 72.79, 19.25 ], [ 72.79, 19.26 ], [ 72.78, 19.26 ], [ 72.78, 19.25 ], [ 72.79, 19.25 ] ] ] } },
{ "type": "Feature", "properties": { "cell_id": "r36_c2", "mean_ndvi": 0.36881862750596539 }, "geometry": { "type": "Polygon", "coordinates": [ [ [ 72.8, 19.25 ], [ 72.8, 19.26 ], [ 72.79, 19.26 ], [ 72.79, 19.25 ], [ 72.8, 19.25 ] ] ] } },
{ "type": "Feature", "properties": { "cell_id": "r36_c3", "mean_ndvi": 0.41948846416199864 }, "geometry": { "type": "Polygon", "coordinates": [ [ [ 72.81, 19.25 ], [ 72.81, 19.26 ], [ 72.8, 19.26 ], [ 72.8, 19.25 ], [ 72.81, 19.25 ] ] ] } },
{ "type": "Feature", "properties": { "cell_id": "r36_c4", "mean_ndvi": 0.44074068335395272 }, "geometry": { "type": "Polygon", "coordinates": [ [ [ 72.82, 19.25 ], [ 72.82, 19.26 ], [ 72.81, 19.26 ], [ 72.81, 19.25 ], [ 72.82, 19.25 ] ] ] } },
{ "type": "Feature", "properties": { "cell_id": "r36_c5", "mean_ndvi": 0.4308579304593394 }, "geometry": { "type": "Polygon", "coordinates": [ [ [ 72.83, 19.25 ], [ 72.83, 19.26 ], [ 72.82, 19.26 ], [ 72.82, 19.25 ], [ 72.83, 19.25 ] ] ] } },
{ "type": "Feature", "properties": { "cell_id": "r36_c6", "mean_ndvi": 0.37515493242810055 }, "geometry": { "type": "Polygon", "coordinates": [ [ [ 72.84, 19.25 ], [ 72.84, 19.26 ], [ 72.83, 19.26 ], [ 72.83, 19.25 ], [ 72.84, 19.25 ] ] ] } },
{ "type": "Feature", "properties": { "cell_id": "r36_c7", "mean_ndvi": 0.31375026276852375 }, "geometry": { "type": "Polygon", "coordinates": [ [ [ 72.85, 19.25 ], [ 72.85, 19.26 ], [ 72.84, 19.26 ], [ 72.84, 19.25 ], [ 72.85, 19.25 ] ] ] } },
{ "type": "Feature", "properties": { "cell_id": "r36_c8", "mean_ndvi": 0.19798862555103039 }, "geometry": { "type": "Polygon", "coordinates": [ [ [ 72.86, 19.25 ], [ 72.86, 19.26 ], [ 72.85, 19.26 ], [ 72.85, 19.25 ], [ 72.86, 19.25 ] ] ] } },
{ "type": "Feature", "properties": { "cell_id": "r36_c9", "mean_ndvi": 0.20502205570855386 }, "geometry": { "type": "Polygon", "coordinates": [ [ [ 72.87, 19.25 ], [ 72.87, 19.26 ], [ 72.86, 19.26 ], [ 72.86, 19.25 ], [ 72.87, 19.25 ] ] ] } },
{ "type": "Feature", "properties": { "cell_id": "r36_c10", "mean_ndvi": 0.19781273171647223 }, "geometry": { "type": "Polygon", "coordinates": [ [ [ 72.88, 19.25 ], [ 72.88, 19.26 ], [ 72.87, 19.26 ], [ 72.87, 19.25 ], [ 72.88, 19.25 ] ] ] } },
{ "type": "Feature", "properties": { "cell_id": "r36_c11", "mean_ndvi": 0.29339817722608291 }, "geometry": { "type": "Polygon", "coordinates": [ [ [ 72.89, 19.25 ], [ 72.89, 19.26 ], [ 72.88, 19.26 ], [ 72.88, 19.25 ], [ 72.89, 19.25 ] ] ] } },
{ "type": "Feature", "properties": { "cell_id": "r36_c12", "mean_ndvi": 0.35262982856550434 }, "geometry": { "type": "Polygon", "coordinates": [ [ [ 72.9, 19.25 ], [ 72.9, 19.26 ], [ 72.89, 19.26 ], [ 72.89, 19.25 ], [ 72.9, 19.25 ] ] ] } },
{ "type": "Feature", "properties": { "cell_id": "r36_c13", "mean_ndvi": 0.35833492676732442 }, "geometry": { "type": "Polygon", "coordinates": [ [ [ 72.91, 19.25 ], [ 72.91, 19.26 ], [ 72.9, 19.26 ], [ 72.9, 19.25 ], [ 72.91, 19.25 ] ] ] } },
{ "type": "Feature", "properties": { "cell_id": "r36_c14", "mean_ndvi": 0.39160232529930572 }, "geometry": { "type": "Polygon", "coordinates": [ [ [ 72.92, 19.25 ], [ 72.92, 19.26 ], [ 72.91, 19.26 ], [ 72.91, 19.25 ], [ 72.92, 19.25 ] ] ] } },
{ "type": "Feature", "properties": { "cell_id": "r36_c15", "mean_ndvi": 0.44987250264153961 }, "geometry": { "type": "Polygon", "coordinates": [ [ [ 72.93, 19.25 ], [ 72.93, 19.26 ], [ 72.92, 19.26 ], [ 72.92, 19.25 ], [ 72.93, 19.25 ] ] ] } },
{ "type": "Feature", "properties": { "cell_id": "r36_c16", "mean_ndvi": 0.52380673535486033 }, "geometry": { "type": "Polygon", "coordinates": [ [ [ 72.94, 19.25 ], [ 72.94, 19.26 ], [ 72.93, 19.26 ], [ 72.93, 19.25 ], [ 72.94, 19.25 ] ] ] } },
{ "type": "Feature", "properties": { "cell_id": "r36_c17", "mean_ndvi": 0.47785381823179812 }, "geometry": { "type": "Polygon", "coordinates": [ [ [ 72.95, 19.25 ], [ 72.95, 19.26 ], [ 72.94, 19.26 ], [ 72.94, 19.25 ], [ 72.95, 19.25 ] ] ] } },
{ "type": "Feature", "properties": { "cell_id": "r36_c18", "mean_ndvi": 0.28843425646082166 }, "geometry": { "type": "Polygon", "coordinates": [ [ [ 72.96, 19.25 ], [ 72.96, 19.26 ], [ 72.95, 19.26 ], [ 72.95, 19.25 ], [ 72.96, 19.25 ] ] ] } },
{ "type": "Feature", "properties": { "cell_id": "r36_c19", "mean_ndvi": 0.32127856990057607 }, "geometry": { "type": "Polygon", "coordinates": [ [ [ 72.97, 19.25 ], [ 72.97, 19.26 ], [ 72.96, 19.26 ], [ 72.96, 19.25 ], [ 72.97, 19.25 ] ] ] } },
{ "type": "Feature", "properties": { "cell_id": "r36_c20", "mean_ndvi": 0.22289074898434105 }, "geometry": { "type": "Polygon", "coordinates": [ [ [ 72.980000000000103, 19.25 ], [ 72.980000000000103, 19.26 ], [ 72.97, 19.26 ], [ 72.97, 19.25 ], [ 72.980000000000103, 19.25 ] ] ] } },
{ "type": "Feature", "properties": { "cell_id": "r36_c21", "mean_ndvi": 0.19415722283764292 }, "geometry": { "type": "Polygon", "coordinates": [ [ [ 72.99, 19.25 ], [ 72.99, 19.26 ], [ 72.980000000000103, 19.26 ], [ 72.980000000000103, 19.25 ], [ 72.99, 19.25 ] ] ] } },
{ "type": "Feature", "properties": { "cell_id": "r37_c0", "mean_ndvi": -0.15925424545088651 }, "geometry": { "type": "Polygon", "coordinates": [ [ [ 72.78, 19.26 ], [ 72.78, 19.27 ], [ 72.77, 19.27 ], [ 72.77, 19.26 ], [ 72.78, 19.26 ] ] ] } },
{ "type": "Feature", "properties": { "cell_id": "r37_c1", "mean_ndvi": 0.16813029177801347 }, "geometry": { "type": "Polygon", "coordinates": [ [ [ 72.79, 19.26 ], [ 72.79, 19.27 ], [ 72.78, 19.27 ], [ 72.78, 19.26 ], [ 72.79, 19.26 ] ] ] } },
{ "type": "Feature", "properties": { "cell_id": "r37_c2", "mean_ndvi": 0.33735805790882617 }, "geometry": { "type": "Polygon", "coordinates": [ [ [ 72.8, 19.26 ], [ 72.8, 19.27 ], [ 72.79, 19.27 ], [ 72.79, 19.26 ], [ 72.8, 19.26 ] ] ] } },
{ "type": "Feature", "properties": { "cell_id": "r37_c3", "mean_ndvi": 0.35363767260395756 }, "geometry": { "type": "Polygon", "coordinates": [ [ [ 72.81, 19.26 ], [ 72.81, 19.27 ], [ 72.8, 19.27 ], [ 72.8, 19.26 ], [ 72.81, 19.26 ] ] ] } },
{ "type": "Feature", "properties": { "cell_id": "r37_c4", "mean_ndvi": 0.45568775516127419 }, "geometry": { "type": "Polygon", "coordinates": [ [ [ 72.82, 19.26 ], [ 72.82, 19.27 ], [ 72.81, 19.27 ], [ 72.81, 19.26 ], [ 72.82, 19.26 ] ] ] } },
{ "type": "Feature", "properties": { "cell_id": "r37_c5", "mean_ndvi": 0.47887452274322978 }, "geometry": { "type": "Polygon", "coordinates": [ [ [ 72.83, 19.26 ], [ 72.83, 19.27 ], [ 72.82, 19.27 ], [ 72.82, 19.26 ], [ 72.83, 19.26 ] ] ] } },
{ "type": "Feature", "properties": { "cell_id": "r37_c6", "mean_ndvi": 0.44153951219437249 }, "geometry": { "type": "Polygon", "coordinates": [ [ [ 72.84, 19.26 ], [ 72.84, 19.27 ], [ 72.83, 19.27 ], [ 72.83, 19.26 ], [ 72.84, 19.26 ] ] ] } },
{ "type": "Feature", "properties": { "cell_id": "r37_c7", "mean_ndvi": 0.47330600682872542 }, "geometry": { "type": "Polygon", "coordinates": [ [ [ 72.85, 19.26 ], [ 72.85, 19.27 ], [ 72.84, 19.27 ], [ 72.84, 19.26 ], [ 72.85, 19.26 ] ] ] } },
{ "type": "Feature", "properties": { "cell_id": "r37_c8", "mean_ndvi": 0.37747538478524323 }, "geometry": { "type": "Polygon", "coordinates": [ [ [ 72.86, 19.26 ], [ 72.86, 19.27 ], [ 72.85, 19.27 ], [ 72.85, 19.26 ], [ 72.86, 19.26 ] ] ] } },
{ "type": "Feature", "properties": { "cell_id": "r37_c9", "mean_ndvi": 0.35445609645642195 }, "geometry": { "type": "Polygon", "coordinates": [ [ [ 72.87, 19.26 ], [ 72.87, 19.27 ], [ 72.86, 19.27 ], [ 72.86, 19.26 ], [ 72.87, 19.26 ] ] ] } },
{ "type": "Feature", "properties": { "cell_id": "r37_c10", "mean_ndvi": 0.15350314325408795 }, "geometry": { "type": "Polygon", "coordinates": [ [ [ 72.88, 19.26 ], [ 72.88, 19.27 ], [ 72.87, 19.27 ], [ 72.87, 19.26 ], [ 72.88, 19.26 ] ] ] } },
{ "type": "Feature", "properties": { "cell_id": "r37_c11", "mean_ndvi": 0.23391966308424694 }, "geometry": { "type": "Polygon", "coordinates": [ [ [ 72.89, 19.26 ], [ 72.89, 19.27 ], [ 72.88, 19.27 ], [ 72.88, 19.26 ], [ 72.89, 19.26 ] ] ] } },
{ "type": "Feature", "properties": { "cell_id": "r37_c12", "mean_ndvi": 0.19200168602551668 }, "geometry": { "type": "Polygon", "coordinates": [ [ [ 72.9, 19.26 ], [ 72.9, 19.27 ], [ 72.89, 19.27 ], [ 72.89, 19.26 ], [ 72.9, 19.26 ] ] ] } },
{ "type": "Feature", "properties": { "cell_id": "r37_c13", "mean_ndvi": 0.30412414581976216 }, "geometry": { "type": "Polygon", "coordinates": [ [ [ 72.91, 19.26 ], [ 72.91, 19.27 ], [ 72.9, 19.27 ], [ 72.9, 19.26 ], [ 72.91, 19.26 ] ] ] } },
{ "type": "Feature", "properties": { "cell_id": "r37_c14", "mean_ndvi": 0.31201954429771378 }, "geometry": { "type": "Polygon", "coordinates": [ [ [ 72.92, 19.26 ], [ 72.92, 19.27 ], [ 72.91, 19.27 ], [ 72.91, 19.26 ], [ 72.92, 19.26 ] ] ] } },
{ "type": "Feature", "properties": { "cell_id": "r37_c15", "mean_ndvi": 0.36545666910700092 }, "geometry": { "type": "Polygon", "coordinates": [ [ [ 72.93, 19.26 ], [ 72.93, 19.27 ], [ 72.92, 19.27 ], [ 72.92, 19.26 ], [ 72.93, 19.26 ] ] ] } },
{ "type": "Feature", "properties": { "cell_id": "r37_c16", "mean_ndvi": 0.50383587827029508 }, "geometry": { "type": "Polygon", "coordinates": [ [ [ 72.94, 19.26 ], [ 72.94, 19.27 ], [ 72.93, 19.27 ], [ 72.93, 19.26 ], [ 72.94, 19.26 ] ] ] } },
{ "type": "Feature", "properties": { "cell_id": "r37_c17", "mean_ndvi": 0.41124159062034643 }, "geometry": { "type": "Polygon", "coordinates": [ [ [ 72.95, 19.26 ], [ 72.95, 19.27 ], [ 72.94, 19.27 ], [ 72.94, 19.26 ], [ 72.95, 19.26 ] ] ] } },
{ "type": "Feature", "properties": { "cell_id": "r37_c18", "mean_ndvi": 0.24995951935627969 }, "geometry": { "type": "Polygon", "coordinates": [ [ [ 72.96, 19.26 ], [ 72.96, 19.27 ], [ 72.95, 19.27 ], [ 72.95, 19.26 ], [ 72.96, 19.26 ] ] ] } },
{ "type": "Feature", "properties": { "cell_id": "r37_c19", "mean_ndvi": 0.17636846490694588 }, "geometry": { "type": "Polygon", "coordinates": [ [ [ 72.97, 19.26 ], [ 72.97, 19.27 ], [ 72.96, 19.27 ], [ 72.96, 19.26 ], [ 72.97, 19.26 ] ] ] } },
{ "type": "Feature", "properties": { "cell_id": "r37_c20", "mean_ndvi": 0.22061189705735501 }, "geometry": { "type": "Polygon", "coordinates": [ [ [ 72.980000000000103, 19.26 ], [ 72.980000000000103, 19.27 ], [ 72.97, 19.27 ], [ 72.97, 19.26 ], [ 72.980000000000103, 19.26 ] ] ] } },
{ "type": "Feature", "properties": { "cell_id": "r37_c21", "mean_ndvi": 0.23343768328231032 }, "geometry": { "type": "Polygon", "coordinates": [ [ [ 72.99, 19.26 ], [ 72.99, 19.27 ], [ 72.980000000000103, 19.27 ], [ 72.980000000000103, 19.26 ], [ 72.99, 19.26 ] ] ] } }
]
}
